Category,Color,Energy_kJ_mol,Distance_A,Is_Ligand_Interaction,Atom1_Chain,Atom1_Residue,Atom1_Name,Atom1_X,Atom1_Y,Atom1_Z,Atom2_Chain,Atom2_Residue,Atom2_Name,Atom2_X,Atom2_Y,Atom2_Z
Thermal Noise,RED,3.245,3.652,False,A,GLU76,N,-2.787,16.675,-5.278,A,PRO77,N,-1.925,19.975,-3.974
Bound Backbone,BLUE,8.205,2.232,False,A,GLU76,O,-3.279,18.248,-3.569,A,PRO77,N,-1.925,19.975,-3.974
Phase Boundary,YELLOW,4.096,3.19,False,A,GLU76,O,-3.279,18.248,-3.569,A,PRO77,O,-4.473,21.092,-4.382
Thermal Noise,RED,3.303,3.643,False,A,GLU76,O,-3.279,18.248,-3.569,A,GLU78,N,-4.756,21.265,-2.158
Thermal Noise,RED,3.48,3.429,False,A,GLU76,OE2,-5.609,18.278,-8.337,A,ARG185,NH1,-5.842,21.638,-8.978
Phase Boundary,YELLOW,5.096,2.982,False,A,GLU76,OE2,-5.609,18.278,-8.337,A,ARG185,NH2,-6.677,20.708,-6.979
Thermal Noise,RED,3.583,3.602,False,A,PRO77,N,-1.925,19.975,-3.974,A,GLU78,N,-4.756,21.265,-2.158
Bound Backbone,BLUE,12.842,2.249,False,A,PRO77,O,-4.473,21.092,-4.382,A,GLU78,N,-4.756,21.265,-2.158
Thermal Noise,RED,3.774,3.582,False,A,PRO77,O,-4.473,21.092,-4.382,A,GLU78,O,-5.39,23.877,-2.325
Thermal Noise,RED,2.774,3.912,False,A,PRO77,O,-4.473,21.092,-4.382,A,TRP79,N,-7.409,23.378,-3.176
Bound Backbone,BLUE,7.686,2.802,False,A,PRO77,O,-4.473,21.092,-4.382,A,ARG185,NE,-4.957,22.256,-6.884
Phase Boundary,YELLOW,4.65,3.428,False,A,PRO77,O,-4.473,21.092,-4.382,A,ARG185,NH2,-6.677,20.708,-6.979
Thermal Noise,RED,3.359,3.541,False,A,GLU78,N,-4.756,21.265,-2.158,A,TRP79,N,-7.409,23.378,-3.176
Thermal Noise,RED,3.192,3.814,False,A,GLU78,N,-4.756,21.265,-2.158,A,HOH639,O,-3.304,24.227,-0.244
Bound Backbone,BLUE,6.658,3.029,False,A,GLU78,N,-4.756,21.265,-2.158,A,HOH661,O,-3.566,20.858,0.598
Bound Backbone,BLUE,8.649,2.247,False,A,GLU78,O,-5.39,23.877,-2.325,A,TRP79,N,-7.409,23.378,-3.176
Thermal Noise,RED,3.206,3.616,False,A,GLU78,O,-5.39,23.877,-2.325,A,TRP79,O,-8.74,24.814,-1.338
Thermal Noise,RED,3.028,3.643,False,A,GLU78,O,-5.39,23.877,-2.325,A,THR80,N,-7.717,26.664,-2.027
Thermal Noise,RED,3.142,3.578,False,A,GLU78,O,-5.39,23.877,-2.325,A,GLY184,O,-2.255,25.572,-2.642
Bound Backbone,BLUE,5.968,2.967,False,A,GLU78,O,-5.39,23.877,-2.325,A,HOH639,O,-3.304,24.227,-0.244
Bound Backbone,BLUE,7.315,2.833,False,A,GLU78,OE1,-7.533,23.988,1.088,A,TRP79,O,-8.74,24.814,-1.338
Thermal Noise,RED,3.814,3.47,False,A,GLU78,OE1,-7.533,23.988,1.088,A,HOH659,O,-9.004,26.649,2.761
Thermal Noise,RED,3.223,3.735,False,A,GLU78,OE1,-7.533,23.988,1.088,A,HOH693,O,-4.316,24.934,2.733
Thermal Noise,RED,2.516,3.991,False,A,GLU78,OE2,-8.031,22.224,2.219,A,HOH633,O,-12.016,22.343,2.402
Thermal Noise,RED,3.502,3.495,False,A,TRP79,N,-7.409,23.378,-3.176,A,THR80,N,-7.717,26.664,-2.027
Thermal Noise,RED,3.88,3.218,False,A,TRP79,N,-7.409,23.378,-3.176,A,HOH629,O,-10.057,21.567,-3.43
Bound Backbone,BLUE,8.59,2.223,False,A,TRP79,O,-8.74,24.814,-1.338,A,THR80,N,-7.717,26.664,-2.027
Thermal Noise,RED,2.875,3.761,False,A,TRP79,O,-8.74,24.814,-1.338,A,THR80,O,-9.975,28.316,-1.932
Thermal Noise,RED,2.815,3.979,False,A,TRP79,O,-8.74,24.814,-1.338,A,TYR81,N,-9.968,28.205,0.342
Thermal Noise,RED,2.669,3.983,False,A,TRP79,NE1,-9.257,23.297,-7.774,A,ARG185,NH1,-5.842,21.638,-8.978
Thermal Noise,RED,2.943,3.741,False,A,TRP79,NE1,-9.257,23.297,-7.774,A,ARG185,NH2,-6.677,20.708,-6.979
Thermal Noise,RED,2.762,3.816,False,A,TRP79,NE1,-9.257,23.297,-7.774,A,GLY232,O,-11.529,26.344,-7.431
Phase Boundary,YELLOW,4.535,3.473,False,A,TRP79,NE1,-9.257,23.297,-7.774,A,ARG256,NH2,-10.981,24.761,-10.409
Bound Backbone,BLUE,5.579,2.981,False,A,TRP79,NE1,-9.257,23.297,-7.774,A,HOH616,O,-10.243,21.158,-9.602
Thermal Noise,RED,2.578,3.953,False,A,TRP79,NE1,-9.257,23.297,-7.774,A,HOH634,O,-13.135,23.949,-8.175
Thermal Noise,RED,3.905,3.613,False,A,THR80,N,-7.717,26.664,-2.027,A,TYR81,N,-9.968,28.205,0.342
Bound Backbone,BLUE,6.039,2.999,False,A,THR80,N,-7.717,26.664,-2.027,A,ASP183,O,-6.159,27.896,-4.274
Phase Boundary,YELLOW,4.34,3.439,False,A,THR80,N,-7.717,26.664,-2.027,A,HOH558,O,-8.729,29.021,-4.317
Bound Backbone,BLUE,12.622,2.277,False,A,THR80,O,-9.975,28.316,-1.932,A,TYR81,N,-9.968,28.205,0.342
Thermal Noise,RED,2.787,3.825,False,A,THR80,O,-9.975,28.316,-1.932,A,CYS230,O,-9.903,32.083,-2.591
Bound Backbone,BLUE,6.018,3.052,False,A,THR80,O,-9.975,28.316,-1.932,A,GLY232,N,-11.828,28.181,-4.353
Bound Backbone,BLUE,7.592,2.782,False,A,THR80,O,-9.975,28.316,-1.932,A,HOH558,O,-8.729,29.021,-4.317
Phase Boundary,YELLOW,4.2,3.782,False,A,THR80,OG1,-5.873,28.018,-0.022,A,GLY184,N,-4.175,28.41,-3.379
Phase Boundary,YELLOW,4.741,2.958,False,A,THR80,OG1,-5.873,28.018,-0.022,A,HOH535,O,-3.806,30.012,-0.728
Bound Backbone,BLUE,6.256,3.001,False,A,THR80,OG1,-5.873,28.018,-0.022,A,HOH663,O,-4.53,29.212,2.382
Thermal Noise,RED,3.422,3.626,False,A,TYR81,N,-9.968,28.205,0.342,A,PRO82,N,-11.958,30.778,1.944
Bound Backbone,BLUE,6.109,3.033,False,A,TYR81,N,-9.968,28.205,0.342,A,HOH659,O,-9.004,26.649,2.761
Bound Backbone,BLUE,8.602,2.227,False,A,TYR81,O,-10.29,29.488,2.659,A,PRO82,N,-11.958,30.778,1.944
Thermal Noise,RED,3.793,3.424,False,A,TYR81,O,-10.29,29.488,2.659,A,PRO82,O,-13.389,29.753,4.091
Phase Boundary,YELLOW,4.367,3.591,False,A,TYR81,O,-10.29,29.488,2.659,A,ARG83,N,-12.018,30.775,5.532
Bound Backbone,BLUE,5.319,2.881,False,A,TYR81,O,-10.29,29.488,2.659,A,HOH600,O,-7.666,29.223,3.818
Phase Boundary,YELLOW,4.118,3.118,False,A,TYR81,O,-10.29,29.488,2.659,A,HOH659,O,-9.004,26.649,2.761
Phase Boundary,YELLOW,4.997,3.145,False,A,TYR81,OH,-13.636,24.526,-3.611,A,HOH615,O,-12.559,22.273,-5.523
Phase Boundary,YELLOW,5.085,3.589,False,A,PRO82,N,-11.958,30.778,1.944,A,ARG83,N,-12.018,30.775,5.532
Bound Backbone,BLUE,10.118,2.236,False,A,PRO82,O,-13.389,29.753,4.091,A,ARG83,N,-12.018,30.775,5.532
Thermal Noise,RED,3.757,3.853,False,A,PRO82,O,-13.389,29.753,4.091,A,ASN283,OD1,-15.768,29.745,1.06
Ligand Boundary Hotspot,ORANGE,4.47,3.074,True,A,PRO82,O,-13.389,29.753,4.091,A,NAG1,N2,-16.027,28.461,4.996
Phase Boundary,YELLOW,4.595,3.652,False,A,ARG83,N,-12.018,30.775,5.532,A,LEU84,N,-13.49,30.564,8.867
Thermal Noise,RED,3.16,3.582,False,A,ARG83,N,-12.018,30.775,5.532,A,ARG355,NH2,-11.742,34.309,6.049
Phase Boundary,YELLOW,4.34,3.064,False,A,ARG83,N,-12.018,30.775,5.532,A,ASP420,OD2,-9.474,32.403,6.047
Bound Backbone,BLUE,9.822,2.226,False,A,ARG83,O,-12.673,32.178,7.57,A,LEU84,N,-13.49,30.564,8.867
Bound Backbone,BLUE,5.911,3.199,False,A,ARG83,O,-12.673,32.178,7.57,A,LEU84,O,-11.437,31.485,10.438
Phase Boundary,YELLOW,4.979,3.551,False,A,ARG83,O,-12.673,32.178,7.57,A,SER85,N,-12.593,33.335,10.926
Phase Boundary,YELLOW,5.195,2.967,False,A,ARG83,O,-12.673,32.178,7.57,A,ARG355,NE,-14.032,34.41,6.165
Bound Backbone,BLUE,6.171,2.779,False,A,ARG83,O,-12.673,32.178,7.57,A,ARG355,NH2,-11.742,34.309,6.049
Thermal Noise,RED,3.547,3.55,False,A,ARG83,O,-12.673,32.178,7.57,A,ASP420,OD2,-9.474,32.403,6.047
Phase Boundary,YELLOW,4.481,2.989,False,A,ARG83,NE,-8.347,28.355,7.037,A,ASP420,OD1,-7.889,31.308,6.996
Bound Backbone,BLUE,5.424,3.403,False,A,ARG83,NE,-8.347,28.355,7.037,A,HOH600,O,-7.666,29.223,3.818
Thermal Noise,RED,3.767,3.468,False,A,ARG83,NH1,-6.816,26.809,7.903,A,ASP416,O,-4.075,28.23,9.482
Bound Backbone,BLUE,5.974,2.938,False,A,ARG83,NH1,-6.816,26.809,7.903,A,LYS417,O,-5.352,25.204,9.881
Phase Boundary,YELLOW,4.295,3.862,False,A,ARG83,NH1,-6.816,26.809,7.903,A,LYS418,N,-5.999,26.397,11.655
Thermal Noise,RED,4.066,3.802,False,A,ARG83,NH1,-6.816,26.809,7.903,A,CYS419,N,-7.683,28.559,11.165
Thermal Noise,RED,3.504,3.712,False,A,ARG83,NH2,-6.218,29.06,7.602,A,ASP416,N,-3.668,30.736,9.715
Bound Backbone,BLUE,5.698,2.969,False,A,ARG83,NH2,-6.218,29.06,7.602,A,ASP416,O,-4.075,28.23,9.482
Thermal Noise,RED,4.071,3.885,False,A,ARG83,NH2,-6.218,29.06,7.602,A,CYS419,N,-7.683,28.559,11.165
Bound Backbone,BLUE,5.814,3.161,False,A,ARG83,NH2,-6.218,29.06,7.602,A,CYS419,O,-6.445,30.749,10.264
Phase Boundary,YELLOW,5.011,2.866,False,A,ARG83,NH2,-6.218,29.06,7.602,A,ASP420,OD1,-7.889,31.308,6.996
Thermal Noise,RED,3.813,3.567,False,A,LEU84,N,-13.49,30.564,8.867,A,SER85,N,-12.593,33.335,10.926
Phase Boundary,YELLOW,4.269,3.076,False,A,LEU84,N,-13.49,30.564,8.867,A,HOH538,O,-14.189,27.592,8.491
Bound Backbone,BLUE,8.252,2.235,False,A,LEU84,O,-11.437,31.485,10.438,A,SER85,N,-12.593,33.335,10.926
Phase Boundary,YELLOW,4.995,3.48,False,A,LEU84,O,-11.437,31.485,10.438,A,SER85,O,-11.947,32.941,13.557
Thermal Noise,RED,3.582,3.86,False,A,LEU84,O,-11.437,31.485,10.438,A,CYS86,N,-9.828,33.606,13.233
Thermal Noise,RED,3.994,3.194,False,A,LEU84,O,-11.437,31.485,10.438,A,ASP420,N,-8.319,31.917,9.895
Thermal Noise,RED,3.866,3.611,False,A,SER85,N,-12.593,33.335,10.926,A,CYS86,N,-9.828,33.606,13.233
Phase Boundary,YELLOW,5.098,2.815,False,A,SER85,N,-12.593,33.335,10.926,A,ARG355,O,-15.185,34.379,11.264
Bound Backbone,BLUE,8.05,2.244,False,A,SER85,O,-11.947,32.941,13.557,A,CYS86,N,-9.828,33.606,13.233
Phase Boundary,YELLOW,4.56,3.205,False,A,SER85,O,-11.947,32.941,13.557,A,CYS86,O,-10.419,35.218,15.216
Phase Boundary,YELLOW,4.091,3.788,False,A,SER85,O,-11.947,32.941,13.557,A,GLN87,N,-10.125,33.651,16.801
Thermal Noise,RED,3.242,3.743,False,A,SER85,O,-11.947,32.941,13.557,A,HOH541,O,-13.005,36.091,15.279
Bound Backbone,BLUE,5.643,2.755,False,A,SER85,O,-11.947,32.941,13.557,A,HOH588,O,-14.473,33.552,14.47
Thermal Noise,RED,3.369,3.738,False,A,SER85,OG,-12.166,36.072,10.389,A,HIS353,O,-11.893,39.238,8.42
Phase Boundary,YELLOW,5.134,2.812,False,A,SER85,OG,-12.166,36.072,10.389,A,ARG355,N,-14.815,36.916,9.97
Thermal Noise,RED,3.26,3.57,False,A,SER85,OG,-12.166,36.072,10.389,A,ARG355,O,-15.185,34.379,11.264
Thermal Noise,RED,2.532,3.993,False,A,SER85,OG,-12.166,36.072,10.389,A,ASP420,O,-8.514,34.528,10.865
Bound Backbone,BLUE,6.823,2.773,False,A,SER85,OG,-12.166,36.072,10.389,A,HOH569,O,-10.285,36.7,8.451
Phase Boundary,YELLOW,5.094,3.581,False,A,CYS86,N,-9.828,33.606,13.233,A,GLN87,N,-10.125,33.651,16.801
Thermal Noise,RED,2.748,3.827,False,A,CYS86,N,-9.828,33.606,13.233,A,CYS419,SG,-7.724,30.43,13.595
Bound Backbone,BLUE,7.022,2.861,False,A,CYS86,N,-9.828,33.606,13.233,A,ASP420,O,-8.514,34.528,10.865
Bound Backbone,BLUE,10.423,2.248,False,A,CYS86,O,-10.419,35.218,15.216,A,GLN87,N,-10.125,33.651,16.801
Phase Boundary,YELLOW,5.226,3.36,False,A,CYS86,O,-10.419,35.218,15.216,A,GLN87,O,-8.781,35.665,18.115
Phase Boundary,YELLOW,4.631,3.622,False,A,CYS86,O,-10.419,35.218,15.216,A,GLY88,N,-10.68,36.759,18.483
Bound Backbone,BLUE,5.371,2.73,False,A,CYS86,O,-10.419,35.218,15.216,A,HOH541,O,-13.005,36.091,15.279
Thermal Noise,RED,2.983,3.768,False,A,CYS86,SG,-6.981,32.308,13.338,A,ASP416,OD2,-4.161,30.084,14.477
Phase Boundary,YELLOW,4.915,3.488,False,A,CYS86,SG,-6.981,32.308,13.338,A,CYS419,O,-6.445,30.749,10.264
Bound Backbone,BLUE,9.753,2.036,False,A,CYS86,SG,-6.981,32.308,13.338,A,CYS419,SG,-7.724,30.43,13.595
Phase Boundary,YELLOW,4.486,3.714,False,A,CYS86,SG,-6.981,32.308,13.338,A,ASP420,N,-8.319,31.917,9.895
Thermal Noise,RED,3.856,3.66,False,A,CYS86,SG,-6.981,32.308,13.338,A,ASP420,O,-8.514,34.528,10.865
Thermal Noise,RED,3.567,3.577,False,A,GLN87,N,-10.125,33.651,16.801,A,GLY88,N,-10.68,36.759,18.483
Bound Backbone,BLUE,8.245,2.222,False,A,GLN87,O,-8.781,35.665,18.115,A,GLY88,N,-10.68,36.759,18.483
Phase Boundary,YELLOW,5.18,2.822,False,A,GLN87,O,-8.781,35.665,18.115,A,HOH530,O,-6.143,36.452,18.737
Thermal Noise,RED,2.722,3.865,False,A,GLN87,OE1,-13.88,33.754,18.977,A,HOH539,O,-14.31,37.546,19.588
Thermal Noise,RED,3.2,3.596,False,A,GLY88,N,-10.68,36.759,18.483,A,SER89,N,-10.786,40.256,19.313
Thermal Noise,RED,2.803,3.875,False,A,GLY88,N,-10.68,36.759,18.483,A,HOH539,O,-14.31,37.546,19.588
Bound Backbone,BLUE,9.814,2.231,False,A,GLY88,O,-12.014,38.935,18.0,A,SER89,N,-10.786,40.256,19.313
Bound Backbone,BLUE,7.419,2.807,False,A,GLY88,O,-12.014,38.935,18.0,A,GLN354,NE2,-13.488,38.927,15.611
Phase Boundary,YELLOW,4.796,3.118,False,A,GLY88,O,-12.014,38.935,18.0,A,HOH539,O,-14.31,37.546,19.588
Bound Backbone,BLUE,5.443,2.722,False,A,SER89,N,-10.786,40.256,19.313,A,THR90,N,-9.735,42.749,19.016
Bound Backbone,BLUE,5.905,2.843,False,A,SER89,N,-10.786,40.256,19.313,A,GLY449,O,-8.419,40.067,20.876
Bound Backbone,BLUE,8.25,2.219,False,A,SER89,O,-11.693,43.736,19.355,A,THR90,N,-9.735,42.749,19.016
Phase Boundary,YELLOW,4.158,3.96,False,A,SER89,O,-11.693,43.736,19.355,A,HOH537,O,-12.087,43.603,23.293
Thermal Noise,RED,3.668,3.796,False,A,SER89,OG,-11.878,41.151,21.711,A,THR90,N,-9.735,42.749,19.016
Thermal Noise,RED,2.985,3.72,False,A,SER89,OG,-11.878,41.151,21.711,A,GLY449,O,-8.419,40.067,20.876
Bound Backbone,BLUE,5.546,2.926,False,A,SER89,OG,-11.878,41.151,21.711,A,HOH537,O,-12.087,43.603,23.293
Thermal Noise,RED,3.734,3.532,False,A,THR90,N,-9.735,42.749,19.016,A,PHE91,N,-7.393,44.691,17.221
Thermal Noise,RED,3.806,3.519,False,A,THR90,N,-9.735,42.749,19.016,A,GLY449,O,-8.419,40.067,20.876
Bound Backbone,BLUE,8.216,2.261,False,A,THR90,O,-7.432,42.52,17.851,A,PHE91,N,-7.393,44.691,17.221
Thermal Noise,RED,2.567,3.965,False,A,THR90,O,-7.432,42.52,17.851,A,PHE91,O,-5.31,45.839,18.297
Phase Boundary,YELLOW,5.143,2.829,False,A,THR90,O,-7.432,42.52,17.851,A,MET448,N,-5.671,40.388,17.255
Phase Boundary,YELLOW,4.562,3.362,False,A,THR90,O,-7.432,42.52,17.851,A,MET448,O,-5.421,41.058,20.114
Bound Backbone,BLUE,6.666,3.016,False,A,THR90,OG1,-7.95,45.883,19.935,A,PHE91,N,-7.393,44.691,17.221
Phase Boundary,YELLOW,4.878,3.107,False,A,THR90,OG1,-7.95,45.883,19.935,A,PHE91,O,-5.31,45.839,18.297
Phase Boundary,YELLOW,4.415,3.641,False,A,THR90,OG1,-7.95,45.883,19.935,A,GLY451,O,-9.829,45.579,23.039
Phase Boundary,YELLOW,4.113,3.967,False,A,THR90,OG1,-7.95,45.883,19.935,A,GLN452,N,-7.967,46.574,23.841
Phase Boundary,YELLOW,4.201,3.222,False,A,THR90,OG1,-7.95,45.883,19.935,A,LEU453,N,-6.437,48.458,21.143
Bound Backbone,BLUE,6.694,2.921,False,A,THR90,OG1,-7.95,45.883,19.935,A,HOH508,O,-8.57,47.44,17.543
Thermal Noise,RED,3.157,3.565,False,A,PHE91,N,-7.393,44.691,17.221,A,GLN92,N,-3.835,44.706,17.003
Phase Boundary,YELLOW,4.456,3.008,False,A,PHE91,N,-7.393,44.691,17.221,A,HOH508,O,-8.57,47.44,17.543
Bound Backbone,BLUE,9.414,2.266,False,A,PHE91,O,-5.31,45.839,18.297,A,GLN92,N,-3.835,44.706,17.003
Phase Boundary,YELLOW,4.149,3.564,False,A,PHE91,O,-5.31,45.839,18.297,A,GLN92,NE2,-2.817,46.25,20.81
Thermal Noise,RED,3.974,3.938,False,A,PHE91,O,-5.31,45.839,18.297,A,GLN92,OE1,-4.076,44.926,21.923
Thermal Noise,RED,2.985,3.709,False,A,PHE91,O,-5.31,45.839,18.297,A,HOH508,O,-8.57,47.44,17.543
Thermal Noise,RED,3.045,3.626,False,A,GLN92,N,-3.835,44.706,17.003,A,LYS93,N,-0.478,46.075,17.066
Bound Backbone,BLUE,6.067,2.875,False,A,GLN92,N,-3.835,44.706,17.003,A,CYS446,O,-4.217,42.508,15.189
Bound Backbone,BLUE,10.074,2.262,False,A,GLN92,O,-1.629,44.861,15.543,A,LYS93,N,-0.478,46.075,17.066
Thermal Noise,RED,3.262,3.675,False,A,GLN92,O,-1.629,44.861,15.543,A,LYS93,O,1.717,44.45,17.007
Thermal Noise,RED,3.51,3.432,False,A,GLN92,O,-1.629,44.861,15.543,A,ALA94,N,1.711,44.748,14.764
Bound Backbone,BLUE,5.698,3.137,False,A,GLN92,O,-1.629,44.861,15.543,A,CYS446,N,-2.922,43.457,13.054
Thermal Noise,RED,3.259,3.516,False,A,GLN92,O,-1.629,44.861,15.543,A,CYS446,O,-4.217,42.508,15.189
Thermal Noise,RED,3.536,3.712,False,A,GLN92,NE2,-2.817,46.25,20.81,A,GLN452,O,-5.565,47.482,22.98
Phase Boundary,YELLOW,4.757,2.941,False,A,GLN92,NE2,-2.817,46.25,20.81,A,LEU454,N,-3.07,49.114,21.43
Bound Backbone,BLUE,5.398,2.888,False,A,GLN92,NE2,-2.817,46.25,20.81,A,HOH548,O,-0.667,47.693,19.532
Phase Boundary,YELLOW,4.348,3.141,False,A,GLN92,OE1,-4.076,44.926,21.923,A,GLN452,O,-5.565,47.482,22.98
Phase Boundary,YELLOW,4.337,3.443,False,A,LYS93,N,-0.478,46.075,17.066,A,ALA94,N,1.711,44.748,14.764
Bound Backbone,BLUE,6.612,2.955,False,A,LYS93,N,-0.478,46.075,17.066,A,HOH548,O,-0.667,47.693,19.532
Bound Backbone,BLUE,12.705,2.263,False,A,LYS93,O,1.717,44.45,17.007,A,ALA94,N,1.711,44.748,14.764
Phase Boundary,YELLOW,4.627,2.956,False,A,LYS93,NZ,5.485,50.454,16.73,A,ASP456,O,3.489,52.602,17.102
Bound Backbone,BLUE,5.352,3.072,False,A,LYS93,NZ,5.485,50.454,16.73,A,HOH471,O,7.196,52.074,14.759
Bound Backbone,BLUE,5.524,2.995,False,A,ALA94,N,1.711,44.748,14.764,A,LEU95,N,4.052,44.38,12.933
Bound Backbone,BLUE,7.302,2.9,False,A,ALA94,N,1.711,44.748,14.764,A,ILE444,O,1.026,45.684,12.106
Bound Backbone,BLUE,11.156,2.235,False,A,ALA94,O,4.743,43.181,14.688,A,LEU95,N,4.052,44.38,12.933
Thermal Noise,RED,3.498,3.603,False,A,LEU95,N,4.052,44.38,12.933,A,LEU96,N,6.677,46.208,11.274
Thermal Noise,RED,3.598,3.397,False,A,LEU95,N,4.052,44.38,12.933,A,ILE444,O,1.026,45.684,12.106
Bound Backbone,BLUE,8.145,2.236,False,A,LEU95,O,4.473,46.144,10.902,A,LEU96,N,6.677,46.208,11.274
Bound Backbone,BLUE,5.54,2.837,False,A,LEU95,O,4.473,46.144,10.902,A,ILE444,N,1.996,46.829,9.701
Thermal Noise,RED,3.156,3.68,False,A,LEU95,O,4.473,46.144,10.902,A,ILE444,O,1.026,45.684,12.106
Phase Boundary,YELLOW,5.127,3.422,False,A,LEU96,N,6.677,46.208,11.274,A,ILE97,N,7.909,47.204,8.241
Bound Backbone,BLUE,11.048,2.251,False,A,LEU96,O,8.997,46.364,10.024,A,ILE97,N,7.909,47.204,8.241
Thermal Noise,RED,3.324,3.949,False,A,LEU96,O,8.997,46.364,10.024,A,SER98,N,10.379,48.903,7.333
Phase Boundary,YELLOW,4.297,3.132,False,A,ILE97,N,7.909,47.204,8.241,A,SER98,N,10.379,48.903,7.333
Bound Backbone,BLUE,5.33,2.819,False,A,ILE97,N,7.909,47.204,8.241,A,THR442,O,5.391,48.141,7.388
Bound Backbone,BLUE,9.533,2.22,False,A,ILE97,O,8.489,49.008,6.174,A,SER98,N,10.379,48.903,7.333
Phase Boundary,YELLOW,5.164,2.876,False,A,ILE97,O,8.489,49.008,6.174,A,THR442,N,5.945,49.969,5.238
Thermal Noise,RED,3.653,3.438,False,A,ILE97,O,8.489,49.008,6.174,A,THR442,O,5.391,48.141,7.388
Phase Boundary,YELLOW,4.673,3.707,False,A,ILE97,O,8.489,49.008,6.174,A,HOH488,O,7.663,48.985,2.56
Bound Backbone,BLUE,5.715,3.06,False,A,SER98,N,10.379,48.903,7.333,A,PRO99,N,12.256,49.843,5.107
Bound Backbone,BLUE,11.862,2.24,False,A,SER98,O,13.203,50.369,7.068,A,PRO99,N,12.256,49.843,5.107
Thermal Noise,RED,3.995,3.665,False,A,SER98,O,13.203,50.369,7.068,A,PRO99,O,15.697,50.514,4.387
Bound Backbone,BLUE,5.684,3.197,False,A,SER98,O,13.203,50.369,7.068,A,HIS100,N,13.947,51.924,4.376
Phase Boundary,YELLOW,4.072,3.158,False,A,SER98,O,13.203,50.369,7.068,A,ARG101,N,15.18,52.784,6.587
Thermal Noise,RED,3.356,3.713,False,A,SER98,O,13.203,50.369,7.068,A,HOH469,O,11.193,52.892,5.23
Bound Backbone,BLUE,7.339,2.804,False,A,SER98,OG,10.958,52.466,8.03,A,THR459,O,11.007,54.015,10.367
Bound Backbone,BLUE,8.016,2.842,False,A,SER98,OG,10.958,52.466,8.03,A,HOH469,O,11.193,52.892,5.23
Bound Backbone,BLUE,5.409,2.779,False,A,PRO99,N,12.256,49.843,5.107,A,HIS100,N,13.947,51.924,4.376
Thermal Noise,RED,3.836,3.231,False,A,PRO99,N,12.256,49.843,5.107,A,HOH469,O,11.193,52.892,5.23
Bound Backbone,BLUE,7.924,2.247,False,A,PRO99,O,15.697,50.514,4.387,A,HIS100,N,13.947,51.924,4.376
Phase Boundary,YELLOW,5.071,3.203,False,A,PRO99,O,15.697,50.514,4.387,A,ARG101,N,15.18,52.784,6.587
Bound Backbone,BLUE,5.462,3.047,False,A,PRO99,O,15.697,50.514,4.387,A,PHE102,N,17.604,51.838,6.36
Bound Backbone,BLUE,8.035,2.674,False,A,HIS100,N,13.947,51.924,4.376,A,ARG101,N,15.18,52.784,6.587
Phase Boundary,YELLOW,4.543,3.042,False,A,HIS100,N,13.947,51.924,4.376,A,HOH469,O,11.193,52.892,5.23
Bound Backbone,BLUE,8.77,2.272,False,A,HIS100,O,16.122,54.576,5.556,A,ARG101,N,15.18,52.784,6.587
Thermal Noise,RED,3.292,3.992,False,A,HIS100,O,16.122,54.576,5.556,A,ARG101,O,18.26,52.683,8.345
Thermal Noise,RED,4.025,3.215,False,A,HIS100,O,16.122,54.576,5.556,A,PHE102,N,17.604,51.838,6.36
Thermal Noise,RED,4.053,3.299,False,A,HIS100,O,16.122,54.576,5.556,A,GLY103,N,18.821,53.215,4.235
Phase Boundary,YELLOW,5.162,2.821,False,A,HIS100,O,16.122,54.576,5.556,A,HOH480,O,17.907,56.683,6.133
Bound Backbone,BLUE,5.495,2.712,False,A,HIS100,ND1,14.304,53.895,1.229,A,GLN137,OE1,16.375,55.613,1.57
Phase Boundary,YELLOW,4.565,3.443,False,A,HIS100,NE2,12.5,53.105,0.505,A,LEU112,O,12.641,50.809,-2.057
Bound Backbone,BLUE,6.952,2.72,False,A,HIS100,NE2,12.5,53.105,0.505,A,SER439,OG,10.551,53.636,-1.317
Bound Backbone,BLUE,5.894,2.612,False,A,ARG101,N,15.18,52.784,6.587,A,PHE102,N,17.604,51.838,6.36
Bound Backbone,BLUE,11.752,2.255,False,A,ARG101,O,18.26,52.683,8.345,A,PHE102,N,17.604,51.838,6.36
Phase Boundary,YELLOW,4.131,3.352,False,A,ARG101,O,18.26,52.683,8.345,A,GLU104,OE1,20.854,53.98,6.664
Thermal Noise,RED,2.754,3.817,False,A,ARG101,O,18.26,52.683,8.345,A,GLU104,OE2,21.58,54.551,8.58
Bound Backbone,BLUE,5.594,2.851,False,A,ARG101,O,18.26,52.683,8.345,A,HOH473,O,20.735,52.17,9.664
Thermal Noise,RED,4.027,3.166,False,A,ARG101,NE,14.879,53.994,11.696,A,GLY460,O,13.953,56.999,11.324
Bound Backbone,BLUE,5.663,3.005,False,A,ARG101,NH2,15.595,55.453,13.31,A,GLY460,O,13.953,56.999,11.324
Bound Backbone,BLUE,6.916,2.809,False,A,PHE102,N,17.604,51.838,6.36,A,GLY103,N,18.821,53.215,4.235
Thermal Noise,RED,2.636,3.904,False,A,PHE102,N,17.604,51.838,6.36,A,GLU104,OE1,20.854,53.98,6.664
Bound Backbone,BLUE,8.029,2.237,False,A,PHE102,O,20.339,51.581,4.068,A,GLY103,N,18.821,53.215,4.235
Thermal Noise,RED,2.803,3.779,False,A,PHE102,O,20.339,51.581,4.068,A,GLU104,N,20.724,55.339,4.181
Phase Boundary,YELLOW,4.191,3.572,False,A,PHE102,O,20.339,51.581,4.068,A,GLU104,OE1,20.854,53.98,6.664
Thermal Noise,RED,2.79,3.992,False,A,PHE102,O,20.339,51.581,4.068,A,SER109,N,23.414,49.656,2.403
Thermal Noise,RED,2.731,3.829,False,A,PHE102,O,20.339,51.581,4.068,A,SER109,OG,21.815,48.049,4.155
Bound Backbone,BLUE,5.355,2.893,False,A,PHE102,O,20.339,51.581,4.068,A,HOH468,O,22.742,52.591,2.814
Thermal Noise,RED,3.51,3.996,False,A,PHE102,O,20.339,51.581,4.068,A,HOH485,O,22.75,51.899,7.239
Thermal Noise,RED,2.951,3.888,False,A,PHE102,O,20.339,51.581,4.068,A,HOH528,O,23.277,49.641,5.717
Phase Boundary,YELLOW,4.92,2.852,False,A,GLY103,N,18.821,53.215,4.235,A,GLU104,N,20.724,55.339,4.181
Phase Boundary,YELLOW,5.102,3.259,False,A,GLY103,N,18.821,53.215,4.235,A,GLU104,OE1,20.854,53.98,6.664
Bound Backbone,BLUE,12.888,2.208,False,A,GLY103,O,20.194,55.812,2.09,A,GLU104,N,20.724,55.339,4.181
Phase Boundary,YELLOW,4.19,3.18,False,A,GLY103,O,20.194,55.812,2.09,A,GLU104,O,23.202,55.447,3.054
Thermal Noise,RED,3.117,3.647,False,A,GLY103,O,20.194,55.812,2.09,A,ALA105,N,23.21,57.669,2.961
Thermal Noise,RED,3.829,3.247,False,A,GLY103,O,20.194,55.812,2.09,A,GLN137,NE2,17.47,57.538,1.71
Thermal Noise,RED,2.718,3.859,False,A,GLY103,O,20.194,55.812,2.09,A,GLN137,OE1,16.375,55.613,1.57
Phase Boundary,YELLOW,4.81,3.571,False,A,GLY103,O,20.194,55.812,2.09,A,PRO138,N,20.791,54.496,-1.175
Bound Backbone,BLUE,5.322,2.819,False,A,GLY103,O,20.194,55.812,2.09,A,HOH487,O,20.362,58.497,1.247
Thermal Noise,RED,3.277,3.619,False,A,GLU104,N,20.724,55.339,4.181,A,ALA105,N,23.21,57.669,2.961
Thermal Noise,RED,3.228,3.673,False,A,GLU104,N,20.724,55.339,4.181,A,HOH468,O,22.742,52.591,2.814
Thermal Noise,RED,3.481,3.681,False,A,GLU104,N,20.724,55.339,4.181,A,HOH480,O,17.907,56.683,6.133
Bound Backbone,BLUE,8.1,2.224,False,A,GLU104,O,23.202,55.447,3.054,A,ALA105,N,23.21,57.669,2.961
Thermal Noise,RED,3.211,3.649,False,A,GLU104,O,23.202,55.447,3.054,A,ALA105,O,26.425,56.67,1.858
Phase Boundary,YELLOW,4.201,3.165,False,A,GLU104,O,23.202,55.447,3.054,A,ARG106,N,25.758,57.081,3.958
Bound Backbone,BLUE,5.397,2.981,False,A,GLU104,O,23.202,55.447,3.054,A,GLY107,N,25.468,54.456,4.718
Phase Boundary,YELLOW,4.77,2.903,False,A,GLU104,O,23.202,55.447,3.054,A,HOH468,O,22.742,52.591,2.814
Phase Boundary,YELLOW,4.774,3.506,False,A,GLU104,OE1,20.854,53.98,6.664,A,HOH473,O,20.735,52.17,9.664
Phase Boundary,YELLOW,4.971,2.873,False,A,GLU104,OE1,20.854,53.98,6.664,A,HOH485,O,22.75,51.899,7.239
Bound Backbone,BLUE,5.819,2.749,False,A,GLU104,OE2,21.58,54.551,8.58,A,HOH473,O,20.735,52.17,9.664
Phase Boundary,YELLOW,4.364,3.194,False,A,GLU104,OE2,21.58,54.551,8.58,A,HOH485,O,22.75,51.899,7.239
Bound Backbone,BLUE,5.523,2.799,False,A,ALA105,N,23.21,57.669,2.961,A,ARG106,N,25.758,57.081,3.958
Phase Boundary,YELLOW,5.06,2.941,False,A,ALA105,N,23.21,57.669,2.961,A,LEU465,OXT,21.879,60.037,4.087
Thermal Noise,RED,3.954,3.426,False,A,ALA105,N,23.21,57.669,2.961,A,HOH487,O,20.362,58.497,1.247
Phase Boundary,YELLOW,5.092,3.302,False,A,ALA105,N,23.21,57.669,2.961,A,HOH491,O,24.365,59.381,5.538
Bound Backbone,BLUE,12.416,2.241,False,A,ALA105,O,26.425,56.67,1.858,A,ARG106,N,25.758,57.081,3.958
Thermal Noise,RED,3.922,3.741,False,A,ALA105,O,26.425,56.67,1.858,A,GLY107,N,25.468,54.456,4.718
Thermal Noise,RED,2.776,3.85,False,A,ALA105,O,26.425,56.67,1.858,A,HOH516,O,29.952,55.357,2.67
Thermal Noise,RED,3.307,3.987,False,A,ALA105,O,26.425,56.67,1.858,A,HOH637,O,29.154,55.884,-0.94
Phase Boundary,YELLOW,4.973,3.55,False,A,ALA105,O,26.425,56.67,1.858,B,HOH479,O,25.678,57.587,-1.489
Bound Backbone,BLUE,5.557,2.748,False,A,ARG106,N,25.758,57.081,3.958,A,GLY107,N,25.468,54.456,4.718
Phase Boundary,YELLOW,4.786,3.119,False,A,ARG106,N,25.758,57.081,3.958,A,HOH491,O,24.365,59.381,5.538
Bound Backbone,BLUE,8.759,2.229,False,A,ARG106,O,27.535,54.337,5.543,A,GLY107,N,25.468,54.456,4.718
Phase Boundary,YELLOW,4.783,3.405,False,A,ARG106,O,27.535,54.337,5.543,A,GLY107,O,26.133,52.724,2.892
Thermal Noise,RED,3.561,3.891,False,A,ARG106,O,27.535,54.337,5.543,A,HOH516,O,29.952,55.357,2.67
Thermal Noise,RED,3.125,3.631,False,A,GLY107,N,25.468,54.456,4.718,A,ASN108,N,25.328,50.913,3.935
Thermal Noise,RED,3.191,3.812,False,A,GLY107,N,25.468,54.456,4.718,A,HOH468,O,22.742,52.591,2.814
Bound Backbone,BLUE,9.08,2.24,False,A,GLY107,O,26.133,52.724,2.892,A,ASN108,N,25.328,50.913,3.935
Thermal Noise,RED,3.373,3.445,False,A,GLY107,O,26.133,52.724,2.892,A,ASN108,OD1,28.68,50.405,2.828
Phase Boundary,YELLOW,4.986,3.546,False,A,GLY107,O,26.133,52.724,2.892,B,ASN108,ND2,26.683,51.687,-0.454
Bound Backbone,BLUE,5.817,3.149,False,A,GLY107,O,26.133,52.724,2.892,B,ASN108,OD1,24.628,51.845,0.269
Thermal Noise,RED,3.474,3.395,False,A,GLY107,O,26.133,52.724,2.892,A,HOH468,O,22.742,52.591,2.814
Bound Backbone,BLUE,6.31,2.755,False,A,ASN108,N,25.328,50.913,3.935,A,SER109,N,23.414,49.656,2.403
Phase Boundary,YELLOW,4.267,3.847,False,A,ASN108,N,25.328,50.913,3.935,B,ASN108,OD1,24.628,51.845,0.269
Thermal Noise,RED,3.996,3.28,False,A,ASN108,N,25.328,50.913,3.935,A,HOH468,O,22.742,52.591,2.814
Bound Backbone,BLUE,5.445,3.0,False,A,ASN108,N,25.328,50.913,3.935,A,HOH528,O,23.277,49.641,5.717
Bound Backbone,BLUE,8.406,2.216,False,A,ASN108,O,24.821,48.016,1.913,A,SER109,N,23.414,49.656,2.403
Thermal Noise,RED,3.493,3.75,False,A,ASN108,O,24.821,48.016,1.913,A,SER109,OG,21.815,48.049,4.155
Thermal Noise,RED,3.636,3.413,False,A,ASN108,O,24.821,48.016,1.913,A,HOH472,O,22.623,45.618,2.945
Thermal Noise,RED,3.85,3.612,False,A,SER109,N,23.414,49.656,2.403,A,ALA110,N,20.779,48.72,0.117
Phase Boundary,YELLOW,4.69,3.289,False,A,SER109,N,23.414,49.656,2.403,B,ASN108,OD1,24.628,51.845,0.269
Phase Boundary,YELLOW,4.384,3.039,False,A,SER109,N,23.414,49.656,2.403,A,HOH468,O,22.742,52.591,2.814
Bound Backbone,BLUE,5.949,3.317,False,A,SER109,N,23.414,49.656,2.403,A,HOH528,O,23.277,49.641,5.717
Bound Backbone,BLUE,7.776,2.272,False,A,SER109,O,22.042,50.602,0.279,A,ALA110,N,20.779,48.72,0.117
Thermal Noise,RED,3.136,3.633,False,A,SER109,O,22.042,50.602,0.279,A,GLN137,O,19.373,52.919,-0.561
Phase Boundary,YELLOW,4.861,2.869,False,A,SER109,O,22.042,50.602,0.279,B,ASN108,OD1,24.628,51.845,0.269
Phase Boundary,YELLOW,5.065,3.297,False,A,SER109,O,22.042,50.602,0.279,A,HOH468,O,22.742,52.591,2.814
Bound Backbone,BLUE,7.274,2.936,False,A,SER109,O,22.042,50.602,0.279,A,HOH495,O,21.96,51.569,-2.492
Bound Backbone,BLUE,5.565,2.833,False,A,SER109,OG,21.815,48.049,4.155,A,HOH472,O,22.623,45.618,2.945
Bound Backbone,BLUE,6.856,2.667,False,A,SER109,OG,21.815,48.049,4.155,A,HOH528,O,23.277,49.641,5.717
Phase Boundary,YELLOW,4.396,3.027,False,A,ALA110,N,20.779,48.72,0.117,A,PRO111,N,17.859,49.458,-0.182
Phase Boundary,YELLOW,4.935,2.889,False,A,ALA110,N,20.779,48.72,0.117,A,HOH497,O,20.976,45.905,0.738
Bound Backbone,BLUE,10.249,2.241,False,A,ALA110,O,18.167,47.825,-1.686,A,PRO111,N,17.859,49.458,-0.182
Thermal Noise,RED,2.934,3.704,False,A,ALA110,O,18.167,47.825,-1.686,A,PRO111,O,16.225,50.959,-2.041
Thermal Noise,RED,3.163,3.575,False,A,ALA110,O,18.167,47.825,-1.686,A,LEU112,N,14.886,49.171,-2.138
Phase Boundary,YELLOW,5.227,3.016,False,A,ALA110,O,18.167,47.825,-1.686,A,VAL166,N,17.406,45.41,-3.324
Thermal Noise,RED,3.739,3.57,False,A,PRO111,N,17.859,49.458,-0.182,A,LEU112,N,14.886,49.171,-2.138
Thermal Noise,RED,2.794,3.797,False,A,PRO111,N,17.859,49.458,-0.182,A,GLN137,O,19.373,52.919,-0.561
Bound Backbone,BLUE,8.015,2.236,False,A,PRO111,O,16.225,50.959,-2.041,A,LEU112,N,14.886,49.171,-2.138
Thermal Noise,RED,3.11,3.587,False,A,PRO111,O,16.225,50.959,-2.041,A,LEU112,O,12.641,50.809,-2.057
Thermal Noise,RED,3.499,3.686,False,A,PRO111,O,16.225,50.959,-2.041,A,ILE113,N,13.223,51.706,-4.046
Phase Boundary,YELLOW,4.546,3.032,False,A,PRO111,O,16.225,50.959,-2.041,A,GLN137,N,17.874,53.374,-2.843
Thermal Noise,RED,2.73,3.993,False,A,PRO111,O,16.225,50.959,-2.041,A,GLN137,O,19.373,52.919,-0.561
Thermal Noise,RED,3.682,3.582,False,A,LEU112,N,14.886,49.171,-2.138,A,ILE113,N,13.223,51.706,-4.046
Phase Boundary,YELLOW,4.498,3.142,False,A,LEU112,N,14.886,49.171,-2.138,A,PRO164,O,13.76,46.543,-0.836
Thermal Noise,RED,3.497,3.622,False,A,LEU112,N,14.886,49.171,-2.138,A,HOH504,O,11.751,48.643,-0.403
Bound Backbone,BLUE,11.722,2.258,False,A,LEU112,O,12.641,50.809,-2.057,A,ILE113,N,13.223,51.706,-4.046
Thermal Noise,RED,3.676,3.547,False,A,LEU112,O,12.641,50.809,-2.057,A,ILE114,N,9.946,52.306,-3.812
Thermal Noise,RED,3.184,3.593,False,A,LEU112,O,12.641,50.809,-2.057,A,SER439,OG,10.551,53.636,-1.317
Bound Backbone,BLUE,5.9,2.867,False,A,LEU112,O,12.641,50.809,-2.057,A,HOH504,O,11.751,48.643,-0.403
Thermal Noise,RED,3.599,3.34,False,A,ILE113,N,13.223,51.706,-4.046,A,ILE114,N,9.946,52.306,-3.812
Bound Backbone,BLUE,6.861,2.824,False,A,ILE113,N,13.223,51.706,-4.046,A,ALA135,O,15.059,51.703,-6.192
Bound Backbone,BLUE,11.188,2.262,False,A,ILE113,O,11.025,51.606,-5.673,A,ILE114,N,9.946,52.306,-3.812
Bound Backbone,BLUE,6.687,2.725,False,A,ILE113,O,11.025,51.606,-5.673,A,THR132,OG1,11.613,49.539,-7.348
Bound Backbone,BLUE,6.956,3.03,False,A,ILE113,O,11.025,51.606,-5.673,A,HIS133,N,10.269,51.723,-8.605
Thermal Noise,RED,3.048,3.629,False,A,ILE114,N,9.946,52.306,-3.812,A,ARG115,N,6.327,52.206,-4.064
Bound Backbone,BLUE,7.056,2.891,False,A,ILE114,N,9.946,52.306,-3.812,A,SER439,OG,10.551,53.636,-1.317
Thermal Noise,RED,2.785,3.992,False,A,ILE114,N,9.946,52.306,-3.812,A,HOH553,O,8.175,55.48,-5.462
Bound Backbone,BLUE,8.736,2.268,False,A,ILE114,O,7.783,53.631,-3.067,A,ARG115,N,6.327,52.206,-4.064
Phase Boundary,YELLOW,4.41,3.275,False,A,ILE114,O,7.783,53.631,-3.067,A,SER439,OG,10.551,53.636,-1.317
Phase Boundary,YELLOW,4.85,3.637,False,A,ILE114,O,7.783,53.631,-3.067,A,ALA440,N,8.293,54.283,0.475
Bound Backbone,BLUE,5.985,3.051,False,A,ILE114,O,7.783,53.631,-3.067,A,HOH553,O,8.175,55.48,-5.462
Thermal Noise,RED,3.135,3.604,False,A,ARG115,N,6.327,52.206,-4.064,A,GLU116,N,2.793,51.834,-3.46
Bound Backbone,BLUE,6.166,3.056,False,A,ARG115,N,6.327,52.206,-4.064,A,LEU131,O,6.874,50.594,-6.602
Phase Boundary,YELLOW,4.472,3.775,False,A,ARG115,N,6.327,52.206,-4.064,A,ARG153,NH2,5.564,52.837,-7.707
Bound Backbone,BLUE,9.034,2.229,False,A,ARG115,O,4.385,50.615,-4.433,A,GLU116,N,2.793,51.834,-3.46
Thermal Noise,RED,3.376,3.482,False,A,ARG115,O,4.385,50.615,-4.433,A,GLU116,O,1.748,48.439,-3.773
Thermal Noise,RED,3.836,3.59,False,A,ARG115,O,4.385,50.615,-4.433,A,GLU116,OE1,2.64,52.867,-6.618
Phase Boundary,YELLOW,4.584,3.443,False,A,ARG115,O,4.385,50.615,-4.433,A,PRO117,N,2.559,49.252,-1.852
Bound Backbone,BLUE,5.353,3.007,False,A,ARG115,O,4.385,50.615,-4.433,A,LEU131,N,5.23,48.301,-6.157
Phase Boundary,YELLOW,4.68,3.302,False,A,ARG115,O,4.385,50.615,-4.433,A,LEU131,O,6.874,50.594,-6.602
Phase Boundary,YELLOW,4.697,3.462,False,A,ARG115,NE,2.566,55.944,-3.145,A,GLU116,OE2,1.239,54.343,-5.913
Phase Boundary,YELLOW,4.262,3.57,False,A,ARG115,NE,2.566,55.944,-3.145,A,GLU427,OE1,0.816,54.352,-0.472
Bound Backbone,BLUE,5.805,2.951,False,A,ARG115,NE,2.566,55.944,-3.145,A,GLU427,OE2,2.679,53.687,-1.247
Thermal Noise,RED,3.583,3.558,False,A,ARG115,NH1,1.247,57.506,-4.284,A,GLU116,OE2,1.239,54.343,-5.913
Ligand Bound Core,BLUE,5.519,2.725,True,A,ARG115,NH1,1.247,57.506,-4.284,A,ZMR466,O1B,-1.372,58.041,-4.813
Phase Boundary,YELLOW,4.647,3.55,False,A,ARG115,NH2,0.27,55.922,-2.885,A,GLU116,OE2,1.239,54.343,-5.913
Bound Backbone,BLUE,6.673,2.93,False,A,ARG115,NH2,0.27,55.922,-2.885,A,GLU427,OE1,0.816,54.352,-0.472
Thermal Noise,RED,3.344,3.672,False,A,ARG115,NH2,0.27,55.922,-2.885,A,GLU427,OE2,2.679,53.687,-1.247
Ligand Boundary Hotspot,ORANGE,4.467,3.302,True,A,ARG115,NH2,0.27,55.922,-2.885,A,ZMR466,O1B,-1.372,58.041,-4.813
Phase Boundary,YELLOW,5.06,3.051,False,A,GLU116,N,2.793,51.834,-3.46,A,PRO117,N,2.559,49.252,-1.852
Bound Backbone,BLUE,6.588,2.889,False,A,GLU116,N,2.793,51.834,-3.46,A,GLU427,OE2,2.679,53.687,-1.247
Bound Backbone,BLUE,11.736,2.238,False,A,GLU116,O,1.748,48.439,-3.773,A,PRO117,N,2.559,49.252,-1.852
Bound Backbone,BLUE,5.359,3.387,False,A,GLU116,O,1.748,48.439,-3.773,A,PRO117,O,0.496,47.955,-0.663
Thermal Noise,RED,3.693,3.844,False,A,GLU116,O,1.748,48.439,-3.773,A,PHE118,N,1.449,45.939,-0.869
Thermal Noise,RED,3.23,3.772,False,A,GLU116,O,1.748,48.439,-3.773,A,HOH494,O,-1.298,49.717,-1.951
Bound Backbone,BLUE,6.717,2.916,False,A,GLU116,O,1.748,48.439,-3.773,A,HOH587,O,0.456,47.376,-6.161
Phase Boundary,YELLOW,5.182,3.299,False,A,GLU116,OE1,2.64,52.867,-6.618,A,ARG153,NH1,4.267,53.98,-9.263
Phase Boundary,YELLOW,4.429,3.12,False,A,GLU116,OE1,2.64,52.867,-6.618,A,ARG153,NH2,5.564,52.837,-7.707
Ligand Boundary Hotspot,ORANGE,4.292,3.738,True,A,GLU116,OE1,2.64,52.867,-6.618,A,ZMR466,NH2,1.216,53.867,-9.926
Phase Boundary,YELLOW,4.31,3.427,False,A,GLU116,OE1,2.64,52.867,-6.618,A,HOH701,O,0.745,51.06,-8.829
Phase Boundary,YELLOW,4.275,3.156,False,A,GLU116,OE1,2.64,52.867,-6.618,A,HOH709,O,2.931,55.846,-7.619
Ligand Bound Core,BLUE,5.613,3.237,True,A,GLU116,OE2,1.239,54.343,-5.913,A,ZMR466,NE,-0.189,55.181,-8.695
Bound Backbone,BLUE,6.131,2.834,False,A,GLU116,OE2,1.239,54.343,-5.913,A,HOH709,O,2.931,55.846,-7.619
Thermal Noise,RED,3.18,3.63,False,A,PRO117,N,2.559,49.252,-1.852,A,PHE118,N,1.449,45.939,-0.869
Thermal Noise,RED,2.651,3.886,False,A,PRO117,N,2.559,49.252,-1.852,A,HOH494,O,-1.298,49.717,-1.951
Bound Backbone,BLUE,8.023,2.239,False,A,PRO117,O,0.496,47.955,-0.663,A,PHE118,N,1.449,45.939,-0.869
Bound Backbone,BLUE,5.677,2.825,False,A,PRO117,O,0.496,47.955,-0.663,A,HOH494,O,-1.298,49.717,-1.951
Thermal Noise,RED,3.456,3.606,False,A,PHE118,N,1.449,45.939,-0.869,A,ILE119,N,0.047,43.019,0.715
Phase Boundary,YELLOW,4.725,3.03,False,A,PHE118,N,1.449,45.939,-0.869,A,PHE129,O,4.204,45.324,-1.971
Bound Backbone,BLUE,9.024,2.232,False,A,PHE118,O,1.984,43.532,-0.269,A,ILE119,N,0.047,43.019,0.715
Bound Backbone,BLUE,5.551,2.851,False,A,PHE118,O,1.984,43.532,-0.269,A,PHE129,N,4.386,42.676,-1.543
Phase Boundary,YELLOW,4.232,3.322,False,A,PHE118,O,1.984,43.532,-0.269,A,PHE129,O,4.204,45.324,-1.971
Thermal Noise,RED,3.168,3.562,False,A,ILE119,N,0.047,43.019,0.715,A,ALA120,N,-0.215,39.479,0.417
Thermal Noise,RED,2.761,3.835,False,A,ILE119,N,0.047,43.019,0.715,A,HOH470,O,-3.743,43.114,0.139
Bound Backbone,BLUE,8.186,2.228,False,A,ILE119,O,-1.764,41.043,0.758,A,ALA120,N,-0.215,39.479,0.417
Phase Boundary,YELLOW,4.792,2.931,False,A,ILE119,O,-1.764,41.043,0.758,A,HOH470,O,-3.743,43.114,0.139
Thermal Noise,RED,3.489,3.454,False,A,ALA120,N,-0.215,39.479,0.417,A,CYS121,N,-1.194,36.282,1.282
Thermal Noise,RED,3.751,3.267,False,A,ALA120,N,-0.215,39.479,0.417,A,LYS127,O,3.043,39.705,0.319
Bound Backbone,BLUE,8.576,2.217,False,A,ALA120,O,0.777,37.069,0.642,A,CYS121,N,-1.194,36.282,1.282
Phase Boundary,YELLOW,4.104,3.903,False,A,ALA120,O,0.777,37.069,0.642,A,CYS121,SG,-0.464,36.587,4.311
Phase Boundary,YELLOW,4.697,2.937,False,A,ALA120,O,0.777,37.069,0.642,A,LYS127,N,3.683,37.193,1.047
Thermal Noise,RED,3.302,3.491,False,A,ALA120,O,0.777,37.069,0.642,A,LYS127,O,3.043,39.705,0.319
Thermal Noise,RED,3.169,3.554,False,A,CYS121,N,-1.194,36.282,1.282,A,GLY122,N,-0.41,32.816,1.232
Phase Boundary,YELLOW,4.847,2.925,False,A,CYS121,N,-1.194,36.282,1.282,A,HOH507,O,-4.023,36.54,1.978
Thermal Noise,RED,3.993,3.707,False,A,CYS121,N,-1.194,36.282,1.282,A,HOH566,O,-3.394,35.338,-1.548
Bound Backbone,BLUE,8.108,2.261,False,A,CYS121,O,-2.318,33.905,0.699,A,GLY122,N,-0.41,32.816,1.232
Thermal Noise,RED,3.259,3.926,False,A,CYS121,O,-2.318,33.905,0.699,A,GLY122,O,-0.844,31.247,3.184
Thermal Noise,RED,3.8,3.389,False,A,CYS121,O,-2.318,33.905,0.699,A,HOH507,O,-4.023,36.54,1.978
Bound Backbone,BLUE,6.729,2.874,False,A,CYS121,O,-2.318,33.905,0.699,A,HOH566,O,-3.394,35.338,-1.548
Thermal Noise,RED,3.318,3.513,False,A,CYS121,O,-2.318,33.905,0.699,A,HOH657,O,-5.47,32.506,0.028
Bound Backbone,BLUE,10.812,2.029,False,A,CYS121,SG,-0.464,36.587,4.311,A,CYS126,SG,1.328,36.164,5.164
Thermal Noise,RED,3.586,3.367,False,A,CYS121,SG,-0.464,36.587,4.311,A,GLU413,O,-3.768,36.22,4.848
Thermal Noise,RED,3.103,3.659,False,A,GLY122,N,-0.41,32.816,1.232,A,PRO123,N,-1.004,29.318,2.125
Bound Backbone,BLUE,5.355,2.877,False,A,GLY122,N,-0.41,32.816,1.232,A,GLU125,O,2.183,33.206,2.417
Bound Backbone,BLUE,9.426,2.206,False,A,GLY122,O,-0.844,31.247,3.184,A,PRO123,N,-1.004,29.318,2.125
Thermal Noise,RED,3.484,3.761,False,A,GLY122,O,-0.844,31.247,3.184,A,PRO123,O,0.118,28.404,5.45
Thermal Noise,RED,3.712,3.307,False,A,GLY122,O,-0.844,31.247,3.184,A,LYS124,N,1.389,28.859,3.681
Thermal Noise,RED,3.026,3.686,False,A,GLY122,O,-0.844,31.247,3.184,A,GLU125,O,2.183,33.206,2.417
Bound Backbone,BLUE,7.492,2.797,False,A,GLY122,O,-0.844,31.247,3.184,A,HOH474,O,-0.513,32.663,5.573
Bound Backbone,BLUE,5.671,2.891,False,A,PRO123,N,-1.004,29.318,2.125,A,LYS124,N,1.389,28.859,3.681
Thermal Noise,RED,3.419,3.567,False,A,PRO123,N,-1.004,29.318,2.125,A,HOH621,O,2.298,29.603,0.805
Thermal Noise,RED,3.21,3.537,False,A,PRO123,N,-1.004,29.318,2.125,A,HOH663,O,-4.53,29.212,2.382
Bound Backbone,BLUE,11.332,2.225,False,A,PRO123,O,0.118,28.404,5.45,A,LYS124,N,1.389,28.859,3.681
Bound Backbone,BLUE,5.849,2.887,False,A,PRO123,O,0.118,28.404,5.45,A,HOH533,O,0.857,30.624,7.142
Phase Boundary,YELLOW,5.078,2.809,False,A,LYS124,N,1.389,28.859,3.681,A,GLU125,N,3.114,31.073,3.789
Thermal Noise,RED,3.893,3.921,False,A,LYS124,N,1.389,28.859,3.681,A,HOH533,O,0.857,30.624,7.142
Bound Backbone,BLUE,6.408,3.107,False,A,LYS124,N,1.389,28.859,3.681,A,HOH621,O,2.298,29.603,0.805
Bound Backbone,BLUE,10.475,2.235,False,A,LYS124,O,4.387,30.092,5.342,A,GLU125,N,3.114,31.073,3.789
Thermal Noise,RED,2.827,3.998,False,A,LYS124,O,4.387,30.092,5.342,A,HOH533,O,0.857,30.624,7.142
Phase Boundary,YELLOW,4.285,3.413,False,A,LYS124,O,4.387,30.092,5.342,A,HOH606,O,6.978,29.451,3.215
Thermal Noise,RED,2.776,3.869,False,A,LYS124,NZ,1.249,24.019,3.053,A,HOH568,O,-2.365,23.018,4.005
Thermal Noise,RED,3.132,3.582,False,A,GLU125,N,3.114,31.073,3.789,A,CYS126,N,3.531,34.619,3.502
Phase Boundary,YELLOW,5.059,3.425,False,A,GLU125,N,3.114,31.073,3.789,A,HOH621,O,2.298,29.603,0.805
Bound Backbone,BLUE,9.222,2.234,False,A,GLU125,O,2.183,33.206,2.417,A,CYS126,N,3.531,34.619,3.502
Thermal Noise,RED,2.839,3.949,False,A,GLU125,O,2.183,33.206,2.417,A,HOH621,O,2.298,29.603,0.805
Phase Boundary,YELLOW,4.981,3.136,False,A,GLU125,OE1,6.357,31.912,0.116,A,HOH585,O,4.44,30.27,-1.745
Thermal Noise,RED,3.915,3.681,False,A,GLU125,OE1,6.357,31.912,0.116,A,HOH624,O,8.921,31.7,-2.517
Thermal Noise,RED,3.437,3.693,False,A,GLU125,OE2,7.27,33.837,0.455,A,CYS126,O,5.241,36.256,2.371
Phase Boundary,YELLOW,4.113,3.56,False,A,CYS126,N,3.531,34.619,3.502,A,LYS127,N,3.683,37.193,1.047
Bound Backbone,BLUE,5.425,2.992,False,A,CYS126,N,3.531,34.619,3.502,A,HOH536,O,5.852,35.37,5.234
Bound Backbone,BLUE,9.657,2.249,False,A,CYS126,O,5.241,36.256,2.371,A,LYS127,N,3.683,37.193,1.047
Phase Boundary,YELLOW,4.824,2.985,False,A,CYS126,O,5.241,36.256,2.371,A,LEU160,N,7.296,38.166,3.391
Bound Backbone,BLUE,6.663,3.059,False,A,CYS126,O,5.241,36.256,2.371,A,HOH536,O,5.852,35.37,5.234
Thermal Noise,RED,2.548,3.977,False,A,CYS126,SG,1.328,36.164,5.164,A,HOH474,O,-0.513,32.663,5.573
Thermal Noise,RED,3.366,3.48,False,A,LYS127,N,3.683,37.193,1.047,A,HIS128,N,5.235,40.251,0.456
Bound Backbone,BLUE,7.832,2.263,False,A,LYS127,O,3.043,39.705,0.319,A,HIS128,N,5.235,40.251,0.456
Thermal Noise,RED,3.283,3.755,False,A,LYS127,O,3.043,39.705,0.319,A,PHE129,N,4.386,42.676,-1.543
Thermal Noise,RED,3.212,3.621,False,A,LYS127,NZ,5.844,34.079,-4.61,A,TRP187,NE1,2.976,32.128,-3.572
Bound Backbone,BLUE,7.097,2.962,False,A,LYS127,NZ,5.844,34.079,-4.61,A,TYR189,OH,4.856,34.441,-7.379
Phase Boundary,YELLOW,4.409,3.013,False,A,LYS127,NZ,5.844,34.079,-4.61,A,HOH630,O,6.623,31.169,-4.535
Phase Boundary,YELLOW,5.141,2.976,False,A,LYS127,NZ,5.844,34.079,-4.61,A,HOH652,O,8.284,35.071,-5.996
Thermal Noise,RED,3.075,3.948,False,A,LYS127,NZ,5.844,34.079,-4.61,B,HOH670,O,8.525,32.192,-6.809
Phase Boundary,YELLOW,4.683,3.255,False,A,HIS128,N,5.235,40.251,0.456,A,PHE129,N,4.386,42.676,-1.543
Phase Boundary,YELLOW,5.027,2.845,False,A,HIS128,N,5.235,40.251,0.456,A,VAL158,O,7.774,39.054,-0.01
Bound Backbone,BLUE,7.883,2.271,False,A,HIS128,O,6.558,42.117,-1.189,A,PHE129,N,4.386,42.676,-1.543
Phase Boundary,YELLOW,4.08,3.167,False,A,HIS128,O,6.558,42.117,-1.189,A,VAL158,N,9.082,40.299,-1.785
Thermal Noise,RED,3.503,3.5,False,A,HIS128,O,6.558,42.117,-1.189,A,VAL158,O,7.774,39.054,-0.01
Bound Backbone,BLUE,5.446,2.916,False,A,HIS128,ND1,7.037,44.306,2.608,A,HOH475,O,8.545,42.273,4.055
Bound Backbone,BLUE,5.851,2.749,False,A,HIS128,NE2,5.715,45.881,2.053,A,THR442,OG1,5.039,48.301,3.168
Thermal Noise,RED,2.959,3.7,False,A,HIS128,NE2,5.715,45.881,2.053,A,HOH488,O,7.663,48.985,2.56
Thermal Noise,RED,3.839,3.678,False,A,PHE129,N,4.386,42.676,-1.543,A,ALA130,N,5.042,45.277,-4.06
Bound Backbone,BLUE,12.222,2.251,False,A,PHE129,O,4.204,45.324,-1.971,A,ALA130,N,5.042,45.277,-4.06
Thermal Noise,RED,3.555,3.685,False,A,ALA130,N,5.042,45.277,-4.06,A,LEU131,N,5.23,48.301,-6.157
Phase Boundary,YELLOW,4.31,3.196,False,A,ALA130,N,5.042,45.277,-4.06,A,ILE156,O,6.577,42.777,-5.329
Bound Backbone,BLUE,7.96,2.252,False,A,ALA130,O,5.905,46.169,-6.425,A,LEU131,N,5.23,48.301,-6.157
Thermal Noise,RED,2.979,3.805,False,A,ALA130,O,5.905,46.169,-6.425,A,THR132,N,7.999,49.055,-7.752
Phase Boundary,YELLOW,4.717,3.559,False,A,ALA130,O,5.905,46.169,-6.425,A,HIS154,O,7.431,46.889,-9.559
Phase Boundary,YELLOW,5.138,2.94,False,A,ALA130,O,5.905,46.169,-6.425,A,ILE156,N,7.303,43.888,-7.643
Thermal Noise,RED,3.218,3.627,False,A,ALA130,O,5.905,46.169,-6.425,A,ILE156,O,6.577,42.777,-5.329
Phase Boundary,YELLOW,4.27,3.283,False,A,LEU131,N,5.23,48.301,-6.157,A,THR132,N,7.999,49.055,-7.752
Bound Backbone,BLUE,9.445,2.226,False,A,LEU131,O,6.874,50.594,-6.602,A,THR132,N,7.999,49.055,-7.752
Phase Boundary,YELLOW,4.12,3.782,False,A,LEU131,O,6.874,50.594,-6.602,A,THR132,O,8.794,50.577,-9.86
Bound Backbone,BLUE,5.512,2.823,False,A,LEU131,O,6.874,50.594,-6.602,A,ARG153,NH2,5.564,52.837,-7.707
Thermal Noise,RED,3.188,3.605,False,A,THR132,N,7.999,49.055,-7.752,A,HIS133,N,10.269,51.723,-8.605
Bound Backbone,BLUE,6.047,2.877,False,A,THR132,N,7.999,49.055,-7.752,A,HIS154,O,7.431,46.889,-9.559
Bound Backbone,BLUE,9.467,2.25,False,A,THR132,O,8.794,50.577,-9.86,A,HIS133,N,10.269,51.723,-8.605
Thermal Noise,RED,2.972,3.67,False,A,THR132,O,8.794,50.577,-9.86,A,TYR134,N,12.45,50.895,-9.889
Thermal Noise,RED,3.37,3.447,False,A,THR132,O,8.794,50.577,-9.86,A,ARG153,NE,6.169,52.809,-9.961
Phase Boundary,YELLOW,4.71,3.268,False,A,THR132,O,8.794,50.577,-9.86,A,HIS154,N,7.953,48.198,-11.937
Thermal Noise,RED,2.583,3.943,False,A,THR132,O,8.794,50.577,-9.86,A,HIS154,O,7.431,46.889,-9.559
Bound Backbone,BLUE,5.512,2.856,False,A,THR132,OG1,11.613,49.539,-7.348,A,HIS133,N,10.269,51.723,-8.605
Bound Backbone,BLUE,6.481,2.999,False,A,THR132,OG1,11.613,49.539,-7.348,A,TYR134,N,12.45,50.895,-9.889
Bound Backbone,BLUE,6.479,2.663,False,A,HIS133,N,10.269,51.723,-8.605,A,TYR134,N,12.45,50.895,-9.889
Bound Backbone,BLUE,9.383,2.239,False,A,HIS133,O,12.637,52.791,-11.066,A,TYR134,N,12.45,50.895,-9.889
Thermal Noise,RED,3.27,3.504,False,A,HIS133,O,12.637,52.791,-11.066,A,TYR134,O,15.796,51.295,-10.82
Phase Boundary,YELLOW,4.356,3.428,False,A,HIS133,O,12.637,52.791,-11.066,A,ALA135,N,14.888,51.551,-8.798
Phase Boundary,YELLOW,4.242,3.292,False,A,HIS133,O,12.637,52.791,-11.066,B,ARG101,NH1,15.318,53.847,-12.659
Thermal Noise,RED,2.593,3.952,False,A,HIS133,O,12.637,52.791,-11.066,A,HOH552,O,13.952,56.478,-11.606
Bound Backbone,BLUE,6.091,2.795,False,A,HIS133,O,12.637,52.791,-11.066,A,HOH607,O,11.094,54.554,-12.591
Thermal Noise,RED,3.516,3.491,False,A,HIS133,ND1,8.77,55.165,-8.292,A,THR145,O,8.208,58.408,-7.129
Thermal Noise,RED,2.961,3.886,False,A,HIS133,ND1,8.77,55.165,-8.292,A,ARG153,NE,6.169,52.809,-9.961
Bound Backbone,BLUE,7.578,2.909,False,A,HIS133,ND1,8.77,55.165,-8.292,A,HOH553,O,8.175,55.48,-5.462
Thermal Noise,RED,3.131,3.743,False,A,HIS133,ND1,8.77,55.165,-8.292,A,HOH702,O,5.712,56.761,-6.839
Thermal Noise,RED,3.159,3.619,False,A,HIS133,NE2,7.913,55.995,-10.045,A,GLY144,O,9.286,59.238,-10.88
Thermal Noise,RED,3.819,3.796,False,A,HIS133,NE2,7.913,55.995,-10.045,A,THR145,O,8.208,58.408,-7.129
Phase Boundary,YELLOW,5.051,2.836,False,A,HIS133,NE2,7.913,55.995,-10.045,A,GLU147,O,5.652,57.65,-10.485
Phase Boundary,YELLOW,4.592,3.744,False,A,HIS133,NE2,7.913,55.995,-10.045,A,ASN150,ND2,8.628,55.672,-13.706
Thermal Noise,RED,3.033,3.633,False,A,HIS133,NE2,7.913,55.995,-10.045,A,ARG153,NE,6.169,52.809,-9.961
Thermal Noise,RED,3.608,3.964,False,A,HIS133,NE2,7.913,55.995,-10.045,A,HOH702,O,5.712,56.761,-6.839
Bound Backbone,BLUE,5.82,2.75,False,A,TYR134,N,12.45,50.895,-9.889,A,ALA135,N,14.888,51.551,-8.798
Bound Backbone,BLUE,12.24,2.231,False,A,TYR134,O,15.796,51.295,-10.82,A,ALA135,N,14.888,51.551,-8.798
Thermal Noise,RED,3.938,3.835,False,A,TYR134,O,15.796,51.295,-10.82,B,ARG101,NE,17.039,52.979,-14.033
Phase Boundary,YELLOW,4.794,3.182,False,A,TYR134,O,15.796,51.295,-10.82,B,ARG101,NH1,15.318,53.847,-12.659
Bound Backbone,BLUE,6.842,2.745,False,A,TYR134,OH,15.25,44.942,-13.665,B,LEU96,O,13.573,43.799,-15.514
Phase Boundary,YELLOW,4.355,3.684,False,A,TYR134,OH,15.25,44.942,-13.665,B,ILE97,N,15.251,43.1,-16.856
Bound Backbone,BLUE,6.556,2.781,False,A,TYR134,OH,15.25,44.942,-13.665,B,SER98,N,17.368,44.989,-15.467
Phase Boundary,YELLOW,4.246,3.545,False,A,ALA135,N,14.888,51.551,-8.798,A,ALA136,N,17.221,52.286,-6.232
Bound Backbone,BLUE,7.981,2.24,False,A,ALA135,O,15.059,51.703,-6.192,A,ALA136,N,17.221,52.286,-6.232
Phase Boundary,YELLOW,4.762,3.619,False,A,ALA136,N,17.221,52.286,-6.232,A,GLN137,N,17.874,53.374,-2.843
Thermal Noise,RED,3.042,3.761,False,A,ALA136,N,17.221,52.286,-6.232,A,HOH544,O,18.327,55.64,-7.525
Bound Backbone,BLUE,5.571,3.041,False,A,ALA136,N,17.221,52.286,-6.232,B,HOH469,O,19.344,53.037,-8.276
Bound Backbone,BLUE,11.709,2.268,False,A,ALA136,O,18.375,54.272,-4.865,A,GLN137,N,17.874,53.374,-2.843
Thermal Noise,RED,3.47,3.496,False,A,ALA136,O,18.375,54.272,-4.865,A,PRO138,O,21.703,54.218,-3.796
Thermal Noise,RED,3.293,3.513,False,A,ALA136,O,18.375,54.272,-4.865,A,GLY139,N,21.175,56.322,-4.319
Bound Backbone,BLUE,6.722,2.992,False,A,ALA136,O,18.375,54.272,-4.865,A,HOH544,O,18.327,55.64,-7.525
Phase Boundary,YELLOW,4.329,3.755,False,A,ALA136,O,18.375,54.272,-4.865,B,HOH469,O,19.344,53.037,-8.276
Thermal Noise,RED,3.639,3.543,False,A,GLN137,N,17.874,53.374,-2.843,A,PRO138,N,20.791,54.496,-1.175
Bound Backbone,BLUE,8.614,2.208,False,A,GLN137,O,19.373,52.919,-0.561,A,PRO138,N,20.791,54.496,-1.175
Thermal Noise,RED,3.902,3.499,False,A,GLN137,O,19.373,52.919,-0.561,A,HOH495,O,21.96,51.569,-2.492
Thermal Noise,RED,4.011,3.313,False,A,GLN137,NE2,17.47,57.538,1.71,A,TRP437,NE1,15.8,60.08,0.396
Thermal Noise,RED,2.998,3.925,False,A,GLN137,NE2,17.47,57.538,1.71,A,LEU465,O,19.807,60.031,3.642
Bound Backbone,BLUE,6.727,2.999,False,A,GLN137,NE2,17.47,57.538,1.71,A,HOH476,O,17.291,58.855,4.398
Phase Boundary,YELLOW,4.274,3.082,False,A,GLN137,NE2,17.47,57.538,1.71,A,HOH487,O,20.362,58.497,1.247
Thermal Noise,RED,2.636,3.9,False,A,GLN137,NE2,17.47,57.538,1.71,A,HOH679,O,18.271,61.349,1.495
Phase Boundary,YELLOW,4.403,3.656,False,A,PRO138,N,20.791,54.496,-1.175,A,GLY139,N,21.175,56.322,-4.319
Thermal Noise,RED,3.754,3.416,False,A,PRO138,N,20.791,54.496,-1.175,A,HOH495,O,21.96,51.569,-2.492
Bound Backbone,BLUE,8.319,2.231,False,A,PRO138,O,21.703,54.218,-3.796,A,GLY139,N,21.175,56.322,-4.319
Phase Boundary,YELLOW,5.118,2.964,False,A,PRO138,O,21.703,54.218,-3.796,A,HOH495,O,21.96,51.569,-2.492
Bound Backbone,BLUE,6.278,2.981,False,A,PRO138,O,21.703,54.218,-3.796,B,HOH489,O,21.717,52.377,-6.14
Phase Boundary,YELLOW,4.728,3.673,False,A,GLY139,N,21.175,56.322,-4.319,A,GLY140,N,21.308,57.257,-7.869
Phase Boundary,YELLOW,4.997,3.089,False,A,GLY139,N,21.175,56.322,-4.319,A,TYR142,OH,19.422,58.218,-2.623
Bound Backbone,BLUE,11.491,2.241,False,A,GLY139,O,21.195,58.489,-6.0,A,GLY140,N,21.308,57.257,-7.869
Phase Boundary,YELLOW,4.096,3.824,False,A,GLY139,O,21.195,58.489,-6.0,A,TYR142,OH,19.422,58.218,-2.623
Phase Boundary,YELLOW,4.352,3.118,False,A,GLY139,O,21.195,58.489,-6.0,B,ARG106,NE,23.801,59.924,-5.068
Phase Boundary,YELLOW,4.674,3.006,False,A,GLY139,O,21.195,58.489,-6.0,B,ARG106,NH2,21.914,61.27,-5.115
Thermal Noise,RED,4.016,3.396,False,A,GLY139,O,21.195,58.489,-6.0,A,HOH608,O,19.316,60.759,-7.687
Bound Backbone,BLUE,6.152,2.772,False,A,GLY140,N,21.308,57.257,-7.869,A,TYR141,N,19.031,57.815,-9.348
Phase Boundary,YELLOW,4.972,2.894,False,A,GLY140,N,21.308,57.257,-7.869,B,GLU104,OE2,21.643,54.477,-8.602
Thermal Noise,RED,3.467,3.409,False,A,GLY140,N,21.308,57.257,-7.869,A,HOH544,O,18.327,55.64,-7.525
Bound Backbone,BLUE,9.569,2.229,False,A,GLY140,O,20.112,59.342,-10.56,A,TYR141,N,19.031,57.815,-9.348
Thermal Noise,RED,3.014,3.955,False,A,GLY140,O,20.112,59.342,-10.56,A,TYR142,N,16.756,59.288,-8.468
Bound Backbone,BLUE,5.444,3.301,False,A,GLY140,O,20.112,59.342,-10.56,A,HOH608,O,19.316,60.759,-7.687
Phase Boundary,YELLOW,4.682,2.924,False,A,GLY140,O,20.112,59.342,-10.56,A,HOH645,O,21.986,61.586,-10.539
Phase Boundary,YELLOW,4.421,3.012,False,A,GLY140,O,20.112,59.342,-10.56,A,HOH696,O,17.93,61.411,-10.726
Phase Boundary,YELLOW,5.228,2.85,False,A,TYR141,N,19.031,57.815,-9.348,A,TYR142,N,16.756,59.288,-8.468
Bound Backbone,BLUE,5.839,2.924,False,A,TYR141,N,19.031,57.815,-9.348,A,HOH544,O,18.327,55.64,-7.525
Thermal Noise,RED,4.008,3.392,False,A,TYR141,N,19.031,57.815,-9.348,A,HOH608,O,19.316,60.759,-7.687
Bound Backbone,BLUE,9.545,2.221,False,A,TYR141,O,15.504,57.875,-9.638,A,TYR142,N,16.756,59.288,-8.468
Thermal Noise,RED,3.291,3.627,False,A,TYR141,O,15.504,57.875,-9.638,A,TYR142,O,13.478,60.588,-8.337
Thermal Noise,RED,3.265,3.502,False,A,TYR141,O,15.504,57.875,-9.638,A,ASN143,N,15.148,61.358,-9.585
Thermal Noise,RED,3.217,3.892,False,A,TYR141,O,15.504,57.875,-9.638,A,ASN143,O,13.712,60.474,-11.914
Bound Backbone,BLUE,6.316,2.869,False,A,TYR141,O,15.504,57.875,-9.638,A,HOH552,O,13.952,56.478,-11.606
Phase Boundary,YELLOW,4.61,3.591,False,A,TYR141,O,15.504,57.875,-9.638,A,HOH583,O,16.275,59.444,-12.775
Thermal Noise,RED,3.137,3.88,False,A,TYR141,OH,21.75,54.899,-14.269,B,GLY460,O,18.479,54.6,-16.335
Bound Backbone,BLUE,8.098,2.813,False,A,TYR141,OH,21.75,54.899,-14.269,B,ASP462,N,22.104,55.462,-17.002
Thermal Noise,RED,3.56,3.566,False,A,TYR141,OH,21.75,54.899,-14.269,B,ASP462,O,24.731,55.997,-15.889
Bound Backbone,BLUE,5.715,2.844,False,A,TYR141,OH,21.75,54.899,-14.269,B,HOH514,O,23.75,53.444,-12.865
Bound Backbone,BLUE,5.412,2.849,False,A,TYR142,N,16.756,59.288,-8.468,A,ASN143,N,15.148,61.358,-9.585
Phase Boundary,YELLOW,4.469,3.054,False,A,TYR142,N,16.756,59.288,-8.468,A,HOH608,O,19.316,60.759,-7.687
Phase Boundary,YELLOW,4.72,3.314,False,A,TYR142,N,16.756,59.288,-8.468,A,HOH696,O,17.93,61.411,-10.726
Bound Backbone,BLUE,9.728,2.222,False,A,TYR142,O,13.478,60.588,-8.337,A,ASN143,N,15.148,61.358,-9.585
Phase Boundary,YELLOW,5.081,3.586,False,A,TYR142,O,13.478,60.588,-8.337,A,ASN143,O,13.712,60.474,-11.914
Bound Backbone,BLUE,6.037,3.081,False,A,TYR142,O,13.478,60.588,-8.337,A,GLY144,N,12.011,61.534,-10.876
Phase Boundary,YELLOW,4.771,2.997,False,A,TYR142,O,13.478,60.588,-8.337,A,THR145,N,10.828,59.609,-9.338
Bound Backbone,BLUE,6.548,2.752,False,A,TYR142,O,13.478,60.588,-8.337,A,THR145,OG1,11.709,59.324,-6.65
Thermal Noise,RED,3.299,3.798,False,A,TYR142,O,13.478,60.588,-8.337,A,HOH590,O,10.589,61.927,-6.267
Thermal Noise,RED,4.012,3.992,False,A,TYR142,OH,19.422,58.218,-2.623,A,HOH487,O,20.362,58.497,1.247
Bound Backbone,BLUE,6.029,2.806,False,A,TYR142,OH,19.422,58.218,-2.623,A,HOH684,O,21.185,59.787,-1.105
Thermal Noise,RED,3.787,3.397,False,A,ASN143,N,15.148,61.358,-9.585,A,GLY144,N,12.011,61.534,-10.876
Thermal Noise,RED,3.784,3.887,False,A,ASN143,N,15.148,61.358,-9.585,A,HOH583,O,16.275,59.444,-12.775
Phase Boundary,YELLOW,4.83,3.007,False,A,ASN143,N,15.148,61.358,-9.585,A,HOH696,O,17.93,61.411,-10.726
Bound Backbone,BLUE,8.913,2.257,False,A,ASN143,O,13.712,60.474,-11.914,A,GLY144,N,12.011,61.534,-10.876
Thermal Noise,RED,3.234,3.963,False,A,ASN143,O,13.712,60.474,-11.914,A,THR145,N,10.828,59.609,-9.338
Phase Boundary,YELLOW,5.05,2.893,False,A,ASN143,O,13.712,60.474,-11.914,A,HOH583,O,16.275,59.444,-12.775
Thermal Noise,RED,2.97,3.681,False,A,ASN143,ND2,13.418,64.918,-11.219,A,GLY144,N,12.011,61.534,-10.876
Thermal Noise,RED,3.067,3.986,False,A,ASN143,OD1,13.944,64.126,-13.207,A,GLY144,N,12.011,61.534,-10.876
Bound Backbone,BLUE,6.436,2.733,False,A,GLY144,N,12.011,61.534,-10.876,A,THR145,N,10.828,59.609,-9.338
Bound Backbone,BLUE,5.36,3.012,False,A,GLY144,N,12.011,61.534,-10.876,A,HOH586,O,9.986,62.916,-9.127
Bound Backbone,BLUE,10.708,2.212,False,A,GLY144,O,9.286,59.238,-10.88,A,THR145,N,10.828,59.609,-9.338
Thermal Noise,RED,3.927,3.99,False,A,GLY144,O,9.286,59.238,-10.88,A,THR145,O,8.208,58.408,-7.129
Bound Backbone,BLUE,6.352,3.076,False,A,GLY144,O,9.286,59.238,-10.88,A,ARG146,N,8.428,60.362,-8.148
Phase Boundary,YELLOW,4.429,3.091,False,A,GLY144,O,9.286,59.238,-10.88,A,GLU147,N,6.499,60.2,-9.952
Thermal Noise,RED,2.535,3.985,False,A,GLY144,O,9.286,59.238,-10.88,A,GLU147,O,5.652,57.65,-10.485
Bound Backbone,BLUE,5.77,2.783,False,A,THR145,N,10.828,59.609,-9.338,A,ARG146,N,8.428,60.362,-8.148
Thermal Noise,RED,3.432,3.419,False,A,THR145,N,10.828,59.609,-9.338,A,HOH586,O,9.986,62.916,-9.127
Thermal Noise,RED,3.78,3.855,False,A,THR145,N,10.828,59.609,-9.338,A,HOH590,O,10.589,61.927,-6.267
Bound Backbone,BLUE,9.259,2.215,False,A,THR145,O,8.208,58.408,-7.129,A,ARG146,N,8.428,60.362,-8.148
Thermal Noise,RED,3.859,3.755,False,A,THR145,O,8.208,58.408,-7.129,A,GLU147,N,6.499,60.2,-9.952
Phase Boundary,YELLOW,4.074,3.369,False,A,THR145,O,8.208,58.408,-7.129,A,HOH553,O,8.175,55.48,-5.462
Phase Boundary,YELLOW,4.46,3.004,False,A,THR145,O,8.208,58.408,-7.129,A,HOH702,O,5.712,56.761,-6.839
Thermal Noise,RED,3.129,3.753,False,A,THR145,OG1,11.709,59.324,-6.65,A,ARG146,N,8.428,60.362,-8.148
Thermal Noise,RED,2.951,3.955,False,A,THR145,OG1,11.709,59.324,-6.65,A,THR436,O,12.682,62.629,-4.707
Bound Backbone,BLUE,5.805,3.352,False,A,THR145,OG1,11.709,59.324,-6.65,A,HIS438,N,11.367,59.28,-3.316
Phase Boundary,YELLOW,4.95,2.859,False,A,THR145,OG1,11.709,59.324,-6.65,A,HOH590,O,10.589,61.927,-6.267
Bound Backbone,BLUE,7.406,2.646,False,A,ARG146,N,8.428,60.362,-8.148,A,GLU147,N,6.499,60.2,-9.952
Phase Boundary,YELLOW,4.288,3.148,False,A,ARG146,N,8.428,60.362,-8.148,A,HOH586,O,9.986,62.916,-9.127
Phase Boundary,YELLOW,4.549,3.265,False,A,ARG146,N,8.428,60.362,-8.148,A,HOH590,O,10.589,61.927,-6.267
Bound Backbone,BLUE,9.756,2.231,False,A,ARG146,O,4.986,61.211,-8.662,A,GLU147,N,6.499,60.2,-9.952
Thermal Noise,RED,3.208,3.981,False,A,ARG146,O,4.986,61.211,-8.662,A,ASP148,N,3.706,58.476,-11.256
Bound Backbone,BLUE,7.024,3.001,False,A,ARG146,NE,5.604,64.112,-4.275,A,ASP431,OD1,6.45,63.838,-1.409
Phase Boundary,YELLOW,4.234,3.87,False,A,ARG146,NE,5.604,64.112,-4.275,A,ASP431,OD2,4.503,64.071,-0.565
Thermal Noise,RED,2.873,3.873,False,A,ARG146,NE,5.604,64.112,-4.275,A,HIS438,ND1,7.123,60.814,-2.927
Thermal Noise,RED,3.788,3.529,False,A,ARG146,NH2,3.537,64.522,-3.28,A,ASP431,OD1,6.45,63.838,-1.409
Bound Backbone,BLUE,7.298,2.917,False,A,ARG146,NH2,3.537,64.522,-3.28,A,ASP431,OD2,4.503,64.071,-0.565
Thermal Noise,RED,3.487,3.532,False,A,GLU147,N,6.499,60.2,-9.952,A,ASP148,N,3.706,58.476,-11.256
Bound Backbone,BLUE,8.494,2.25,False,A,GLU147,O,5.652,57.65,-10.485,A,ASP148,N,3.706,58.476,-11.256
Thermal Noise,RED,3.299,3.64,False,A,GLU147,O,5.652,57.65,-10.485,A,ASP148,O,3.529,55.038,-11.871
Thermal Noise,RED,3.598,3.912,False,A,GLU147,O,5.652,57.65,-10.485,A,ARG149,N,3.407,56.543,-13.491
Phase Boundary,YELLOW,4.547,3.753,False,A,GLU147,O,5.652,57.65,-10.485,A,HOH702,O,5.712,56.761,-6.839
Thermal Noise,RED,3.236,3.526,False,A,GLU147,OE1,7.171,59.73,-15.359,A,ARG149,O,4.988,56.98,-15.681
Thermal Noise,RED,2.994,3.703,False,A,GLU147,OE2,5.561,61.174,-15.595,A,HOH700,O,2.543,59.161,-14.854
Bound Backbone,BLUE,6.172,2.97,False,A,ASP148,N,3.706,58.476,-11.256,A,ARG149,N,3.407,56.543,-13.491
Phase Boundary,YELLOW,4.222,3.843,False,A,ASP148,N,3.706,58.476,-11.256,A,HOH700,O,2.543,59.161,-14.854
Phase Boundary,YELLOW,4.532,3.049,False,A,ASP148,N,3.706,58.476,-11.256,A,HOH710,O,2.429,61.102,-12.132
Bound Backbone,BLUE,10.939,2.215,False,A,ASP148,O,3.529,55.038,-11.871,A,ARG149,N,3.407,56.543,-13.491
Thermal Noise,RED,2.95,3.948,False,A,ASP148,O,3.529,55.038,-11.871,A,ARG153,NE,6.169,52.809,-9.961
Bound Backbone,BLUE,7.144,2.91,False,A,ASP148,O,3.529,55.038,-11.871,A,ARG153,NH1,4.267,53.98,-9.263
Ligand Boundary Hotspot,ORANGE,4.683,3.241,True,A,ASP148,O,3.529,55.038,-11.871,A,ZMR466,NH2,1.216,53.867,-9.926
Ligand Boundary Hotspot,ORANGE,4.45,3.001,True,A,ASP148,OD1,1.251,57.81,-8.843,A,ZMR466,NE,-0.189,55.181,-8.695
Bound Backbone,BLUE,5.464,2.86,False,A,ASP148,OD1,1.251,57.81,-8.843,A,HOH709,O,2.931,55.846,-7.619
Thermal Noise,RED,3.958,3.943,False,A,ASP148,OD2,0.124,59.083,-10.174,A,ARG149,NH1,-0.919,57.934,-13.799
Ligand Fluctuation Noise,RED,3.001,3.893,True,A,ASP148,OD2,0.124,59.083,-10.174,A,ZMR466,O10,-1.38,55.977,-11.975
Thermal Noise,RED,3.585,3.636,False,A,ASP148,OD2,0.124,59.083,-10.174,A,HOH710,O,2.429,61.102,-12.132
Thermal Noise,RED,3.995,3.575,False,A,ARG149,N,3.407,56.543,-13.491,A,ASN150,N,5.469,54.814,-15.845
Phase Boundary,YELLOW,4.76,3.075,False,A,ARG149,N,3.407,56.543,-13.491,A,HOH700,O,2.543,59.161,-14.854
Bound Backbone,BLUE,8.113,2.225,False,A,ARG149,O,4.988,56.98,-15.681,A,ASN150,N,5.469,54.814,-15.845
Thermal Noise,RED,2.948,3.981,False,A,ARG149,O,4.988,56.98,-15.681,A,HOH635,O,2.104,58.814,-17.722
Bound Backbone,BLUE,5.47,3.384,False,A,ARG149,O,4.988,56.98,-15.681,A,HOH698,O,3.883,56.726,-18.869
Thermal Noise,RED,3.638,3.379,False,A,ARG149,O,4.988,56.98,-15.681,A,HOH700,O,2.543,59.161,-14.854
Bound Backbone,BLUE,7.667,2.921,False,A,ARG149,NE,-0.529,56.733,-15.797,A,ASP196,OD1,-0.496,56.598,-18.715
Phase Boundary,YELLOW,4.227,3.708,False,A,ARG149,NE,-0.529,56.733,-15.797,A,ASP196,OD2,-0.93,58.688,-18.922
Ligand Fluctuation Noise,RED,3.987,3.988,True,A,ARG149,NE,-0.529,56.733,-15.797,A,ZMR466,O10,-1.38,55.977,-11.975
Thermal Noise,RED,3.095,3.869,False,A,ARG149,NE,-0.529,56.733,-15.797,A,HOH635,O,2.104,58.814,-17.722
Ligand Bound Core,BLUE,6.991,2.715,True,A,ARG149,NH1,-0.919,57.934,-13.799,A,ZMR466,O10,-1.38,55.977,-11.975
Thermal Noise,RED,2.873,3.822,False,A,ARG149,NH1,-0.919,57.934,-13.799,A,HOH700,O,2.543,59.161,-14.854
Thermal Noise,RED,3.895,3.745,False,A,ARG149,NH2,-0.884,59.012,-15.878,A,ASP196,OD1,-0.496,56.598,-18.715
Bound Backbone,BLUE,6.956,3.062,False,A,ARG149,NH2,-0.884,59.012,-15.878,A,ASP196,OD2,-0.93,58.688,-18.922
Thermal Noise,RED,3.802,3.517,False,A,ARG149,NH2,-0.884,59.012,-15.878,A,HOH635,O,2.104,58.814,-17.722
Thermal Noise,RED,3.286,3.58,False,A,ARG149,NH2,-0.884,59.012,-15.878,A,HOH700,O,2.543,59.161,-14.854
Thermal Noise,RED,3.775,3.62,False,A,ASN150,N,5.469,54.814,-15.845,A,LYS151,N,8.028,53.512,-18.049
Thermal Noise,RED,3.606,3.914,False,A,ASN150,N,5.469,54.814,-15.845,A,HOH698,O,3.883,56.726,-18.869
Bound Backbone,BLUE,9.897,2.234,False,A,ASN150,O,6.513,52.586,-16.693,A,LYS151,N,8.028,53.512,-18.049
Thermal Noise,RED,3.589,3.34,False,A,ASN150,O,6.513,52.586,-16.693,A,LEU152,N,9.779,51.892,-16.603
Thermal Noise,RED,3.465,3.873,False,A,ASN150,O,6.513,52.586,-16.693,A,ARG153,N,8.827,50.972,-14.04
Phase Boundary,YELLOW,5.021,2.853,False,A,ASN150,O,6.513,52.586,-16.693,A,HOH551,O,5.99,49.83,-16.174
Phase Boundary,YELLOW,5.098,2.928,False,A,ASN150,ND2,8.628,55.672,-13.706,A,HOH607,O,11.094,54.554,-12.591
Thermal Noise,RED,2.968,3.672,False,A,ASN150,ND2,8.628,55.672,-13.706,A,HOH718,O,12.091,56.894,-13.684
Bound Backbone,BLUE,5.863,3.306,False,A,ASN150,OD1,8.748,53.799,-14.835,A,LYS151,N,8.028,53.512,-18.049
Bound Backbone,BLUE,6.414,2.797,False,A,ASN150,OD1,8.748,53.799,-14.835,A,LEU152,N,9.779,51.892,-16.603
Phase Boundary,YELLOW,4.853,2.938,False,A,ASN150,OD1,8.748,53.799,-14.835,A,ARG153,N,8.827,50.972,-14.04
Phase Boundary,YELLOW,4.642,3.333,False,A,ASN150,OD1,8.748,53.799,-14.835,A,HOH607,O,11.094,54.554,-12.591
Bound Backbone,BLUE,6.023,2.79,False,A,LYS151,N,8.028,53.512,-18.049,A,LEU152,N,9.779,51.892,-16.603
Phase Boundary,YELLOW,4.544,3.046,False,A,LYS151,N,8.028,53.512,-18.049,A,HOH628,O,9.676,55.917,-18.93
Bound Backbone,BLUE,10.302,2.242,False,A,LYS151,O,9.576,50.259,-18.125,A,LEU152,N,9.779,51.892,-16.603
Bound Backbone,BLUE,6.122,3.038,False,A,LYS151,O,9.576,50.259,-18.125,B,LYS93,NZ,8.895,48.589,-20.57
Bound Backbone,BLUE,6.004,2.866,False,A,LYS151,O,9.576,50.259,-18.125,B,HOH531,O,11.758,49.587,-19.858
Thermal Noise,RED,3.984,3.206,False,A,LYS151,O,9.576,50.259,-18.125,B,HOH548,O,6.752,48.871,-18.739
Bound Backbone,BLUE,5.546,2.928,False,A,LYS151,NZ,8.155,54.665,-24.463,B,ASP456,OD1,8.161,52.208,-26.056
Thermal Noise,RED,3.63,3.501,False,A,LYS151,NZ,8.155,54.665,-24.463,B,ASP456,OD2,10.298,52.318,-25.932
Phase Boundary,YELLOW,4.142,3.283,False,A,LYS151,NZ,8.155,54.665,-24.463,B,HOH608,O,11.048,55.339,-25.86
Bound Backbone,BLUE,7.225,2.885,False,A,LEU152,N,9.779,51.892,-16.603,A,ARG153,N,8.827,50.972,-14.04
Bound Backbone,BLUE,7.952,2.244,False,A,LEU152,O,10.496,49.473,-14.076,A,ARG153,N,8.827,50.972,-14.04
Thermal Noise,RED,4.063,3.139,False,A,LEU152,O,10.496,49.473,-14.076,A,ARG153,O,7.535,48.433,-14.132
Thermal Noise,RED,3.885,3.559,False,A,LEU152,O,10.496,49.473,-14.076,A,HIS154,N,7.953,48.198,-11.937
Bound Backbone,BLUE,5.563,2.69,False,A,LEU152,O,10.496,49.473,-14.076,A,HIS154,ND1,9.876,46.868,-14.331
Thermal Noise,RED,3.786,3.589,False,A,ARG153,N,8.827,50.972,-14.04,A,HIS154,N,7.953,48.198,-11.937
Thermal Noise,RED,3.477,3.729,False,A,ARG153,N,8.827,50.972,-14.04,A,HOH551,O,5.99,49.83,-16.174
Bound Backbone,BLUE,12.743,2.247,False,A,ARG153,O,7.535,48.433,-14.132,A,HIS154,N,7.953,48.198,-11.937
Phase Boundary,YELLOW,5.038,2.823,False,A,ARG153,O,7.535,48.433,-14.132,A,HIS154,ND1,9.876,46.868,-14.331
Phase Boundary,YELLOW,4.66,2.955,False,A,ARG153,O,7.535,48.433,-14.132,A,ALA175,N,5.137,46.775,-14.617
Phase Boundary,YELLOW,4.402,3.251,False,A,ARG153,O,7.535,48.433,-14.132,A,ALA175,O,4.742,48.687,-12.487
Bound Backbone,BLUE,6.171,2.917,False,A,ARG153,O,7.535,48.433,-14.132,A,HOH551,O,5.99,49.83,-16.174
Ligand Boundary Hotspot,ORANGE,4.218,3.124,True,A,ARG153,NH1,4.267,53.98,-9.263,A,ZMR466,NH2,1.216,53.867,-9.926
Thermal Noise,RED,3.157,3.962,False,A,ARG153,NH1,4.267,53.98,-9.263,A,HOH702,O,5.712,56.761,-6.839
Bound Backbone,BLUE,6.105,2.823,False,A,ARG153,NH1,4.267,53.98,-9.263,A,HOH709,O,2.931,55.846,-7.619
Thermal Noise,RED,2.503,3.999,False,A,ARG153,NH2,5.564,52.837,-7.707,A,HOH709,O,2.931,55.846,-7.619
Thermal Noise,RED,3.339,3.596,False,A,HIS154,N,7.953,48.198,-11.937,A,LEU155,N,6.409,45.207,-10.673
Thermal Noise,RED,3.753,3.294,False,A,HIS154,N,7.953,48.198,-11.937,A,ALA175,O,4.742,48.687,-12.487
Bound Backbone,BLUE,9.033,2.262,False,A,HIS154,O,7.431,46.889,-9.559,A,LEU155,N,6.409,45.207,-10.673
Thermal Noise,RED,3.733,3.563,False,A,HIS154,O,7.431,46.889,-9.559,A,ILE156,N,7.303,43.888,-7.643
Thermal Noise,RED,2.642,3.899,False,A,HIS154,NE2,10.475,45.125,-15.357,A,ALA174,N,6.791,43.883,-15.651
Phase Boundary,YELLOW,4.913,3.246,False,A,HIS154,NE2,10.475,45.125,-15.357,B,LEU96,N,11.949,43.254,-17.563
Thermal Noise,RED,3.521,3.374,False,A,HIS154,NE2,10.475,45.125,-15.357,B,LEU96,O,13.573,43.799,-15.514
Phase Boundary,YELLOW,5.117,3.423,False,A,LEU155,N,6.409,45.207,-10.673,A,ILE156,N,7.303,43.888,-7.643
Bound Backbone,BLUE,6.462,3.049,False,A,LEU155,N,6.409,45.207,-10.673,A,MET173,O,6.822,43.861,-13.377
Bound Backbone,BLUE,11.791,2.258,False,A,LEU155,O,7.531,42.878,-9.65,A,ILE156,N,7.303,43.888,-7.643
Bound Backbone,BLUE,5.333,2.875,False,A,LEU155,O,7.531,42.878,-9.65,A,HIS172,N,8.757,40.545,-10.8
Phase Boundary,YELLOW,4.114,3.847,False,A,LEU155,O,7.531,42.878,-9.65,A,MET173,N,7.121,41.295,-13.132
Phase Boundary,YELLOW,4.105,3.919,False,A,LEU155,O,7.531,42.878,-9.65,A,MET173,O,6.822,43.861,-13.377
Thermal Noise,RED,3.931,3.661,False,A,ILE156,N,7.303,43.888,-7.643,A,SER157,N,8.433,41.553,-5.059
Bound Backbone,BLUE,8.053,2.24,False,A,ILE156,O,6.577,42.777,-5.329,A,SER157,N,8.433,41.553,-5.059
Phase Boundary,YELLOW,4.837,3.566,False,A,SER157,N,8.433,41.553,-5.059,A,VAL158,N,9.082,40.299,-1.785
Bound Backbone,BLUE,5.524,3.146,False,A,SER157,N,8.433,41.553,-5.059,A,ILE170,O,10.365,40.864,-7.444
Bound Backbone,BLUE,11.413,2.272,False,A,SER157,O,10.205,40.037,-3.743,A,VAL158,N,9.082,40.299,-1.785
Bound Backbone,BLUE,6.441,2.867,False,A,SER157,O,10.205,40.037,-3.743,A,ILE170,N,12.213,39.927,-5.787
Phase Boundary,YELLOW,4.459,3.796,False,A,SER157,O,10.205,40.037,-3.743,A,ILE170,O,10.365,40.864,-7.444
Thermal Noise,RED,3.098,3.645,False,A,SER157,O,10.205,40.037,-3.743,A,HOH578,O,8.932,36.71,-2.97
Thermal Noise,RED,3.465,3.473,False,A,SER157,O,10.205,40.037,-3.743,A,HOH680,O,11.952,37.179,-2.825
Phase Boundary,YELLOW,4.183,3.592,False,A,SER157,OG,7.313,38.655,-4.444,A,VAL158,N,9.082,40.299,-1.785
Bound Backbone,BLUE,8.549,2.743,False,A,SER157,OG,7.313,38.655,-4.444,A,HIS172,NE2,6.776,38.423,-7.124
Bound Backbone,BLUE,5.418,2.929,False,A,SER157,OG,7.313,38.655,-4.444,A,HOH578,O,8.932,36.71,-2.97
Phase Boundary,YELLOW,4.173,3.542,False,A,VAL158,N,9.082,40.299,-1.785,A,LYS159,N,9.49,37.789,0.681
Thermal Noise,RED,2.972,3.783,False,A,VAL158,N,9.082,40.299,-1.785,A,HOH578,O,8.932,36.71,-2.97
Bound Backbone,BLUE,8.451,2.241,False,A,VAL158,O,7.774,39.054,-0.01,A,LYS159,N,9.49,37.789,0.681
Phase Boundary,YELLOW,4.699,3.573,False,A,VAL158,O,7.774,39.054,-0.01,A,LYS159,O,9.42,38.848,3.155
Phase Boundary,YELLOW,5.041,3.547,False,A,VAL158,O,7.774,39.054,-0.01,A,LEU160,N,7.296,38.166,3.391
Thermal Noise,RED,3.483,3.949,False,A,VAL158,O,7.774,39.054,-0.01,A,HOH578,O,8.932,36.71,-2.97
Phase Boundary,YELLOW,4.49,3.507,False,A,LYS159,N,9.49,37.789,0.681,A,LEU160,N,7.296,38.166,3.391
Phase Boundary,YELLOW,4.252,3.848,False,A,LYS159,N,9.49,37.789,0.681,A,HOH578,O,8.932,36.71,-2.97
Phase Boundary,YELLOW,4.417,3.054,False,A,LYS159,N,9.49,37.789,0.681,A,HOH604,O,12.22,36.588,0.023
Bound Backbone,BLUE,8.009,2.243,False,A,LYS159,O,9.42,38.848,3.155,A,LEU160,N,7.296,38.166,3.391
Phase Boundary,YELLOW,5.048,3.427,False,A,LYS159,O,9.42,38.848,3.155,A,LEU160,O,8.101,37.79,6.136
Bound Backbone,BLUE,5.708,3.257,False,A,LYS159,O,9.42,38.848,3.155,A,GLY161,N,8.548,39.989,6.078
Bound Backbone,BLUE,5.74,3.037,False,A,LYS159,O,9.42,38.848,3.155,A,LYS162,N,11.169,40.068,5.317
Thermal Noise,RED,3.124,3.648,False,A,LYS159,O,9.42,38.848,3.155,A,HOH475,O,8.545,42.273,4.055
Thermal Noise,RED,2.773,3.81,False,A,LYS159,NZ,9.421,32.118,5.464,A,HOH653,O,13.093,33.069,5.111
Phase Boundary,YELLOW,4.558,3.48,False,A,LEU160,N,7.296,38.166,3.391,A,GLY161,N,8.548,39.989,6.078
Thermal Noise,RED,3.498,3.647,False,A,LEU160,N,7.296,38.166,3.391,A,HOH536,O,5.852,35.37,5.234
Bound Backbone,BLUE,7.946,2.245,False,A,LEU160,O,8.101,37.79,6.136,A,GLY161,N,8.548,39.989,6.078
Thermal Noise,RED,2.694,3.908,False,A,LEU160,O,8.101,37.79,6.136,A,LYS162,N,11.169,40.068,5.317
Phase Boundary,YELLOW,5.085,3.569,False,A,LEU160,O,8.101,37.79,6.136,A,HOH514,O,7.79,37.272,9.653
Thermal Noise,RED,3.563,3.425,False,A,LEU160,O,8.101,37.79,6.136,A,HOH536,O,5.852,35.37,5.234
Bound Backbone,BLUE,5.634,2.73,False,A,GLY161,N,8.548,39.989,6.078,A,LYS162,N,11.169,40.068,5.317
Bound Backbone,BLUE,5.502,3.051,False,A,GLY161,N,8.548,39.989,6.078,A,HOH475,O,8.545,42.273,4.055
Bound Backbone,BLUE,12.434,2.243,False,A,GLY161,O,11.83,40.449,7.426,A,LYS162,N,11.169,40.068,5.317
Thermal Noise,RED,3.734,3.985,False,A,GLY161,O,11.83,40.449,7.426,A,LYS162,O,11.347,42.355,3.96
Thermal Noise,RED,3.298,3.586,False,A,LYS162,N,11.169,40.068,5.317,A,ILE163,N,13.565,42.499,4.216
Thermal Noise,RED,3.228,3.652,False,A,LYS162,N,11.169,40.068,5.317,A,HOH475,O,8.545,42.273,4.055
Bound Backbone,BLUE,8.061,2.237,False,A,LYS162,O,11.347,42.355,3.96,A,ILE163,N,13.565,42.499,4.216
Thermal Noise,RED,3.142,3.918,False,A,LYS162,O,11.347,42.355,3.96,A,ILE163,O,14.475,43.139,1.735
Thermal Noise,RED,4.068,3.57,False,A,LYS162,O,11.347,42.355,3.96,A,PRO164,N,12.766,44.549,1.527
Phase Boundary,YELLOW,5.091,2.805,False,A,LYS162,O,11.347,42.355,3.96,A,HOH475,O,8.545,42.273,4.055
Phase Boundary,YELLOW,4.579,3.474,False,A,ILE163,N,13.565,42.499,4.216,A,PRO164,N,12.766,44.549,1.527
Bound Backbone,BLUE,8.127,2.225,False,A,ILE163,O,14.475,43.139,1.735,A,PRO164,N,12.766,44.549,1.527
Bound Backbone,BLUE,6.772,2.895,False,A,ILE163,O,14.475,43.139,1.735,A,THR165,N,15.065,44.729,-0.611
Thermal Noise,RED,3.532,3.67,False,A,ILE163,O,14.475,43.139,1.735,A,THR165,OG1,17.532,43.497,-0.264
Phase Boundary,YELLOW,4.255,3.067,False,A,ILE163,O,14.475,43.139,1.735,A,ASN168,OD1,16.745,41.077,1.803
Phase Boundary,YELLOW,5.237,3.145,False,A,PRO164,N,12.766,44.549,1.527,A,THR165,N,15.065,44.729,-0.611
Bound Backbone,BLUE,7.985,2.246,False,A,PRO164,O,13.76,46.543,-0.836,A,THR165,N,15.065,44.729,-0.611
Thermal Noise,RED,3.256,3.869,False,A,PRO164,O,13.76,46.543,-0.836,A,THR165,O,15.64,44.031,-3.099
Phase Boundary,YELLOW,4.699,2.938,False,A,PRO164,O,13.76,46.543,-0.836,A,HOH504,O,11.751,48.643,-0.403
Thermal Noise,RED,4.067,3.648,False,A,THR165,N,15.065,44.729,-0.611,A,VAL166,N,17.406,45.41,-3.324
Phase Boundary,YELLOW,4.22,3.553,False,A,THR165,N,15.065,44.729,-0.611,A,SER169,OG,13.016,43.365,-3.173
Bound Backbone,BLUE,7.942,2.252,False,A,THR165,O,15.64,44.031,-3.099,A,VAL166,N,17.406,45.41,-3.324
Bound Backbone,BLUE,5.301,3.243,False,A,THR165,O,15.64,44.031,-3.099,A,VAL166,O,17.285,42.886,-5.649
Thermal Noise,RED,3.812,3.295,False,A,THR165,O,15.64,44.031,-3.099,A,GLU167,N,18.65,42.929,-3.862
Thermal Noise,RED,3.475,3.461,False,A,THR165,O,15.64,44.031,-3.099,A,ASN168,N,17.214,41.074,-2.229
Phase Boundary,YELLOW,4.111,3.121,False,A,THR165,O,15.64,44.031,-3.099,A,SER169,N,14.533,41.115,-3.222
Bound Backbone,BLUE,5.459,2.708,False,A,THR165,O,15.64,44.031,-3.099,A,SER169,OG,13.016,43.365,-3.173
Phase Boundary,YELLOW,4.472,3.611,False,A,THR165,OG1,17.532,43.497,-0.264,A,VAL166,N,17.406,45.41,-3.324
Phase Boundary,YELLOW,4.321,3.81,False,A,THR165,OG1,17.532,43.497,-0.264,A,GLU167,N,18.65,42.929,-3.862
Phase Boundary,YELLOW,5.087,3.136,False,A,THR165,OG1,17.532,43.497,-0.264,A,ASN168,N,17.214,41.074,-2.229
Phase Boundary,YELLOW,4.665,3.278,False,A,THR165,OG1,17.532,43.497,-0.264,A,ASN168,OD1,16.745,41.077,1.803
Phase Boundary,YELLOW,5.123,2.827,False,A,VAL166,N,17.406,45.41,-3.324,A,GLU167,N,18.65,42.929,-3.862
Bound Backbone,BLUE,11.09,2.249,False,A,VAL166,O,17.285,42.886,-5.649,A,GLU167,N,18.65,42.929,-3.862
Thermal Noise,RED,2.95,3.961,False,A,VAL166,O,17.285,42.886,-5.649,A,GLU167,O,17.799,39.485,-3.685
Thermal Noise,RED,3.997,3.871,False,A,VAL166,O,17.285,42.886,-5.649,A,ASN168,N,17.214,41.074,-2.229
Bound Backbone,BLUE,5.579,2.859,False,A,VAL166,O,17.285,42.886,-5.649,B,HOH511,O,17.052,40.37,-6.986
Bound Backbone,BLUE,5.916,2.858,False,A,GLU167,N,18.65,42.929,-3.862,A,ASN168,N,17.214,41.074,-2.229
Bound Backbone,BLUE,10.196,2.233,False,A,GLU167,O,17.799,39.485,-3.685,A,ASN168,N,17.214,41.074,-2.229
Thermal Noise,RED,2.971,3.797,False,A,GLU167,O,17.799,39.485,-3.685,A,ASN168,O,14.246,39.039,-2.423
Thermal Noise,RED,2.986,3.679,False,A,GLU167,O,17.799,39.485,-3.685,A,SER169,N,14.533,41.115,-3.222
Thermal Noise,RED,3.023,3.951,False,A,GLU167,O,17.799,39.485,-3.685,A,SER169,O,14.481,39.945,-5.78
Bound Backbone,BLUE,5.536,2.787,False,A,GLU167,O,17.799,39.485,-3.685,B,LYS162,NZ,16.044,37.541,-4.638
Thermal Noise,RED,3.09,3.663,False,A,GLU167,O,17.799,39.485,-3.685,B,ASN168,ND2,20.648,37.354,-4.558
Phase Boundary,YELLOW,4.346,3.507,False,A,GLU167,O,17.799,39.485,-3.685,B,ASN168,OD1,20.064,38.655,-6.23
Phase Boundary,YELLOW,5.128,2.915,False,A,GLU167,O,17.799,39.485,-3.685,A,HOH625,O,18.414,36.852,-2.596
Phase Boundary,YELLOW,5.123,3.498,False,A,GLU167,O,17.799,39.485,-3.685,B,HOH511,O,17.052,40.37,-6.986
Phase Boundary,YELLOW,4.545,3.035,False,A,GLU167,OE1,22.799,41.472,-1.746,B,GLU167,OE1,25.374,40.089,-0.928
Thermal Noise,RED,3.84,3.996,False,A,GLU167,OE2,23.636,40.932,-3.64,B,THR165,OG1,24.091,42.484,-7.294
Phase Boundary,YELLOW,5.134,3.33,False,A,GLU167,OE2,23.636,40.932,-3.64,B,GLU167,OE1,25.374,40.089,-0.928
Bound Backbone,BLUE,5.5,2.781,False,A,GLU167,OE2,23.636,40.932,-3.64,A,HOH549,O,26.261,41.212,-4.515
Phase Boundary,YELLOW,4.169,3.196,False,A,GLU167,OE2,23.636,40.932,-3.64,B,HOH480,O,24.25,43.9,-4.654
Bound Backbone,BLUE,5.271,2.859,False,A,ASN168,N,17.214,41.074,-2.229,A,SER169,N,14.533,41.115,-3.222
Bound Backbone,BLUE,8.598,2.243,False,A,ASN168,O,14.246,39.039,-2.423,A,SER169,N,14.533,41.115,-3.222
Phase Boundary,YELLOW,5.241,3.485,False,A,ASN168,O,14.246,39.039,-2.423,A,SER169,O,14.481,39.945,-5.78
Phase Boundary,YELLOW,5.013,3.222,False,A,ASN168,O,14.246,39.039,-2.423,B,LYS162,NZ,16.044,37.541,-4.638
Phase Boundary,YELLOW,4.557,2.981,False,A,ASN168,O,14.246,39.039,-2.423,A,HOH680,O,11.952,37.179,-2.825
Thermal Noise,RED,3.93,3.657,False,A,SER169,N,14.533,41.115,-3.222,A,ILE170,N,12.213,39.927,-5.787
Bound Backbone,BLUE,7.78,2.268,False,A,SER169,O,14.481,39.945,-5.78,A,ILE170,N,12.213,39.927,-5.787
Phase Boundary,YELLOW,4.567,3.086,False,A,SER169,O,14.481,39.945,-5.78,B,LYS162,NZ,16.044,37.541,-4.638
Bound Backbone,BLUE,5.399,2.871,False,A,SER169,O,14.481,39.945,-5.78,B,HOH511,O,17.052,40.37,-6.986
Bound Backbone,BLUE,5.365,3.464,False,A,ILE170,N,12.213,39.927,-5.787,A,PHE171,N,11.704,40.444,-9.174
Bound Backbone,BLUE,11.16,2.228,False,A,ILE170,O,10.365,40.864,-7.444,A,PHE171,N,11.704,40.444,-9.174
Phase Boundary,YELLOW,4.343,3.735,False,A,ILE170,O,10.365,40.864,-7.444,A,HIS172,N,8.757,40.545,-10.8
Thermal Noise,RED,4.053,3.367,False,A,PHE171,N,11.704,40.444,-9.174,A,HIS172,N,8.757,40.545,-10.8
Bound Backbone,BLUE,5.273,2.849,False,A,PHE171,N,11.704,40.444,-9.174,B,GLY161,O,14.159,39.346,-10.114
Bound Backbone,BLUE,8.67,2.217,False,A,PHE171,O,10.486,39.351,-11.507,A,HIS172,N,8.757,40.545,-10.8
Thermal Noise,RED,3.258,3.852,False,A,PHE171,O,10.486,39.351,-11.507,A,HIS172,O,7.333,39.135,-13.71
Thermal Noise,RED,2.801,3.928,False,A,PHE171,O,10.486,39.351,-11.507,B,GLY161,O,14.159,39.346,-10.114
Thermal Noise,RED,3.082,3.701,False,A,PHE171,O,10.486,39.351,-11.507,A,HOH517,O,10.081,35.837,-12.597
Bound Backbone,BLUE,6.452,2.946,False,A,HIS172,N,8.757,40.545,-10.8,A,MET173,N,7.121,41.295,-13.132
Bound Backbone,BLUE,8.268,2.246,False,A,HIS172,O,7.333,39.135,-13.71,A,MET173,N,7.121,41.295,-13.132
Phase Boundary,YELLOW,5.178,2.782,False,A,HIS172,O,7.333,39.135,-13.71,A,LYS204,NZ,7.302,36.356,-13.829
Bound Backbone,BLUE,6.617,3.061,False,A,HIS172,O,7.333,39.135,-13.71,A,TYR209,OH,7.575,38.027,-16.553
Bound Backbone,BLUE,6.228,2.855,False,A,HIS172,ND1,6.941,37.668,-9.079,A,HOH509,O,7.122,35.504,-10.932
Thermal Noise,RED,2.856,3.845,False,A,HIS172,NE2,6.776,38.423,-7.124,A,HOH652,O,8.284,35.071,-5.996
Thermal Noise,RED,3.977,3.627,False,A,MET173,N,7.121,41.295,-13.132,A,ALA174,N,6.791,43.883,-15.651
Bound Backbone,BLUE,12.659,2.274,False,A,MET173,O,6.822,43.861,-13.377,A,ALA174,N,6.791,43.883,-15.651
Thermal Noise,RED,3.627,3.761,False,A,MET173,O,6.822,43.861,-13.377,A,ALA174,O,4.303,45.097,-15.882
Thermal Noise,RED,3.346,3.587,False,A,MET173,O,6.822,43.861,-13.377,A,ALA175,N,5.137,46.775,-14.617
Thermal Noise,RED,3.652,3.477,False,A,MET173,SD,2.635,41.228,-14.872,A,GLY191,N,-0.189,42.695,-13.47
Thermal Noise,RED,3.005,3.69,False,A,MET173,SD,2.635,41.228,-14.872,A,LYS202,O,-0.94,40.631,-15.564
Thermal Noise,RED,3.473,3.488,False,A,ALA174,N,6.791,43.883,-15.651,A,ALA175,N,5.137,46.775,-14.617
Bound Backbone,BLUE,6.377,2.888,False,A,ALA174,N,6.791,43.883,-15.651,B,ALA94,O,7.253,41.93,-17.728
Bound Backbone,BLUE,9.389,2.261,False,A,ALA174,O,4.303,45.097,-15.882,A,ALA175,N,5.137,46.775,-14.617
Bound Backbone,BLUE,7.178,2.94,False,A,ALA174,O,4.303,45.097,-15.882,A,LYS202,NZ,3.902,44.097,-18.618
Thermal Noise,RED,3.387,3.532,False,A,ALA175,N,5.137,46.775,-14.617,A,TRP176,N,2.881,49.283,-13.569
Thermal Noise,RED,3.602,3.533,False,A,ALA175,N,5.137,46.775,-14.617,A,HOH551,O,5.99,49.83,-16.174
Bound Backbone,BLUE,9.219,2.234,False,A,ALA175,O,4.742,48.687,-12.487,A,TRP176,N,2.881,49.283,-13.569
Bound Backbone,BLUE,6.728,2.703,False,A,TRP176,N,2.881,49.283,-13.569,A,SER177,N,0.72,49.167,-11.949
Bound Backbone,BLUE,6.816,2.771,False,A,TRP176,N,2.881,49.283,-13.569,A,VAL192,O,1.063,48.472,-15.497
Bound Backbone,BLUE,8.372,2.213,False,A,TRP176,O,0.827,51.334,-11.511,A,SER177,N,0.72,49.167,-11.949
Ligand Boundary Hotspot,ORANGE,4.856,3.236,True,A,TRP176,O,0.827,51.334,-11.511,A,ZMR466,NH1,-0.896,53.081,-9.402
Ligand Boundary Hotspot,ORANGE,5.184,3.013,True,A,TRP176,O,0.827,51.334,-11.511,A,ZMR466,NH2,1.216,53.867,-9.926
Bound Backbone,BLUE,8.962,2.697,False,A,TRP176,O,0.827,51.334,-11.511,A,HOH701,O,0.745,51.06,-8.829
Thermal Noise,RED,3.731,3.927,False,A,TRP176,NE1,1.939,52.09,-17.199,A,GLY194,N,1.645,49.918,-20.458
Phase Boundary,YELLOW,4.979,3.591,False,A,TRP176,NE1,1.939,52.09,-17.199,A,GLY194,O,1.2,52.406,-20.699
Phase Boundary,YELLOW,4.622,3.247,False,A,TRP176,NE1,1.939,52.09,-17.199,A,HOH562,O,1.668,54.71,-19.098
Phase Boundary,YELLOW,4.199,3.452,False,A,SER177,N,0.72,49.167,-11.949,A,GLY178,N,-0.705,46.887,-9.784
Phase Boundary,YELLOW,4.877,3.632,False,A,SER177,N,0.72,49.167,-11.949,A,VAL192,O,1.063,48.472,-15.497
Phase Boundary,YELLOW,4.402,3.649,False,A,SER177,N,0.72,49.167,-11.949,A,HOH701,O,0.745,51.06,-8.829
Bound Backbone,BLUE,12.819,2.241,False,A,SER177,O,-0.271,46.725,-11.977,A,GLY178,N,-0.705,46.887,-9.784
Thermal Noise,RED,2.582,3.982,False,A,SER177,O,-0.271,46.725,-11.977,A,ILE190,O,-0.189,42.816,-11.222
Bound Backbone,BLUE,7.838,2.856,False,A,SER177,O,-0.271,46.725,-11.977,A,VAL192,N,-0.142,46.03,-14.744
Thermal Noise,RED,3.168,3.724,False,A,SER177,OG,-2.934,49.488,-11.245,A,GLY178,N,-0.705,46.887,-9.784
Phase Boundary,YELLOW,4.551,2.992,False,A,SER177,OG,-2.934,49.488,-11.245,A,THR223,N,-5.711,48.493,-11.743
Thermal Noise,RED,3.665,3.658,False,A,SER177,OG,-2.934,49.488,-11.245,A,THR223,O,-5.848,49.102,-9.068
Thermal Noise,RED,4.029,3.869,False,A,SER177,OG,-2.934,49.488,-11.245,A,GLU225,OE1,-1.229,49.117,-7.792
Bound Backbone,BLUE,8.556,2.674,False,A,SER177,OG,-2.934,49.488,-11.245,A,GLU225,OE2,-2.51,50.5,-8.806
Thermal Noise,RED,3.208,3.66,False,A,GLY178,N,-0.705,46.887,-9.784,A,SER179,N,-1.508,43.541,-8.536
Bound Backbone,BLUE,5.533,3.036,False,A,GLY178,N,-0.705,46.887,-9.784,A,GLU225,OE1,-1.229,49.117,-7.792
Phase Boundary,YELLOW,4.264,3.836,False,A,GLY178,N,-0.705,46.887,-9.784,A,HOH587,O,0.456,47.376,-6.161
Bound Backbone,BLUE,8.02,2.275,False,A,GLY178,O,-2.44,45.542,-7.985,A,SER179,N,-1.508,43.541,-8.536
Bound Backbone,BLUE,5.601,2.902,False,A,GLY178,O,-2.44,45.542,-7.985,A,GLU225,N,-4.139,47.322,-6.446
Thermal Noise,RED,2.806,3.779,False,A,GLY178,O,-2.44,45.542,-7.985,A,GLU225,OE1,-1.229,49.117,-7.792
Thermal Noise,RED,3.909,3.991,False,A,GLY178,O,-2.44,45.542,-7.985,A,SER226,N,-3.83,45.81,-4.253
Thermal Noise,RED,3.027,3.883,False,A,GLY178,O,-2.44,45.542,-7.985,A,HOH587,O,0.456,47.376,-6.161
Thermal Noise,RED,3.589,3.58,False,A,SER179,N,-1.508,43.541,-8.536,A,ALA180,N,-1.971,40.444,-6.801
Bound Backbone,BLUE,6.266,3.079,False,A,SER179,N,-1.508,43.541,-8.536,A,ILE190,O,-0.189,42.816,-11.222
Bound Backbone,BLUE,11.188,2.253,False,A,SER179,O,-0.805,41.052,-8.631,A,ALA180,N,-1.971,40.444,-6.801
Bound Backbone,BLUE,7.833,2.82,False,A,SER179,O,-0.805,41.052,-8.631,A,ILE190,N,-0.609,40.074,-11.269
Bound Backbone,BLUE,5.564,3.194,False,A,SER179,O,-0.805,41.052,-8.631,A,ILE190,O,-0.189,42.816,-11.222
Phase Boundary,YELLOW,4.731,2.917,False,A,SER179,OG,-4.484,41.898,-7.086,A,ALA180,N,-1.971,40.444,-6.801
Bound Backbone,BLUE,7.8,2.712,False,A,SER179,OG,-4.484,41.898,-7.086,A,SER226,O,-4.636,43.422,-4.848
Phase Boundary,YELLOW,4.992,3.249,False,A,SER179,OG,-4.484,41.898,-7.086,A,CYS228,N,-5.737,39.966,-4.794
Thermal Noise,RED,2.925,3.699,False,A,SER179,OG,-4.484,41.898,-7.086,A,CYS228,SG,-5.133,38.257,-7.168
Thermal Noise,RED,3.277,3.581,False,A,ALA180,N,-1.971,40.444,-6.801,A,CYS181,N,-2.353,37.028,-5.795
Thermal Noise,RED,2.698,3.862,False,A,ALA180,N,-1.971,40.444,-6.801,A,CYS228,SG,-5.133,38.257,-7.168
Bound Backbone,BLUE,9.126,2.238,False,A,ALA180,O,-2.747,38.961,-4.739,A,CYS181,N,-2.353,37.028,-5.795
Thermal Noise,RED,4.022,3.155,False,A,ALA180,O,-2.747,38.961,-4.739,A,CYS228,N,-5.737,39.966,-4.794
Phase Boundary,YELLOW,4.339,3.477,False,A,ALA180,O,-2.747,38.961,-4.739,A,CYS228,SG,-5.133,38.257,-7.168
Thermal Noise,RED,3.519,3.619,False,A,CYS181,N,-2.353,37.028,-5.795,A,HIS182,N,-2.783,33.899,-4.028
Bound Backbone,BLUE,6.516,3.034,False,A,CYS181,N,-2.353,37.028,-5.795,A,THR188,O,-0.985,36.678,-8.48
Thermal Noise,RED,3.986,3.335,False,A,CYS181,N,-2.353,37.028,-5.795,A,CYS228,SG,-5.133,38.257,-7.168
Bound Backbone,BLUE,12.391,2.241,False,A,CYS181,O,-2.14,34.377,-6.121,A,HIS182,N,-2.783,33.899,-4.028
Bound Backbone,BLUE,7.15,2.886,False,A,CYS181,O,-2.14,34.377,-6.121,A,THR188,N,-0.795,34.021,-8.65
Phase Boundary,YELLOW,4.235,3.492,False,A,CYS181,O,-2.14,34.377,-6.121,A,THR188,O,-0.985,36.678,-8.48
Bound Backbone,BLUE,5.294,2.942,False,A,CYS181,O,-2.14,34.377,-6.121,A,HOH546,O,-3.414,32.128,-7.527
Thermal Noise,RED,3.65,3.932,False,A,CYS181,SG,-5.171,36.303,-6.631,A,CYS228,O,-6.776,38.012,-3.474
Bound Backbone,BLUE,10.177,2.027,False,A,CYS181,SG,-5.171,36.303,-6.631,A,CYS228,SG,-5.133,38.257,-7.168
Thermal Noise,RED,3.36,3.492,False,A,CYS181,SG,-5.171,36.303,-6.631,A,CYS230,SG,-6.918,33.356,-5.954
Thermal Noise,RED,3.478,3.454,False,A,HIS182,N,-2.783,33.899,-4.028,A,ASP183,N,-3.952,30.757,-4.86
Thermal Noise,RED,3.789,3.972,False,A,HIS182,N,-2.783,33.899,-4.028,A,HOH546,O,-3.414,32.128,-7.527
Bound Backbone,BLUE,6.777,2.932,False,A,HIS182,N,-2.783,33.899,-4.028,A,HOH566,O,-3.394,35.338,-1.548
Bound Backbone,BLUE,10.652,2.247,False,A,HIS182,O,-4.591,32.139,-3.207,A,ASP183,N,-3.952,30.757,-4.86
Thermal Noise,RED,2.84,3.756,False,A,HIS182,O,-4.591,32.139,-3.207,A,GLY184,N,-4.175,28.41,-3.379
Thermal Noise,RED,3.692,3.8,False,A,HIS182,O,-4.591,32.139,-3.207,A,CYS230,SG,-6.918,33.356,-5.954
Phase Boundary,YELLOW,5.003,2.898,False,A,HIS182,O,-4.591,32.139,-3.207,A,HOH500,O,-6.61,34.053,-2.396
Phase Boundary,YELLOW,4.775,3.359,False,A,HIS182,O,-4.591,32.139,-3.207,A,HOH535,O,-3.806,30.012,-0.728
Thermal Noise,RED,3.113,3.797,False,A,HIS182,O,-4.591,32.139,-3.207,A,HOH566,O,-3.394,35.338,-1.548
Bound Backbone,BLUE,5.58,3.372,False,A,HIS182,O,-4.591,32.139,-3.207,A,HOH657,O,-5.47,32.506,0.028
Thermal Noise,RED,3.76,3.714,False,A,HIS182,ND1,-1.46,29.676,-2.327,A,ASP183,N,-3.952,30.757,-4.86
Phase Boundary,YELLOW,4.247,3.175,False,A,HIS182,ND1,-1.46,29.676,-2.327,A,GLY184,N,-4.175,28.41,-3.379
Bound Backbone,BLUE,5.871,2.859,False,A,HIS182,ND1,-1.46,29.676,-2.327,A,HOH535,O,-3.806,30.012,-0.728
Thermal Noise,RED,3.443,3.878,False,A,HIS182,NE2,0.354,29.078,-3.232,A,ARG185,O,0.5,26.236,-5.866
Phase Boundary,YELLOW,4.211,3.758,False,A,HIS182,NE2,0.354,29.078,-3.232,A,GLU186,N,-0.956,27.805,-6.516
Thermal Noise,RED,3.621,3.985,False,A,HIS182,NE2,0.354,29.078,-3.232,A,GLU186,O,-1.455,30.385,-6.533
Bound Backbone,BLUE,5.344,2.906,False,A,HIS182,NE2,0.354,29.078,-3.232,A,HOH644,O,2.572,27.725,-4.534
Bound Backbone,BLUE,6.093,2.784,False,A,ASP183,N,-3.952,30.757,-4.86,A,GLY184,N,-4.175,28.41,-3.379
Phase Boundary,YELLOW,5.21,3.029,False,A,ASP183,N,-3.952,30.757,-4.86,A,GLU186,O,-1.455,30.385,-6.533
Bound Backbone,BLUE,6.414,3.047,False,A,ASP183,N,-3.952,30.757,-4.86,A,HOH546,O,-3.414,32.128,-7.527
Bound Backbone,BLUE,8.817,2.236,False,A,ASP183,O,-6.159,27.896,-4.274,A,GLY184,N,-4.175,28.41,-3.379
Thermal Noise,RED,2.941,3.702,False,A,ASP183,O,-6.159,27.896,-4.274,A,ARG185,N,-2.794,26.403,-4.664
Phase Boundary,YELLOW,5.084,2.806,False,A,ASP183,O,-6.159,27.896,-4.274,A,HOH558,O,-8.729,29.021,-4.317
Bound Backbone,BLUE,5.879,3.331,False,A,ASP183,OD1,-3.911,28.193,-6.692,A,GLY184,N,-4.175,28.41,-3.379
Bound Backbone,BLUE,6.101,2.927,False,A,ASP183,OD1,-3.911,28.193,-6.692,A,ARG185,N,-2.794,26.403,-4.664
Phase Boundary,YELLOW,4.5,2.986,False,A,ASP183,OD1,-3.911,28.193,-6.692,A,GLU186,N,-0.956,27.805,-6.516
Thermal Noise,RED,3.69,3.296,False,A,ASP183,OD1,-3.911,28.193,-6.692,A,GLU186,O,-1.455,30.385,-6.533
Phase Boundary,YELLOW,5.096,3.527,False,A,ASP183,OD1,-3.911,28.193,-6.692,A,TYR205,OH,-3.014,27.731,-10.072
Thermal Noise,RED,2.936,3.944,False,A,ASP183,OD2,-4.725,29.197,-8.39,A,GLU186,O,-1.455,30.385,-6.533
Bound Backbone,BLUE,6.215,2.812,False,A,ASP183,OD2,-4.725,29.197,-8.39,A,TYR205,OH,-3.014,27.731,-10.072
Thermal Noise,RED,3.776,3.325,False,A,ASP183,OD2,-4.725,29.197,-8.39,A,HOH546,O,-3.414,32.128,-7.527
Bound Backbone,BLUE,6.924,2.702,False,A,ASP183,OD2,-4.725,29.197,-8.39,A,HOH554,O,-6.639,29.983,-10.128
Bound Backbone,BLUE,6.006,2.754,False,A,GLY184,N,-4.175,28.41,-3.379,A,ARG185,N,-2.794,26.403,-4.664
Bound Backbone,BLUE,6.003,3.119,False,A,GLY184,N,-4.175,28.41,-3.379,A,HOH535,O,-3.806,30.012,-0.728
Bound Backbone,BLUE,11.946,2.252,False,A,GLY184,O,-2.255,25.572,-2.642,A,ARG185,N,-2.794,26.403,-4.664
Bound Backbone,BLUE,6.574,2.943,False,A,GLY184,O,-2.255,25.572,-2.642,A,HOH639,O,-3.304,24.227,-0.244
Bound Backbone,BLUE,5.696,2.962,False,A,ARG185,N,-2.794,26.403,-4.664,A,GLU186,N,-0.956,27.805,-6.516
Bound Backbone,BLUE,8.427,2.237,False,A,ARG185,O,0.5,26.236,-5.866,A,GLU186,N,-0.956,27.805,-6.516
Bound Backbone,BLUE,5.489,2.878,False,A,ARG185,O,0.5,26.236,-5.866,A,HOH644,O,2.572,27.725,-4.534
Thermal Noise,RED,3.093,3.648,False,A,GLU186,N,-0.956,27.805,-6.516,A,TRP187,N,0.582,31.022,-7.286
Bound Backbone,BLUE,8.364,2.263,False,A,GLU186,O,-1.455,30.385,-6.533,A,TRP187,N,0.582,31.022,-7.286
Bound Backbone,BLUE,5.496,2.804,False,A,GLU186,O,-1.455,30.385,-6.533,A,HOH546,O,-3.414,32.128,-7.527
Phase Boundary,YELLOW,4.77,2.98,False,A,GLU186,OE1,3.044,29.607,-8.191,A,TRP187,N,0.582,31.022,-7.286
Thermal Noise,RED,2.848,3.903,False,A,GLU186,OE1,3.044,29.607,-8.191,A,HOH580,O,6.287,27.962,-9.609
Phase Boundary,YELLOW,4.245,3.074,False,A,GLU186,OE1,3.044,29.607,-8.191,A,HOH584,O,5.277,31.711,-7.995
Thermal Noise,RED,3.579,3.944,False,A,GLU186,OE2,3.315,27.826,-9.372,B,LYS417,NZ,1.71,25.978,-12.465
Phase Boundary,YELLOW,4.511,2.985,False,A,GLU186,OE2,3.315,27.826,-9.372,A,HOH580,O,6.287,27.962,-9.609
Thermal Noise,RED,3.43,3.571,False,A,TRP187,N,0.582,31.022,-7.286,A,THR188,N,-0.795,34.021,-8.65
Bound Backbone,BLUE,8.724,2.276,False,A,TRP187,O,0.605,32.548,-9.674,A,THR188,N,-0.795,34.021,-8.65
Thermal Noise,RED,3.732,3.872,False,A,TRP187,O,0.605,32.548,-9.674,A,LYS204,O,0.113,34.866,-12.736
Bound Backbone,BLUE,5.902,2.978,False,A,TRP187,O,0.605,32.548,-9.674,A,GLY206,N,2.473,31.504,-11.745
Bound Backbone,BLUE,5.545,2.989,False,A,TRP187,NE1,2.976,32.128,-3.572,A,HOH585,O,4.44,30.27,-1.745
Thermal Noise,RED,2.745,3.892,False,A,TRP187,NE1,2.976,32.128,-3.572,A,HOH630,O,6.623,31.169,-4.535
Phase Boundary,YELLOW,4.171,3.394,False,A,THR188,N,-0.795,34.021,-8.65,A,TYR189,N,-0.075,36.736,-10.555
Thermal Noise,RED,3.654,3.421,False,A,THR188,N,-0.795,34.021,-8.65,A,HOH546,O,-3.414,32.128,-7.527
Bound Backbone,BLUE,11.946,2.267,False,A,THR188,O,-0.985,36.678,-8.48,A,TYR189,N,-0.075,36.736,-10.555
Bound Backbone,BLUE,7.662,2.8,False,A,THR188,OG1,-3.295,33.413,-10.012,A,HOH546,O,-3.414,32.128,-7.527
Bound Backbone,BLUE,6.35,2.717,False,A,THR188,OG1,-3.295,33.413,-10.012,A,HOH557,O,-5.354,32.339,-11.423
Thermal Noise,RED,3.444,3.455,False,A,TYR189,N,-0.075,36.736,-10.555,A,ILE190,N,-0.609,40.074,-11.269
Bound Backbone,BLUE,6.591,2.879,False,A,TYR189,N,-0.075,36.736,-10.555,A,LYS204,O,0.113,34.866,-12.736
Bound Backbone,BLUE,9.861,2.251,False,A,TYR189,O,-0.39,38.331,-12.677,A,ILE190,N,-0.609,40.074,-11.269
Thermal Noise,RED,3.968,3.732,False,A,TYR189,O,-0.39,38.331,-12.677,A,LYS202,O,-0.94,40.631,-15.564
Bound Backbone,BLUE,6.42,2.916,False,A,TYR189,O,-0.39,38.331,-12.677,A,LYS204,N,0.118,36.492,-14.882
Thermal Noise,RED,3.264,3.502,False,A,TYR189,O,-0.39,38.331,-12.677,A,LYS204,O,0.113,34.866,-12.736
Phase Boundary,YELLOW,5.147,2.83,False,A,TYR189,OH,4.856,34.441,-7.379,A,HOH584,O,5.277,31.711,-7.995
Thermal Noise,RED,3.093,3.75,False,A,TYR189,OH,4.856,34.441,-7.379,A,HOH652,O,8.284,35.071,-5.996
Phase Boundary,YELLOW,4.238,3.448,False,A,ILE190,N,-0.609,40.074,-11.269,A,GLY191,N,-0.189,42.695,-13.47
Bound Backbone,BLUE,12.907,2.251,False,A,ILE190,O,-0.189,42.816,-11.222,A,GLY191,N,-0.189,42.695,-13.47
Thermal Noise,RED,3.394,3.57,False,A,GLY191,N,-0.189,42.695,-13.47,A,VAL192,N,-0.142,46.03,-14.744
Bound Backbone,BLUE,5.663,3.035,False,A,GLY191,N,-0.189,42.695,-13.47,A,LYS202,O,-0.94,40.631,-15.564
Bound Backbone,BLUE,9.028,2.236,False,A,GLY191,O,-0.605,44.086,-15.748,A,VAL192,N,-0.142,46.03,-14.744
Phase Boundary,YELLOW,4.723,3.478,False,A,GLY191,O,-0.605,44.086,-15.748,A,LEU200,O,-1.752,45.716,-18.598
Bound Backbone,BLUE,6.053,2.869,False,A,GLY191,O,-0.605,44.086,-15.748,A,LYS202,N,-1.93,42.268,-17.529
Thermal Noise,RED,3.318,3.476,False,A,GLY191,O,-0.605,44.086,-15.748,A,LYS202,O,-0.94,40.631,-15.564
Phase Boundary,YELLOW,4.732,3.484,False,A,VAL192,N,-0.142,46.03,-14.744,A,ASP193,N,0.665,47.815,-17.625
Bound Backbone,BLUE,12.221,2.262,False,A,VAL192,O,1.063,48.472,-15.497,A,ASP193,N,0.665,47.815,-17.625
Phase Boundary,YELLOW,4.121,3.662,False,A,ASP193,N,0.665,47.815,-17.625,A,GLY194,N,1.645,49.918,-20.458
Thermal Noise,RED,3.767,3.346,False,A,ASP193,N,0.665,47.815,-17.625,A,LEU200,O,-1.752,45.716,-18.598
Bound Backbone,BLUE,8.229,2.231,False,A,ASP193,O,-0.082,48.572,-20.031,A,GLY194,N,1.645,49.918,-20.458
Bound Backbone,BLUE,5.375,2.761,False,A,ASP193,O,-0.082,48.572,-20.031,A,LEU200,N,-2.666,47.758,-20.561
Thermal Noise,RED,3.388,3.605,False,A,ASP193,O,-0.082,48.572,-20.031,A,LEU200,O,-1.752,45.716,-18.598
Thermal Noise,RED,3.029,3.705,False,A,ASP193,OD1,2.524,46.437,-19.545,A,GLY194,N,1.645,49.918,-20.458
Phase Boundary,YELLOW,5.183,2.869,False,A,ASP193,OD1,2.524,46.437,-19.545,A,LYS202,NZ,3.902,44.097,-18.618
Bound Backbone,BLUE,8.281,2.737,False,A,ASP193,OD1,2.524,46.437,-19.545,A,HOH668,O,2.701,45.447,-22.091
Phase Boundary,YELLOW,4.205,3.148,False,A,ASP193,OD2,4.569,47.067,-19.421,A,LYS202,NZ,3.902,44.097,-18.618
Thermal Noise,RED,4.057,3.639,False,A,ASP193,OD2,4.569,47.067,-19.421,A,HOH668,O,2.701,45.447,-22.091
Phase Boundary,YELLOW,4.881,2.913,False,A,ASP193,OD2,4.569,47.067,-19.421,B,HOH548,O,6.752,48.871,-18.739
Thermal Noise,RED,3.834,3.648,False,A,GLY194,N,1.645,49.918,-20.458,A,PRO195,N,0.662,52.485,-22.857
Bound Backbone,BLUE,12.916,2.225,False,A,GLY194,O,1.2,52.406,-20.699,A,PRO195,N,0.662,52.485,-22.857
Thermal Noise,RED,3.856,3.368,False,A,GLY194,O,1.2,52.406,-20.699,A,PRO195,O,-1.774,53.321,-21.989
Thermal Noise,RED,2.847,3.796,False,A,GLY194,O,1.2,52.406,-20.699,A,ASP196,N,-1.044,55.374,-21.449
Bound Backbone,BLUE,5.944,2.844,False,A,GLY194,O,1.2,52.406,-20.699,A,HOH562,O,1.668,54.71,-19.098
Thermal Noise,RED,3.311,3.639,False,A,PRO195,N,0.662,52.485,-22.857,A,ASP196,N,-1.044,55.374,-21.449
Thermal Noise,RED,2.717,3.948,False,A,PRO195,N,0.662,52.485,-22.857,A,ASN198,O,-2.481,50.416,-24.052
Thermal Noise,RED,3.222,3.57,False,A,PRO195,N,0.662,52.485,-22.857,B,TRP455,NE1,4.125,52.967,-23.576
Bound Backbone,BLUE,8.234,2.245,False,A,PRO195,O,-1.774,53.321,-21.989,A,ASP196,N,-1.044,55.374,-21.449
Thermal Noise,RED,3.644,3.42,False,A,PRO195,O,-1.774,53.321,-21.989,A,ASP196,O,-4.502,55.07,-20.895
Phase Boundary,YELLOW,4.076,3.188,False,A,PRO195,O,-1.774,53.321,-21.989,A,SER197,N,-3.536,55.87,-22.737
Bound Backbone,BLUE,5.797,2.906,False,A,PRO195,O,-1.774,53.321,-21.989,A,ASN198,N,-4.116,53.336,-23.709
Thermal Noise,RED,3.656,3.632,False,A,PRO195,O,-1.774,53.321,-21.989,A,ASN198,O,-2.481,50.416,-24.052
Phase Boundary,YELLOW,4.245,3.074,False,A,PRO195,O,-1.774,53.321,-21.989,A,ALA199,N,-3.65,50.893,-22.179
Bound Backbone,BLUE,5.573,2.849,False,A,ASP196,N,-1.044,55.374,-21.449,A,SER197,N,-3.536,55.87,-22.737
Thermal Noise,RED,3.797,3.65,False,A,ASP196,N,-1.044,55.374,-21.449,A,HOH562,O,1.668,54.71,-19.098
Phase Boundary,YELLOW,4.881,3.332,False,A,ASP196,N,-1.044,55.374,-21.449,A,HOH614,O,-1.248,57.584,-23.934
Phase Boundary,YELLOW,4.287,3.063,False,A,ASP196,N,-1.044,55.374,-21.449,A,HOH676,O,1.164,57.479,-21.726
Bound Backbone,BLUE,11.562,2.228,False,A,ASP196,O,-4.502,55.07,-20.895,A,SER197,N,-3.536,55.87,-22.737
Thermal Noise,RED,3.774,3.977,False,A,ASP196,O,-4.502,55.07,-20.895,A,SER197,O,-6.103,54.049,-24.389
Phase Boundary,YELLOW,5.258,3.328,False,A,ASP196,O,-4.502,55.07,-20.895,A,ASN198,N,-4.116,53.336,-23.709
Bound Backbone,BLUE,6.996,2.791,False,A,ASP196,O,-4.502,55.07,-20.895,A,ILE220,N,-6.336,55.104,-18.792
Phase Boundary,YELLOW,5.046,2.818,False,A,ASP196,O,-4.502,55.07,-20.895,A,HOH565,O,-5.795,52.569,-20.779
Phase Boundary,YELLOW,4.821,2.897,False,A,ASP196,OD1,-0.496,56.598,-18.715,A,HOH562,O,1.668,54.71,-19.098
Thermal Noise,RED,3.319,3.558,False,A,ASP196,OD1,-0.496,56.598,-18.715,A,HOH635,O,2.104,58.814,-17.722
Phase Boundary,YELLOW,4.632,3.549,False,A,ASP196,OD1,-0.496,56.598,-18.715,A,HOH676,O,1.164,57.479,-21.726
Phase Boundary,YELLOW,4.077,3.265,False,A,ASP196,OD2,-0.93,58.688,-18.922,A,HOH635,O,2.104,58.814,-17.722
Thermal Noise,RED,3.985,3.703,False,A,ASP196,OD2,-0.93,58.688,-18.922,A,HOH676,O,1.164,57.479,-21.726
Bound Backbone,BLUE,5.601,2.775,False,A,SER197,N,-3.536,55.87,-22.737,A,ASN198,N,-4.116,53.336,-23.709
Phase Boundary,YELLOW,4.562,3.099,False,A,SER197,N,-3.536,55.87,-22.737,A,HOH614,O,-1.248,57.584,-23.934
Thermal Noise,RED,2.709,3.865,False,A,SER197,N,-3.536,55.87,-22.737,A,HOH641,O,-5.995,58.807,-22.221
Bound Backbone,BLUE,8.623,2.218,False,A,SER197,O,-6.103,54.049,-24.389,A,ASN198,N,-4.116,53.336,-23.709
Thermal Noise,RED,3.651,3.531,False,A,SER197,O,-6.103,54.049,-24.389,A,ASN218,O,-8.106,56.449,-22.746
Bound Backbone,BLUE,5.922,2.746,False,A,SER197,O,-6.103,54.049,-24.389,A,ASN218,ND2,-7.976,52.418,-25.56
Thermal Noise,RED,4.027,3.914,False,A,SER197,O,-6.103,54.049,-24.389,A,HOH565,O,-5.795,52.569,-20.779
Thermal Noise,RED,3.703,3.533,False,A,SER197,OG,-3.376,56.319,-25.451,A,ASN198,N,-4.116,53.336,-23.709
Bound Backbone,BLUE,5.572,2.903,False,A,SER197,OG,-3.376,56.319,-25.451,A,HOH614,O,-1.248,57.584,-23.934
Bound Backbone,BLUE,5.514,2.92,False,A,ASN198,N,-4.116,53.336,-23.709,A,ALA199,N,-3.65,50.893,-22.179
Phase Boundary,YELLOW,4.857,3.463,False,A,ASN198,N,-4.116,53.336,-23.709,A,HOH565,O,-5.795,52.569,-20.779
Bound Backbone,BLUE,11.276,2.259,False,A,ASN198,O,-2.481,50.416,-24.052,A,ALA199,N,-3.65,50.893,-22.179
Phase Boundary,YELLOW,4.089,3.463,False,A,ASN198,O,-2.481,50.416,-24.052,A,ALA199,O,-4.311,48.32,-21.99
Thermal Noise,RED,2.544,3.976,False,A,ASN198,O,-2.481,50.416,-24.052,A,HOH556,O,-5.512,47.866,-24.398
Bound Backbone,BLUE,6.296,2.935,False,A,ASN198,ND2,-3.673,50.245,-27.345,A,HOH670,O,-4.571,48.514,-29.539
Thermal Noise,RED,2.628,3.912,False,A,ASN198,ND2,-3.673,50.245,-27.345,A,HOH690,O,-4.961,46.567,-26.999
Phase Boundary,YELLOW,4.862,3.52,False,A,ASN198,ND2,-3.673,50.245,-27.345,B,HOH582,O,-2.127,50.646,-30.482
Thermal Noise,RED,3.389,3.46,False,A,ASN198,OD1,-5.471,50.087,-26.076,A,ASN218,ND2,-7.976,52.418,-25.56
Bound Backbone,BLUE,6.358,2.784,False,A,ASN198,OD1,-5.471,50.087,-26.076,A,HOH556,O,-5.512,47.866,-24.398
Thermal Noise,RED,3.928,3.909,False,A,ASN198,OD1,-5.471,50.087,-26.076,A,HOH670,O,-4.571,48.514,-29.539
Thermal Noise,RED,3.083,3.675,False,A,ASN198,OD1,-5.471,50.087,-26.076,A,HOH690,O,-4.961,46.567,-26.999
Thermal Noise,RED,3.354,3.663,False,A,ALA199,N,-3.65,50.893,-22.179,A,LEU200,N,-2.666,47.758,-20.561
Phase Boundary,YELLOW,4.84,3.061,False,A,ALA199,N,-3.65,50.893,-22.179,A,HOH565,O,-5.795,52.569,-20.779
Bound Backbone,BLUE,9.931,2.25,False,A,ALA199,O,-4.311,48.32,-21.99,A,LEU200,N,-2.666,47.758,-20.561
Thermal Noise,RED,3.211,3.559,False,A,ALA199,O,-4.311,48.32,-21.99,A,SER215,N,-7.767,47.688,-22.558
Bound Backbone,BLUE,8.037,2.729,False,A,ALA199,O,-4.311,48.32,-21.99,A,HOH556,O,-5.512,47.866,-24.398
Thermal Noise,RED,3.556,3.577,False,A,LEU200,N,-2.666,47.758,-20.561,A,ILE201,N,-3.78,44.791,-18.902
Bound Backbone,BLUE,8.0,2.25,False,A,LEU200,O,-1.752,45.716,-18.598,A,ILE201,N,-3.78,44.791,-18.902
Thermal Noise,RED,2.565,3.984,False,A,LEU200,O,-1.752,45.716,-18.598,A,ILE201,O,-3.364,42.133,-19.259
Thermal Noise,RED,3.234,3.614,False,A,LEU200,O,-1.752,45.716,-18.598,A,LYS202,N,-1.93,42.268,-17.529
Thermal Noise,RED,3.781,3.417,False,A,ILE201,N,-3.78,44.791,-18.902,A,LYS202,N,-1.93,42.268,-17.529
Bound Backbone,BLUE,5.412,3.094,False,A,ILE201,N,-3.78,44.791,-18.902,A,TYR213,O,-5.946,44.122,-21.008
Bound Backbone,BLUE,10.866,2.251,False,A,ILE201,O,-3.364,42.133,-19.259,A,LYS202,N,-1.93,42.268,-17.529
Bound Backbone,BLUE,5.308,2.959,False,A,ILE201,O,-3.364,42.133,-19.259,A,TYR213,N,-5.856,41.559,-20.747
Thermal Noise,RED,3.341,3.699,False,A,ILE201,O,-3.364,42.133,-19.259,A,TYR213,O,-5.946,44.122,-21.008
Thermal Noise,RED,3.413,3.458,False,A,LYS202,N,-1.93,42.268,-17.529,A,ILE203,N,-1.422,38.902,-16.922
Bound Backbone,BLUE,9.73,2.251,False,A,LYS202,O,-0.94,40.631,-15.564,A,ILE203,N,-1.422,38.902,-16.922
Bound Backbone,BLUE,7.217,2.798,False,A,LYS202,NZ,3.902,44.097,-18.618,B,LYS93,O,5.11,42.957,-20.87
Thermal Noise,RED,3.919,3.915,False,A,LYS202,NZ,3.902,44.097,-18.618,A,HOH668,O,2.701,45.447,-22.091
Thermal Noise,RED,3.939,3.513,False,A,ILE203,N,-1.422,38.902,-16.922,A,LYS204,N,0.118,36.492,-14.882
Bound Backbone,BLUE,7.017,2.949,False,A,ILE203,N,-1.422,38.902,-16.922,A,ASP211,O,-2.304,38.04,-19.601
Bound Backbone,BLUE,12.686,2.253,False,A,ILE203,O,-0.297,36.285,-17.087,A,LYS204,N,0.118,36.492,-14.882
Bound Backbone,BLUE,6.378,2.823,False,A,ILE203,O,-0.297,36.285,-17.087,A,THR210,N,0.187,34.198,-18.925
Phase Boundary,YELLOW,4.299,3.051,False,A,ILE203,O,-0.297,36.285,-17.087,A,THR210,OG1,-1.612,33.532,-17.035
Phase Boundary,YELLOW,4.615,3.466,False,A,ILE203,O,-0.297,36.285,-17.087,A,ASP211,N,-2.295,35.42,-19.784
Thermal Noise,RED,3.873,3.664,False,A,ILE203,O,-0.297,36.285,-17.087,A,ASP211,O,-2.304,38.04,-19.601
Thermal Noise,RED,3.378,3.51,False,A,LYS204,N,0.118,36.492,-14.882,A,TYR205,N,0.928,33.192,-14.002
Bound Backbone,BLUE,9.483,2.252,False,A,LYS204,O,0.113,34.866,-12.736,A,TYR205,N,0.928,33.192,-14.002
Bound Backbone,BLUE,5.676,3.207,False,A,LYS204,NZ,7.302,36.356,-13.829,A,TYR209,OH,7.575,38.027,-16.553
Bound Backbone,BLUE,6.926,3.025,False,A,LYS204,NZ,7.302,36.356,-13.829,A,HOH509,O,7.122,35.504,-10.932
Phase Boundary,YELLOW,4.636,3.084,False,A,LYS204,NZ,7.302,36.356,-13.829,A,HOH517,O,10.081,35.837,-12.597
Phase Boundary,YELLOW,4.396,3.189,False,A,LYS204,NZ,7.302,36.356,-13.829,A,HOH563,O,8.956,33.998,-15.199
Phase Boundary,YELLOW,5.09,3.214,False,A,TYR205,N,0.928,33.192,-14.002,A,GLY206,N,2.473,31.504,-11.745
Bound Backbone,BLUE,7.591,2.823,False,A,TYR205,N,0.928,33.192,-14.002,A,ALA208,O,2.15,32.921,-16.532
Thermal Noise,RED,3.481,3.971,False,A,TYR205,N,0.928,33.192,-14.002,A,THR210,OG1,-1.612,33.532,-17.035
Bound Backbone,BLUE,12.306,2.26,False,A,TYR205,O,2.374,30.784,-13.885,A,GLY206,N,2.473,31.504,-11.745
Thermal Noise,RED,3.551,3.528,False,A,TYR205,O,2.374,30.784,-13.885,A,GLY206,O,4.823,32.882,-12.453
Thermal Noise,RED,3.895,3.248,False,A,TYR205,O,2.374,30.784,-13.885,A,GLU207,N,5.55,30.924,-13.221
Phase Boundary,YELLOW,5.253,3.078,False,A,TYR205,O,2.374,30.784,-13.885,A,ALA208,N,4.698,31.455,-15.788
Phase Boundary,YELLOW,4.764,3.409,False,A,TYR205,O,2.374,30.784,-13.885,A,ALA208,O,2.15,32.921,-16.532
Phase Boundary,YELLOW,5.257,2.831,False,A,TYR205,O,2.374,30.784,-13.885,A,HOH490,O,2.014,28.097,-14.701
Phase Boundary,YELLOW,4.819,2.888,False,A,TYR205,OH,-3.014,27.731,-10.072,A,HOH573,O,-2.796,24.861,-10.305
Thermal Noise,RED,3.726,3.462,False,A,GLY206,N,2.473,31.504,-11.745,A,GLU207,N,5.55,30.924,-13.221
Bound Backbone,BLUE,8.694,2.225,False,A,GLY206,O,4.823,32.882,-12.453,A,GLU207,N,5.55,30.924,-13.221
Phase Boundary,YELLOW,4.67,3.63,False,A,GLY206,O,4.823,32.882,-12.453,A,ALA208,N,4.698,31.455,-15.788
Thermal Noise,RED,3.046,3.804,False,A,GLY206,O,4.823,32.882,-12.453,A,HOH509,O,7.122,35.504,-10.932
Bound Backbone,BLUE,8.175,2.756,False,A,GLU207,N,5.55,30.924,-13.221,A,ALA208,N,4.698,31.455,-15.788
Phase Boundary,YELLOW,4.586,2.954,False,A,GLU207,N,5.55,30.924,-13.221,A,HOH665,O,5.285,27.982,-13.258
Bound Backbone,BLUE,8.057,2.251,False,A,GLU207,O,6.505,32.736,-16.191,A,ALA208,N,4.698,31.455,-15.788
Thermal Noise,RED,3.236,3.83,False,A,GLU207,O,6.505,32.736,-16.191,A,TYR209,N,3.409,33.628,-18.261
Phase Boundary,YELLOW,5.002,2.93,False,A,GLU207,O,6.505,32.736,-16.191,A,HOH563,O,8.956,33.998,-15.199
Thermal Noise,RED,3.844,3.267,False,A,GLU207,OE1,10.406,31.543,-13.836,B,CYS126,N,12.703,29.312,-14.483
Phase Boundary,YELLOW,4.822,3.554,False,A,GLU207,OE1,10.406,31.543,-13.836,B,CYS126,SG,11.276,30.309,-17.053
Phase Boundary,YELLOW,4.481,3.16,False,A,GLU207,OE1,10.406,31.543,-13.836,A,HOH563,O,8.956,33.998,-15.199
Bound Backbone,BLUE,5.67,3.127,False,A,GLU207,OE1,10.406,31.543,-13.836,B,HOH589,O,11.511,33.168,-11.404
Phase Boundary,YELLOW,4.105,3.783,False,A,GLU207,OE2,9.392,31.461,-11.922,B,LYS159,NZ,11.28,31.938,-8.679
Bound Backbone,BLUE,6.826,2.854,False,A,GLU207,OE2,9.392,31.461,-11.922,A,HOH623,O,7.827,30.616,-9.69
Bound Backbone,BLUE,6.013,2.968,False,A,GLU207,OE2,9.392,31.461,-11.922,A,HOH686,O,8.968,33.499,-9.807
Bound Backbone,BLUE,5.332,2.77,False,A,GLU207,OE2,9.392,31.461,-11.922,B,HOH589,O,11.511,33.168,-11.404
Phase Boundary,YELLOW,4.199,3.535,False,A,ALA208,N,4.698,31.455,-15.788,A,TYR209,N,3.409,33.628,-18.261
Bound Backbone,BLUE,10.843,2.253,False,A,ALA208,O,2.15,32.921,-16.532,A,TYR209,N,3.409,33.628,-18.261
Phase Boundary,YELLOW,4.597,3.76,False,A,ALA208,O,2.15,32.921,-16.532,A,TYR209,O,1.696,33.196,-20.254
Phase Boundary,YELLOW,4.73,3.348,False,A,ALA208,O,2.15,32.921,-16.532,A,THR210,N,0.187,34.198,-18.925
Thermal Noise,RED,2.737,3.844,False,A,ALA208,O,2.15,32.921,-16.532,A,THR210,OG1,-1.612,33.532,-17.035
Thermal Noise,RED,3.681,3.339,False,A,TYR209,N,3.409,33.628,-18.261,A,THR210,N,0.187,34.198,-18.925
Bound Backbone,BLUE,9.695,2.247,False,A,TYR209,O,1.696,33.196,-20.254,A,THR210,N,0.187,34.198,-18.925
Bound Backbone,BLUE,8.487,2.72,False,A,TYR209,O,1.696,33.196,-20.254,A,HOH483,O,0.82,33.322,-22.826
Phase Boundary,YELLOW,5.036,2.897,False,A,THR210,N,0.187,34.198,-18.925,A,ASP211,N,-2.295,35.42,-19.784
Bound Backbone,BLUE,9.028,2.231,False,A,THR210,O,-2.816,33.485,-20.765,A,ASP211,N,-2.295,35.42,-19.784
Thermal Noise,RED,2.596,3.926,False,A,THR210,O,-2.816,33.485,-20.765,A,ARG259,NE,-4.445,29.913,-20.726
Bound Backbone,BLUE,6.316,2.882,False,A,THR210,O,-2.816,33.485,-20.765,A,HOH519,O,-2.794,31.423,-22.778
Phase Boundary,YELLOW,4.828,3.446,False,A,THR210,O,-2.816,33.485,-20.765,A,HOH555,O,-4.658,34.125,-23.606
Phase Boundary,YELLOW,5.206,3.445,False,A,THR210,O,-2.816,33.485,-20.765,B,HOH471,O,-1.695,34.172,-23.949
Phase Boundary,YELLOW,4.887,3.404,False,A,THR210,OG1,-1.612,33.532,-17.035,A,ASP211,N,-2.295,35.42,-19.784
Phase Boundary,YELLOW,4.921,2.855,False,A,THR210,OG1,-1.612,33.532,-17.035,A,GLY258,O,-4.43,33.958,-16.864
Thermal Noise,RED,3.188,3.658,False,A,ASP211,N,-2.295,35.42,-19.784,A,THR212,N,-4.092,38.381,-20.96
Thermal Noise,RED,3.566,3.902,False,A,ASP211,N,-2.295,35.42,-19.784,A,GLY258,O,-4.43,33.958,-16.864
Bound Backbone,BLUE,9.522,2.272,False,A,ASP211,O,-2.304,38.04,-19.601,A,THR212,N,-4.092,38.381,-20.96
Phase Boundary,YELLOW,4.63,3.013,False,A,ASP211,OD1,-5.858,36.092,-21.81,A,THR212,N,-4.092,38.381,-20.96
Thermal Noise,RED,3.328,3.48,False,A,ASP211,OD1,-5.858,36.092,-21.81,A,THR212,O,-6.427,39.505,-21.435
Bound Backbone,BLUE,5.817,2.921,False,A,ASP211,OD1,-5.858,36.092,-21.81,A,HOH555,O,-4.658,34.125,-23.606
Bound Backbone,BLUE,6.358,2.981,False,A,ASP211,OD2,-6.999,35.292,-20.14,A,ILE260,N,-8.518,34.38,-17.743
Thermal Noise,RED,3.025,3.641,False,A,THR212,N,-4.092,38.381,-20.96,A,TYR213,N,-5.856,41.559,-20.747
Bound Backbone,BLUE,8.454,2.24,False,A,THR212,O,-6.427,39.505,-21.435,A,TYR213,N,-5.856,41.559,-20.747
Bound Backbone,BLUE,6.123,3.267,False,A,THR212,O,-6.427,39.505,-21.435,A,HOH567,O,-6.18,39.547,-24.692
Bound Backbone,BLUE,5.393,2.79,False,A,THR212,O,-6.427,39.505,-21.435,A,HOH677,O,-9.054,38.973,-22.21
Phase Boundary,YELLOW,4.265,3.536,False,A,THR212,OG1,-3.856,40.154,-23.302,A,TYR213,N,-5.856,41.559,-20.747
Thermal Noise,RED,3.29,3.756,False,A,THR212,OG1,-3.856,40.154,-23.302,B,MET448,O,-0.893,38.817,-25.183
Thermal Noise,RED,2.817,3.912,False,A,THR212,OG1,-3.856,40.154,-23.302,B,GLY449,N,-2.061,36.956,-24.664
Thermal Noise,RED,3.922,3.961,False,A,THR212,OG1,-3.856,40.154,-23.302,B,SER450,N,-4.301,38.659,-26.943
Bound Backbone,BLUE,6.026,2.775,False,A,THR212,OG1,-3.856,40.154,-23.302,A,HOH567,O,-6.18,39.547,-24.692
Bound Backbone,BLUE,7.076,2.8,False,A,THR212,OG1,-3.856,40.154,-23.302,B,HOH525,O,-2.405,41.144,-25.482
Thermal Noise,RED,3.647,3.507,False,A,TYR213,N,-5.856,41.559,-20.747,A,HIS214,N,-7.806,44.042,-22.273
Bound Backbone,BLUE,9.487,2.251,False,A,TYR213,O,-5.946,44.122,-21.008,A,HIS214,N,-7.806,44.042,-22.273
Thermal Noise,RED,2.55,3.992,False,A,TYR213,O,-5.946,44.122,-21.008,A,HIS214,O,-9.243,46.284,-21.635
Thermal Noise,RED,3.822,3.352,False,A,TYR213,OH,-13.376,43.8,-19.607,A,ARG251,NE,-15.692,45.941,-18.473
Phase Boundary,YELLOW,4.702,3.047,False,A,TYR213,OH,-13.376,43.8,-19.607,A,ARG251,NH2,-15.515,45.639,-20.76
Phase Boundary,YELLOW,5.199,2.885,False,A,TYR213,OH,-13.376,43.8,-19.607,A,GLU263,OE1,-15.087,41.718,-20.636
Thermal Noise,RED,3.003,3.657,False,A,HIS214,N,-7.806,44.042,-22.273,A,SER215,N,-7.767,47.688,-22.558
Phase Boundary,YELLOW,5.076,2.918,False,A,HIS214,N,-7.806,44.042,-22.273,A,HOH564,O,-9.669,42.048,-23.306
Bound Backbone,BLUE,8.869,2.236,False,A,HIS214,O,-9.243,46.284,-21.635,A,SER215,N,-7.767,47.688,-22.558
Thermal Noise,RED,3.854,3.639,False,A,HIS214,O,-9.243,46.284,-21.635,A,SER215,O,-9.824,48.962,-24.03
Thermal Noise,RED,3.568,3.363,False,A,HIS214,O,-9.243,46.284,-21.635,A,TYR216,N,-10.785,49.248,-22.02
Thermal Noise,RED,4.013,3.763,False,A,HIS214,ND1,-8.027,43.504,-26.363,A,HOH564,O,-9.669,42.048,-23.306
Bound Backbone,BLUE,6.182,2.75,False,A,HIS214,NE2,-6.124,42.577,-26.216,B,SER450,O,-4.194,41.221,-27.63
Thermal Noise,RED,2.912,3.937,False,A,HIS214,NE2,-6.124,42.577,-26.216,B,SER450,OG,-6.96,39.158,-27.98
Thermal Noise,RED,3.925,3.392,False,A,HIS214,NE2,-6.124,42.577,-26.216,A,HOH567,O,-6.18,39.547,-24.692
Thermal Noise,RED,3.75,3.422,False,A,HIS214,NE2,-6.124,42.577,-26.216,B,HOH602,O,-3.392,44.144,-27.554
Thermal Noise,RED,3.435,3.44,False,A,SER215,N,-7.767,47.688,-22.558,A,TYR216,N,-10.785,49.248,-22.02
Bound Backbone,BLUE,5.9,2.916,False,A,SER215,N,-7.767,47.688,-22.558,A,HOH556,O,-5.512,47.866,-24.398
Bound Backbone,BLUE,11.974,2.246,False,A,SER215,O,-9.824,48.962,-24.03,A,TYR216,N,-10.785,49.248,-22.02
Thermal Noise,RED,2.884,3.886,False,A,SER215,O,-9.824,48.962,-24.03,A,ASN218,OD1,-10.158,52.553,-25.476
Thermal Noise,RED,3.97,3.403,False,A,SER215,O,-9.824,48.962,-24.03,A,HOH592,O,-12.221,50.731,-25.675
Thermal Noise,RED,3.177,3.55,False,A,SER215,OG,-7.926,51.35,-21.928,A,TYR216,N,-10.785,49.248,-22.02
Thermal Noise,RED,3.917,3.243,False,A,SER215,OG,-7.926,51.35,-21.928,A,ASN218,N,-10.218,53.536,-22.626
Phase Boundary,YELLOW,4.427,3.786,False,A,SER215,OG,-7.926,51.35,-21.928,A,ASN218,ND2,-7.976,52.418,-25.56
Phase Boundary,YELLOW,4.205,3.589,False,A,SER215,OG,-7.926,51.35,-21.928,A,ASP241,OD1,-9.627,53.033,-19.253
Bound Backbone,BLUE,6.935,2.746,False,A,SER215,OG,-7.926,51.35,-21.928,A,ASP241,OD2,-9.883,51.071,-20.022
Bound Backbone,BLUE,6.07,2.711,False,A,SER215,OG,-7.926,51.35,-21.928,A,HOH565,O,-5.795,52.569,-20.779
Phase Boundary,YELLOW,5.232,2.766,False,A,TYR216,N,-10.785,49.248,-22.02,A,ALA217,N,-11.961,51.751,-21.95
Bound Backbone,BLUE,6.462,2.851,False,A,TYR216,N,-10.785,49.248,-22.02,A,ASP241,OD2,-9.883,51.071,-20.022
Bound Backbone,BLUE,8.985,2.215,False,A,TYR216,O,-13.852,51.011,-22.835,A,ALA217,N,-11.961,51.751,-21.95
Bound Backbone,BLUE,5.292,2.865,False,A,TYR216,O,-13.852,51.011,-22.835,A,HOH582,O,-16.117,52.416,-21.783
Bound Backbone,BLUE,5.464,3.287,False,A,TYR216,O,-13.852,51.011,-22.835,A,HOH592,O,-12.221,50.731,-25.675
Phase Boundary,YELLOW,4.315,3.698,False,A,TYR216,OH,-13.393,48.88,-16.074,A,ILE239,O,-12.13,47.506,-12.882
Thermal Noise,RED,3.245,3.967,False,A,TYR216,OH,-13.393,48.88,-16.074,A,THR240,N,-10.41,48.767,-13.461
Thermal Noise,RED,3.206,3.561,False,A,TYR216,OH,-13.393,48.88,-16.074,A,ASP241,N,-11.159,51.596,-15.514
Bound Backbone,BLUE,5.895,2.682,False,A,TYR216,OH,-13.393,48.88,-16.074,A,LYS249,O,-15.415,50.44,-15.256
Thermal Noise,RED,3.953,3.669,False,A,TYR216,OH,-13.393,48.88,-16.074,A,ARG251,N,-14.874,46.806,-13.435
Bound Backbone,BLUE,6.251,2.585,False,A,ALA217,N,-11.961,51.751,-21.95,A,ASN218,N,-10.218,53.536,-22.626
Thermal Noise,RED,3.684,3.79,False,A,ALA217,N,-11.961,51.751,-21.95,A,ASP241,OD1,-9.627,53.033,-19.253
Bound Backbone,BLUE,6.021,2.915,False,A,ALA217,N,-11.961,51.751,-21.95,A,ASP241,OD2,-9.883,51.071,-20.022
Phase Boundary,YELLOW,4.245,3.871,False,A,ALA217,N,-11.961,51.751,-21.95,A,HOH592,O,-12.221,50.731,-25.675
Bound Backbone,BLUE,8.4,2.252,False,A,ALA217,O,-11.421,55.3,-21.911,A,ASN218,N,-10.218,53.536,-22.626
Thermal Noise,RED,3.182,3.606,False,A,ALA217,O,-11.421,55.3,-21.911,A,ASN218,O,-8.106,56.449,-22.746
Phase Boundary,YELLOW,4.506,3.078,False,A,ALA217,O,-11.421,55.3,-21.911,A,ASN219,N,-8.51,55.223,-20.913
Thermal Noise,RED,3.351,3.927,False,A,ALA217,O,-11.421,55.3,-21.911,A,ASP241,OD1,-9.627,53.033,-19.253
Thermal Noise,RED,3.546,3.682,False,A,ALA217,O,-11.421,55.3,-21.911,A,HOH692,O,-13.194,57.775,-19.84
Bound Backbone,BLUE,5.589,2.949,False,A,ASN218,N,-10.218,53.536,-22.626,A,ASN219,N,-8.51,55.223,-20.913
Bound Backbone,BLUE,5.36,3.461,False,A,ASN218,N,-10.218,53.536,-22.626,A,ASP241,OD1,-9.627,53.033,-19.253
Phase Boundary,YELLOW,4.112,3.601,False,A,ASN218,N,-10.218,53.536,-22.626,A,ASP241,OD2,-9.883,51.071,-20.022
Bound Backbone,BLUE,11.35,2.242,False,A,ASN218,O,-8.106,56.449,-22.746,A,ASN219,N,-8.51,55.223,-20.913
Thermal Noise,RED,3.955,3.208,False,A,ASN218,O,-8.106,56.449,-22.746,A,HOH641,O,-5.995,58.807,-22.221
Bound Backbone,BLUE,5.545,3.398,False,A,ASN218,ND2,-7.976,52.418,-25.56,A,HOH656,O,-7.19,52.62,-28.86
Bound Backbone,BLUE,5.273,2.76,False,A,ASN218,OD1,-10.158,52.553,-25.476,A,HOH592,O,-12.221,50.731,-25.675
Bound Backbone,BLUE,5.674,3.04,False,A,ASN219,N,-8.51,55.223,-20.913,A,ILE220,N,-6.336,55.104,-18.792
Bound Backbone,BLUE,5.454,2.966,False,A,ASN219,N,-8.51,55.223,-20.913,A,ASP241,OD1,-9.627,53.033,-19.253
Thermal Noise,RED,2.775,3.799,False,A,ASN219,N,-8.51,55.223,-20.913,A,HOH565,O,-5.795,52.569,-20.779
Bound Backbone,BLUE,8.892,2.259,False,A,ASN219,O,-8.332,55.316,-17.755,A,ILE220,N,-6.336,55.104,-18.792
Phase Boundary,YELLOW,5.091,3.088,False,A,ASN219,O,-8.332,55.316,-17.755,A,ILE220,O,-6.819,53.302,-15.969
Thermal Noise,RED,2.772,3.8,False,A,ASN219,O,-8.332,55.316,-17.755,A,LEU221,N,-6.268,52.126,-17.776
Bound Backbone,BLUE,5.87,3.307,False,A,ASN219,O,-8.332,55.316,-17.755,A,ARG222,NH1,-8.783,54.719,-14.534
Phase Boundary,YELLOW,5.067,3.022,False,A,ASN219,O,-8.332,55.316,-17.755,A,ASP241,OD1,-9.627,53.033,-19.253
Phase Boundary,YELLOW,5.139,2.844,False,A,ASN219,O,-8.332,55.316,-17.755,A,GLY242,N,-11.021,54.71,-17.056
Bound Backbone,BLUE,5.669,2.969,False,A,ASN219,O,-8.332,55.316,-17.755,A,GLY242,O,-10.068,56.852,-15.9
Thermal Noise,RED,4.041,3.587,False,A,ASN219,ND2,-9.46,59.536,-19.072,A,SER243,N,-11.711,58.212,-16.613
Phase Boundary,YELLOW,4.927,2.964,False,A,ASN219,ND2,-9.46,59.536,-19.072,A,HOH613,O,-7.453,61.441,-18.009
Thermal Noise,RED,2.901,3.717,False,A,ASN219,OD1,-7.498,58.63,-18.618,A,ILE220,N,-6.336,55.104,-18.792
Phase Boundary,YELLOW,4.974,2.877,False,A,ASN219,OD1,-7.498,58.63,-18.618,A,HOH613,O,-7.453,61.441,-18.009
Thermal Noise,RED,4.038,3.908,False,A,ASN219,OD1,-7.498,58.63,-18.618,A,HOH641,O,-5.995,58.807,-22.221
Phase Boundary,YELLOW,4.308,3.147,False,A,ILE220,N,-6.336,55.104,-18.792,A,LEU221,N,-6.268,52.126,-17.776
Thermal Noise,RED,2.633,3.916,False,A,ILE220,N,-6.336,55.104,-18.792,A,ASP241,OD1,-9.627,53.033,-19.253
Phase Boundary,YELLOW,4.635,3.266,False,A,ILE220,N,-6.336,55.104,-18.792,A,HOH565,O,-5.795,52.569,-20.779
Bound Backbone,BLUE,11.473,2.225,False,A,ILE220,O,-6.819,53.302,-15.969,A,LEU221,N,-6.268,52.126,-17.776
Thermal Noise,RED,3.637,3.322,False,A,ILE220,O,-6.819,53.302,-15.969,A,LEU221,O,-4.704,50.75,-16.197
Thermal Noise,RED,3.838,3.328,False,A,ILE220,O,-6.819,53.302,-15.969,A,ARG222,N,-6.444,50.163,-14.929
Thermal Noise,RED,4.058,3.903,False,A,ILE220,O,-6.819,53.302,-15.969,A,ARG222,NE,-7.942,54.268,-12.358
Bound Backbone,BLUE,5.885,2.815,False,A,ILE220,O,-6.819,53.302,-15.969,A,ARG222,NH1,-8.783,54.719,-14.534
Thermal Noise,RED,2.652,3.941,False,A,ILE220,O,-6.819,53.302,-15.969,A,THR240,O,-9.307,50.365,-15.123
Phase Boundary,YELLOW,4.774,3.463,False,A,LEU221,N,-6.268,52.126,-17.776,A,ARG222,N,-6.444,50.163,-14.929
Thermal Noise,RED,3.073,3.78,False,A,LEU221,N,-6.268,52.126,-17.776,A,ASP241,OD1,-9.627,53.033,-19.253
Bound Backbone,BLUE,6.819,3.072,False,A,LEU221,N,-6.268,52.126,-17.776,A,HOH565,O,-5.795,52.569,-20.779
Bound Backbone,BLUE,9.687,2.232,False,A,LEU221,O,-4.704,50.75,-16.197,A,ARG222,N,-6.444,50.163,-14.929
Phase Boundary,YELLOW,4.393,3.671,False,A,ARG222,N,-6.444,50.163,-14.929,A,THR223,N,-5.711,48.493,-11.743
Phase Boundary,YELLOW,4.85,2.877,False,A,ARG222,N,-6.444,50.163,-14.929,A,THR240,O,-9.307,50.365,-15.123
Bound Backbone,BLUE,9.858,2.229,False,A,ARG222,O,-7.5,48.63,-13.066,A,THR223,N,-5.711,48.493,-11.743
Phase Boundary,YELLOW,4.684,2.94,False,A,ARG222,O,-7.5,48.63,-13.066,A,THR240,N,-10.41,48.767,-13.461
Phase Boundary,YELLOW,4.785,3.241,False,A,ARG222,O,-7.5,48.63,-13.066,A,THR240,O,-9.307,50.365,-15.123
Bound Backbone,BLUE,6.172,3.042,False,A,ARG222,NE,-7.942,54.268,-12.358,A,GLU274,OE1,-9.118,55.554,-9.864
Ligand Fluctuation Noise,RED,3.454,3.603,True,A,ARG222,NE,-7.942,54.268,-12.358,A,ZMR466,O9,-7.439,57.473,-10.791
Bound Backbone,BLUE,5.349,3.342,False,A,ARG222,NE,-7.942,54.268,-12.358,A,HOH704,O,-6.372,54.027,-9.418
Phase Boundary,YELLOW,4.773,3.372,False,A,ARG222,NH1,-8.783,54.719,-14.534,A,GLY242,N,-11.021,54.71,-17.056
Bound Backbone,BLUE,5.691,2.84,False,A,ARG222,NH1,-8.783,54.719,-14.534,A,GLY242,O,-10.068,56.852,-15.9
Phase Boundary,YELLOW,4.771,3.586,False,A,ARG222,NH2,-9.935,55.413,-12.618,A,GLY242,O,-10.068,56.852,-15.9
Phase Boundary,YELLOW,4.63,3.02,False,A,ARG222,NH2,-9.935,55.413,-12.618,A,SER248,OG,-12.64,56.419,-13.509
Bound Backbone,BLUE,7.661,2.876,False,A,ARG222,NH2,-9.935,55.413,-12.618,A,GLU274,OE1,-9.118,55.554,-9.864
Ligand Fluctuation Noise,RED,3.343,3.716,True,A,ARG222,NH2,-9.935,55.413,-12.618,A,ZMR466,O9,-7.439,57.473,-10.791
Phase Boundary,YELLOW,4.536,3.646,False,A,THR223,N,-5.711,48.493,-11.743,A,GLN224,N,-6.422,47.011,-8.488
Bound Backbone,BLUE,8.281,2.245,False,A,THR223,O,-5.848,49.102,-9.068,A,GLN224,N,-6.422,47.011,-8.488
Phase Boundary,YELLOW,4.956,3.625,False,A,THR223,O,-5.848,49.102,-9.068,A,GLN224,O,-5.648,48.71,-5.47
Phase Boundary,YELLOW,4.129,3.601,False,A,THR223,O,-5.848,49.102,-9.068,A,GLU225,N,-4.139,47.322,-6.446
Thermal Noise,RED,3.05,3.628,False,A,THR223,O,-5.848,49.102,-9.068,A,GLU225,OE2,-2.51,50.5,-8.806
Phase Boundary,YELLOW,4.9,2.878,False,A,THR223,O,-5.848,49.102,-9.068,A,HOH711,O,-7.714,51.251,-9.495
Bound Backbone,BLUE,6.549,2.884,False,A,THR223,OG1,-6.582,45.12,-10.659,A,GLN224,N,-6.422,47.011,-8.488
Bound Backbone,BLUE,6.031,2.587,False,A,THR223,OG1,-6.582,45.12,-10.659,A,MET238,O,-9.148,45.257,-10.363
Bound Backbone,BLUE,5.404,3.079,False,A,GLN224,N,-6.422,47.011,-8.488,A,GLU225,N,-4.139,47.322,-6.446
Thermal Noise,RED,3.309,3.745,False,A,GLN224,N,-6.422,47.011,-8.488,A,MET238,O,-9.148,45.257,-10.363
Bound Backbone,BLUE,8.674,2.271,False,A,GLN224,O,-5.648,48.71,-5.47,A,GLU225,N,-4.139,47.322,-6.446
Thermal Noise,RED,3.272,3.857,False,A,GLN224,O,-5.648,48.71,-5.47,A,GLU225,O,-2.764,47.487,-3.219
Thermal Noise,RED,3.249,3.633,False,A,GLN224,O,-5.648,48.71,-5.47,A,SER226,N,-3.83,45.81,-4.253
Bound Backbone,BLUE,6.11,3.175,False,A,GLN224,O,-5.648,48.71,-5.47,A,LYS348,NZ,-6.863,48.47,-2.546
Phase Boundary,YELLOW,4.227,3.088,False,A,GLN224,NE2,-7.706,43.48,-5.178,A,SER226,O,-4.636,43.422,-4.848
Phase Boundary,YELLOW,4.344,3.44,False,A,GLN224,NE2,-7.706,43.48,-5.178,A,SER226,OG,-6.364,45.658,-2.878
Bound Backbone,BLUE,6.395,2.779,False,A,GLN224,NE2,-7.706,43.48,-5.178,A,ALA227,O,-6.79,41.469,-3.493
Thermal Noise,RED,2.878,3.826,False,A,GLN224,NE2,-7.706,43.48,-5.178,A,CYS276,O,-9.171,46.838,-4.075
Bound Backbone,BLUE,6.529,3.166,False,A,GLN224,NE2,-7.706,43.48,-5.178,A,HOH547,O,-7.836,43.56,-2.016
Thermal Noise,RED,3.11,3.59,False,A,GLN224,NE2,-7.706,43.48,-5.178,A,HOH559,O,-10.202,40.906,-5.36
Bound Backbone,BLUE,6.721,3.015,False,A,GLN224,OE1,-9.472,43.409,-6.509,A,MET238,N,-10.721,43.306,-9.251
Thermal Noise,RED,3.503,3.803,False,A,GLN224,OE1,-9.472,43.409,-6.509,A,CYS278,SG,-12.326,43.927,-4.049
Bound Backbone,BLUE,5.44,2.849,False,A,GLN224,OE1,-9.472,43.409,-6.509,A,HOH559,O,-10.202,40.906,-5.36
Bound Backbone,BLUE,7.934,2.682,False,A,GLU225,N,-4.139,47.322,-6.446,A,SER226,N,-3.83,45.81,-4.253
Bound Backbone,BLUE,9.057,2.24,False,A,GLU225,O,-2.764,47.487,-3.219,A,SER226,N,-3.83,45.81,-4.253
Phase Boundary,YELLOW,5.122,2.955,False,A,GLU225,O,-2.764,47.487,-3.219,A,HOH494,O,-1.298,49.717,-1.951
Bound Backbone,BLUE,5.622,2.921,False,A,GLU225,OE1,-1.229,49.117,-7.792,A,HOH587,O,0.456,47.376,-6.161
Phase Boundary,YELLOW,4.933,2.958,False,A,GLU225,OE1,-1.229,49.117,-7.792,A,HOH701,O,0.745,51.06,-8.829
Ligand Boundary Hotspot,ORANGE,4.257,3.102,True,A,GLU225,OE2,-2.51,50.5,-8.806,A,ZMR466,NH1,-0.896,53.081,-9.402
Thermal Noise,RED,3.669,3.303,False,A,GLU225,OE2,-2.51,50.5,-8.806,A,HOH701,O,0.745,51.06,-8.829
Bound Backbone,BLUE,5.271,2.755,False,A,GLU225,OE2,-2.51,50.5,-8.806,A,HOH713,O,-3.79,52.94,-8.807
Thermal Noise,RED,3.433,3.59,False,A,SER226,N,-3.83,45.81,-4.253,A,ALA227,N,-4.3,42.565,-2.792
Bound Backbone,BLUE,12.067,2.253,False,A,SER226,O,-4.636,43.422,-4.848,A,ALA227,N,-4.3,42.565,-2.792
Phase Boundary,YELLOW,4.331,3.208,False,A,SER226,O,-4.636,43.422,-4.848,A,ALA227,O,-6.79,41.469,-3.493
Thermal Noise,RED,3.042,3.628,False,A,SER226,O,-4.636,43.422,-4.848,A,CYS228,N,-5.737,39.966,-4.794
Thermal Noise,RED,2.894,3.719,False,A,SER226,OG,-6.364,45.658,-2.878,A,ALA227,N,-4.3,42.565,-2.792
Thermal Noise,RED,4.057,3.272,False,A,SER226,OG,-6.364,45.658,-2.878,A,CYS276,O,-9.171,46.838,-4.075
Phase Boundary,YELLOW,4.882,2.875,False,A,SER226,OG,-6.364,45.658,-2.878,A,LYS348,NZ,-6.863,48.47,-2.546
Bound Backbone,BLUE,5.828,2.704,False,A,SER226,OG,-6.364,45.658,-2.878,A,HOH547,O,-7.836,43.56,-2.016
Thermal Noise,RED,3.74,3.582,False,A,ALA227,N,-4.3,42.565,-2.792,A,CYS228,N,-5.737,39.966,-4.794
Bound Backbone,BLUE,6.932,3.034,False,A,ALA227,N,-4.3,42.565,-2.792,A,HOH470,O,-3.743,43.114,0.139
Thermal Noise,RED,2.916,3.754,False,A,ALA227,N,-4.3,42.565,-2.792,A,HOH547,O,-7.836,43.56,-2.016
Bound Backbone,BLUE,9.592,2.25,False,A,ALA227,O,-6.79,41.469,-3.493,A,CYS228,N,-5.737,39.966,-4.794
Thermal Noise,RED,3.349,3.457,False,A,ALA227,O,-6.79,41.469,-3.493,A,CYS228,O,-6.776,38.012,-3.474
Thermal Noise,RED,3.255,3.6,False,A,ALA227,O,-6.79,41.469,-3.493,A,ASN229,OD1,-9.73,39.676,-2.445
Bound Backbone,BLUE,6.183,2.765,False,A,ALA227,O,-6.79,41.469,-3.493,A,HOH547,O,-7.836,43.56,-2.016
Thermal Noise,RED,2.963,3.93,False,A,ALA227,O,-6.79,41.469,-3.493,A,HOH559,O,-10.202,40.906,-5.36
Thermal Noise,RED,3.037,3.631,False,A,CYS228,N,-5.737,39.966,-4.794,A,ASN229,N,-8.615,37.754,-4.705
Bound Backbone,BLUE,9.629,2.228,False,A,CYS228,O,-6.776,38.012,-3.474,A,ASN229,N,-8.615,37.754,-4.705
Thermal Noise,RED,3.359,3.543,False,A,CYS228,O,-6.776,38.012,-3.474,A,ASN229,OD1,-9.73,39.676,-2.445
Bound Backbone,BLUE,6.62,2.975,False,A,CYS228,O,-6.776,38.012,-3.474,A,HOH518,O,-5.881,36.747,-0.935
Thermal Noise,RED,3.357,3.492,False,A,ASN229,N,-8.615,37.754,-4.705,A,CYS230,N,-9.094,34.359,-4.041
Bound Backbone,BLUE,5.625,3.2,False,A,ASN229,N,-8.615,37.754,-4.705,A,TYR236,O,-9.92,38.967,-7.363
Thermal Noise,RED,3.172,3.589,False,A,ASN229,N,-8.615,37.754,-4.705,A,HOH559,O,-10.202,40.906,-5.36
Bound Backbone,BLUE,9.523,2.246,False,A,ASN229,O,-10.495,35.58,-5.303,A,CYS230,N,-9.094,34.359,-4.041
Thermal Noise,RED,3.421,3.673,False,A,ASN229,O,-10.495,35.58,-5.303,A,ASP234,O,-11.181,32.455,-7.108
Bound Backbone,BLUE,7.663,2.869,False,A,ASN229,O,-10.495,35.58,-5.303,A,TYR236,N,-10.715,36.437,-8.032
Thermal Noise,RED,2.894,3.752,False,A,ASN229,ND2,-9.891,38.169,-0.845,A,CYS278,O,-10.137,41.859,-0.212
Bound Backbone,BLUE,6.443,3.133,False,A,ASN229,ND2,-9.891,38.169,-0.845,A,HOH512,O,-10.644,37.62,2.146
Bound Backbone,BLUE,5.798,2.894,False,A,ASN229,ND2,-9.891,38.169,-0.845,A,HOH521,O,-8.317,39.927,0.83
Bound Backbone,BLUE,5.326,3.149,False,A,ASN229,OD1,-9.73,39.676,-2.445,A,CYS278,O,-10.137,41.859,-0.212
Thermal Noise,RED,3.38,3.817,False,A,ASN229,OD1,-9.73,39.676,-2.445,A,GLY279,N,-12.312,41.296,-0.148
Phase Boundary,YELLOW,4.801,3.576,False,A,ASN229,OD1,-9.73,39.676,-2.445,A,HOH521,O,-8.317,39.927,0.83
Bound Backbone,BLUE,5.978,3.199,False,A,ASN229,OD1,-9.73,39.676,-2.445,A,HOH559,O,-10.202,40.906,-5.36
Thermal Noise,RED,3.209,3.543,False,A,CYS230,N,-9.094,34.359,-4.041,A,ILE231,N,-11.153,31.498,-4.402
Bound Backbone,BLUE,5.318,2.995,False,A,CYS230,N,-9.094,34.359,-4.041,A,HOH500,O,-6.61,34.053,-2.396
Bound Backbone,BLUE,10.827,2.277,False,A,CYS230,O,-9.903,32.083,-2.591,A,ILE231,N,-11.153,31.498,-4.402
Thermal Noise,RED,2.715,3.842,False,A,CYS230,O,-9.903,32.083,-2.591,A,HOH500,O,-6.61,34.053,-2.396
Thermal Noise,RED,3.316,3.706,False,A,CYS230,O,-9.903,32.083,-2.591,A,HOH558,O,-8.729,29.021,-4.317
Phase Boundary,YELLOW,4.871,3.556,False,A,CYS230,O,-9.903,32.083,-2.591,A,HOH638,O,-8.648,32.685,0.681
Bound Backbone,BLUE,15.426,2.036,False,A,CYS230,SG,-6.918,33.356,-5.954,A,CYS235,SG,-7.149,32.907,-7.926
Phase Boundary,YELLOW,4.862,3.639,False,A,CYS230,SG,-6.918,33.356,-5.954,A,HOH500,O,-6.61,34.053,-2.396
Thermal Noise,RED,3.492,3.385,False,A,ILE231,N,-11.153,31.498,-4.402,A,GLY232,N,-11.828,28.181,-4.353
Bound Backbone,BLUE,7.605,2.87,False,A,ILE231,N,-11.153,31.498,-4.402,A,ASP234,O,-11.181,32.455,-7.108
Thermal Noise,RED,3.331,3.467,False,A,ILE231,N,-11.153,31.498,-4.402,A,HOH558,O,-8.729,29.021,-4.317
Bound Backbone,BLUE,10.766,2.223,False,A,ILE231,O,-12.41,29.612,-5.951,A,GLY232,N,-11.828,28.181,-4.353
Thermal Noise,RED,3.232,3.694,False,A,ILE231,O,-12.41,29.612,-5.951,A,GLY232,O,-11.529,26.344,-7.431
Phase Boundary,YELLOW,5.069,2.853,False,A,ILE231,O,-12.41,29.612,-5.951,A,GLY233,N,-10.188,27.936,-6.576
Bound Backbone,BLUE,7.159,2.843,False,A,ILE231,O,-12.41,29.612,-5.951,A,ASP234,N,-10.887,29.927,-8.331
Thermal Noise,RED,3.946,3.306,False,A,ILE231,O,-12.41,29.612,-5.951,A,ASP234,O,-11.181,32.455,-7.108
Thermal Noise,RED,3.717,3.972,False,A,ILE231,O,-12.41,29.612,-5.951,A,ASP234,OD2,-14.466,29.485,-9.347
Bound Backbone,BLUE,7.331,2.773,False,A,GLY232,N,-11.828,28.181,-4.353,A,GLY233,N,-10.188,27.936,-6.576
Thermal Noise,RED,3.882,3.211,False,A,GLY232,N,-11.828,28.181,-4.353,A,HOH558,O,-8.729,29.021,-4.317
Bound Backbone,BLUE,8.629,2.25,False,A,GLY232,O,-11.529,26.344,-7.431,A,GLY233,N,-10.188,27.936,-6.576
Thermal Noise,RED,2.951,3.75,False,A,GLY232,O,-11.529,26.344,-7.431,A,ASP234,N,-10.887,29.927,-8.331
Bound Backbone,BLUE,7.473,2.932,False,A,GLY232,O,-11.529,26.344,-7.431,A,ARG256,NH1,-11.656,26.984,-10.289
Phase Boundary,YELLOW,5.085,3.417,False,A,GLY232,O,-11.529,26.344,-7.431,A,ARG256,NH2,-10.981,24.761,-10.409
Phase Boundary,YELLOW,4.692,2.978,False,A,GLY232,O,-11.529,26.344,-7.431,A,HOH634,O,-13.135,23.949,-8.175
Bound Backbone,BLUE,6.695,2.745,False,A,GLY233,N,-10.188,27.936,-6.576,A,ASP234,N,-10.887,29.927,-8.331
Bound Backbone,BLUE,6.597,2.9,False,A,GLY233,N,-10.188,27.936,-6.576,A,HOH558,O,-8.729,29.021,-4.317
Bound Backbone,BLUE,9.631,2.256,False,A,GLY233,O,-9.13,29.475,-9.672,A,ASP234,N,-10.887,29.927,-8.331
Thermal Noise,RED,2.731,3.878,False,A,GLY233,O,-9.13,29.475,-9.672,A,CYS235,N,-10.019,33.166,-8.88
Thermal Noise,RED,3.245,3.774,False,A,GLY233,O,-9.13,29.475,-9.672,A,ILE255,O,-9.259,32.756,-11.532
Thermal Noise,RED,3.144,3.601,False,A,GLY233,O,-9.13,29.475,-9.672,A,ARG256,NH1,-11.656,26.984,-10.289
Bound Backbone,BLUE,6.118,2.583,False,A,GLY233,O,-9.13,29.475,-9.672,A,HOH554,O,-6.639,29.983,-10.128
Thermal Noise,RED,3.524,3.398,False,A,ASP234,N,-10.887,29.927,-8.331,A,CYS235,N,-10.019,33.166,-8.88
Thermal Noise,RED,3.628,3.618,False,A,ASP234,N,-10.887,29.927,-8.331,A,ARG256,NH1,-11.656,26.984,-10.289
Bound Backbone,BLUE,11.215,2.235,False,A,ASP234,O,-11.181,32.455,-7.108,A,CYS235,N,-10.019,33.166,-8.88
Phase Boundary,YELLOW,4.906,2.894,False,A,ASP234,OD1,-12.957,29.5,-10.884,A,ARG256,NH1,-11.656,26.984,-10.289
Phase Boundary,YELLOW,5.18,3.026,False,A,ASP234,OD1,-12.957,29.5,-10.884,A,HOH691,O,-14.621,27.57,-12.515
Thermal Noise,RED,2.761,3.878,False,A,ASP234,OD2,-14.466,29.485,-9.347,A,ARG256,NH1,-11.656,26.984,-10.289
Phase Boundary,YELLOW,5.265,3.117,False,A,ASP234,OD2,-14.466,29.485,-9.347,A,HOH627,O,-16.667,30.275,-7.286
Thermal Noise,RED,3.569,3.539,False,A,ASP234,OD2,-14.466,29.485,-9.347,A,HOH664,O,-17.226,27.87,-10.862
Phase Boundary,YELLOW,4.272,3.705,False,A,ASP234,OD2,-14.466,29.485,-9.347,A,HOH691,O,-14.621,27.57,-12.515
Thermal Noise,RED,3.491,3.45,False,A,CYS235,N,-10.019,33.166,-8.88,A,TYR236,N,-10.715,36.437,-8.032
Bound Backbone,BLUE,8.105,2.789,False,A,CYS235,N,-10.019,33.166,-8.88,A,ILE255,O,-9.259,32.756,-11.532
Bound Backbone,BLUE,12.378,2.228,False,A,CYS235,O,-10.261,35.677,-10.077,A,TYR236,N,-10.715,36.437,-8.032
Thermal Noise,RED,3.49,3.575,False,A,CYS235,O,-10.261,35.677,-10.077,A,LEU253,O,-11.944,38.442,-11.595
Bound Backbone,BLUE,7.96,2.815,False,A,CYS235,O,-10.261,35.677,-10.077,A,ILE255,N,-10.502,34.844,-12.755
Thermal Noise,RED,3.831,3.414,False,A,CYS235,O,-10.261,35.677,-10.077,A,ILE255,O,-9.259,32.756,-11.532
Thermal Noise,RED,2.738,3.836,False,A,CYS235,SG,-7.149,32.907,-7.926,A,HOH546,O,-3.414,32.128,-7.527
Thermal Noise,RED,3.592,3.696,False,A,CYS235,SG,-7.149,32.907,-7.926,A,HOH554,O,-6.639,29.983,-10.128
Thermal Noise,RED,3.789,3.972,False,A,CYS235,SG,-7.149,32.907,-7.926,A,HOH557,O,-5.354,32.339,-11.423
Thermal Noise,RED,3.403,3.567,False,A,TYR236,N,-10.715,36.437,-8.032,A,LEU237,N,-10.737,39.767,-9.31
Bound Backbone,BLUE,11.564,2.258,False,A,TYR236,O,-9.92,38.967,-7.363,A,LEU237,N,-10.737,39.767,-9.31
Bound Backbone,BLUE,6.755,2.802,False,A,TYR236,O,-9.92,38.967,-7.363,A,HOH559,O,-10.202,40.906,-5.36
Thermal Noise,RED,3.922,3.761,False,A,TYR236,OH,-16.513,33.6,-9.001,A,LYS254,NZ,-17.032,31.298,-11.929
Phase Boundary,YELLOW,4.365,3.109,False,A,TYR236,OH,-16.513,33.6,-9.001,A,VAL306,O,-19.393,32.86,-8.094
Bound Backbone,BLUE,6.552,2.747,False,A,TYR236,OH,-16.513,33.6,-9.001,A,ASP309,OD1,-18.439,34.622,-10.672
Thermal Noise,RED,2.598,3.946,False,A,TYR236,OH,-16.513,33.6,-9.001,A,HOH626,O,-18.798,30.425,-9.521
Thermal Noise,RED,3.235,3.744,False,A,TYR236,OH,-16.513,33.6,-9.001,A,HOH627,O,-16.667,30.275,-7.286
Thermal Noise,RED,3.195,3.54,False,A,LEU237,N,-10.737,39.767,-9.31,A,MET238,N,-10.721,43.306,-9.251
Bound Backbone,BLUE,6.615,2.904,False,A,LEU237,N,-10.737,39.767,-9.31,A,LEU253,O,-11.944,38.442,-11.595
Bound Backbone,BLUE,11.063,2.234,False,A,LEU237,O,-11.345,42.032,-10.977,A,MET238,N,-10.721,43.306,-9.251
Thermal Noise,RED,2.604,3.95,False,A,LEU237,O,-11.345,42.032,-10.977,A,MET238,O,-9.148,45.257,-10.363
Thermal Noise,RED,2.935,3.753,False,A,LEU237,O,-11.345,42.032,-10.977,A,ILE239,N,-10.798,45.645,-11.833
Thermal Noise,RED,2.957,3.85,False,A,LEU237,O,-11.345,42.032,-10.977,A,ARG251,O,-13.518,44.84,-12.466
Bound Backbone,BLUE,6.502,2.832,False,A,LEU237,O,-11.345,42.032,-10.977,A,LEU253,N,-12.835,40.626,-12.933
Thermal Noise,RED,2.989,3.692,False,A,LEU237,O,-11.345,42.032,-10.977,A,LEU253,O,-11.944,38.442,-11.595
Phase Boundary,YELLOW,4.447,3.485,False,A,MET238,N,-10.721,43.306,-9.251,A,ILE239,N,-10.798,45.645,-11.833
Bound Backbone,BLUE,10.122,2.244,False,A,MET238,O,-9.148,45.257,-10.363,A,ILE239,N,-10.798,45.645,-11.833
Thermal Noise,RED,3.134,3.733,False,A,MET238,SD,-11.533,48.358,-8.647,A,GLU275,N,-9.47,51.129,-7.232
Phase Boundary,YELLOW,4.82,3.562,False,A,MET238,SD,-11.533,48.358,-8.647,A,CYS276,N,-10.232,49.043,-5.403
Bound Backbone,BLUE,5.481,3.241,False,A,MET238,SD,-11.533,48.358,-8.647,A,CYS276,SG,-13.339,48.392,-5.956
Thermal Noise,RED,3.618,3.542,False,A,ILE239,N,-10.798,45.645,-11.833,A,THR240,N,-10.41,48.767,-13.461
Phase Boundary,YELLOW,4.881,2.906,False,A,ILE239,N,-10.798,45.645,-11.833,A,ARG251,O,-13.518,44.84,-12.466
Bound Backbone,BLUE,8.553,2.21,False,A,ILE239,O,-12.13,47.506,-12.882,A,THR240,N,-10.41,48.767,-13.461
Phase Boundary,YELLOW,4.919,2.885,False,A,ILE239,O,-12.13,47.506,-12.882,A,ARG251,N,-14.874,46.806,-13.435
Phase Boundary,YELLOW,4.399,3.034,False,A,ILE239,O,-12.13,47.506,-12.882,A,ARG251,O,-13.518,44.84,-12.466
Thermal Noise,RED,3.789,3.575,False,A,THR240,N,-10.41,48.767,-13.461,A,ASP241,N,-11.159,51.596,-15.514
Bound Backbone,BLUE,8.0,2.258,False,A,THR240,O,-9.307,50.365,-15.123,A,ASP241,N,-11.159,51.596,-15.514
Bound Backbone,BLUE,7.203,2.889,False,A,THR240,OG1,-12.469,51.801,-12.947,A,ASP241,N,-11.159,51.596,-15.514
Thermal Noise,RED,2.824,3.776,False,A,THR240,OG1,-12.469,51.801,-12.947,A,SER248,O,-15.62,53.848,-12.577
Thermal Noise,RED,3.063,3.983,False,A,THR240,OG1,-12.469,51.801,-12.947,A,LYS249,O,-15.415,50.44,-15.256
Thermal Noise,RED,2.956,3.68,False,A,THR240,OG1,-12.469,51.801,-12.947,A,CYS250,N,-15.832,50.309,-13.041
Bound Backbone,BLUE,6.801,3.031,False,A,THR240,OG1,-12.469,51.801,-12.947,A,THR273,O,-13.48,52.039,-10.099
Thermal Noise,RED,3.723,3.478,False,A,ASP241,N,-11.159,51.596,-15.514,A,GLY242,N,-11.021,54.71,-17.056
Bound Backbone,BLUE,8.246,2.23,False,A,ASP241,O,-12.761,53.386,-16.618,A,GLY242,N,-11.021,54.71,-17.056
Thermal Noise,RED,3.383,3.719,False,A,ASP241,O,-12.761,53.386,-16.618,A,LYS249,N,-15.939,53.158,-14.7
Bound Backbone,BLUE,5.515,3.096,False,A,ASP241,OD1,-9.627,53.033,-19.253,A,GLY242,N,-11.021,54.71,-17.056
Thermal Noise,RED,3.123,3.597,False,A,GLY242,N,-11.021,54.71,-17.056,A,SER243,N,-11.711,58.212,-16.613
Bound Backbone,BLUE,8.419,2.249,False,A,GLY242,O,-10.068,56.852,-15.9,A,SER243,N,-11.711,58.212,-16.613
Thermal Noise,RED,3.627,3.643,False,A,GLY242,O,-10.068,56.852,-15.9,A,SER243,O,-12.0,59.156,-13.843
Thermal Noise,RED,3.613,3.595,False,A,GLY242,O,-10.068,56.852,-15.9,A,ALA244,N,-9.909,59.936,-14.06
Phase Boundary,YELLOW,4.126,3.538,False,A,GLY242,O,-10.068,56.852,-15.9,A,SER248,OG,-12.64,56.419,-13.509
Phase Boundary,YELLOW,4.165,3.569,False,A,SER243,N,-11.711,58.212,-16.613,A,ALA244,N,-9.909,59.936,-14.06
Phase Boundary,YELLOW,4.209,3.113,False,A,SER243,N,-11.711,58.212,-16.613,A,ILE247,O,-14.634,57.288,-16.069
Phase Boundary,YELLOW,4.223,3.703,False,A,SER243,N,-11.711,58.212,-16.613,A,SER248,OG,-12.64,56.419,-13.509
Phase Boundary,YELLOW,4.743,3.578,False,A,SER243,N,-11.711,58.212,-16.613,A,HOH692,O,-13.194,57.775,-19.84
Bound Backbone,BLUE,8.007,2.242,False,A,SER243,O,-12.0,59.156,-13.843,A,ALA244,N,-9.909,59.936,-14.06
Thermal Noise,RED,3.47,3.946,False,A,SER243,O,-12.0,59.156,-13.843,A,ALA244,O,-10.677,61.447,-10.915
Phase Boundary,YELLOW,4.116,3.183,False,A,SER243,O,-12.0,59.156,-13.843,A,SER245,N,-11.122,62.104,-13.023
Thermal Noise,RED,3.82,3.238,False,A,SER243,O,-12.0,59.156,-13.843,A,GLY246,N,-13.711,61.903,-13.747
Thermal Noise,RED,3.761,3.334,False,A,SER243,O,-12.0,59.156,-13.843,A,GLY246,O,-15.147,59.813,-12.959
Thermal Noise,RED,3.135,3.922,False,A,SER243,O,-12.0,59.156,-13.843,A,ILE247,O,-14.634,57.288,-16.069
Phase Boundary,YELLOW,5.039,2.831,False,A,SER243,O,-12.0,59.156,-13.843,A,SER248,OG,-12.64,56.419,-13.509
Thermal Noise,RED,3.994,3.711,False,A,SER243,O,-12.0,59.156,-13.843,A,HIS272,ND1,-14.146,58.126,-10.996
Phase Boundary,YELLOW,5.056,3.172,False,A,SER243,OG,-11.36,61.851,-16.131,A,ALA244,N,-9.909,59.936,-14.06
Bound Backbone,BLUE,6.664,3.127,False,A,SER243,OG,-11.36,61.851,-16.131,A,SER245,N,-11.122,62.104,-13.023
Thermal Noise,RED,3.377,3.89,False,A,SER243,OG,-11.36,61.851,-16.131,A,SER245,OG,-9.976,64.425,-13.563
Phase Boundary,YELLOW,4.72,3.349,False,A,SER243,OG,-11.36,61.851,-16.131,A,GLY246,N,-13.711,61.903,-13.747
Bound Backbone,BLUE,6.044,2.692,False,A,ALA244,N,-9.909,59.936,-14.06,A,SER245,N,-11.122,62.104,-13.023
Bound Backbone,BLUE,12.285,2.252,False,A,ALA244,O,-10.677,61.447,-10.915,A,SER245,N,-11.122,62.104,-13.023
Phase Boundary,YELLOW,4.544,3.686,False,A,ALA244,O,-10.677,61.447,-10.915,A,ASN293,O,-11.802,62.306,-7.512
Bound Backbone,BLUE,6.793,2.882,False,A,ALA244,O,-10.677,61.447,-10.915,A,ASN293,ND2,-8.96,61.342,-8.603
Bound Backbone,BLUE,5.76,2.696,False,A,SER245,N,-11.122,62.104,-13.023,A,GLY246,N,-13.711,61.903,-13.747
Bound Backbone,BLUE,8.476,2.222,False,A,SER245,O,-14.188,63.99,-13.152,A,GLY246,N,-13.711,61.903,-13.747
Thermal Noise,RED,3.082,3.925,False,A,SER245,OG,-9.976,64.425,-13.563,A,ARG344,NH2,-9.8,67.721,-11.44
Thermal Noise,RED,3.635,3.467,False,A,GLY246,N,-13.711,61.903,-13.747,A,ILE247,N,-15.963,59.619,-15.062
Phase Boundary,YELLOW,4.785,3.596,False,A,GLY246,N,-13.711,61.903,-13.747,A,SER294,OG,-14.622,60.903,-10.415
Bound Backbone,BLUE,12.094,2.264,False,A,GLY246,O,-15.147,59.813,-12.959,A,ILE247,N,-15.963,59.619,-15.062
Thermal Noise,RED,3.002,3.773,False,A,GLY246,O,-15.147,59.813,-12.959,A,SER248,N,-15.415,56.257,-14.19
Bound Backbone,BLUE,6.851,2.775,False,A,GLY246,O,-15.147,59.813,-12.959,A,HIS272,ND1,-14.146,58.126,-10.996
Bound Backbone,BLUE,7.66,2.817,False,A,GLY246,O,-15.147,59.813,-12.959,A,SER294,OG,-14.622,60.903,-10.415
Thermal Noise,RED,2.553,3.96,False,A,GLY246,O,-15.147,59.813,-12.959,A,TYR295,OH,-18.573,61.798,-12.904
Bound Backbone,BLUE,6.297,2.61,False,A,GLY246,O,-15.147,59.813,-12.959,A,HOH674,O,-17.384,58.793,-12.084
Thermal Noise,RED,3.364,3.516,False,A,ILE247,N,-15.963,59.619,-15.062,A,SER248,N,-15.415,56.257,-14.19
Phase Boundary,YELLOW,5.146,3.401,False,A,ILE247,N,-15.963,59.619,-15.062,A,HOH674,O,-17.384,58.793,-12.084
Bound Backbone,BLUE,11.012,2.281,False,A,ILE247,O,-14.634,57.288,-16.069,A,SER248,N,-15.415,56.257,-14.19
Phase Boundary,YELLOW,4.857,3.359,False,A,ILE247,O,-14.634,57.288,-16.069,A,SER248,OG,-12.64,56.419,-13.509
Bound Backbone,BLUE,6.441,3.001,False,A,ILE247,O,-14.634,57.288,-16.069,A,HOH503,O,-15.416,55.862,-18.591
Thermal Noise,RED,4.012,3.184,False,A,SER248,N,-15.415,56.257,-14.19,A,LYS249,N,-15.939,53.158,-14.7
Bound Backbone,BLUE,5.499,2.914,False,A,SER248,N,-15.415,56.257,-14.19,A,GLU271,O,-17.917,56.343,-12.699
Thermal Noise,RED,3.724,3.912,False,A,SER248,N,-15.415,56.257,-14.19,A,HIS272,ND1,-14.146,58.126,-10.996
Thermal Noise,RED,3.234,3.84,False,A,SER248,N,-15.415,56.257,-14.19,A,HOH674,O,-17.384,58.793,-12.084
Bound Backbone,BLUE,12.309,2.255,False,A,SER248,O,-15.62,53.848,-12.577,A,LYS249,N,-15.939,53.158,-14.7
Thermal Noise,RED,3.164,3.576,False,A,SER248,O,-15.62,53.848,-12.577,A,CYS250,N,-15.832,50.309,-13.041
Thermal Noise,RED,2.51,3.999,False,A,SER248,O,-15.62,53.848,-12.577,A,VAL270,O,-19.574,53.318,-12.3
Thermal Noise,RED,3.478,3.394,False,A,SER248,O,-15.62,53.848,-12.577,A,GLU271,O,-17.917,56.343,-12.699
Thermal Noise,RED,3.399,3.736,False,A,SER248,O,-15.62,53.848,-12.577,A,HIS272,N,-18.16,55.703,-10.561
Bound Backbone,BLUE,7.087,3.038,False,A,SER248,O,-15.62,53.848,-12.577,A,THR273,N,-15.634,53.677,-9.544
Thermal Noise,RED,3.659,3.741,False,A,SER248,O,-15.62,53.848,-12.577,A,THR273,O,-13.48,52.039,-10.099
Thermal Noise,RED,3.003,3.813,False,A,SER248,O,-15.62,53.848,-12.577,A,HOH478,O,-18.017,51.256,-11.137
Phase Boundary,YELLOW,4.698,3.391,False,A,SER248,OG,-12.64,56.419,-13.509,A,HIS272,ND1,-14.146,58.126,-10.996
Phase Boundary,YELLOW,4.981,3.59,False,A,SER248,OG,-12.64,56.419,-13.509,A,HIS272,NE2,-12.493,57.213,-10.011
Phase Boundary,YELLOW,4.27,3.299,False,A,LYS249,N,-15.939,53.158,-14.7,A,CYS250,N,-15.832,50.309,-13.041
Bound Backbone,BLUE,12.66,2.258,False,A,LYS249,O,-15.415,50.44,-15.256,A,CYS250,N,-15.832,50.309,-13.041
Phase Boundary,YELLOW,4.104,3.354,False,A,LYS249,O,-15.415,50.44,-15.256,A,CYS250,O,-16.826,47.882,-13.609
Thermal Noise,RED,3.021,3.653,False,A,CYS250,N,-15.832,50.309,-13.041,A,ARG251,N,-14.874,46.806,-13.435
Bound Backbone,BLUE,5.373,3.049,False,A,CYS250,N,-15.832,50.309,-13.041,A,HOH478,O,-18.017,51.256,-11.137
Thermal Noise,RED,3.344,3.478,False,A,CYS250,N,-15.832,50.309,-13.041,A,HOH520,O,-19.093,49.187,-12.593
Bound Backbone,BLUE,8.038,2.236,False,A,CYS250,O,-16.826,47.882,-13.609,A,ARG251,N,-14.874,46.806,-13.435
Bound Backbone,BLUE,5.506,2.806,False,A,CYS250,O,-16.826,47.882,-13.609,A,HOH520,O,-19.093,49.187,-12.593
Phase Boundary,YELLOW,5.194,3.275,False,A,CYS250,O,-16.826,47.882,-13.609,A,HOH589,O,-18.795,48.368,-16.181
Phase Boundary,YELLOW,4.575,3.579,False,A,CYS250,SG,-15.986,48.3,-10.379,A,ARG251,N,-14.874,46.806,-13.435
Thermal Noise,RED,3.059,3.666,False,A,CYS250,SG,-15.986,48.3,-10.379,A,HOH478,O,-18.017,51.256,-11.137
Thermal Noise,RED,3.139,3.917,False,A,CYS250,SG,-15.986,48.3,-10.379,A,HOH520,O,-19.093,49.187,-12.593
Thermal Noise,RED,3.199,3.57,False,A,ARG251,N,-14.874,46.806,-13.435,A,PHE252,N,-15.117,43.297,-12.825
Bound Backbone,BLUE,8.027,2.251,False,A,ARG251,O,-13.518,44.84,-12.466,A,PHE252,N,-15.117,43.297,-12.825
Phase Boundary,YELLOW,4.453,3.172,False,A,ARG251,NH1,-16.624,47.512,-19.973,A,HOH646,O,-17.799,50.118,-18.598
Phase Boundary,YELLOW,4.655,3.38,False,A,ARG251,NH1,-16.624,47.512,-19.973,A,HOH654,O,-18.759,48.494,-22.402
Thermal Noise,RED,2.571,3.946,False,A,ARG251,NH2,-15.515,45.639,-20.76,A,GLU263,OE1,-15.087,41.718,-20.636
Bound Backbone,BLUE,7.818,2.812,False,A,ARG251,NH2,-15.515,45.639,-20.76,A,HOH492,O,-14.756,44.892,-23.363
Thermal Noise,RED,3.242,3.515,False,A,PHE252,N,-15.117,43.297,-12.825,A,LEU253,N,-12.835,40.626,-12.933
Phase Boundary,YELLOW,4.784,3.103,False,A,PHE252,N,-15.117,43.297,-12.825,A,ILE264,O,-17.802,42.931,-14.337
Bound Backbone,BLUE,8.677,2.253,False,A,PHE252,O,-14.898,40.756,-13.83,A,LEU253,N,-12.835,40.626,-12.933
Bound Backbone,BLUE,5.926,2.81,False,A,PHE252,O,-14.898,40.756,-13.83,A,ILE264,N,-17.265,40.317,-15.28
Thermal Noise,RED,3.018,3.663,False,A,PHE252,O,-14.898,40.756,-13.83,A,ILE264,O,-17.802,42.931,-14.337
Thermal Noise,RED,3.253,3.517,False,A,LEU253,N,-12.835,40.626,-12.933,A,LYS254,N,-12.731,37.126,-13.266
Bound Backbone,BLUE,10.469,2.268,False,A,LEU253,O,-11.944,38.442,-11.595,A,LYS254,N,-12.731,37.126,-13.266
Thermal Noise,RED,3.895,3.231,False,A,LYS254,N,-12.731,37.126,-13.266,A,ILE255,N,-10.502,34.844,-12.755
Bound Backbone,BLUE,6.593,3.0,False,A,LYS254,N,-12.731,37.126,-13.266,A,LYS262,O,-14.199,37.244,-15.88
Bound Backbone,BLUE,11.402,2.253,False,A,LYS254,O,-11.728,34.945,-14.643,A,ILE255,N,-10.502,34.844,-12.755
Bound Backbone,BLUE,7.614,2.793,False,A,LYS254,O,-11.728,34.945,-14.643,A,ILE261,N,-11.699,33.578,-17.078
Phase Boundary,YELLOW,4.6,3.331,False,A,LYS254,O,-11.728,34.945,-14.643,A,LYS262,N,-14.227,34.72,-16.834
Thermal Noise,RED,3.331,3.595,False,A,LYS254,O,-11.728,34.945,-14.643,A,LYS262,O,-14.199,37.244,-15.88
Thermal Noise,RED,2.928,3.822,False,A,LYS254,NZ,-17.032,31.298,-11.929,A,ASP309,OD1,-18.439,34.622,-10.672
Phase Boundary,YELLOW,4.955,2.846,False,A,LYS254,NZ,-17.032,31.298,-11.929,A,ASP309,OD2,-19.137,33.204,-12.112
Bound Backbone,BLUE,5.711,3.111,False,A,LYS254,NZ,-17.032,31.298,-11.929,A,HOH626,O,-18.798,30.425,-9.521
Thermal Noise,RED,3.269,3.595,False,A,LYS254,NZ,-17.032,31.298,-11.929,A,HOH664,O,-17.226,27.87,-10.862
Thermal Noise,RED,3.423,3.475,False,A,ILE255,N,-10.502,34.844,-12.755,A,ARG256,N,-8.827,31.904,-13.547
Bound Backbone,BLUE,12.23,2.23,False,A,ILE255,O,-9.259,32.756,-11.532,A,ARG256,N,-8.827,31.904,-13.547
Thermal Noise,RED,2.594,3.929,False,A,ILE255,O,-9.259,32.756,-11.532,A,HOH557,O,-5.354,32.339,-11.423
Thermal Noise,RED,3.808,3.272,False,A,ARG256,N,-8.827,31.904,-13.547,A,GLU257,N,-6.371,29.816,-12.987
Bound Backbone,BLUE,8.057,2.797,False,A,ARG256,N,-8.827,31.904,-13.547,A,ARG259,O,-8.752,32.771,-16.205
Bound Backbone,BLUE,11.822,2.263,False,A,ARG256,O,-7.335,30.068,-15.019,A,GLU257,N,-6.371,29.816,-12.987
Thermal Noise,RED,3.199,3.549,False,A,ARG256,O,-7.335,30.068,-15.019,A,GLU257,O,-3.813,29.832,-15.384
Thermal Noise,RED,3.922,3.266,False,A,ARG256,O,-7.335,30.068,-15.019,A,GLY258,N,-4.559,31.552,-14.148
Phase Boundary,YELLOW,4.893,3.044,False,A,ARG256,O,-7.335,30.068,-15.019,A,ARG259,N,-5.932,32.383,-16.412
Thermal Noise,RED,4.045,3.274,False,A,ARG256,O,-7.335,30.068,-15.019,A,ARG259,O,-8.752,32.771,-16.205
Bound Backbone,BLUE,5.356,2.981,False,A,ARG256,O,-7.335,30.068,-15.019,A,HOH682,O,-8.498,27.857,-16.646
Thermal Noise,RED,4.038,3.622,False,A,ARG256,NE,-10.759,26.113,-12.295,A,HOH640,O,-9.329,24.014,-14.877
Thermal Noise,RED,2.974,3.983,False,A,ARG256,NH1,-11.656,26.984,-10.289,A,HOH634,O,-13.135,23.949,-8.175
Thermal Noise,RED,3.476,3.754,False,A,ARG256,NH1,-11.656,26.984,-10.289,A,HOH691,O,-14.621,27.57,-12.515
Thermal Noise,RED,2.905,3.765,False,A,ARG256,NH2,-10.981,24.761,-10.409,A,HOH616,O,-10.243,21.158,-9.602
Phase Boundary,YELLOW,5.09,3.208,False,A,ARG256,NH2,-10.981,24.761,-10.409,A,HOH634,O,-13.135,23.949,-8.175
Bound Backbone,BLUE,5.822,2.765,False,A,GLU257,N,-6.371,29.816,-12.987,A,GLY258,N,-4.559,31.552,-14.148
Bound Backbone,BLUE,7.878,2.876,False,A,GLU257,N,-6.371,29.816,-12.987,A,HOH554,O,-6.639,29.983,-10.128
Phase Boundary,YELLOW,4.707,3.138,False,A,GLU257,N,-6.371,29.816,-12.987,A,HOH557,O,-5.354,32.339,-11.423
Bound Backbone,BLUE,9.467,2.246,False,A,GLU257,O,-3.813,29.832,-15.384,A,GLY258,N,-4.559,31.552,-14.148
Thermal Noise,RED,3.505,3.472,False,A,GLU257,O,-3.813,29.832,-15.384,A,ARG259,N,-5.932,32.383,-16.412
Phase Boundary,YELLOW,4.521,3.739,False,A,GLU257,O,-3.813,29.832,-15.384,A,ARG259,NH1,-3.379,28.796,-18.95
Bound Backbone,BLUE,5.293,2.803,False,A,GLU257,O,-3.813,29.832,-15.384,B,HOH547,O,-2.132,27.699,-16.076
Thermal Noise,RED,3.517,3.816,False,A,GLU257,OE1,-6.37,25.033,-14.179,B,LYS418,NZ,-4.944,22.559,-16.711
Thermal Noise,RED,3.93,3.242,False,A,GLU257,OE1,-6.37,25.033,-14.179,A,HOH636,O,-7.347,22.029,-13.45
Thermal Noise,RED,4.01,3.206,False,A,GLU257,OE1,-6.37,25.033,-14.179,A,HOH640,O,-9.329,24.014,-14.877
Thermal Noise,RED,3.917,3.671,False,A,GLU257,OE1,-6.37,25.033,-14.179,B,HOH538,O,-3.809,25.445,-16.776
Bound Backbone,BLUE,5.511,3.171,False,A,GLU257,OE2,-4.783,24.698,-12.771,A,HOH573,O,-2.796,24.861,-10.305
Thermal Noise,RED,2.885,3.763,False,A,GLU257,OE2,-4.783,24.698,-12.771,A,HOH636,O,-7.347,22.029,-13.45
Thermal Noise,RED,3.326,3.705,False,A,GLU257,OE2,-4.783,24.698,-12.771,B,HOH637,O,-3.145,21.869,-14.515
Bound Backbone,BLUE,7.397,2.775,False,A,GLY258,N,-4.559,31.552,-14.148,A,ARG259,N,-5.932,32.383,-16.412
Bound Backbone,BLUE,7.124,2.946,False,A,GLY258,N,-4.559,31.552,-14.148,A,HOH557,O,-5.354,32.339,-11.423
Bound Backbone,BLUE,8.313,2.223,False,A,GLY258,O,-4.43,33.958,-16.864,A,ARG259,N,-5.932,32.383,-16.412
Thermal Noise,RED,3.506,3.528,False,A,ARG259,N,-5.932,32.383,-16.412,A,ILE260,N,-8.518,34.38,-17.743
Bound Backbone,BLUE,10.39,2.238,False,A,ARG259,O,-8.752,32.771,-16.205,A,ILE260,N,-8.518,34.38,-17.743
Thermal Noise,RED,3.755,3.831,False,A,ARG259,O,-8.752,32.771,-16.205,A,ILE260,O,-10.945,33.852,-19.155
Phase Boundary,YELLOW,4.153,3.178,False,A,ARG259,O,-8.752,32.771,-16.205,A,ILE261,N,-11.699,33.578,-17.078
Bound Backbone,BLUE,5.368,3.23,False,A,ARG259,NE,-4.445,29.913,-20.726,B,GLN87,NE2,-6.266,29.159,-23.285
Phase Boundary,YELLOW,4.784,3.555,False,A,ARG259,NE,-4.445,29.913,-20.726,B,GLN87,OE1,-4.269,28.342,-23.91
Bound Backbone,BLUE,5.605,3.036,False,A,ARG259,NE,-4.445,29.913,-20.726,A,HOH519,O,-2.794,31.423,-22.778
Phase Boundary,YELLOW,4.474,2.991,False,A,ARG259,NH1,-3.379,28.796,-18.95,B,ASP416,OD2,-0.476,28.077,-19.017
Phase Boundary,YELLOW,4.755,3.018,False,A,ARG259,NH1,-3.379,28.796,-18.95,A,HOH591,O,-5.758,27.289,-17.864
Thermal Noise,RED,3.186,3.556,False,A,ARG259,NH1,-3.379,28.796,-18.95,B,HOH528,O,-1.887,25.589,-19.315
Bound Backbone,BLUE,5.365,3.319,False,A,ARG259,NH1,-3.379,28.796,-18.95,B,HOH547,O,-2.132,27.699,-16.076
Thermal Noise,RED,3.357,3.948,False,A,ARG259,NH1,-3.379,28.796,-18.95,B,HOH580,O,-4.013,26.03,-21.695
Thermal Noise,RED,3.654,3.525,False,A,ARG259,NH2,-2.206,29.35,-20.901,B,CYS86,SG,0.665,28.103,-22.523
Thermal Noise,RED,3.917,3.785,False,A,ARG259,NH2,-2.206,29.35,-20.901,B,GLN87,OE1,-4.269,28.342,-23.91
Bound Backbone,BLUE,6.259,2.857,False,A,ARG259,NH2,-2.206,29.35,-20.901,B,ASP416,OD2,-0.476,28.077,-19.017
Thermal Noise,RED,3.375,3.618,False,A,ARG259,NH2,-2.206,29.35,-20.901,B,CYS419,SG,-0.558,26.48,-22.364
Bound Backbone,BLUE,6.246,2.858,False,A,ARG259,NH2,-2.206,29.35,-20.901,A,HOH519,O,-2.794,31.423,-22.778
Thermal Noise,RED,2.755,3.862,False,A,ARG259,NH2,-2.206,29.35,-20.901,B,HOH580,O,-4.013,26.03,-21.695
Thermal Noise,RED,3.662,3.347,False,A,ILE260,N,-8.518,34.38,-17.743,A,ILE261,N,-11.699,33.578,-17.078
Bound Backbone,BLUE,12.543,2.227,False,A,ILE260,O,-10.945,33.852,-19.155,A,ILE261,N,-11.699,33.578,-17.078
Phase Boundary,YELLOW,4.784,3.054,False,A,ILE260,O,-10.945,33.852,-19.155,A,HOH678,O,-10.345,31.154,-20.455
Phase Boundary,YELLOW,5.186,2.785,False,A,ILE261,N,-11.699,33.578,-17.078,A,LYS262,N,-14.227,34.72,-16.834
Bound Backbone,BLUE,9.04,2.228,False,A,ILE261,O,-15.169,32.951,-17.808,A,LYS262,N,-14.227,34.72,-16.834
Thermal Noise,RED,3.099,3.605,False,A,LYS262,N,-14.227,34.72,-16.834,A,GLU263,N,-15.965,37.858,-17.192
Bound Backbone,BLUE,9.282,2.284,False,A,LYS262,O,-14.199,37.244,-15.88,A,GLU263,N,-15.965,37.858,-17.192
Bound Backbone,BLUE,6.982,2.973,False,A,LYS262,NZ,-19.881,32.33,-14.854,A,ASP309,OD2,-19.137,33.204,-12.112
Phase Boundary,YELLOW,4.23,3.375,False,A,GLU263,N,-15.965,37.858,-17.192,A,ILE264,N,-17.265,40.317,-15.28
Bound Backbone,BLUE,6.248,2.984,False,A,GLU263,N,-15.965,37.858,-17.192,A,HOH649,O,-17.561,36.908,-19.527
Bound Backbone,BLUE,10.756,2.259,False,A,GLU263,O,-18.302,39.294,-17.007,A,ILE264,N,-17.265,40.317,-15.28
Thermal Noise,RED,2.784,3.835,False,A,GLU263,O,-18.302,39.294,-17.007,A,HOH511,O,-21.808,40.665,-16.276
Phase Boundary,YELLOW,4.198,3.549,False,A,GLU263,O,-18.302,39.294,-17.007,A,HOH649,O,-17.561,36.908,-19.527
Bound Backbone,BLUE,6.49,3.041,False,A,GLU263,OE2,-15.492,39.757,-21.508,A,HOH647,O,-14.456,38.798,-24.201
Thermal Noise,RED,3.376,3.446,False,A,ILE264,N,-17.265,40.317,-15.28,A,PHE265,N,-19.868,42.568,-15.106
Bound Backbone,BLUE,8.622,2.234,False,A,ILE264,O,-17.802,42.931,-14.337,A,PHE265,N,-19.868,42.568,-15.106
Thermal Noise,RED,2.879,3.838,False,A,ILE264,O,-17.802,42.931,-14.337,A,PRO266,N,-20.664,45.203,-13.164
Phase Boundary,YELLOW,4.272,3.369,False,A,PHE265,N,-19.868,42.568,-15.106,A,PRO266,N,-20.664,45.203,-13.164
Phase Boundary,YELLOW,5.027,2.959,False,A,PHE265,N,-19.868,42.568,-15.106,A,HOH511,O,-21.808,40.665,-16.276
Bound Backbone,BLUE,8.751,2.243,False,A,PHE265,O,-22.173,43.802,-14.053,A,PRO266,N,-20.664,45.203,-13.164
Thermal Noise,RED,3.585,3.385,False,A,PHE265,O,-22.173,43.802,-14.053,A,PRO266,O,-22.758,47.064,-13.365
Thermal Noise,RED,3.332,3.925,False,A,PHE265,O,-22.173,43.802,-14.053,A,THR267,N,-23.646,46.331,-11.438
Thermal Noise,RED,3.249,3.862,False,A,PHE265,O,-22.173,43.802,-14.053,A,HOH511,O,-21.808,40.665,-16.276
Bound Backbone,BLUE,6.669,2.74,False,A,PHE265,O,-22.173,43.802,-14.053,A,HOH513,O,-23.343,42.019,-12.333
Thermal Noise,RED,3.484,3.625,False,A,PRO266,N,-20.664,45.203,-13.164,A,THR267,N,-23.646,46.331,-11.438
Bound Backbone,BLUE,11.666,2.245,False,A,PRO266,O,-22.758,47.064,-13.365,A,THR267,N,-23.646,46.331,-11.438
Thermal Noise,RED,2.951,3.703,False,A,PRO266,O,-22.758,47.064,-13.365,A,THR267,OG1,-26.079,45.5,-12.877
Bound Backbone,BLUE,5.99,2.921,False,A,PRO266,O,-22.758,47.064,-13.365,A,HOH671,O,-24.774,47.934,-15.291
Thermal Noise,RED,3.198,3.622,False,A,THR267,N,-23.646,46.331,-11.438,A,GLY268,N,-25.698,49.144,-10.442
Bound Backbone,BLUE,5.487,2.995,False,A,THR267,N,-23.646,46.331,-11.438,A,ALA311,O,-23.215,43.976,-9.639
Bound Backbone,BLUE,9.158,2.238,False,A,THR267,O,-24.236,47.832,-9.37,A,GLY268,N,-25.698,49.144,-10.442
Thermal Noise,RED,2.511,3.998,False,A,THR267,O,-24.236,47.832,-9.37,A,ALA311,O,-23.215,43.976,-9.639
Bound Backbone,BLUE,7.323,2.88,False,A,THR267,O,-24.236,47.832,-9.37,A,ILE313,N,-23.001,47.705,-6.771
Thermal Noise,RED,3.714,3.872,False,A,THR267,O,-24.236,47.832,-9.37,A,ILE313,O,-23.953,50.218,-6.334
Thermal Noise,RED,3.794,3.668,False,A,THR267,OG1,-26.079,45.5,-12.877,A,HOH671,O,-24.774,47.934,-15.291
Thermal Noise,RED,3.843,3.555,False,A,GLY268,N,-25.698,49.144,-10.442,A,ARG269,N,-24.763,51.887,-8.383
Bound Backbone,BLUE,12.643,2.241,False,A,GLY268,O,-25.381,52.0,-10.534,A,ARG269,N,-24.763,51.887,-8.383
Phase Boundary,YELLOW,4.519,2.986,False,A,GLY268,O,-25.381,52.0,-10.534,A,VAL270,N,-22.565,52.945,-10.233
Phase Boundary,YELLOW,4.082,3.975,False,A,GLY268,O,-25.381,52.0,-10.534,A,HOH560,O,-25.518,51.233,-14.432
Phase Boundary,YELLOW,4.653,3.062,False,A,GLY268,O,-25.381,52.0,-10.534,A,HOH660,O,-24.657,54.743,-11.687
Phase Boundary,YELLOW,5.262,3.062,False,A,ARG269,N,-24.763,51.887,-8.383,A,VAL270,N,-22.565,52.945,-10.233
Bound Backbone,BLUE,7.07,2.764,False,A,ARG269,N,-24.763,51.887,-8.383,A,ILE313,O,-23.953,50.218,-6.334
Thermal Noise,RED,3.133,3.707,False,A,ARG269,N,-24.763,51.887,-8.383,A,ARG314,NH1,-28.242,51.83,-7.104
Bound Backbone,BLUE,12.1,2.251,False,A,ARG269,O,-21.809,52.438,-8.174,A,VAL270,N,-22.565,52.945,-10.233
Thermal Noise,RED,3.617,3.593,False,A,ARG269,O,-21.809,52.438,-8.174,A,ILE313,O,-23.953,50.218,-6.334
Phase Boundary,YELLOW,5.073,2.819,False,A,ARG269,O,-21.809,52.438,-8.174,A,HOH706,O,-19.4,53.87,-8.479
Phase Boundary,YELLOW,4.784,3.627,False,A,ARG269,NE,-21.882,56.648,-6.474,A,GLU271,OE1,-22.98,56.315,-9.915
Phase Boundary,YELLOW,4.129,3.701,False,A,ARG269,NE,-21.882,56.648,-6.474,A,GLU271,OE2,-23.196,58.4,-9.458
Phase Boundary,YELLOW,4.534,3.033,False,A,ARG269,NE,-21.882,56.648,-6.474,A,HOH574,O,-23.969,58.705,-5.69
Phase Boundary,YELLOW,4.105,3.857,False,A,ARG269,NH1,-19.625,56.357,-7.053,A,HIS272,N,-18.16,55.703,-10.561
Thermal Noise,RED,3.52,3.457,False,A,ARG269,NH1,-19.625,56.357,-7.053,A,HIS272,O,-16.588,55.026,-8.029
Phase Boundary,YELLOW,4.728,2.927,False,A,ARG269,NH1,-19.625,56.357,-7.053,A,ASP292,OD2,-17.633,58.463,-6.645
Bound Backbone,BLUE,5.597,2.876,False,A,ARG269,NH1,-19.625,56.357,-7.053,A,HOH706,O,-19.4,53.87,-8.479
Phase Boundary,YELLOW,4.958,2.845,False,A,ARG269,NH2,-20.472,58.461,-6.46,A,ASP292,OD2,-17.633,58.463,-6.645
Phase Boundary,YELLOW,4.685,3.074,False,A,ARG269,NH2,-20.472,58.461,-6.46,A,ASN339,ND2,-22.168,60.696,-5.203
Thermal Noise,RED,3.198,3.589,False,A,ARG269,NH2,-20.472,58.461,-6.46,A,HOH574,O,-23.969,58.705,-5.69
Bound Backbone,BLUE,5.488,2.835,False,A,VAL270,N,-22.565,52.945,-10.233,A,GLU271,N,-20.844,54.891,-11.367
Thermal Noise,RED,3.46,3.41,False,A,VAL270,N,-22.565,52.945,-10.233,A,GLU271,OE1,-22.98,56.315,-9.915
Phase Boundary,YELLOW,4.685,3.118,False,A,VAL270,N,-22.565,52.945,-10.233,A,HOH660,O,-24.657,54.743,-11.687
Thermal Noise,RED,3.272,3.735,False,A,VAL270,N,-22.565,52.945,-10.233,A,HOH706,O,-19.4,53.87,-8.479
Bound Backbone,BLUE,8.974,2.227,False,A,VAL270,O,-19.574,53.318,-12.3,A,GLU271,N,-20.844,54.891,-11.367
Thermal Noise,RED,3.348,3.472,False,A,VAL270,O,-19.574,53.318,-12.3,A,GLU271,O,-17.917,56.343,-12.699
Phase Boundary,YELLOW,4.407,3.273,False,A,VAL270,O,-19.574,53.318,-12.3,A,HIS272,N,-18.16,55.703,-10.561
Bound Backbone,BLUE,5.519,2.833,False,A,VAL270,O,-19.574,53.318,-12.3,A,HOH478,O,-18.017,51.256,-11.137
Phase Boundary,YELLOW,4.347,3.865,False,A,VAL270,O,-19.574,53.318,-12.3,A,HOH706,O,-19.4,53.87,-8.479
Phase Boundary,YELLOW,4.929,2.918,False,A,GLU271,N,-20.844,54.891,-11.367,A,HIS272,N,-18.16,55.703,-10.561
Thermal Noise,RED,2.741,3.829,False,A,GLU271,N,-20.844,54.891,-11.367,A,HOH660,O,-24.657,54.743,-11.687
Phase Boundary,YELLOW,5.105,3.386,False,A,GLU271,N,-20.844,54.891,-11.367,A,HOH706,O,-19.4,53.87,-8.479
Bound Backbone,BLUE,12.524,2.245,False,A,GLU271,O,-17.917,56.343,-12.699,A,HIS272,N,-18.16,55.703,-10.561
Bound Backbone,BLUE,6.222,2.582,False,A,GLU271,O,-17.917,56.343,-12.699,A,HOH674,O,-17.384,58.793,-12.084
Bound Backbone,BLUE,5.878,2.902,False,A,GLU271,OE1,-22.98,56.315,-9.915,A,HOH660,O,-24.657,54.743,-11.687
Phase Boundary,YELLOW,4.319,3.859,False,A,GLU271,OE2,-23.196,58.4,-9.458,A,HOH574,O,-23.969,58.705,-5.69
Phase Boundary,YELLOW,4.41,3.013,False,A,GLU271,OE2,-23.196,58.4,-9.458,A,HOH655,O,-22.688,61.369,-9.399
Thermal Noise,RED,3.673,3.394,False,A,HIS272,N,-18.16,55.703,-10.561,A,THR273,N,-15.634,53.677,-9.544
Thermal Noise,RED,3.589,3.531,False,A,HIS272,N,-18.16,55.703,-10.561,A,HOH674,O,-17.384,58.793,-12.084
Bound Backbone,BLUE,5.63,3.038,False,A,HIS272,N,-18.16,55.703,-10.561,A,HOH706,O,-19.4,53.87,-8.479
Bound Backbone,BLUE,10.279,2.242,False,A,HIS272,O,-16.588,55.026,-8.029,A,THR273,N,-15.634,53.677,-9.544
Thermal Noise,RED,3.761,3.279,False,A,HIS272,O,-16.588,55.026,-8.029,A,THR273,OG1,-17.373,51.87,-8.45
Thermal Noise,RED,2.884,3.958,False,A,HIS272,O,-16.588,55.026,-8.029,A,ARG291,O,-13.061,54.801,-6.247
Thermal Noise,RED,2.922,3.85,False,A,HIS272,O,-16.588,55.026,-8.029,A,ASP292,OD2,-17.633,58.463,-6.645
Phase Boundary,YELLOW,4.294,3.073,False,A,HIS272,O,-16.588,55.026,-8.029,A,HOH706,O,-19.4,53.87,-8.479
Phase Boundary,YELLOW,4.961,2.877,False,A,HIS272,ND1,-14.146,58.126,-10.996,A,SER294,OG,-14.622,60.903,-10.415
Thermal Noise,RED,3.509,3.48,False,A,HIS272,ND1,-14.146,58.126,-10.996,A,HOH674,O,-17.384,58.793,-12.084
Thermal Noise,RED,2.828,3.764,False,A,HIS272,NE2,-12.493,57.213,-10.011,A,GLU274,OE1,-9.118,55.554,-9.864
Thermal Noise,RED,3.169,3.84,False,A,HIS272,NE2,-12.493,57.213,-10.011,A,GLU274,OE2,-9.244,56.657,-8.041
Phase Boundary,YELLOW,5.099,3.427,False,A,HIS272,NE2,-12.493,57.213,-10.011,A,ASN293,N,-12.618,58.815,-6.984
Thermal Noise,RED,3.763,3.441,False,A,THR273,N,-15.634,53.677,-9.544,A,GLU274,N,-12.705,52.605,-8.09
Thermal Noise,RED,3.169,3.752,False,A,THR273,N,-15.634,53.677,-9.544,A,HOH478,O,-18.017,51.256,-11.137
Thermal Noise,RED,2.729,3.918,False,A,THR273,N,-15.634,53.677,-9.544,A,HOH706,O,-19.4,53.87,-8.479
Bound Backbone,BLUE,12.256,2.226,False,A,THR273,O,-13.48,52.039,-10.099,A,GLU274,N,-12.705,52.605,-8.09
Bound Backbone,BLUE,7.86,2.83,False,A,THR273,OG1,-17.373,51.87,-8.45,A,HOH478,O,-18.017,51.256,-11.137
Phase Boundary,YELLOW,4.935,2.848,False,A,THR273,OG1,-17.373,51.87,-8.45,A,HOH706,O,-19.4,53.87,-8.479
Thermal Noise,RED,3.096,3.658,False,A,GLU274,N,-12.705,52.605,-8.09,A,GLU275,N,-9.47,51.129,-7.232
Bound Backbone,BLUE,6.037,2.889,False,A,GLU274,N,-12.705,52.605,-8.09,A,ARG291,O,-13.061,54.801,-6.247
Bound Backbone,BLUE,9.35,2.246,False,A,GLU274,O,-11.159,52.01,-6.042,A,GLU275,N,-9.47,51.129,-7.232
Phase Boundary,YELLOW,4.641,3.331,False,A,GLU274,O,-11.159,52.01,-6.042,A,GLU275,O,-9.352,50.328,-3.805
Phase Boundary,YELLOW,4.076,3.173,False,A,GLU274,O,-11.159,52.01,-6.042,A,CYS276,N,-10.232,49.043,-5.403
Bound Backbone,BLUE,6.568,2.889,False,A,GLU274,O,-11.159,52.01,-6.042,A,ARG291,N,-12.4,53.41,-3.841
Thermal Noise,RED,3.504,3.384,False,A,GLU274,O,-11.159,52.01,-6.042,A,ARG291,O,-13.061,54.801,-6.247
Ligand Boundary Hotspot,ORANGE,4.166,3.287,True,A,GLU274,OE1,-9.118,55.554,-9.864,A,ZMR466,O8,-6.401,56.698,-8.411
Ligand Bound Core,BLUE,5.841,2.713,True,A,GLU274,OE1,-9.118,55.554,-9.864,A,ZMR466,O9,-7.439,57.473,-10.791
Thermal Noise,RED,4.024,3.174,False,A,GLU274,OE1,-9.118,55.554,-9.864,A,HOH704,O,-6.372,54.027,-9.418
Bound Backbone,BLUE,5.817,3.21,False,A,GLU274,OE2,-9.244,56.657,-8.041,A,ARG291,NE,-8.167,57.7,-5.203
Thermal Noise,RED,3.106,3.725,False,A,GLU274,OE2,-9.244,56.657,-8.041,A,ASN293,OD1,-8.895,60.132,-6.745
Ligand Boundary Hotspot,ORANGE,4.92,2.867,True,A,GLU274,OE2,-9.244,56.657,-8.041,A,ZMR466,O8,-6.401,56.698,-8.411
Ligand Boundary Hotspot,ORANGE,4.944,3.389,True,A,GLU274,OE2,-9.244,56.657,-8.041,A,ZMR466,O9,-7.439,57.473,-10.791
Bound Backbone,BLUE,6.078,2.877,False,A,GLU275,N,-9.47,51.129,-7.232,A,CYS276,N,-10.232,49.043,-5.403
Bound Backbone,BLUE,6.799,2.867,False,A,GLU275,N,-9.47,51.129,-7.232,A,HOH711,O,-7.714,51.251,-9.495
Bound Backbone,BLUE,10.661,2.231,False,A,GLU275,O,-9.352,50.328,-3.805,A,CYS276,N,-10.232,49.043,-5.403
Thermal Noise,RED,3.27,3.505,False,A,GLU275,O,-9.352,50.328,-3.805,A,CYS276,O,-9.171,46.838,-4.075
Thermal Noise,RED,3.713,3.475,False,A,GLU275,O,-9.352,50.328,-3.805,A,THR277,N,-10.463,47.403,-2.293
Thermal Noise,RED,3.641,3.997,False,A,GLU275,O,-9.352,50.328,-3.805,A,THR277,OG1,-8.646,48.305,-0.431
Thermal Noise,RED,3.883,3.351,False,A,GLU275,O,-9.352,50.328,-3.805,A,LYS348,NZ,-6.863,48.47,-2.546
Bound Backbone,BLUE,6.856,2.909,False,A,GLU275,O,-9.352,50.328,-3.805,A,HOH545,O,-10.266,51.612,-1.36
Thermal Noise,RED,2.668,3.881,False,A,GLU275,OE1,-6.357,54.281,-4.895,A,ARG291,NE,-8.167,57.7,-5.203
Phase Boundary,YELLOW,4.794,2.89,False,A,GLU275,OE1,-6.357,54.281,-4.895,A,ARG291,NH1,-5.882,57.131,-4.935
Bound Backbone,BLUE,5.315,3.48,False,A,GLU275,OE1,-6.357,54.281,-4.895,A,LYS348,N,-6.619,54.965,-1.493
Phase Boundary,YELLOW,4.201,3.088,False,A,GLU275,OE1,-6.357,54.281,-4.895,A,TYR408,OH,-3.578,55.622,-5.016
Thermal Noise,RED,2.991,3.827,False,A,GLU275,OE2,-4.962,53.721,-6.408,A,ARG291,NH1,-5.882,57.131,-4.935
Bound Backbone,BLUE,6.245,2.733,False,A,GLU275,OE2,-4.962,53.721,-6.408,A,TYR408,OH,-3.578,55.622,-5.016
Ligand Fluctuation Noise,RED,3.135,3.866,True,A,GLU275,OE2,-4.962,53.721,-6.408,A,ZMR466,O8,-6.401,56.698,-8.411
Bound Backbone,BLUE,5.451,3.338,False,A,GLU275,OE2,-4.962,53.721,-6.408,A,HOH704,O,-6.372,54.027,-9.418
Bound Backbone,BLUE,7.619,2.782,False,A,GLU275,OE2,-4.962,53.721,-6.408,A,HOH713,O,-3.79,52.94,-8.807
Phase Boundary,YELLOW,4.822,3.524,False,A,CYS276,N,-10.232,49.043,-5.403,A,THR277,N,-10.463,47.403,-2.293
Bound Backbone,BLUE,10.783,2.272,False,A,CYS276,O,-9.171,46.838,-4.075,A,THR277,N,-10.463,47.403,-2.293
Thermal Noise,RED,3.919,3.963,False,A,CYS276,O,-9.171,46.838,-4.075,A,THR277,OG1,-8.646,48.305,-0.431
Thermal Noise,RED,3.206,3.988,False,A,CYS276,O,-9.171,46.838,-4.075,A,CYS278,N,-10.69,44.241,-1.457
Phase Boundary,YELLOW,4.433,3.214,False,A,CYS276,O,-9.171,46.838,-4.075,A,LYS348,NZ,-6.863,48.47,-2.546
Bound Backbone,BLUE,13.305,2.03,False,A,CYS276,SG,-13.339,48.392,-5.956,A,CYS290,SG,-14.407,49.155,-4.407
Thermal Noise,RED,3.877,3.279,False,A,THR277,N,-10.463,47.403,-2.293,A,CYS278,N,-10.69,44.241,-1.457
Phase Boundary,YELLOW,5.053,2.948,False,A,THR277,N,-10.463,47.403,-2.293,A,ALA289,O,-12.309,49.392,-1.142
Thermal Noise,RED,2.834,3.763,False,A,THR277,N,-10.463,47.403,-2.293,A,LYS348,NZ,-6.863,48.47,-2.546
Bound Backbone,BLUE,8.659,2.237,False,A,THR277,O,-12.051,45.822,-0.648,A,CYS278,N,-10.69,44.241,-1.457
Thermal Noise,RED,3.897,3.903,False,A,THR277,O,-12.051,45.822,-0.648,A,CYS278,SG,-12.326,43.927,-4.049
Thermal Noise,RED,2.691,3.858,False,A,THR277,O,-12.051,45.822,-0.648,A,GLU287,O,-14.728,43.047,-0.526
Phase Boundary,YELLOW,4.613,2.951,False,A,THR277,O,-12.051,45.822,-0.648,A,ALA289,N,-14.273,47.75,-0.41
Thermal Noise,RED,3.102,3.613,False,A,THR277,O,-12.051,45.822,-0.648,A,ALA289,O,-12.309,49.392,-1.142
Thermal Noise,RED,2.706,3.886,False,A,THR277,OG1,-8.646,48.305,-0.431,A,ALA289,O,-12.309,49.392,-1.142
Bound Backbone,BLUE,7.143,2.771,False,A,THR277,OG1,-8.646,48.305,-0.431,A,LYS348,NZ,-6.863,48.47,-2.546
Bound Backbone,BLUE,7.609,2.711,False,A,THR277,OG1,-8.646,48.305,-0.431,A,GLY349,O,-8.881,49.95,1.711
Thermal Noise,RED,2.88,3.798,False,A,THR277,OG1,-8.646,48.305,-0.431,A,HOH545,O,-10.266,51.612,-1.36
Thermal Noise,RED,3.332,3.608,False,A,CYS278,N,-10.69,44.241,-1.457,A,GLY279,N,-12.312,41.296,-0.148
Phase Boundary,YELLOW,4.586,2.987,False,A,CYS278,N,-10.69,44.241,-1.457,A,HOH547,O,-7.836,43.56,-2.016
Thermal Noise,RED,3.351,3.813,False,A,CYS278,N,-10.69,44.241,-1.457,A,HOH666,O,-7.805,43.124,0.772
Bound Backbone,BLUE,7.926,2.248,False,A,CYS278,O,-10.137,41.859,-0.212,A,GLY279,N,-12.312,41.296,-0.148
Bound Backbone,BLUE,7.418,2.952,False,A,CYS278,O,-10.137,41.859,-0.212,A,HOH493,O,-9.71,42.196,2.689
Bound Backbone,BLUE,5.34,2.851,False,A,CYS278,O,-10.137,41.859,-0.212,A,HOH521,O,-8.317,39.927,0.83
Phase Boundary,YELLOW,4.131,3.383,False,A,CYS278,O,-10.137,41.859,-0.212,A,HOH547,O,-7.836,43.56,-2.016
Bound Backbone,BLUE,5.383,2.83,False,A,CYS278,O,-10.137,41.859,-0.212,A,HOH666,O,-7.805,43.124,0.772
Bound Backbone,BLUE,9.867,2.017,False,A,CYS278,SG,-12.326,43.927,-4.049,A,CYS288,SG,-14.321,44.189,-3.909
Thermal Noise,RED,2.792,3.919,False,A,CYS278,SG,-12.326,43.927,-4.049,A,HOH559,O,-10.202,40.906,-5.36
Thermal Noise,RED,3.351,3.618,False,A,GLY279,N,-12.312,41.296,-0.148,A,PHE280,N,-13.388,38.14,1.255
Phase Boundary,YELLOW,4.469,3.008,False,A,GLY279,N,-12.312,41.296,-0.148,A,GLU287,O,-14.728,43.047,-0.526
Thermal Noise,RED,3.4,3.953,False,A,GLY279,N,-12.312,41.296,-0.148,A,HOH493,O,-9.71,42.196,2.689
Bound Backbone,BLUE,8.997,2.227,False,A,GLY279,O,-14.444,39.857,0.308,A,PHE280,N,-13.388,38.14,1.255
Thermal Noise,RED,3.62,3.665,False,A,GLY279,O,-14.444,39.857,0.308,A,ALA281,N,-16.629,37.828,2.439
Bound Backbone,BLUE,5.295,2.872,False,A,GLY279,O,-14.444,39.857,0.308,A,GLU287,N,-16.689,41.279,-0.782
Thermal Noise,RED,3.802,3.309,False,A,GLY279,O,-14.444,39.857,0.308,A,GLU287,O,-14.728,43.047,-0.526
Phase Boundary,YELLOW,4.215,3.899,False,A,GLY279,O,-14.444,39.857,0.308,A,HIS353,ND1,-14.129,40.72,4.097
Thermal Noise,RED,3.582,3.465,False,A,PHE280,N,-13.388,38.14,1.255,A,ALA281,N,-16.629,37.828,2.439
Thermal Noise,RED,3.499,3.909,False,A,PHE280,N,-13.388,38.14,1.255,A,HIS353,ND1,-14.129,40.72,4.097
Phase Boundary,YELLOW,4.931,2.932,False,A,PHE280,N,-13.388,38.14,1.255,A,HOH512,O,-10.644,37.62,2.146
Bound Backbone,BLUE,9.344,2.263,False,A,PHE280,O,-14.75,37.709,3.695,A,ALA281,N,-16.629,37.828,2.439
Thermal Noise,RED,2.673,3.902,False,A,PHE280,O,-14.75,37.709,3.695,A,SER282,N,-18.02,35.677,3.06
Phase Boundary,YELLOW,4.208,3.101,False,A,PHE280,O,-14.75,37.709,3.695,A,HIS353,ND1,-14.129,40.72,4.097
Bound Backbone,BLUE,5.71,2.885,False,A,PHE280,O,-14.75,37.709,3.695,A,ARG355,NH1,-12.826,36.235,5.259
Bound Backbone,BLUE,5.964,2.636,False,A,ALA281,N,-16.629,37.828,2.439,A,SER282,N,-18.02,35.677,3.06
Thermal Noise,RED,2.719,3.97,False,A,ALA281,N,-16.629,37.828,2.439,A,SER282,O,-17.36,34.158,1.112
Bound Backbone,BLUE,7.621,2.783,False,A,ALA281,N,-16.629,37.828,2.439,A,THR285,O,-17.873,37.179,0.036
Bound Backbone,BLUE,12.349,2.248,False,A,ALA281,O,-18.249,36.422,5.169,A,SER282,N,-18.02,35.677,3.06
Phase Boundary,YELLOW,4.706,3.105,False,A,ALA281,O,-18.249,36.422,5.169,A,HOH694,O,-18.646,33.691,6.592
Thermal Noise,RED,3.25,3.62,False,A,SER282,N,-18.02,35.677,3.06,A,ASN283,N,-18.167,32.247,1.913
Bound Backbone,BLUE,5.289,3.38,False,A,SER282,N,-18.02,35.677,3.06,A,THR285,O,-17.873,37.179,0.036
Bound Backbone,BLUE,8.762,2.224,False,A,SER282,O,-17.36,34.158,1.112,A,ASN283,N,-18.167,32.247,1.913
Thermal Noise,RED,3.486,3.889,False,A,SER282,O,-17.36,34.158,1.112,A,ASN283,O,-18.488,31.646,-1.634
Phase Boundary,YELLOW,4.488,3.16,False,A,SER282,O,-17.36,34.158,1.112,A,LYS284,N,-19.829,32.74,-0.258
Thermal Noise,RED,3.813,3.555,False,A,SER282,O,-17.36,34.158,1.112,A,THR285,N,-19.974,35.48,-0.903
Thermal Noise,RED,4.059,3.248,False,A,SER282,O,-17.36,34.158,1.112,A,THR285,O,-17.873,37.179,0.036
Thermal Noise,RED,3.67,3.309,False,A,SER282,OG,-20.57,34.506,2.187,A,ASN283,N,-18.167,32.247,1.913
Bound Backbone,BLUE,5.785,3.106,False,A,SER282,OG,-20.57,34.506,2.187,A,LYS284,N,-19.829,32.74,-0.258
Bound Backbone,BLUE,5.753,3.294,False,A,SER282,OG,-20.57,34.506,2.187,A,THR285,N,-19.974,35.48,-0.903
Bound Backbone,BLUE,7.2,2.778,False,A,ASN283,N,-18.167,32.247,1.913,A,LYS284,N,-19.829,32.74,-0.258
Bound Backbone,BLUE,10.204,2.211,False,A,ASN283,O,-18.488,31.646,-1.634,A,LYS284,N,-19.829,32.74,-0.258
Ligand Bound Core,BLUE,7.465,2.892,True,A,ASN283,ND2,-17.025,28.375,2.283,A,NAG1,N2,-16.027,28.461,4.996
Ligand Bound Core,BLUE,7.366,2.335,True,A,ASN283,ND2,-17.025,28.375,2.283,A,NAG1,O5,-16.244,26.181,2.12
Thermal Noise,RED,3.605,3.77,False,A,ASN283,ND2,-17.025,28.375,2.283,A,HOH609,O,-17.993,25.727,-0.22
Ligand Fluctuation Noise,RED,2.993,3.749,True,A,ASN283,OD1,-15.768,29.745,1.06,A,NAG1,O5,-16.244,26.181,2.12
Phase Boundary,YELLOW,5.205,2.819,False,A,LYS284,N,-19.829,32.74,-0.258,A,THR285,N,-19.974,35.48,-0.903
Bound Backbone,BLUE,11.968,2.227,False,A,LYS284,O,-20.933,34.96,-2.845,A,THR285,N,-19.974,35.48,-0.903
Phase Boundary,YELLOW,4.551,3.383,False,A,LYS284,O,-20.933,34.96,-2.845,A,THR285,OG1,-22.218,37.052,-0.518
Thermal Noise,RED,3.097,3.73,False,A,LYS284,O,-20.933,34.96,-2.845,A,LEU304,O,-19.847,38.285,-4.141
Bound Backbone,BLUE,7.507,2.92,False,A,LYS284,O,-20.933,34.96,-2.845,A,VAL306,N,-20.307,35.294,-5.677
Thermal Noise,RED,3.179,3.977,False,A,LYS284,NZ,-27.11,33.399,-1.841,A,ASN305,ND2,-24.648,35.239,-4.364
Thermal Noise,RED,3.338,3.552,False,A,THR285,N,-19.974,35.48,-0.903,A,ILE286,N,-18.059,38.293,-1.92
Bound Backbone,BLUE,11.589,2.259,False,A,THR285,O,-17.873,37.179,0.036,A,ILE286,N,-18.059,38.293,-1.92
Phase Boundary,YELLOW,4.534,3.377,False,A,THR285,OG1,-22.218,37.052,-0.518,A,HOH534,O,-23.819,38.951,-2.806
Thermal Noise,RED,3.536,3.477,False,A,ILE286,N,-18.059,38.293,-1.92,A,GLU287,N,-16.689,41.279,-0.782
Bound Backbone,BLUE,6.823,2.851,False,A,ILE286,N,-18.059,38.293,-1.92,A,LEU304,O,-19.847,38.285,-4.141
Bound Backbone,BLUE,10.134,2.237,False,A,ILE286,O,-18.343,40.873,-2.233,A,GLU287,N,-16.689,41.279,-0.782
Thermal Noise,RED,2.747,3.82,False,A,ILE286,O,-18.343,40.873,-2.233,A,VAL302,O,-18.841,44.656,-2.06
Bound Backbone,BLUE,6.752,2.806,False,A,ILE286,O,-18.343,40.873,-2.233,A,LEU304,N,-20.278,41.133,-4.248
Thermal Noise,RED,3.76,3.55,False,A,ILE286,O,-18.343,40.873,-2.233,A,LEU304,O,-19.847,38.285,-4.141
Thermal Noise,RED,3.186,3.565,False,A,GLU287,N,-16.689,41.279,-0.782,A,CYS288,N,-16.029,44.749,-1.262
Bound Backbone,BLUE,8.324,2.265,False,A,GLU287,O,-14.728,43.047,-0.526,A,CYS288,N,-16.029,44.749,-1.262
Phase Boundary,YELLOW,4.846,3.594,False,A,GLU287,O,-14.728,43.047,-0.526,A,CYS288,SG,-14.321,44.189,-3.909
Phase Boundary,YELLOW,4.906,2.88,False,A,GLU287,OE1,-18.695,42.571,3.357,A,HIS353,NE2,-15.991,41.697,3.826
Bound Backbone,BLUE,6.434,2.951,False,A,GLU287,OE1,-18.695,42.571,3.357,A,ARG362,NE,-19.722,44.048,5.696
Thermal Noise,RED,4.069,3.466,False,A,GLU287,OE1,-18.695,42.571,3.357,A,ARG362,NH2,-21.495,42.571,5.399
Phase Boundary,YELLOW,4.554,3.589,False,A,GLU287,OE2,-20.722,42.481,2.626,A,ARG362,NE,-19.722,44.048,5.696
Bound Backbone,BLUE,7.671,2.88,False,A,GLU287,OE2,-20.722,42.481,2.626,A,ARG362,NH2,-21.495,42.571,5.399
Phase Boundary,YELLOW,4.368,3.045,False,A,GLU287,OE2,-20.722,42.481,2.626,A,HOH685,O,-22.918,40.414,2.202
Thermal Noise,RED,3.235,3.58,False,A,CYS288,N,-16.029,44.749,-1.262,A,ALA289,N,-14.273,47.75,-0.41
Phase Boundary,YELLOW,4.901,2.925,False,A,CYS288,N,-16.029,44.749,-1.262,A,VAL302,O,-18.841,44.656,-2.06
Bound Backbone,BLUE,8.365,2.267,False,A,CYS288,O,-16.389,47.497,-1.182,A,ALA289,N,-14.273,47.75,-0.41
Thermal Noise,RED,3.206,3.619,False,A,CYS288,O,-16.389,47.497,-1.182,A,PRO300,O,-16.749,50.954,-2.192
Bound Backbone,BLUE,5.82,2.894,False,A,CYS288,O,-16.389,47.497,-1.182,A,VAL302,N,-18.726,47.281,-2.875
Thermal Noise,RED,2.783,3.854,False,A,CYS288,O,-16.389,47.497,-1.182,A,VAL302,O,-18.841,44.656,-2.06
Thermal Noise,RED,3.992,3.341,False,A,ALA289,N,-14.273,47.75,-0.41,A,CYS290,N,-13.969,50.763,-1.822
Bound Backbone,BLUE,8.304,2.258,False,A,ALA289,O,-12.309,49.392,-1.142,A,CYS290,N,-13.969,50.763,-1.822
Thermal Noise,RED,3.835,3.888,False,A,ALA289,O,-12.309,49.392,-1.142,A,CYS290,SG,-14.407,49.155,-4.407
Phase Boundary,YELLOW,4.388,3.025,False,A,ALA289,O,-12.309,49.392,-1.142,A,HOH545,O,-10.266,51.612,-1.36
Thermal Noise,RED,3.521,3.68,False,A,CYS290,N,-13.969,50.763,-1.822,A,ARG291,N,-12.4,53.41,-3.841
Phase Boundary,YELLOW,5.121,2.811,False,A,CYS290,N,-13.969,50.763,-1.822,A,PRO300,O,-16.749,50.954,-2.192
Thermal Noise,RED,2.758,3.827,False,A,CYS290,N,-13.969,50.763,-1.822,A,HOH545,O,-10.266,51.612,-1.36
Bound Backbone,BLUE,11.39,2.244,False,A,CYS290,O,-13.667,53.444,-1.989,A,ARG291,N,-12.4,53.41,-3.841
Phase Boundary,YELLOW,5.16,3.03,False,A,CYS290,O,-13.667,53.444,-1.989,A,ARG299,NH1,-11.475,54.756,-0.359
Thermal Noise,RED,2.96,3.695,False,A,CYS290,O,-13.667,53.444,-1.989,A,PRO300,N,-17.327,53.666,-2.447
Thermal Noise,RED,2.547,3.967,False,A,CYS290,O,-13.667,53.444,-1.989,A,PRO300,O,-16.749,50.954,-2.192
Thermal Noise,RED,2.716,3.841,False,A,CYS290,O,-13.667,53.444,-1.989,A,HOH467,O,-14.355,57.219,-2.159
Thermal Noise,RED,2.655,3.914,False,A,CYS290,O,-13.667,53.444,-1.989,A,HOH545,O,-10.266,51.612,-1.36
Thermal Noise,RED,3.61,3.692,False,A,CYS290,SG,-14.407,49.155,-4.407,A,PRO300,O,-16.749,50.954,-2.192
Thermal Noise,RED,3.408,3.527,False,A,ARG291,N,-12.4,53.41,-3.841,A,ASP292,N,-13.544,56.568,-4.917
Phase Boundary,YELLOW,4.117,3.846,False,A,ARG291,N,-12.4,53.41,-3.841,A,ARG299,NH1,-11.475,54.756,-0.359
Thermal Noise,RED,3.677,3.734,False,A,ARG291,N,-12.4,53.41,-3.841,A,HOH545,O,-10.266,51.612,-1.36
Bound Backbone,BLUE,9.525,2.264,False,A,ARG291,O,-13.061,54.801,-6.247,A,ASP292,N,-13.544,56.568,-4.917
Bound Backbone,BLUE,5.314,2.97,False,A,ARG291,NE,-8.167,57.7,-5.203,A,ASN293,OD1,-8.895,60.132,-6.745
Thermal Noise,RED,3.755,3.75,False,A,ARG291,NE,-8.167,57.7,-5.203,A,GLY346,O,-6.717,59.914,-2.546
Bound Backbone,BLUE,5.47,3.444,False,A,ARG291,NE,-8.167,57.7,-5.203,A,ILE347,N,-7.995,58.207,-1.801
Ligand Fluctuation Noise,RED,4.038,3.797,True,A,ARG291,NE,-8.167,57.7,-5.203,A,ZMR466,O8,-6.401,56.698,-8.411
Thermal Noise,RED,3.554,3.762,False,A,ARG291,NH1,-5.882,57.131,-4.935,A,GLY346,O,-6.717,59.914,-2.546
Thermal Noise,RED,3.64,3.93,False,A,ARG291,NH1,-5.882,57.131,-4.935,A,ILE347,N,-7.995,58.207,-1.801
Thermal Noise,RED,3.172,3.912,False,A,ARG291,NH1,-5.882,57.131,-4.935,A,ARG373,NH2,-3.982,59.695,-2.672
Bound Backbone,BLUE,5.274,2.755,False,A,ARG291,NH1,-5.882,57.131,-4.935,A,TYR408,OH,-3.578,55.622,-5.016
Ligand Fluctuation Noise,RED,3.416,3.447,True,A,ARG291,NH1,-5.882,57.131,-4.935,A,ZMR466,O1A,-3.172,59.198,-5.452
Ligand Fluctuation Noise,RED,3.625,3.825,True,A,ARG291,NH1,-5.882,57.131,-4.935,A,ZMR466,O6,-3.271,57.709,-7.67
Ligand Boundary Hotspot,ORANGE,5.149,3.541,True,A,ARG291,NH1,-5.882,57.131,-4.935,A,ZMR466,O8,-6.401,56.698,-8.411
Bound Backbone,BLUE,5.694,2.763,False,A,ARG291,NH2,-6.489,59.232,-5.727,A,ASN293,OD1,-8.895,60.132,-6.745
Thermal Noise,RED,3.356,3.793,False,A,ARG291,NH2,-6.489,59.232,-5.727,A,GLY346,N,-8.813,61.31,-3.567
Bound Backbone,BLUE,6.041,3.261,False,A,ARG291,NH2,-6.489,59.232,-5.727,A,GLY346,O,-6.717,59.914,-2.546
Thermal Noise,RED,3.476,3.979,False,A,ARG291,NH2,-6.489,59.232,-5.727,A,ARG373,NH2,-3.982,59.695,-2.672
Ligand Fluctuation Noise,RED,3.628,3.329,True,A,ARG291,NH2,-6.489,59.232,-5.727,A,ZMR466,O1A,-3.172,59.198,-5.452
Ligand Fluctuation Noise,RED,3.923,3.692,True,A,ARG291,NH2,-6.489,59.232,-5.727,A,ZMR466,O8,-6.401,56.698,-8.411
Phase Boundary,YELLOW,4.982,3.19,False,A,ASP292,N,-13.544,56.568,-4.917,A,ASN293,N,-12.618,58.815,-6.984
Bound Backbone,BLUE,7.173,2.948,False,A,ASP292,N,-13.544,56.568,-4.917,A,HOH467,O,-14.355,57.219,-2.159
Bound Backbone,BLUE,11.857,2.251,False,A,ASP292,O,-13.455,59.425,-4.985,A,ASN293,N,-12.618,58.815,-6.984
Phase Boundary,YELLOW,4.679,3.548,False,A,ASP292,O,-13.455,59.425,-4.985,A,SER294,N,-13.681,61.214,-8.041
Phase Boundary,YELLOW,4.79,3.306,False,A,ASP292,O,-13.455,59.425,-4.985,A,THR296,O,-15.457,60.702,-2.685
Phase Boundary,YELLOW,4.791,3.618,False,A,ASP292,O,-13.455,59.425,-4.985,A,ASP323,OD2,-12.309,59.088,-1.57
Thermal Noise,RED,3.058,3.642,False,A,ASP292,O,-13.455,59.425,-4.985,A,GLY343,O,-13.933,62.996,-4.454
Thermal Noise,RED,3.526,3.427,False,A,ASP292,O,-13.455,59.425,-4.985,A,GLY345,O,-10.937,61.608,-4.186
Thermal Noise,RED,4.019,3.696,False,A,ASP292,O,-13.455,59.425,-4.985,A,HOH467,O,-14.355,57.219,-2.159
Thermal Noise,RED,3.775,3.268,False,A,ASP292,OD1,-15.821,59.359,-7.336,A,ASN293,N,-12.618,58.815,-6.984
Phase Boundary,YELLOW,4.873,2.919,False,A,ASP292,OD1,-15.821,59.359,-7.336,A,SER294,N,-13.681,61.214,-8.041
Phase Boundary,YELLOW,4.373,3.647,False,A,ASP292,OD1,-15.821,59.359,-7.336,A,SER294,OG,-14.622,60.903,-10.415
Phase Boundary,YELLOW,4.942,2.846,False,A,ASP292,OD1,-15.821,59.359,-7.336,A,TYR295,N,-16.427,62.139,-7.259
Thermal Noise,RED,3.359,3.996,False,A,ASP292,OD1,-15.821,59.359,-7.336,A,THR296,N,-17.377,61.598,-4.415
Thermal Noise,RED,2.649,3.917,False,A,ASP292,OD2,-17.633,58.463,-6.645,A,TYR295,N,-16.427,62.139,-7.259
Thermal Noise,RED,3.265,3.856,False,A,ASP292,OD2,-17.633,58.463,-6.645,A,THR296,N,-17.377,61.598,-4.415
Bound Backbone,BLUE,5.445,2.829,False,A,ASN293,N,-12.618,58.815,-6.984,A,SER294,N,-13.681,61.214,-8.041
Bound Backbone,BLUE,8.284,2.237,False,A,ASN293,O,-11.802,62.306,-7.512,A,SER294,N,-13.681,61.214,-8.041
Thermal Noise,RED,3.939,3.791,False,A,ASN293,O,-11.802,62.306,-7.512,A,GLY343,O,-13.933,62.996,-4.454
Bound Backbone,BLUE,7.001,2.74,False,A,ASN293,O,-11.802,62.306,-7.512,A,GLY345,N,-10.568,63.82,-5.591
Phase Boundary,YELLOW,5.117,3.507,False,A,ASN293,O,-11.802,62.306,-7.512,A,GLY345,O,-10.937,61.608,-4.186
Phase Boundary,YELLOW,4.106,3.591,False,A,ASN293,OD1,-8.895,60.132,-6.745,A,GLY345,O,-10.937,61.608,-4.186
Bound Backbone,BLUE,5.429,3.39,False,A,ASN293,OD1,-8.895,60.132,-6.745,A,GLY346,N,-8.813,61.31,-3.567
Phase Boundary,YELLOW,4.635,3.001,False,A,SER294,N,-13.681,61.214,-8.041,A,TYR295,N,-16.427,62.139,-7.259
Bound Backbone,BLUE,8.152,2.224,False,A,SER294,O,-15.579,64.181,-7.495,A,TYR295,N,-16.427,62.139,-7.259
Phase Boundary,YELLOW,4.315,3.655,False,A,SER294,O,-15.579,64.181,-7.495,A,GLY343,O,-13.933,62.996,-4.454
Phase Boundary,YELLOW,5.033,3.321,False,A,SER294,O,-15.579,64.181,-7.495,A,ARG344,N,-13.764,65.196,-4.906
Thermal Noise,RED,3.881,3.84,False,A,SER294,OG,-14.622,60.903,-10.415,A,TYR295,N,-16.427,62.139,-7.259
Thermal Noise,RED,3.013,3.856,False,A,SER294,OG,-14.622,60.903,-10.415,A,HOH674,O,-17.384,58.793,-12.084
Bound Backbone,BLUE,6.701,3.047,False,A,TYR295,N,-16.427,62.139,-7.259,A,THR296,N,-17.377,61.598,-4.415
Thermal Noise,RED,3.612,3.85,False,A,TYR295,N,-16.427,62.139,-7.259,A,GLY343,O,-13.933,62.996,-4.454
Bound Backbone,BLUE,8.042,2.243,False,A,TYR295,O,-18.728,63.364,-4.71,A,THR296,N,-17.377,61.598,-4.415
Thermal Noise,RED,4.034,3.81,False,A,TYR295,O,-18.728,63.364,-4.71,A,ASN339,O,-20.681,62.992,-1.46
Thermal Noise,RED,3.6,3.37,False,A,TYR295,O,-18.728,63.364,-4.71,A,HOH510,O,-18.101,66.617,-4.094
Thermal Noise,RED,3.936,3.513,False,A,TYR295,O,-18.728,63.364,-4.71,A,HOH708,O,-19.713,66.051,-6.748
Thermal Noise,RED,3.739,3.334,False,A,TYR295,OH,-18.573,61.798,-12.904,A,HOH674,O,-17.384,58.793,-12.084
Phase Boundary,YELLOW,4.874,3.634,False,A,THR296,N,-17.377,61.598,-4.415,A,ALA297,N,-16.718,61.208,-0.863
Thermal Noise,RED,2.897,3.717,False,A,THR296,N,-17.377,61.598,-4.415,A,GLY343,O,-13.933,62.996,-4.454
Bound Backbone,BLUE,10.915,2.273,False,A,THR296,O,-15.457,60.702,-2.685,A,ALA297,N,-16.718,61.208,-0.863
Thermal Noise,RED,3.076,3.709,False,A,THR296,O,-15.457,60.702,-2.685,A,ASP323,OD2,-12.309,59.088,-1.57
Phase Boundary,YELLOW,4.429,3.273,False,A,THR296,O,-15.457,60.702,-2.685,A,GLY343,O,-13.933,62.996,-4.454
Thermal Noise,RED,2.976,3.691,False,A,THR296,O,-15.457,60.702,-2.685,A,HOH467,O,-14.355,57.219,-2.159
Thermal Noise,RED,3.471,3.512,False,A,THR296,O,-15.457,60.702,-2.685,A,HOH594,O,-12.885,62.791,-1.52
Phase Boundary,YELLOW,5.137,2.84,False,A,THR296,OG1,-19.39,60.516,-1.532,A,ALA297,N,-16.718,61.208,-0.863
Bound Backbone,BLUE,5.362,3.071,False,A,THR296,OG1,-19.39,60.516,-1.532,A,LYS298,N,-17.501,59.117,0.444
Phase Boundary,YELLOW,5.131,2.793,False,A,THR296,OG1,-19.39,60.516,-1.532,A,ASN339,O,-20.681,62.992,-1.46
Thermal Noise,RED,3.715,3.453,False,A,THR296,OG1,-19.39,60.516,-1.532,A,HOH712,O,-18.247,63.452,-0.12
Bound Backbone,BLUE,6.95,2.587,False,A,ALA297,N,-16.718,61.208,-0.863,A,LYS298,N,-17.501,59.117,0.444
Bound Backbone,BLUE,5.273,2.815,False,A,ALA297,N,-16.718,61.208,-0.863,A,HOH712,O,-18.247,63.452,-0.12
Bound Backbone,BLUE,9.916,2.227,False,A,ALA297,O,-15.721,59.025,1.779,A,LYS298,N,-17.501,59.117,0.444
Thermal Noise,RED,3.907,3.774,False,A,ALA297,O,-15.721,59.025,1.779,A,LYS298,O,-17.1,57.127,-1.177
Thermal Noise,RED,2.896,3.848,False,A,ALA297,O,-15.721,59.025,1.779,A,ARG299,N,-17.035,55.646,0.49
Phase Boundary,YELLOW,4.172,3.713,False,A,ALA297,O,-15.721,59.025,1.779,A,LEU322,N,-14.739,57.195,4.857
Thermal Noise,RED,3.97,3.314,False,A,ALA297,O,-15.721,59.025,1.779,A,ASP323,N,-12.795,58.089,3.022
Thermal Noise,RED,3.263,3.502,False,A,LYS298,N,-17.501,59.117,0.444,A,ARG299,N,-17.035,55.646,0.49
Bound Backbone,BLUE,10.9,2.231,False,A,LYS298,O,-17.1,57.127,-1.177,A,ARG299,N,-17.035,55.646,0.49
Thermal Noise,RED,2.65,3.917,False,A,LYS298,O,-17.1,57.127,-1.177,A,ARG299,O,-18.531,53.534,-0.557
Thermal Noise,RED,3.154,3.694,False,A,LYS298,O,-17.1,57.127,-1.177,A,PRO300,N,-17.327,53.666,-2.447
Phase Boundary,YELLOW,5.043,2.917,False,A,LYS298,O,-17.1,57.127,-1.177,A,HOH467,O,-14.355,57.219,-2.159
Thermal Noise,RED,2.746,3.842,False,A,LYS298,NZ,-24.041,59.634,1.747,A,PRO335,O,-27.84,59.797,1.197
Bound Backbone,BLUE,5.799,2.809,False,A,LYS298,NZ,-24.041,59.634,1.747,A,CYS336,O,-25.35,57.537,0.412
Thermal Noise,RED,3.649,3.934,False,A,LYS298,NZ,-24.041,59.634,1.747,A,SER338,N,-26.339,60.078,-1.415
Bound Backbone,BLUE,6.852,2.948,False,A,LYS298,NZ,-24.041,59.634,1.747,A,SER338,O,-23.675,61.009,-0.835
Bound Backbone,BLUE,5.359,3.108,False,A,LYS298,NZ,-24.041,59.634,1.747,A,HOH720,O,-26.13,60.549,3.859
Phase Boundary,YELLOW,4.545,3.554,False,A,ARG299,N,-17.035,55.646,0.49,A,PRO300,N,-17.327,53.666,-2.447
Bound Backbone,BLUE,6.922,3.075,False,A,ARG299,N,-17.035,55.646,0.49,A,HOH501,O,-17.029,55.534,3.563
Bound Backbone,BLUE,11.524,2.245,False,A,ARG299,O,-18.531,53.534,-0.557,A,PRO300,N,-17.327,53.666,-2.447
Thermal Noise,RED,3.636,3.536,False,A,ARG299,O,-18.531,53.534,-0.557,A,PRO300,O,-16.749,50.954,-2.192
Thermal Noise,RED,3.896,3.463,False,A,ARG299,O,-18.531,53.534,-0.557,A,PHE301,N,-18.97,50.593,-2.331
Bound Backbone,BLUE,5.369,2.88,False,A,ARG299,O,-18.531,53.534,-0.557,A,MET316,N,-21.143,53.552,0.657
Thermal Noise,RED,3.642,3.663,False,A,ARG299,NE,-12.065,54.03,1.815,A,LEU322,O,-11.218,56.865,3.975
Bound Backbone,BLUE,5.691,3.123,False,A,ARG299,NE,-12.065,54.03,1.815,A,HOH482,O,-11.115,52.321,4.25
Thermal Noise,RED,2.741,3.822,False,A,ARG299,NH1,-11.475,54.756,-0.359,A,ASP323,OD1,-10.593,58.473,-0.474
Phase Boundary,YELLOW,4.343,3.088,False,A,ARG299,NH1,-11.475,54.756,-0.359,A,ILE347,O,-8.646,55.761,-1.082
Thermal Noise,RED,3.408,3.514,False,A,ARG299,NH1,-11.475,54.756,-0.359,A,HOH545,O,-10.266,51.612,-1.36
Bound Backbone,BLUE,5.664,3.151,False,A,ARG299,NH2,-10.134,55.304,1.462,A,LEU322,O,-11.218,56.865,3.975
Thermal Noise,RED,3.345,3.742,False,A,ARG299,NH2,-10.134,55.304,1.462,A,ASP323,OD1,-10.593,58.473,-0.474
Bound Backbone,BLUE,6.582,2.982,False,A,ARG299,NH2,-10.134,55.304,1.462,A,ILE347,O,-8.646,55.761,-1.082
Thermal Noise,RED,3.479,3.455,False,A,ARG299,NH2,-10.134,55.304,1.462,A,GLY349,N,-8.188,52.576,0.621
Bound Backbone,BLUE,6.59,2.955,False,A,ARG299,NH2,-10.134,55.304,1.462,A,HOH593,O,-8.519,54.968,3.914
Thermal Noise,RED,3.294,3.487,False,A,PRO300,N,-17.327,53.666,-2.447,A,PHE301,N,-18.97,50.593,-2.331
Bound Backbone,BLUE,7.893,2.254,False,A,PRO300,O,-16.749,50.954,-2.192,A,PHE301,N,-18.97,50.593,-2.331
Thermal Noise,RED,3.593,3.365,False,A,PHE301,N,-18.97,50.593,-2.331,A,VAL302,N,-18.726,47.281,-2.875
Phase Boundary,YELLOW,4.866,2.868,False,A,PHE301,N,-18.97,50.593,-2.331,A,ARG314,O,-21.752,51.289,-2.282
Bound Backbone,BLUE,7.822,2.262,False,A,PHE301,O,-20.721,48.347,-2.883,A,VAL302,N,-18.726,47.281,-2.875
Thermal Noise,RED,3.338,3.938,False,A,PHE301,O,-20.721,48.347,-2.883,A,GLU312,O,-22.317,45.937,-5.557
Phase Boundary,YELLOW,4.293,3.236,False,A,PHE301,O,-20.721,48.347,-2.883,A,ARG314,N,-22.979,50.176,-4.306
Thermal Noise,RED,4.061,3.175,False,A,PHE301,O,-20.721,48.347,-2.883,A,ARG314,O,-21.752,51.289,-2.282
Bound Backbone,BLUE,5.826,2.902,False,A,PHE301,O,-20.721,48.347,-2.883,A,TRP387,NE1,-23.048,48.474,-1.154
Thermal Noise,RED,3.293,3.516,False,A,VAL302,N,-18.726,47.281,-2.875,A,LYS303,N,-20.604,44.365,-3.449
Bound Backbone,BLUE,9.686,2.263,False,A,VAL302,O,-18.841,44.656,-2.06,A,LYS303,N,-20.604,44.365,-3.449
Thermal Noise,RED,3.706,3.345,False,A,LYS303,N,-20.604,44.365,-3.449,A,LEU304,N,-20.278,41.133,-4.248
Phase Boundary,YELLOW,5.23,3.138,False,A,LYS303,N,-20.604,44.365,-3.449,A,GLU312,O,-22.317,45.937,-5.557
Bound Backbone,BLUE,8.814,2.248,False,A,LYS303,O,-21.717,42.577,-5.196,A,LEU304,N,-20.278,41.133,-4.248
Bound Backbone,BLUE,5.698,3.06,False,A,LYS303,O,-21.717,42.577,-5.196,A,GLU312,N,-23.008,44.247,-7.412
Thermal Noise,RED,3.421,3.432,False,A,LYS303,O,-21.717,42.577,-5.196,A,GLU312,O,-22.317,45.937,-5.557
Phase Boundary,YELLOW,4.337,3.04,False,A,LYS303,O,-21.717,42.577,-5.196,A,HOH683,O,-24.295,40.973,-5.049
Bound Backbone,BLUE,6.314,2.753,False,A,LYS303,NZ,-25.256,44.809,1.361,A,ASP385,OD1,-26.135,46.924,2.889
Thermal Noise,RED,3.122,3.76,False,A,LYS303,NZ,-25.256,44.809,1.361,A,ASP385,OD2,-28.242,46.523,2.871
Bound Backbone,BLUE,5.866,3.107,False,A,LYS303,NZ,-25.256,44.809,1.361,A,HOH687,O,-24.878,43.015,3.869
Thermal Noise,RED,3.956,3.354,False,A,LEU304,N,-20.278,41.133,-4.248,A,ASN305,N,-21.507,38.348,-5.657
Bound Backbone,BLUE,10.201,2.249,False,A,LEU304,O,-19.847,38.285,-4.141,A,ASN305,N,-21.507,38.348,-5.657
Thermal Noise,RED,3.928,3.394,False,A,LEU304,O,-19.847,38.285,-4.141,A,VAL306,N,-20.307,35.294,-5.677
Thermal Noise,RED,3.717,3.281,False,A,ASN305,N,-21.507,38.348,-5.657,A,VAL306,N,-20.307,35.294,-5.677
Bound Backbone,BLUE,6.996,2.923,False,A,ASN305,N,-21.507,38.348,-5.657,A,THR310,O,-22.054,39.619,-8.232
Thermal Noise,RED,3.973,3.72,False,A,ASN305,N,-21.507,38.348,-5.657,A,HOH534,O,-23.819,38.951,-2.806
Thermal Noise,RED,2.704,3.877,False,A,ASN305,N,-21.507,38.348,-5.657,A,HOH683,O,-24.295,40.973,-5.049
Bound Backbone,BLUE,11.459,2.245,False,A,ASN305,O,-21.129,36.219,-7.55,A,VAL306,N,-20.307,35.294,-5.677
Thermal Noise,RED,2.778,3.82,False,A,ASN305,O,-21.129,36.219,-7.55,A,VAL306,O,-19.393,32.86,-8.094
Thermal Noise,RED,3.518,3.423,False,A,ASN305,O,-21.129,36.219,-7.55,A,GLU307,N,-21.21,32.879,-6.803
Thermal Noise,RED,3.02,3.765,False,A,ASN305,O,-21.129,36.219,-7.55,A,THR308,N,-23.163,33.306,-8.795
Thermal Noise,RED,2.907,3.769,False,A,ASN305,O,-21.129,36.219,-7.55,A,THR308,OG1,-24.723,35.458,-8.393
Bound Backbone,BLUE,6.717,3.008,False,A,ASN305,O,-21.129,36.219,-7.55,A,ASP309,N,-21.876,35.165,-10.267
Phase Boundary,YELLOW,4.769,3.449,False,A,ASN305,O,-21.129,36.219,-7.55,A,THR310,N,-22.139,37.972,-10.343
Thermal Noise,RED,3.178,3.589,False,A,ASN305,O,-21.129,36.219,-7.55,A,THR310,O,-22.054,39.619,-8.232
Thermal Noise,RED,3.632,3.334,False,A,ASN305,OD1,-23.5,34.418,-6.072,A,VAL306,N,-20.307,35.294,-5.677
Phase Boundary,YELLOW,5.117,2.854,False,A,ASN305,OD1,-23.5,34.418,-6.072,A,GLU307,N,-21.21,32.879,-6.803
Bound Backbone,BLUE,7.024,2.961,False,A,ASN305,OD1,-23.5,34.418,-6.072,A,THR308,N,-23.163,33.306,-8.795
Bound Backbone,BLUE,7.188,2.822,False,A,ASN305,OD1,-23.5,34.418,-6.072,A,THR308,OG1,-24.723,35.458,-8.393
Bound Backbone,BLUE,5.571,2.813,False,A,VAL306,N,-20.307,35.294,-5.677,A,GLU307,N,-21.21,32.879,-6.803
Bound Backbone,BLUE,9.774,2.229,False,A,VAL306,O,-19.393,32.86,-8.094,A,GLU307,N,-21.21,32.879,-6.803
Thermal Noise,RED,3.039,3.826,False,A,VAL306,O,-19.393,32.86,-8.094,A,GLU307,O,-22.523,31.353,-9.698
Thermal Noise,RED,2.742,3.86,False,A,VAL306,O,-19.393,32.86,-8.094,A,THR308,N,-23.163,33.306,-8.795
Phase Boundary,YELLOW,5.243,3.265,False,A,VAL306,O,-19.393,32.86,-8.094,A,ASP309,OD1,-18.439,34.622,-10.672
Bound Backbone,BLUE,5.56,2.884,False,A,VAL306,O,-19.393,32.86,-8.094,A,HOH626,O,-18.798,30.425,-9.521
Thermal Noise,RED,2.787,3.843,False,A,VAL306,O,-19.393,32.86,-8.094,A,HOH627,O,-16.667,30.275,-7.286
Bound Backbone,BLUE,6.618,2.822,False,A,GLU307,N,-21.21,32.879,-6.803,A,THR308,N,-23.163,33.306,-8.795
Bound Backbone,BLUE,8.76,2.245,False,A,GLU307,O,-22.523,31.353,-9.698,A,THR308,N,-23.163,33.306,-8.795
Thermal Noise,RED,2.656,3.908,False,A,GLU307,O,-22.523,31.353,-9.698,A,ASP309,N,-21.876,35.165,-10.267
Thermal Noise,RED,2.714,3.843,False,A,GLU307,O,-22.523,31.353,-9.698,A,HOH626,O,-18.798,30.425,-9.521
Bound Backbone,BLUE,6.54,2.698,False,A,THR308,N,-23.163,33.306,-8.795,A,ASP309,N,-21.876,35.165,-10.267
Bound Backbone,BLUE,10.669,2.272,False,A,THR308,O,-23.308,34.925,-12.015,A,ASP309,N,-21.876,35.165,-10.267
Thermal Noise,RED,3.438,3.433,False,A,THR308,O,-23.308,34.925,-12.015,A,ASP309,O,-21.47,37.784,-12.501
Thermal Noise,RED,3.37,3.667,False,A,THR308,O,-23.308,34.925,-12.015,A,THR310,N,-22.139,37.972,-10.343
Phase Boundary,YELLOW,4.073,3.421,False,A,THR308,OG1,-24.723,35.458,-8.393,A,ASP309,N,-21.876,35.165,-10.267
Bound Backbone,BLUE,5.613,2.762,False,A,THR308,OG1,-24.723,35.458,-8.393,A,THR310,OG1,-24.638,38.062,-9.311
Phase Boundary,YELLOW,5.034,2.82,False,A,ASP309,N,-21.876,35.165,-10.267,A,THR310,N,-22.139,37.972,-10.343
Bound Backbone,BLUE,12.276,2.267,False,A,ASP309,O,-21.47,37.784,-12.501,A,THR310,N,-22.139,37.972,-10.343
Bound Backbone,BLUE,6.461,3.108,False,A,ASP309,O,-21.47,37.784,-12.501,A,HOH561,O,-21.781,36.753,-15.417
Thermal Noise,RED,3.558,3.815,False,A,ASP309,OD2,-19.137,33.204,-12.112,A,HOH626,O,-18.798,30.425,-9.521
Thermal Noise,RED,3.264,3.562,False,A,THR310,N,-22.139,37.972,-10.343,A,ALA311,N,-22.317,41.431,-9.511
Bound Backbone,BLUE,9.697,2.233,False,A,THR310,O,-22.054,39.619,-8.232,A,ALA311,N,-22.317,41.431,-9.511
Thermal Noise,RED,3.807,3.58,False,A,ALA311,N,-22.317,41.431,-9.511,A,GLU312,N,-23.008,44.247,-7.412
Bound Backbone,BLUE,6.589,3.06,False,A,ALA311,N,-22.317,41.431,-9.511,A,HOH513,O,-23.343,42.019,-12.333
Bound Backbone,BLUE,12.787,2.253,False,A,ALA311,O,-23.215,43.976,-9.639,A,GLU312,N,-23.008,44.247,-7.412
Phase Boundary,YELLOW,5.103,3.332,False,A,ALA311,O,-23.215,43.976,-9.639,A,HOH513,O,-23.343,42.019,-12.333
Thermal Noise,RED,3.304,3.517,False,A,GLU312,N,-23.008,44.247,-7.412,A,ILE313,N,-23.001,47.705,-6.771
Bound Backbone,BLUE,9.359,2.251,False,A,GLU312,O,-22.317,45.937,-5.557,A,ILE313,N,-23.001,47.705,-6.771
Phase Boundary,YELLOW,5.065,2.974,False,A,GLU312,OE1,-27.778,45.272,-5.648,A,HOH540,O,-26.608,42.86,-4.361
Phase Boundary,YELLOW,4.993,2.843,False,A,GLU312,OE2,-27.993,47.418,-5.862,A,ARG314,NE,-27.57,50.21,-5.531
Bound Backbone,BLUE,5.901,2.811,False,A,GLU312,OE2,-27.993,47.418,-5.862,A,ARG314,NH2,-28.978,49.628,-7.292
Phase Boundary,YELLOW,4.328,3.49,False,A,ILE313,N,-23.001,47.705,-6.771,A,ARG314,N,-22.979,50.176,-4.306
Bound Backbone,BLUE,11.99,2.25,False,A,ILE313,O,-23.953,50.218,-6.334,A,ARG314,N,-22.979,50.176,-4.306
Thermal Noise,RED,3.002,3.705,False,A,ILE313,O,-23.953,50.218,-6.334,A,ARG314,NE,-27.57,50.21,-5.531
Thermal Noise,RED,3.715,3.536,False,A,ARG314,N,-22.979,50.176,-4.306,A,LEU315,N,-22.812,53.229,-2.53
Phase Boundary,YELLOW,4.653,3.583,False,A,ARG314,N,-22.979,50.176,-4.306,A,TRP387,NE1,-23.048,48.474,-1.154
Bound Backbone,BLUE,8.151,2.225,False,A,ARG314,O,-21.752,51.289,-2.282,A,LEU315,N,-22.812,53.229,-2.53
Phase Boundary,YELLOW,4.687,3.397,False,A,ARG314,O,-21.752,51.289,-2.282,A,LEU315,O,-23.287,52.967,0.241
Thermal Noise,RED,3.934,3.759,False,A,ARG314,O,-21.752,51.289,-2.282,A,MET316,N,-21.143,53.552,0.657
Thermal Noise,RED,3.954,3.298,False,A,ARG314,O,-21.752,51.289,-2.282,A,TRP387,NE1,-23.048,48.474,-1.154
Phase Boundary,YELLOW,4.719,3.214,False,A,ARG314,NH1,-28.242,51.83,-7.104,A,HOH719,O,-27.504,54.329,-5.222
Phase Boundary,YELLOW,4.587,3.612,False,A,LEU315,N,-22.812,53.229,-2.53,A,MET316,N,-21.143,53.552,0.657
Phase Boundary,YELLOW,4.785,2.942,False,A,LEU315,N,-22.812,53.229,-2.53,A,HOH716,O,-25.323,54.599,-3.217
Bound Backbone,BLUE,7.997,2.261,False,A,LEU315,O,-23.287,52.967,0.241,A,MET316,N,-21.143,53.552,0.657
Thermal Noise,RED,3.641,3.667,False,A,LEU315,O,-23.287,52.967,0.241,A,MET316,O,-21.806,55.524,2.412
Phase Boundary,YELLOW,5.212,3.479,False,A,LEU315,O,-23.287,52.967,0.241,A,CYS317,N,-22.97,53.985,3.553
Thermal Noise,RED,2.908,3.987,False,A,LEU315,O,-23.287,52.967,0.241,A,TRP387,O,-26.679,52.249,2.209
Phase Boundary,YELLOW,4.865,3.451,False,A,MET316,N,-21.143,53.552,0.657,A,CYS317,N,-22.97,53.985,3.553
Bound Backbone,BLUE,9.277,2.242,False,A,MET316,O,-21.806,55.524,2.412,A,CYS317,N,-22.97,53.985,3.553
Phase Boundary,YELLOW,4.442,3.806,False,A,MET316,O,-21.806,55.524,2.412,A,THR318,N,-22.338,54.916,6.131
Bound Backbone,BLUE,6.039,2.821,False,A,MET316,O,-21.806,55.524,2.412,A,HOH499,O,-19.724,56.58,3.995
Thermal Noise,RED,2.976,3.671,False,A,MET316,SD,-17.494,51.899,3.346,A,HOH501,O,-17.029,55.534,3.563
Bound Backbone,BLUE,7.762,2.813,False,A,CYS317,N,-22.97,53.985,3.553,A,THR318,N,-22.338,54.916,6.131
Phase Boundary,YELLOW,4.847,2.889,False,A,CYS317,N,-22.97,53.985,3.553,A,PRO386,O,-23.341,51.145,3.93
Phase Boundary,YELLOW,5.137,3.159,False,A,CYS317,N,-22.97,53.985,3.553,A,HOH526,O,-21.412,52.212,5.653
Bound Backbone,BLUE,8.095,2.228,False,A,CYS317,O,-23.874,56.52,5.951,A,THR318,N,-22.338,54.916,6.131
Thermal Noise,RED,3.96,3.197,False,A,CYS317,O,-23.874,56.52,5.951,A,THR318,O,-20.81,57.327,6.375
Phase Boundary,YELLOW,4.63,3.39,False,A,CYS317,O,-23.874,56.52,5.951,A,GLU319,N,-21.777,57.587,8.392
Thermal Noise,RED,3.348,3.687,False,A,CYS317,O,-23.874,56.52,5.951,A,ASP389,O,-24.576,53.332,7.666
Thermal Noise,RED,2.554,3.959,False,A,CYS317,O,-23.874,56.52,5.951,A,HOH595,O,-24.062,60.474,5.932
Bound Backbone,BLUE,11.674,2.031,False,A,CYS317,SG,-26.551,55.647,4.682,A,CYS336,SG,-28.16,55.177,3.536
Thermal Noise,RED,3.031,3.814,False,A,CYS317,SG,-26.551,55.647,4.682,A,THR388,O,-28.722,52.907,6.206
Phase Boundary,YELLOW,4.191,3.883,False,A,CYS317,SG,-26.551,55.647,4.682,A,SER390,N,-26.348,54.497,8.385
Thermal Noise,RED,3.047,3.629,False,A,CYS317,SG,-26.551,55.647,4.682,A,HOH602,O,-28.222,58.86,4.92
Thermal Noise,RED,4.011,3.544,False,A,THR318,N,-22.338,54.916,6.131,A,GLU319,N,-21.777,57.587,8.392
Phase Boundary,YELLOW,4.669,3.142,False,A,THR318,N,-22.338,54.916,6.131,A,ASP389,O,-24.576,53.332,7.666
Thermal Noise,RED,3.405,3.764,False,A,THR318,N,-22.338,54.916,6.131,A,HOH499,O,-19.724,56.58,3.995
Phase Boundary,YELLOW,4.848,2.898,False,A,THR318,N,-22.338,54.916,6.131,A,HOH526,O,-21.412,52.212,5.653
Bound Backbone,BLUE,11.921,2.252,False,A,THR318,O,-20.81,57.327,6.375,A,GLU319,N,-21.777,57.587,8.392
Thermal Noise,RED,3.238,3.842,False,A,THR318,O,-20.81,57.327,6.375,A,GLU319,O,-19.259,60.128,8.499
Bound Backbone,BLUE,5.551,3.217,False,A,THR318,O,-20.81,57.327,6.375,A,THR320,N,-19.113,57.95,9.036
Bound Backbone,BLUE,8.04,2.721,False,A,THR318,O,-20.81,57.327,6.375,A,HOH499,O,-19.724,56.58,3.995
Phase Boundary,YELLOW,4.31,3.108,False,A,THR318,OG1,-20.214,55.017,9.173,A,GLU319,N,-21.777,57.587,8.392
Phase Boundary,YELLOW,4.075,3.136,False,A,THR318,OG1,-20.214,55.017,9.173,A,THR320,N,-19.113,57.95,9.036
Phase Boundary,YELLOW,4.575,3.298,False,A,THR318,OG1,-20.214,55.017,9.173,A,THR320,OG1,-18.201,56.649,11.213
Bound Backbone,BLUE,6.565,2.787,False,A,THR318,OG1,-20.214,55.017,9.173,A,ASP391,O,-22.22,54.385,11.001
Phase Boundary,YELLOW,4.257,3.803,False,A,THR318,OG1,-20.214,55.017,9.173,A,LEU393,N,-18.938,54.247,12.672
Thermal Noise,RED,2.616,3.912,False,A,THR318,OG1,-20.214,55.017,9.173,A,HOH576,O,-22.591,51.912,9.285
Bound Backbone,BLUE,5.417,2.765,False,A,GLU319,N,-21.777,57.587,8.392,A,THR320,N,-19.113,57.95,9.036
Bound Backbone,BLUE,5.786,2.888,False,A,GLU319,N,-21.777,57.587,8.392,A,SER390,O,-24.003,56.758,10.035
Bound Backbone,BLUE,8.207,2.248,False,A,GLU319,O,-19.259,60.128,8.499,A,THR320,N,-19.113,57.95,9.036
Phase Boundary,YELLOW,5.024,3.038,False,A,GLU319,O,-19.259,60.128,8.499,A,TYR321,N,-17.028,58.73,6.984
Thermal Noise,RED,3.511,3.475,False,A,GLU319,O,-19.259,60.128,8.499,A,ASP329,OD1,-16.211,61.416,9.56
Thermal Noise,RED,4.06,3.2,False,A,GLU319,O,-19.259,60.128,8.499,A,GLY330,N,-20.741,62.852,9.287
Thermal Noise,RED,3.977,3.175,False,A,GLU319,OE2,-20.904,60.432,12.724,A,HOH527,O,-18.123,58.91,12.902
Bound Backbone,BLUE,5.642,3.028,False,A,THR320,N,-19.113,57.95,9.036,A,TYR321,N,-17.028,58.73,6.984
Bound Backbone,BLUE,8.318,2.224,False,A,THR320,O,-16.69,56.582,7.451,A,TYR321,N,-17.028,58.73,6.984
Thermal Noise,RED,3.489,3.51,False,A,THR320,O,-16.69,56.582,7.451,A,TYR321,O,-14.317,58.874,6.252
Phase Boundary,YELLOW,5.107,3.303,False,A,THR320,O,-16.69,56.582,7.451,A,LEU322,N,-14.739,57.195,4.857
Bound Backbone,BLUE,5.502,2.905,False,A,THR320,OG1,-18.201,56.649,11.213,A,LEU393,N,-18.938,54.247,12.672
Bound Backbone,BLUE,6.164,2.823,False,A,THR320,OG1,-18.201,56.649,11.213,A,HOH527,O,-18.123,58.91,12.902
Phase Boundary,YELLOW,4.086,3.481,False,A,TYR321,N,-17.028,58.73,6.984,A,LEU322,N,-14.739,57.195,4.857
Thermal Noise,RED,3.558,3.81,False,A,TYR321,N,-17.028,58.73,6.984,A,ASP329,OD1,-16.211,61.416,9.56
Thermal Noise,RED,3.843,3.552,False,A,TYR321,N,-17.028,58.73,6.984,A,ARG366,NH1,-14.221,59.468,9.031
Bound Backbone,BLUE,10.124,2.223,False,A,TYR321,O,-14.317,58.874,6.252,A,LEU322,N,-14.739,57.195,4.857
Phase Boundary,YELLOW,4.482,3.656,False,A,TYR321,O,-14.317,58.874,6.252,A,ASP323,N,-12.795,58.089,3.022
Thermal Noise,RED,3.037,3.741,False,A,TYR321,O,-14.317,58.874,6.252,A,ARG326,NE,-12.205,61.733,7.417
Bound Backbone,BLUE,7.959,2.843,False,A,TYR321,O,-14.317,58.874,6.252,A,ARG366,NH1,-14.221,59.468,9.031
Bound Backbone,BLUE,6.157,3.206,False,A,TYR321,OH,-21.624,62.514,6.224,A,GLY330,N,-20.741,62.852,9.287
Thermal Noise,RED,3.254,3.92,False,A,TYR321,OH,-21.624,62.514,6.224,A,GLY330,O,-23.732,64.728,8.678
Phase Boundary,YELLOW,4.721,3.167,False,A,TYR321,OH,-21.624,62.514,6.224,A,SER331,N,-21.703,65.185,7.924
Phase Boundary,YELLOW,4.876,2.954,False,A,TYR321,OH,-21.624,62.514,6.224,A,ILE332,N,-22.82,65.049,5.29
Thermal Noise,RED,2.757,3.957,False,A,TYR321,OH,-21.624,62.514,6.224,A,ILE332,O,-25.204,63.466,4.833
Thermal Noise,RED,3.948,3.192,False,A,TYR321,OH,-21.624,62.514,6.224,A,HOH595,O,-24.062,60.474,5.932
Bound Backbone,BLUE,6.395,2.819,False,A,LEU322,N,-14.739,57.195,4.857,A,ASP323,N,-12.795,58.089,3.022
Phase Boundary,YELLOW,4.591,3.111,False,A,LEU322,N,-14.739,57.195,4.857,A,HOH501,O,-17.029,55.534,3.563
Bound Backbone,BLUE,9.145,2.212,False,A,LEU322,O,-11.218,56.865,3.975,A,ASP323,N,-12.795,58.089,3.022
Thermal Noise,RED,3.19,3.558,False,A,LEU322,O,-11.218,56.865,3.975,A,ASP323,O,-11.543,60.383,3.557
Phase Boundary,YELLOW,5.133,2.837,False,A,LEU322,O,-11.218,56.865,3.975,A,HOH479,O,-8.668,57.931,4.617
Thermal Noise,RED,3.677,3.3,False,A,LEU322,O,-11.218,56.865,3.975,A,HOH593,O,-8.519,54.968,3.914
Thermal Noise,RED,3.204,3.654,False,A,ASP323,N,-12.795,58.089,3.022,A,THR324,N,-10.095,60.237,1.819
Bound Backbone,BLUE,10.701,2.267,False,A,ASP323,O,-11.543,60.383,3.557,A,THR324,N,-10.095,60.237,1.819
Thermal Noise,RED,3.356,3.457,False,A,ASP323,O,-11.543,60.383,3.557,A,THR324,OG1,-8.092,60.341,3.748
Thermal Noise,RED,3.912,3.636,False,A,ASP323,O,-11.543,60.383,3.557,A,PRO325,O,-12.236,62.964,1.091
Bound Backbone,BLUE,6.444,3.07,False,A,ASP323,O,-11.543,60.383,3.557,A,ARG326,NH1,-10.314,60.884,6.325
Thermal Noise,RED,2.719,3.924,False,A,ASP323,O,-11.543,60.383,3.557,A,HOH479,O,-8.668,57.931,4.617
Bound Backbone,BLUE,6.447,2.936,False,A,ASP323,OD1,-10.593,58.473,-0.474,A,THR324,N,-10.095,60.237,1.819
Thermal Noise,RED,3.366,3.453,False,A,ASP323,OD1,-10.593,58.473,-0.474,A,THR324,O,-8.798,61.414,-0.254
Bound Backbone,BLUE,5.273,2.929,False,A,ASP323,OD1,-10.593,58.473,-0.474,A,ILE347,N,-7.995,58.207,-1.801
Thermal Noise,RED,3.546,3.393,False,A,ASP323,OD1,-10.593,58.473,-0.474,A,ILE347,O,-8.646,55.761,-1.082
Thermal Noise,RED,3.421,3.883,False,A,ASP323,OD2,-12.309,59.088,-1.57,A,GLY345,O,-10.937,61.608,-4.186
Phase Boundary,YELLOW,5.123,2.833,False,A,ASP323,OD2,-12.309,59.088,-1.57,A,HOH467,O,-14.355,57.219,-2.159
Thermal Noise,RED,2.849,3.748,False,A,ASP323,OD2,-12.309,59.088,-1.57,A,HOH594,O,-12.885,62.791,-1.52
Thermal Noise,RED,3.687,3.458,False,A,THR324,N,-10.095,60.237,1.819,A,PRO325,N,-9.565,63.363,0.44
Thermal Noise,RED,3.274,3.543,False,A,THR324,N,-10.095,60.237,1.819,A,PRO325,O,-12.236,62.964,1.091
Thermal Noise,RED,3.501,3.897,False,A,THR324,N,-10.095,60.237,1.819,A,HOH479,O,-8.668,57.931,4.617
Bound Backbone,BLUE,8.738,2.206,False,A,THR324,O,-8.798,61.414,-0.254,A,PRO325,N,-9.565,63.363,0.44
Bound Backbone,BLUE,5.958,3.315,False,A,THR324,O,-8.798,61.414,-0.254,A,GLY346,N,-8.813,61.31,-3.567
Phase Boundary,YELLOW,4.337,3.44,False,A,THR324,O,-8.798,61.414,-0.254,A,GLY346,O,-6.717,59.914,-2.546
Thermal Noise,RED,3.347,3.65,False,A,THR324,O,-8.798,61.414,-0.254,A,ILE347,N,-7.995,58.207,-1.801
Phase Boundary,YELLOW,4.57,3.446,False,A,THR324,OG1,-8.092,60.341,3.748,A,ARG326,NH1,-10.314,60.884,6.325
Bound Backbone,BLUE,8.888,2.603,False,A,THR324,OG1,-8.092,60.341,3.748,A,THR367,OG1,-6.911,60.426,6.066
Bound Backbone,BLUE,6.209,2.626,False,A,THR324,OG1,-8.092,60.341,3.748,A,HOH479,O,-8.668,57.931,4.617
Thermal Noise,RED,3.641,3.72,False,A,PRO325,N,-9.565,63.363,0.44,A,ARG326,N,-12.24,64.389,2.812
Thermal Noise,RED,3.058,3.898,False,A,PRO325,N,-9.565,63.363,0.44,A,HOH594,O,-12.885,62.791,-1.52
Bound Backbone,BLUE,11.042,2.234,False,A,PRO325,O,-12.236,62.964,1.091,A,ARG326,N,-12.24,64.389,2.812
Thermal Noise,RED,3.824,3.598,False,A,PRO325,O,-12.236,62.964,1.091,A,LYS342,O,-14.178,65.05,-1.105
Bound Backbone,BLUE,8.792,2.696,False,A,PRO325,O,-12.236,62.964,1.091,A,HOH594,O,-12.885,62.791,-1.52
Thermal Noise,RED,3.305,3.605,False,A,ARG326,N,-12.24,64.389,2.812,A,PRO327,N,-15.421,65.565,4.034
Phase Boundary,YELLOW,5.224,3.001,False,A,ARG326,N,-12.24,64.389,2.812,A,LYS370,O,-9.744,64.929,4.388
Bound Backbone,BLUE,8.325,2.235,False,A,ARG326,O,-13.3,66.002,4.585,A,PRO327,N,-15.421,65.565,4.034
Phase Boundary,YELLOW,4.186,3.401,False,A,ARG326,O,-13.3,66.002,4.585,A,PRO327,O,-15.782,64.739,6.537
Thermal Noise,RED,2.898,3.72,False,A,ARG326,O,-13.3,66.002,4.585,A,LYS370,O,-9.744,64.929,4.388
Thermal Noise,RED,3.1,3.982,False,A,ARG326,NE,-12.205,61.733,7.417,A,ARG366,NE,-12.25,58.545,9.803
Thermal Noise,RED,3.868,3.435,False,A,ARG326,NE,-12.205,61.733,7.417,A,ARG366,NH1,-14.221,59.468,9.031
Phase Boundary,YELLOW,4.863,3.024,False,A,ARG326,NE,-12.205,61.733,7.417,A,HOH496,O,-14.43,63.345,8.679
Thermal Noise,RED,3.682,3.813,False,A,ARG326,NH1,-10.314,60.884,6.325,A,THR367,O,-8.029,59.617,9.102
Thermal Noise,RED,3.387,3.443,False,A,ARG326,NH1,-10.314,60.884,6.325,A,THR367,OG1,-6.911,60.426,6.066
Thermal Noise,RED,3.478,3.457,False,A,ARG326,NH1,-10.314,60.884,6.325,A,SER369,O,-7.623,62.88,7.178
Thermal Noise,RED,3.15,3.788,False,A,ARG326,NH1,-10.314,60.884,6.325,A,HOH479,O,-8.668,57.931,4.617
Thermal Noise,RED,2.984,3.783,False,A,ARG326,NH2,-10.213,61.487,8.575,A,ARG366,NE,-12.25,58.545,9.803
Phase Boundary,YELLOW,4.781,2.923,False,A,ARG326,NH2,-10.213,61.487,8.575,A,THR367,O,-8.029,59.617,9.102
Thermal Noise,RED,3.648,3.641,False,A,ARG326,NH2,-10.213,61.487,8.575,A,MET368,O,-7.684,63.075,10.658
Phase Boundary,YELLOW,4.218,3.256,False,A,ARG326,NH2,-10.213,61.487,8.575,A,SER369,O,-7.623,62.88,7.178
Phase Boundary,YELLOW,4.81,3.404,False,A,ARG326,NH2,-10.213,61.487,8.575,A,HOH542,O,-9.964,59.396,11.25
Bound Backbone,BLUE,6.328,3.101,False,A,ARG326,NH2,-10.213,61.487,8.575,A,HOH715,O,-11.259,62.301,11.378
Phase Boundary,YELLOW,4.557,3.643,False,A,PRO327,N,-15.421,65.565,4.034,A,ASP328,N,-16.565,66.702,7.301
Bound Backbone,BLUE,8.507,2.247,False,A,PRO327,O,-15.782,64.739,6.537,A,ASP328,N,-16.565,66.702,7.301
Phase Boundary,YELLOW,4.344,3.2,False,A,PRO327,O,-15.782,64.739,6.537,A,ASP328,O,-18.664,65.109,7.878
Phase Boundary,YELLOW,4.564,3.589,False,A,PRO327,O,-15.782,64.739,6.537,A,ASP329,N,-17.542,64.196,9.617
Bound Backbone,BLUE,6.46,2.891,False,A,PRO327,O,-15.782,64.739,6.537,A,HOH496,O,-14.43,63.345,8.679
Thermal Noise,RED,4.037,3.549,False,A,ASP328,N,-16.565,66.702,7.301,A,ASP329,N,-17.542,64.196,9.617
Thermal Noise,RED,3.327,3.557,False,A,ASP328,N,-16.565,66.702,7.301,A,SER331,OG,-19.973,66.793,6.285
Bound Backbone,BLUE,10.764,2.262,False,A,ASP328,O,-18.664,65.109,7.878,A,ASP329,N,-17.542,64.196,9.617
Bound Backbone,BLUE,5.821,3.194,False,A,ASP328,O,-18.664,65.109,7.878,A,ASP329,O,-20.12,64.542,10.664
Thermal Noise,RED,3.902,3.375,False,A,ASP328,O,-18.664,65.109,7.878,A,GLY330,N,-20.741,62.852,9.287
Phase Boundary,YELLOW,4.33,3.04,False,A,ASP328,O,-18.664,65.109,7.878,A,SER331,N,-21.703,65.185,7.924
Bound Backbone,BLUE,6.934,2.662,False,A,ASP328,O,-18.664,65.109,7.878,A,SER331,OG,-19.973,66.793,6.285
Bound Backbone,BLUE,5.691,2.89,False,A,ASP328,OD1,-15.159,68.454,9.517,A,LYS370,NZ,-13.035,67.28,11.086
Thermal Noise,RED,3.313,3.486,False,A,ASP329,N,-17.542,64.196,9.617,A,GLY330,N,-20.741,62.852,9.287
Thermal Noise,RED,3.721,3.36,False,A,ASP329,N,-17.542,64.196,9.617,A,HOH496,O,-14.43,63.345,8.679
Bound Backbone,BLUE,9.619,2.267,False,A,ASP329,O,-20.12,64.542,10.664,A,GLY330,N,-20.741,62.852,9.287
Bound Backbone,BLUE,5.597,3.229,False,A,ASP329,O,-20.12,64.542,10.664,A,SER331,N,-21.703,65.185,7.924
Phase Boundary,YELLOW,5.091,2.835,False,A,ASP329,OD1,-16.211,61.416,9.56,A,ARG366,NH1,-14.221,59.468,9.031
Thermal Noise,RED,3.656,3.543,False,A,ASP329,OD1,-16.211,61.416,9.56,A,ARG366,NH2,-13.552,59.808,11.262
Bound Backbone,BLUE,5.554,2.769,False,A,ASP329,OD1,-16.211,61.416,9.56,A,HOH496,O,-14.43,63.345,8.679
Phase Boundary,YELLOW,4.375,3.492,False,A,ASP329,OD2,-16.337,60.622,11.558,A,ARG366,NH1,-14.221,59.468,9.031
Phase Boundary,YELLOW,4.736,2.917,False,A,ASP329,OD2,-16.337,60.622,11.558,A,ARG366,NH2,-13.552,59.808,11.262
Bound Backbone,BLUE,5.781,2.816,False,A,ASP329,OD2,-16.337,60.622,11.558,A,HOH527,O,-18.123,58.91,12.902
Bound Backbone,BLUE,5.564,2.868,False,A,GLY330,N,-20.741,62.852,9.287,A,SER331,N,-21.703,65.185,7.924
Bound Backbone,BLUE,8.782,2.212,False,A,GLY330,O,-23.732,64.728,8.678,A,SER331,N,-21.703,65.185,7.924
Phase Boundary,YELLOW,5.121,3.523,False,A,GLY330,O,-23.732,64.728,8.678,A,ILE332,N,-22.82,65.049,5.29
Bound Backbone,BLUE,7.503,2.864,False,A,SER331,N,-21.703,65.185,7.924,A,ILE332,N,-22.82,65.049,5.29
Bound Backbone,BLUE,8.138,2.219,False,A,SER331,O,-23.383,67.193,5.397,A,ILE332,N,-22.82,65.049,5.29
Phase Boundary,YELLOW,4.196,3.263,False,A,SER331,O,-23.383,67.193,5.397,A,THR333,N,-25.777,65.47,4.002
Thermal Noise,RED,3.469,3.484,False,A,SER331,OG,-19.973,66.793,6.285,A,ILE332,N,-22.82,65.049,5.29
Phase Boundary,YELLOW,4.16,3.253,False,A,ILE332,N,-22.82,65.049,5.29,A,THR333,N,-25.777,65.47,4.002
Bound Backbone,BLUE,8.642,2.244,False,A,ILE332,O,-25.204,63.466,4.833,A,THR333,N,-25.777,65.47,4.002
Thermal Noise,RED,4.005,3.708,False,A,ILE332,O,-25.204,63.466,4.833,A,THR333,O,-27.351,64.473,1.982
Thermal Noise,RED,3.725,3.386,False,A,ILE332,O,-25.204,63.466,4.833,A,HOH595,O,-24.062,60.474,5.932
Phase Boundary,YELLOW,4.107,3.212,False,A,ILE332,O,-25.204,63.466,4.833,A,HOH720,O,-26.13,60.549,3.859
Thermal Noise,RED,3.054,3.658,False,A,THR333,N,-25.777,65.47,4.002,A,GLY334,N,-29.099,64.091,3.338
Bound Backbone,BLUE,9.784,2.245,False,A,THR333,O,-27.351,64.473,1.982,A,GLY334,N,-29.099,64.091,3.338
Thermal Noise,RED,3.161,3.722,False,A,THR333,O,-27.351,64.473,1.982,A,GLY334,O,-29.035,61.478,3.412
Phase Boundary,YELLOW,4.769,3.339,False,A,THR333,O,-27.351,64.473,1.982,A,SER338,OG,-27.783,62.191,-0.417
Bound Backbone,BLUE,6.37,2.894,False,A,THR333,O,-27.351,64.473,1.982,A,HOH603,O,-25.696,65.593,-0.111
Thermal Noise,RED,3.397,3.672,False,A,GLY334,N,-29.099,64.091,3.338,A,PRO335,N,-30.285,61.088,1.589
Bound Backbone,BLUE,11.278,2.245,False,A,GLY334,O,-29.035,61.478,3.412,A,PRO335,N,-30.285,61.088,1.589
Bound Backbone,BLUE,5.858,3.027,False,A,GLY334,O,-29.035,61.478,3.412,A,PRO335,O,-27.84,59.797,1.197
Phase Boundary,YELLOW,4.693,3.129,False,A,GLY334,O,-29.035,61.478,3.412,A,HOH602,O,-28.222,58.86,4.92
Phase Boundary,YELLOW,4.268,3.083,False,A,GLY334,O,-29.035,61.478,3.412,A,HOH720,O,-26.13,60.549,3.859
Thermal Noise,RED,2.893,3.723,False,A,PRO335,N,-30.285,61.088,1.589,A,CYS336,N,-28.606,57.772,1.801
Phase Boundary,YELLOW,4.255,3.391,False,A,PRO335,N,-30.285,61.088,1.589,A,SER338,OG,-27.783,62.191,-0.417
Bound Backbone,BLUE,8.285,2.248,False,A,PRO335,O,-27.84,59.797,1.197,A,CYS336,N,-28.606,57.772,1.801
Thermal Noise,RED,3.467,3.453,False,A,PRO335,O,-27.84,59.797,1.197,A,CYS336,O,-25.35,57.537,0.412
Bound Backbone,BLUE,5.321,3.063,False,A,PRO335,O,-27.84,59.797,1.197,A,GLU337,N,-27.277,57.47,-0.714
Bound Backbone,BLUE,6.445,3.026,False,A,PRO335,O,-27.84,59.797,1.197,A,SER338,N,-26.339,60.078,-1.415
Bound Backbone,BLUE,5.753,2.888,False,A,PRO335,O,-27.84,59.797,1.197,A,SER338,OG,-27.783,62.191,-0.417
Phase Boundary,YELLOW,4.282,3.858,False,A,PRO335,O,-27.84,59.797,1.197,A,HOH602,O,-28.222,58.86,4.92
Bound Backbone,BLUE,5.398,3.252,False,A,PRO335,O,-27.84,59.797,1.197,A,HOH720,O,-26.13,60.549,3.859
Bound Backbone,BLUE,7.297,2.861,False,A,CYS336,N,-28.606,57.772,1.801,A,GLU337,N,-27.277,57.47,-0.714
Bound Backbone,BLUE,5.644,3.326,False,A,CYS336,N,-28.606,57.772,1.801,A,HOH602,O,-28.222,58.86,4.92
Bound Backbone,BLUE,9.326,2.233,False,A,CYS336,O,-25.35,57.537,0.412,A,GLU337,N,-27.277,57.47,-0.714
Phase Boundary,YELLOW,4.447,3.282,False,A,CYS336,O,-25.35,57.537,0.412,A,SER338,N,-26.339,60.078,-1.415
Thermal Noise,RED,3.48,3.539,False,A,CYS336,SG,-28.16,55.177,3.536,A,TRP387,O,-26.679,52.249,2.209
Phase Boundary,YELLOW,4.321,3.549,False,A,CYS336,SG,-28.16,55.177,3.536,A,THR388,O,-28.722,52.907,6.206
Thermal Noise,RED,2.788,3.935,False,A,CYS336,SG,-28.16,55.177,3.536,A,HOH602,O,-28.222,58.86,4.92
Phase Boundary,YELLOW,5.084,2.859,False,A,GLU337,N,-27.277,57.47,-0.714,A,SER338,N,-26.339,60.078,-1.415
Bound Backbone,BLUE,11.656,2.223,False,A,GLU337,O,-25.423,59.245,-3.261,A,SER338,N,-26.339,60.078,-1.415
Phase Boundary,YELLOW,4.352,3.472,False,A,GLU337,O,-25.423,59.245,-3.261,A,SER338,O,-23.675,61.009,-0.835
Thermal Noise,RED,3.541,3.389,False,A,GLU337,O,-25.423,59.245,-3.261,A,ASN339,N,-23.89,62.219,-2.723
Bound Backbone,BLUE,6.997,2.882,False,A,GLU337,O,-25.423,59.245,-3.261,A,HOH574,O,-23.969,58.705,-5.69
Thermal Noise,RED,3.035,3.694,False,A,GLU337,OE1,-30.338,56.535,-4.358,A,HOH719,O,-27.504,54.329,-5.222
Thermal Noise,RED,3.544,3.506,False,A,SER338,N,-26.339,60.078,-1.415,A,ASN339,N,-23.89,62.219,-2.723
Bound Backbone,BLUE,11.411,2.253,False,A,SER338,O,-23.675,61.009,-0.835,A,ASN339,N,-23.89,62.219,-2.723
Thermal Noise,RED,3.068,3.645,False,A,SER338,O,-23.675,61.009,-0.835,A,ASN339,O,-20.681,62.992,-1.46
Thermal Noise,RED,2.9,3.759,False,A,SER338,O,-23.675,61.009,-0.835,A,GLY340,N,-22.369,64.458,-1.564
Phase Boundary,YELLOW,5.071,2.944,False,A,ASN339,N,-23.89,62.219,-2.723,A,GLY340,N,-22.369,64.458,-1.564
Bound Backbone,BLUE,8.0,2.238,False,A,ASN339,O,-20.681,62.992,-1.46,A,GLY340,N,-22.369,64.458,-1.564
Thermal Noise,RED,3.619,3.407,False,A,ASN339,O,-20.681,62.992,-1.46,A,GLY340,O,-20.389,66.25,-2.414
Bound Backbone,BLUE,5.773,2.816,False,A,ASN339,O,-20.681,62.992,-1.46,A,HOH712,O,-18.247,63.452,-0.12
Bound Backbone,BLUE,5.485,2.729,False,A,ASN339,ND2,-22.168,60.696,-5.203,A,HOH574,O,-23.969,58.705,-5.69
Bound Backbone,BLUE,6.788,3.023,False,A,ASN339,OD1,-22.265,62.398,-6.588,A,HOH655,O,-22.688,61.369,-9.399
Thermal Noise,RED,3.216,3.658,False,A,GLY340,N,-22.369,64.458,-1.564,A,ASP341,N,-19.951,66.898,-0.307
Thermal Noise,RED,3.023,3.804,False,A,GLY340,N,-22.369,64.458,-1.564,A,HOH603,O,-25.696,65.593,-0.111
Bound Backbone,BLUE,12.354,2.247,False,A,GLY340,O,-20.389,66.25,-2.414,A,ASP341,N,-19.951,66.898,-0.307
Thermal Noise,RED,3.355,3.879,False,A,GLY340,O,-20.389,66.25,-2.414,A,ASP341,O,-17.417,66.069,0.072
Bound Backbone,BLUE,5.956,2.862,False,A,GLY340,O,-20.389,66.25,-2.414,A,HOH510,O,-18.101,66.617,-4.094
Thermal Noise,RED,3.051,3.674,False,A,ASP341,N,-19.951,66.898,-0.307,A,LYS342,N,-16.465,67.752,-1.091
Thermal Noise,RED,2.706,3.849,False,A,ASP341,N,-19.951,66.898,-0.307,A,HOH712,O,-18.247,63.452,-0.12
Bound Backbone,BLUE,9.189,2.256,False,A,ASP341,O,-17.417,66.069,0.072,A,LYS342,N,-16.465,67.752,-1.091
Thermal Noise,RED,3.31,3.594,False,A,ASP341,O,-17.417,66.069,0.072,A,LYS342,O,-14.178,65.05,-1.105
Phase Boundary,YELLOW,4.894,3.43,False,A,ASP341,O,-17.417,66.069,0.072,A,GLY343,N,-15.542,65.693,-2.775
Bound Backbone,BLUE,5.3,2.752,False,A,ASP341,O,-17.417,66.069,0.072,A,HOH712,O,-18.247,63.452,-0.12
Thermal Noise,RED,3.682,3.3,False,A,ASP341,OD1,-17.981,70.678,-0.925,A,LYS342,N,-16.465,67.752,-1.091
Thermal Noise,RED,3.504,3.75,False,A,ASP341,OD2,-17.425,70.585,1.171,A,LYS342,N,-16.465,67.752,-1.091
Bound Backbone,BLUE,6.198,2.816,False,A,LYS342,N,-16.465,67.752,-1.091,A,GLY343,N,-15.542,65.693,-2.775
Phase Boundary,YELLOW,4.445,3.603,False,A,LYS342,N,-16.465,67.752,-1.091,A,HOH510,O,-18.101,66.617,-4.094
Phase Boundary,YELLOW,4.118,3.764,False,A,LYS342,N,-16.465,67.752,-1.091,A,HOH714,O,-14.563,68.344,-4.285
Bound Backbone,BLUE,10.676,2.25,False,A,LYS342,O,-14.178,65.05,-1.105,A,GLY343,N,-15.542,65.693,-2.775
Thermal Noise,RED,3.773,3.936,False,A,LYS342,O,-14.178,65.05,-1.105,A,GLY343,O,-13.933,62.996,-4.454
Phase Boundary,YELLOW,4.45,3.826,False,A,LYS342,O,-14.178,65.05,-1.105,A,ARG344,N,-13.764,65.196,-4.906
Bound Backbone,BLUE,5.852,2.636,False,A,LYS342,O,-14.178,65.05,-1.105,A,HOH594,O,-12.885,62.791,-1.52
Bound Backbone,BLUE,6.864,2.819,False,A,GLY343,N,-15.542,65.693,-2.775,A,ARG344,N,-13.764,65.196,-4.906
Phase Boundary,YELLOW,4.908,3.024,False,A,GLY343,N,-15.542,65.693,-2.775,A,HOH510,O,-18.101,66.617,-4.094
Phase Boundary,YELLOW,4.449,3.204,False,A,GLY343,N,-15.542,65.693,-2.775,A,HOH714,O,-14.563,68.344,-4.285
Bound Backbone,BLUE,8.091,2.252,False,A,GLY343,O,-13.933,62.996,-4.454,A,ARG344,N,-13.764,65.196,-4.906
Thermal Noise,RED,3.349,3.489,False,A,GLY343,O,-13.933,62.996,-4.454,A,ARG344,O,-11.218,65.104,-3.854
Thermal Noise,RED,3.196,3.646,False,A,GLY343,O,-13.933,62.996,-4.454,A,GLY345,N,-10.568,63.82,-5.591
Thermal Noise,RED,3.662,3.313,False,A,GLY343,O,-13.933,62.996,-4.454,A,GLY345,O,-10.937,61.608,-4.186
Bound Backbone,BLUE,6.412,3.122,False,A,GLY343,O,-13.933,62.996,-4.454,A,HOH594,O,-12.885,62.791,-1.52
Thermal Noise,RED,3.258,3.546,False,A,ARG344,N,-13.764,65.196,-4.906,A,GLY345,N,-10.568,63.82,-5.591
Thermal Noise,RED,3.742,3.307,False,A,ARG344,N,-13.764,65.196,-4.906,A,HOH714,O,-14.563,68.344,-4.285
Bound Backbone,BLUE,10.833,2.256,False,A,ARG344,O,-11.218,65.104,-3.854,A,GLY345,N,-10.568,63.82,-5.591
Thermal Noise,RED,3.243,3.523,False,A,ARG344,O,-11.218,65.104,-3.854,A,GLY345,O,-10.937,61.608,-4.186
Thermal Noise,RED,3.7,3.685,False,A,ARG344,O,-11.218,65.104,-3.854,A,HOH594,O,-12.885,62.791,-1.52
Thermal Noise,RED,3.544,3.671,False,A,GLY345,N,-10.568,63.82,-5.591,A,GLY346,N,-8.813,61.31,-3.567
Bound Backbone,BLUE,8.424,2.232,False,A,GLY345,O,-10.937,61.608,-4.186,A,GLY346,N,-8.813,61.31,-3.567
Phase Boundary,YELLOW,4.449,3.507,False,A,GLY345,O,-10.937,61.608,-4.186,A,HOH594,O,-12.885,62.791,-1.52
Thermal Noise,RED,3.424,3.663,False,A,GLY346,N,-8.813,61.31,-3.567,A,ILE347,N,-7.995,58.207,-1.801
Thermal Noise,RED,3.805,3.243,False,A,GLY346,N,-8.813,61.31,-3.567,A,HOH612,O,-6.12,63.117,-3.596
Bound Backbone,BLUE,8.387,2.259,False,A,GLY346,O,-6.717,59.914,-2.546,A,ILE347,N,-7.995,58.207,-1.801
Bound Backbone,BLUE,5.312,2.747,False,A,GLY346,O,-6.717,59.914,-2.546,A,ARG373,NH2,-3.982,59.695,-2.672
Thermal Noise,RED,3.62,3.423,False,A,GLY346,O,-6.717,59.914,-2.546,A,HOH612,O,-6.12,63.117,-3.596
Thermal Noise,RED,3.217,3.535,False,A,ILE347,N,-7.995,58.207,-1.801,A,LYS348,N,-6.619,54.965,-1.493
Bound Backbone,BLUE,8.327,2.216,False,A,ILE347,O,-8.646,55.761,-1.082,A,LYS348,N,-6.619,54.965,-1.493
Thermal Noise,RED,3.314,3.769,False,A,ILE347,O,-8.646,55.761,-1.082,A,LYS348,O,-6.231,53.654,0.901
Thermal Noise,RED,3.44,3.641,False,A,ILE347,O,-8.646,55.761,-1.082,A,GLY349,N,-8.188,52.576,0.621
Thermal Noise,RED,3.879,3.555,False,A,LYS348,N,-6.619,54.965,-1.493,A,GLY349,N,-8.188,52.576,0.621
Bound Backbone,BLUE,7.971,2.252,False,A,LYS348,O,-6.231,53.654,0.901,A,GLY349,N,-8.188,52.576,0.621
Phase Boundary,YELLOW,4.253,3.262,False,A,LYS348,O,-6.231,53.654,0.901,A,SER409,N,-3.864,51.965,2.379
Thermal Noise,RED,2.877,3.791,False,A,LYS348,O,-6.231,53.654,0.901,A,SER409,O,-5.482,50.04,1.766
Phase Boundary,YELLOW,4.108,3.868,False,A,LYS348,O,-6.231,53.654,0.901,A,SER409,OG,-5.858,52.162,4.45
Bound Backbone,BLUE,7.008,2.956,False,A,LYS348,O,-6.231,53.654,0.901,A,HOH484,O,-5.615,54.691,3.6
Phase Boundary,YELLOW,4.326,3.649,False,A,GLY349,N,-8.188,52.576,0.621,A,GLY350,N,-7.964,50.557,3.652
Thermal Noise,RED,2.804,3.881,False,A,GLY349,N,-8.188,52.576,0.621,A,SER409,O,-5.482,50.04,1.766
Bound Backbone,BLUE,5.552,3.028,False,A,GLY349,N,-8.188,52.576,0.621,A,HOH545,O,-10.266,51.612,-1.36
Bound Backbone,BLUE,11.915,2.231,False,A,GLY349,O,-8.881,49.95,1.711,A,GLY350,N,-7.964,50.557,3.652
Phase Boundary,YELLOW,4.896,3.556,False,A,GLY349,O,-8.881,49.95,1.711,A,GLY350,O,-10.164,49.591,5.008
Thermal Noise,RED,3.773,3.772,False,A,GLY349,O,-8.881,49.95,1.711,A,PHE351,N,-9.565,47.475,4.474
Thermal Noise,RED,3.461,3.401,False,A,GLY349,O,-8.881,49.95,1.711,A,SER409,O,-5.482,50.04,1.766
Thermal Noise,RED,4.042,3.757,False,A,GLY349,O,-8.881,49.95,1.711,A,HOH545,O,-10.266,51.612,-1.36
Thermal Noise,RED,3.248,3.569,False,A,GLY350,N,-7.964,50.557,3.652,A,PHE351,N,-9.565,47.475,4.474
Bound Backbone,BLUE,5.589,3.361,False,A,GLY350,N,-7.964,50.557,3.652,A,SER365,OG,-7.178,51.206,6.855
Phase Boundary,YELLOW,4.917,3.16,False,A,GLY350,N,-7.964,50.557,3.652,A,SER409,O,-5.482,50.04,1.766
Bound Backbone,BLUE,5.51,2.766,False,A,GLY350,N,-7.964,50.557,3.652,A,SER409,OG,-5.858,52.162,4.45
Thermal Noise,RED,2.58,3.959,False,A,GLY350,N,-7.964,50.557,3.652,A,PHE410,N,-4.583,48.562,3.136
Thermal Noise,RED,3.038,3.66,False,A,GLY350,N,-7.964,50.557,3.652,A,HOH482,O,-11.115,52.321,4.25
Bound Backbone,BLUE,8.091,2.263,False,A,GLY350,O,-10.164,49.591,5.008,A,PHE351,N,-9.565,47.475,4.474
Bound Backbone,BLUE,5.369,3.288,False,A,GLY350,O,-10.164,49.591,5.008,A,SER365,N,-9.883,51.344,7.776
Thermal Noise,RED,3.069,3.865,False,A,GLY350,O,-10.164,49.591,5.008,A,SER365,OG,-7.178,51.206,6.855
Phase Boundary,YELLOW,4.664,2.989,False,A,GLY350,O,-10.164,49.591,5.008,A,HOH482,O,-11.115,52.321,4.25
Thermal Noise,RED,3.711,3.444,False,A,PHE351,N,-9.565,47.475,4.474,A,VAL352,N,-10.995,44.655,5.84
Thermal Noise,RED,3.484,3.994,False,A,PHE351,N,-9.565,47.475,4.474,A,TRP363,O,-11.991,46.912,7.597
Thermal Noise,RED,2.755,3.938,False,A,PHE351,N,-9.565,47.475,4.474,A,GLY411,N,-6.437,45.456,3.191
Bound Backbone,BLUE,11.385,2.247,False,A,PHE351,O,-9.752,44.864,3.98,A,VAL352,N,-10.995,44.655,5.84
Thermal Noise,RED,3.456,3.459,False,A,PHE351,O,-9.752,44.864,3.98,A,GLY411,N,-6.437,45.456,3.191
Phase Boundary,YELLOW,5.104,2.964,False,A,PHE351,O,-9.752,44.864,3.98,A,HOH493,O,-9.71,42.196,2.689
Thermal Noise,RED,3.289,3.555,False,A,VAL352,N,-10.995,44.655,5.84,A,HIS353,N,-12.263,41.452,6.72
Bound Backbone,BLUE,5.297,3.029,False,A,VAL352,N,-10.995,44.655,5.84,A,TRP363,O,-11.991,46.912,7.597
Bound Backbone,BLUE,8.67,2.252,False,A,VAL352,O,-12.51,43.507,7.608,A,HIS353,N,-12.263,41.452,6.72
Bound Backbone,BLUE,5.458,2.974,False,A,VAL352,O,-12.51,43.507,7.608,A,TRP363,N,-13.72,45.632,9.3
Thermal Noise,RED,3.373,3.444,False,A,VAL352,O,-12.51,43.507,7.608,A,TRP363,O,-11.991,46.912,7.597
Phase Boundary,YELLOW,4.386,3.57,False,A,HIS353,N,-12.263,41.452,6.72,A,GLN354,N,-13.775,39.867,9.539
Bound Backbone,BLUE,6.541,3.002,False,A,HIS353,N,-12.263,41.452,6.72,A,HOH498,O,-11.343,40.239,4.133
Bound Backbone,BLUE,8.895,2.278,False,A,HIS353,O,-11.893,39.238,8.42,A,GLN354,N,-13.775,39.867,9.539
Phase Boundary,YELLOW,4.433,3.005,False,A,HIS353,O,-11.893,39.238,8.42,A,HOH569,O,-10.285,36.7,8.451
Phase Boundary,YELLOW,5.007,2.827,False,A,HIS353,ND1,-14.129,40.72,4.097,A,HOH498,O,-11.343,40.239,4.133
Thermal Noise,RED,4.059,3.158,False,A,GLN354,N,-13.775,39.867,9.539,A,ARG355,N,-14.815,36.916,9.97
Phase Boundary,YELLOW,4.533,2.971,False,A,GLN354,N,-13.775,39.867,9.539,A,GLY361,O,-15.783,42.057,9.567
Bound Backbone,BLUE,8.742,2.23,False,A,GLN354,O,-16.035,38.592,10.793,A,ARG355,N,-14.815,36.916,9.97
Thermal Noise,RED,3.204,3.6,False,A,GLN354,O,-16.035,38.592,10.793,A,MET356,N,-17.188,35.296,11.669
Phase Boundary,YELLOW,4.795,2.907,False,A,GLN354,O,-16.035,38.592,10.793,A,GLY361,N,-17.655,40.971,11.204
Thermal Noise,RED,3.156,3.684,False,A,GLN354,O,-16.035,38.592,10.793,A,GLY361,O,-15.783,42.057,9.567
Thermal Noise,RED,2.96,3.677,False,A,GLN354,NE2,-13.488,38.927,15.611,A,MET356,SD,-16.875,37.495,15.619
Phase Boundary,YELLOW,4.812,2.896,False,A,GLN354,NE2,-13.488,38.927,15.611,A,HOH541,O,-13.005,36.091,15.279
Bound Backbone,BLUE,5.321,2.972,False,A,GLN354,OE1,-13.632,40.814,14.465,A,TRP363,NE1,-12.571,43.114,12.911
Bound Backbone,BLUE,5.638,2.921,False,A,GLN354,OE1,-13.632,40.814,14.465,A,TYR382,OH,-15.03,42.782,16.109
Phase Boundary,YELLOW,4.184,3.338,False,A,ARG355,N,-14.815,36.916,9.97,A,MET356,N,-17.188,35.296,11.669
Bound Backbone,BLUE,8.143,2.24,False,A,ARG355,O,-15.185,34.379,11.264,A,MET356,N,-17.188,35.296,11.669
Bound Backbone,BLUE,5.479,3.387,False,A,ARG355,O,-15.185,34.379,11.264,A,HOH588,O,-14.473,33.552,14.47
Thermal Noise,RED,3.253,3.531,False,A,ARG355,NH1,-12.826,36.235,5.259,A,GLU413,OE1,-9.357,35.824,5.776
Phase Boundary,YELLOW,4.344,3.052,False,A,ARG355,NH1,-12.826,36.235,5.259,A,GLU413,OE2,-10.123,37.594,4.86
Phase Boundary,YELLOW,4.996,2.839,False,A,ARG355,NH2,-11.742,34.309,6.049,A,GLU413,OE1,-9.357,35.824,5.776
Thermal Noise,RED,2.863,3.85,False,A,ARG355,NH2,-11.742,34.309,6.049,A,GLU413,OE2,-10.123,37.594,4.86
Phase Boundary,YELLOW,4.56,2.963,False,A,ARG355,NH2,-11.742,34.309,6.049,A,ASP420,OD2,-9.474,32.403,6.047
Thermal Noise,RED,3.734,3.689,False,A,ARG355,NH2,-11.742,34.309,6.049,A,HOH569,O,-10.285,36.7,8.451
Thermal Noise,RED,3.636,3.893,False,A,ARG355,NH2,-11.742,34.309,6.049,A,HOH601,O,-9.263,34.138,3.052
Thermal Noise,RED,3.44,3.605,False,A,MET356,N,-17.188,35.296,11.669,A,ALA357,N,-18.995,32.587,13.216
Phase Boundary,YELLOW,4.457,3.001,False,A,MET356,N,-17.188,35.296,11.669,A,LYS359,O,-19.651,36.998,11.88
Phase Boundary,YELLOW,5.172,3.245,False,A,MET356,N,-17.188,35.296,11.669,A,HOH581,O,-19.314,35.489,9.225
Bound Backbone,BLUE,11.119,2.222,False,A,MET356,O,-19.413,33.957,11.517,A,ALA357,N,-18.995,32.587,13.216
Thermal Noise,RED,3.238,3.546,False,A,MET356,O,-19.413,33.957,11.517,A,ALA357,O,-22.334,32.034,12.102
Phase Boundary,YELLOW,5.086,3.211,False,A,MET356,O,-19.413,33.957,11.517,A,SER358,N,-21.637,33.376,13.759
Thermal Noise,RED,3.403,3.645,False,A,MET356,O,-19.413,33.957,11.517,A,LYS359,N,-21.794,36.173,13.162
Phase Boundary,YELLOW,4.279,3.072,False,A,MET356,O,-19.413,33.957,11.517,A,LYS359,O,-19.651,36.998,11.88
Bound Backbone,BLUE,7.569,2.759,False,A,MET356,O,-19.413,33.957,11.517,A,HOH581,O,-19.314,35.489,9.225
Phase Boundary,YELLOW,5.188,2.81,False,A,ALA357,N,-18.995,32.587,13.216,A,SER358,N,-21.637,33.376,13.759
Bound Backbone,BLUE,10.714,2.243,False,A,ALA357,O,-22.334,32.034,12.102,A,SER358,N,-21.637,33.376,13.759
Phase Boundary,YELLOW,5.013,2.864,False,A,SER358,N,-21.637,33.376,13.759,A,LYS359,N,-21.794,36.173,13.162
Bound Backbone,BLUE,8.043,2.231,False,A,SER358,O,-24.02,36.036,13.091,A,LYS359,N,-21.794,36.173,13.162
Phase Boundary,YELLOW,5.242,2.89,False,A,SER358,O,-24.02,36.036,13.091,A,HOH618,O,-25.055,38.495,14.202
Phase Boundary,YELLOW,5.222,3.37,False,A,SER358,OG,-21.944,34.52,16.095,A,LYS359,N,-21.794,36.173,13.162
Thermal Noise,RED,3.542,3.606,False,A,LYS359,N,-21.794,36.173,13.162,A,ILE360,N,-20.48,39.035,11.405
Bound Backbone,BLUE,8.13,2.25,False,A,LYS359,O,-19.651,36.998,11.88,A,ILE360,N,-20.48,39.035,11.405
Bound Backbone,BLUE,6.254,3.072,False,A,LYS359,O,-19.651,36.998,11.88,A,HOH581,O,-19.314,35.489,9.225
Thermal Noise,RED,3.408,3.431,False,A,ILE360,N,-20.48,39.035,11.405,A,GLY361,N,-17.655,40.971,11.204
Thermal Noise,RED,4.07,3.154,False,A,ILE360,N,-20.48,39.035,11.405,A,ASP383,OD1,-23.256,40.469,11.837
Bound Backbone,BLUE,8.032,2.234,False,A,ILE360,O,-19.782,41.645,11.313,A,GLY361,N,-17.655,40.971,11.204
Thermal Noise,RED,2.508,3.997,False,A,ILE360,O,-19.782,41.645,11.313,A,ARG381,O,-18.549,45.443,11.487
Phase Boundary,YELLOW,4.873,2.877,False,A,ILE360,O,-19.782,41.645,11.313,A,ASP383,N,-22.003,43.445,11.64
Thermal Noise,RED,2.953,3.705,False,A,ILE360,O,-19.782,41.645,11.313,A,ASP383,OD1,-23.256,40.469,11.837
Thermal Noise,RED,3.442,3.53,False,A,GLY361,N,-17.655,40.971,11.204,A,ARG362,N,-16.537,44.102,10.017
Bound Backbone,BLUE,8.29,2.226,False,A,GLY361,O,-15.783,42.057,9.567,A,ARG362,N,-16.537,44.102,10.017
Thermal Noise,RED,3.821,3.285,False,A,ARG362,N,-16.537,44.102,10.017,A,TRP363,N,-13.72,45.632,9.3
Bound Backbone,BLUE,5.856,2.83,False,A,ARG362,N,-16.537,44.102,10.017,A,ARG381,O,-18.549,45.443,11.487
Bound Backbone,BLUE,8.591,2.276,False,A,ARG362,O,-15.515,46.654,10.257,A,TRP363,N,-13.72,45.632,9.3
Bound Backbone,BLUE,6.218,2.944,False,A,ARG362,O,-15.515,46.654,10.257,A,ARG381,N,-17.249,47.623,12.43
Thermal Noise,RED,3.544,3.491,False,A,ARG362,O,-15.515,46.654,10.257,A,ARG381,O,-18.549,45.443,11.487
Phase Boundary,YELLOW,4.406,3.543,False,A,ARG362,NH1,-21.5,44.002,7.256,A,ASP383,O,-23.208,45.45,10.002
Thermal Noise,RED,2.843,3.752,False,A,ARG362,NH1,-21.5,44.002,7.256,A,GLY384,O,-25.227,44.431,7.244
Bound Backbone,BLUE,5.62,3.076,False,A,ARG362,NH1,-21.5,44.002,7.256,A,HOH489,O,-20.459,45.871,9.466
Phase Boundary,YELLOW,4.407,3.062,False,A,ARG362,NH1,-21.5,44.002,7.256,A,HOH525,O,-23.803,42.106,7.945
Phase Boundary,YELLOW,4.47,3.468,False,A,ARG362,NH2,-21.495,42.571,5.399,A,HOH525,O,-23.803,42.106,7.945
Thermal Noise,RED,3.167,3.739,False,A,ARG362,NH2,-21.495,42.571,5.399,A,HOH687,O,-24.878,43.015,3.869
Thermal Noise,RED,3.273,3.505,False,A,TRP363,N,-13.72,45.632,9.3,A,TYR364,N,-11.99,48.665,8.99
Bound Backbone,BLUE,9.949,2.239,False,A,TRP363,O,-11.991,46.912,7.597,A,TYR364,N,-11.99,48.665,8.99
Thermal Noise,RED,3.276,3.618,False,A,TYR364,N,-11.99,48.665,8.99,A,SER365,N,-9.883,51.344,7.776
Bound Backbone,BLUE,7.369,2.914,False,A,TYR364,N,-11.99,48.665,8.99,A,TYR379,O,-12.773,49.258,11.734
Bound Backbone,BLUE,12.194,2.25,False,A,TYR364,O,-10.43,50.672,9.852,A,SER365,N,-9.883,51.344,7.776
Bound Backbone,BLUE,7.202,2.934,False,A,TYR364,O,-10.43,50.672,9.852,A,TYR379,N,-11.308,51.31,12.578
Phase Boundary,YELLOW,4.369,3.321,False,A,TYR364,O,-10.43,50.672,9.852,A,TYR379,O,-12.773,49.258,11.734
Bound Backbone,BLUE,6.357,2.892,False,A,TYR364,OH,-17.71,48.198,6.109,A,HOH486,O,-19.718,48.314,8.187
Thermal Noise,RED,3.117,3.587,False,A,SER365,N,-9.883,51.344,7.776,A,ARG366,N,-8.792,54.755,7.973
Phase Boundary,YELLOW,4.11,3.861,False,A,SER365,N,-9.883,51.344,7.776,A,HOH482,O,-11.115,52.321,4.25
Bound Backbone,BLUE,10.769,2.252,False,A,SER365,O,-9.533,53.483,6.269,A,ARG366,N,-8.792,54.755,7.973
Bound Backbone,BLUE,6.698,2.816,False,A,SER365,O,-9.533,53.483,6.269,A,HOH482,O,-11.115,52.321,4.25
Bound Backbone,BLUE,6.391,2.963,False,A,SER365,O,-9.533,53.483,6.269,A,HOH593,O,-8.519,54.968,3.914
Bound Backbone,BLUE,6.809,2.905,False,A,SER365,OG,-7.178,51.206,6.855,A,SER409,OG,-5.858,52.162,4.45
Thermal Noise,RED,3.152,3.618,False,A,ARG366,N,-8.792,54.755,7.973,A,THR367,N,-7.242,57.925,7.172
Thermal Noise,RED,2.991,3.688,False,A,ARG366,N,-8.792,54.755,7.973,A,MET376,SD,-5.152,54.78,7.382
Bound Backbone,BLUE,6.389,3.12,False,A,ARG366,N,-8.792,54.755,7.973,A,GLU377,O,-8.16,53.825,10.883
Bound Backbone,BLUE,11.399,2.237,False,A,ARG366,O,-7.345,56.642,9.002,A,THR367,N,-7.242,57.925,7.172
Phase Boundary,YELLOW,4.293,3.054,False,A,ARG366,O,-7.345,56.642,9.002,A,THR367,O,-8.029,59.617,9.102
Thermal Noise,RED,2.67,3.909,False,A,ARG366,O,-7.345,56.642,9.002,A,MET368,N,-5.96,60.233,9.684
Phase Boundary,YELLOW,4.234,3.302,False,A,ARG366,O,-7.345,56.642,9.002,A,MET376,SD,-5.152,54.78,7.382
Bound Backbone,BLUE,6.93,2.905,False,A,ARG366,O,-7.345,56.642,9.002,A,GLU377,N,-6.234,55.602,11.477
Thermal Noise,RED,3.909,3.484,False,A,ARG366,O,-7.345,56.642,9.002,A,GLU377,O,-8.16,53.825,10.883
Phase Boundary,YELLOW,4.907,3.618,False,A,ARG366,NE,-12.25,58.545,9.803,A,TYR379,OH,-12.448,57.761,13.329
Bound Backbone,BLUE,5.799,2.836,False,A,ARG366,NE,-12.25,58.545,9.803,A,HOH542,O,-9.964,59.396,11.25
Thermal Noise,RED,2.647,3.899,False,A,ARG366,NH1,-14.221,59.468,9.031,A,HOH496,O,-14.43,63.345,8.679
Bound Backbone,BLUE,5.295,3.112,False,A,ARG366,NH2,-13.552,59.808,11.262,A,TYR379,OH,-12.448,57.761,13.329
Thermal Noise,RED,3.068,3.612,False,A,ARG366,NH2,-13.552,59.808,11.262,A,HOH542,O,-9.964,59.396,11.25
Thermal Noise,RED,3.487,3.389,False,A,ARG366,NH2,-13.552,59.808,11.262,A,HOH715,O,-11.259,62.301,11.378
Thermal Noise,RED,3.925,3.644,False,A,THR367,N,-7.242,57.925,7.172,A,MET368,N,-5.96,60.233,9.684
Thermal Noise,RED,2.803,3.782,False,A,THR367,N,-7.242,57.925,7.172,A,MET376,SD,-5.152,54.78,7.382
Bound Backbone,BLUE,6.943,2.926,False,A,THR367,N,-7.242,57.925,7.172,A,HOH479,O,-8.668,57.931,4.617
Bound Backbone,BLUE,8.351,2.236,False,A,THR367,O,-8.029,59.617,9.102,A,MET368,N,-5.96,60.233,9.684
Thermal Noise,RED,3.054,3.808,False,A,THR367,O,-8.029,59.617,9.102,A,MET368,O,-7.684,63.075,10.658
Thermal Noise,RED,2.661,3.88,False,A,THR367,O,-8.029,59.617,9.102,A,SER369,N,-5.971,62.903,9.241
Thermal Noise,RED,3.205,3.81,False,A,THR367,O,-8.029,59.617,9.102,A,SER369,O,-7.623,62.88,7.178
Bound Backbone,BLUE,6.423,2.899,False,A,THR367,O,-8.029,59.617,9.102,A,HOH542,O,-9.964,59.396,11.25
Phase Boundary,YELLOW,4.545,3.746,False,A,THR367,OG1,-6.911,60.426,6.066,A,MET368,N,-5.96,60.233,9.684
Bound Backbone,BLUE,5.676,2.787,False,A,THR367,OG1,-6.911,60.426,6.066,A,SER369,O,-7.623,62.88,7.178
Thermal Noise,RED,2.669,3.942,False,A,THR367,OG1,-6.911,60.426,6.066,A,GLU372,O,-4.317,63.24,5.12
Thermal Noise,RED,3.918,3.378,False,A,THR367,OG1,-6.911,60.426,6.066,A,HOH479,O,-8.668,57.931,4.617
Bound Backbone,BLUE,5.556,2.707,False,A,MET368,N,-5.96,60.233,9.684,A,SER369,N,-5.971,62.903,9.241
Phase Boundary,YELLOW,4.846,2.979,False,A,MET368,N,-5.96,60.233,9.684,A,MET374,O,-3.419,61.407,8.664
Thermal Noise,RED,3.459,3.498,False,A,MET368,N,-5.96,60.233,9.684,A,GLY375,O,-3.198,58.362,8.633
Thermal Noise,RED,2.787,3.865,False,A,MET368,N,-5.96,60.233,9.684,A,MET376,N,-3.462,57.449,10.658
Bound Backbone,BLUE,10.118,2.23,False,A,MET368,O,-7.684,63.075,10.658,A,SER369,N,-5.971,62.903,9.241
Bound Backbone,BLUE,5.382,3.486,False,A,MET368,O,-7.684,63.075,10.658,A,SER369,O,-7.623,62.88,7.178
Phase Boundary,YELLOW,4.489,3.585,False,A,MET368,O,-7.684,63.075,10.658,A,LYS370,N,-8.325,64.951,7.671
Thermal Noise,RED,2.948,3.728,False,A,MET368,O,-7.684,63.075,10.658,A,HOH715,O,-11.259,62.301,11.378
Thermal Noise,RED,2.804,3.817,False,A,MET368,SD,-4.773,61.425,14.555,A,MET402,N,-1.021,61.561,13.866
Thermal Noise,RED,3.702,3.493,False,A,SER369,N,-5.971,62.903,9.241,A,LYS370,N,-8.325,64.951,7.671
Phase Boundary,YELLOW,4.509,3.014,False,A,SER369,N,-5.971,62.903,9.241,A,MET374,O,-3.419,61.407,8.664
Thermal Noise,RED,3.881,3.693,False,A,SER369,N,-5.971,62.903,9.241,A,MET402,SD,-4.099,64.698,11.87
Bound Backbone,BLUE,8.21,2.242,False,A,SER369,O,-7.623,62.88,7.178,A,LYS370,N,-8.325,64.951,7.671
Thermal Noise,RED,3.448,3.716,False,A,SER369,O,-7.623,62.88,7.178,A,THR371,N,-7.914,65.979,5.148
Thermal Noise,RED,3.078,3.911,False,A,SER369,O,-7.623,62.88,7.178,A,GLU372,O,-4.317,63.24,5.12
Thermal Noise,RED,3.808,3.268,False,A,SER369,OG,-5.259,65.955,7.148,A,LYS370,N,-8.325,64.951,7.671
Phase Boundary,YELLOW,4.456,3.324,False,A,SER369,OG,-5.259,65.955,7.148,A,THR371,N,-7.914,65.979,5.148
Thermal Noise,RED,3.598,3.655,False,A,SER369,OG,-5.259,65.955,7.148,A,THR371,OG1,-6.946,68.463,5.093
Bound Backbone,BLUE,7.397,2.966,False,A,SER369,OG,-5.259,65.955,7.148,A,GLU372,N,-5.161,65.597,4.205
Thermal Noise,RED,3.919,3.517,False,A,SER369,OG,-5.259,65.955,7.148,A,GLU372,O,-4.317,63.24,5.12
Thermal Noise,RED,2.631,3.995,False,A,SER369,OG,-5.259,65.955,7.148,A,GLU372,OE2,-3.238,69.217,6.037
Thermal Noise,RED,3.047,3.972,False,A,SER369,OG,-5.259,65.955,7.148,A,HOH610,O,-8.173,67.473,9.379
Bound Backbone,BLUE,8.085,2.755,False,A,LYS370,N,-8.325,64.951,7.671,A,THR371,N,-7.914,65.979,5.148
Phase Boundary,YELLOW,5.162,3.05,False,A,LYS370,N,-8.325,64.951,7.671,A,HOH610,O,-8.173,67.473,9.379
Bound Backbone,BLUE,8.54,2.243,False,A,LYS370,O,-9.744,64.929,4.388,A,THR371,N,-7.914,65.979,5.148
Phase Boundary,YELLOW,4.951,2.935,False,A,THR371,N,-7.914,65.979,5.148,A,GLU372,N,-5.161,65.597,4.205
Bound Backbone,BLUE,12.531,2.226,False,A,THR371,O,-5.896,65.941,2.132,A,GLU372,N,-5.161,65.597,4.205
Bound Backbone,BLUE,6.28,3.018,False,A,THR371,O,-5.896,65.941,2.132,A,HOH611,O,-7.061,67.207,-0.348
Bound Backbone,BLUE,6.349,2.838,False,A,THR371,O,-5.896,65.941,2.132,A,HOH648,O,-4.953,64.03,0.258
Thermal Noise,RED,3.419,3.491,False,A,THR371,OG1,-6.946,68.463,5.093,A,GLU372,N,-5.161,65.597,4.205
Thermal Noise,RED,2.729,3.9,False,A,THR371,OG1,-6.946,68.463,5.093,A,GLU372,OE2,-3.238,69.217,6.037
Thermal Noise,RED,3.103,3.616,False,A,GLU372,N,-5.161,65.597,4.205,A,ARG373,N,-2.622,63.078,3.672
Bound Backbone,BLUE,10.15,2.235,False,A,GLU372,O,-4.317,63.24,5.12,A,ARG373,N,-2.622,63.078,3.672
Phase Boundary,YELLOW,5.212,2.924,False,A,GLU372,O,-4.317,63.24,5.12,A,MET374,N,-1.993,61.965,6.353
Bound Backbone,BLUE,6.888,2.97,False,A,ARG373,N,-2.622,63.078,3.672,A,MET374,N,-1.993,61.965,6.353
Bound Backbone,BLUE,5.493,3.025,False,A,ARG373,N,-2.622,63.078,3.672,A,HOH524,O,-0.809,64.555,1.753
Bound Backbone,BLUE,9.213,2.267,False,A,ARG373,O,-0.214,61.26,5.138,A,MET374,N,-1.993,61.965,6.353
Thermal Noise,RED,3.708,3.592,False,A,ARG373,O,-0.214,61.26,5.138,A,MET374,SD,1.536,63.685,7.127
Bound Backbone,BLUE,5.288,2.916,False,A,ARG373,O,-0.214,61.26,5.138,A,GLY406,N,0.4,58.716,6.425
Thermal Noise,RED,3.847,3.246,False,A,ARG373,O,-0.214,61.26,5.138,A,GLY406,O,-1.919,58.536,4.684
Phase Boundary,YELLOW,4.453,3.508,False,A,ARG373,O,-0.214,61.26,5.138,A,TRP407,NE1,1.754,60.126,2.464
Phase Boundary,YELLOW,4.404,3.111,False,A,ARG373,O,-0.214,61.26,5.138,A,HOH575,O,2.54,62.311,4.144
Ligand Boundary Hotspot,ORANGE,4.958,3.508,True,A,ARG373,NH1,-1.708,59.352,-2.268,A,ZMR466,O1A,-3.172,59.198,-5.452
Ligand Bound Core,BLUE,7.206,2.882,True,A,ARG373,NH1,-1.708,59.352,-2.268,A,ZMR466,O1B,-1.372,58.041,-4.813
Ligand Bound Core,BLUE,7.278,2.938,True,A,ARG373,NH2,-3.982,59.695,-2.672,A,ZMR466,O1A,-3.172,59.198,-5.452
Ligand Fluctuation Noise,RED,3.417,3.759,True,A,ARG373,NH2,-3.982,59.695,-2.672,A,ZMR466,O1B,-1.372,58.041,-4.813
Phase Boundary,YELLOW,4.922,3.488,False,A,MET374,N,-1.993,61.965,6.353,A,GLY375,N,-1.55,60.388,9.432
Thermal Noise,RED,3.086,3.814,False,A,MET374,N,-1.993,61.965,6.353,A,GLY406,O,-1.919,58.536,4.684
Bound Backbone,BLUE,8.387,2.263,False,A,MET374,O,-3.419,61.407,8.664,A,GLY375,N,-1.55,60.388,9.432
Phase Boundary,YELLOW,4.293,3.053,False,A,MET374,O,-3.419,61.407,8.664,A,GLY375,O,-3.198,58.362,8.633
Thermal Noise,RED,3.125,3.947,False,A,MET374,SD,1.536,63.685,7.127,A,GLU404,O,1.36,60.484,9.429
Phase Boundary,YELLOW,5.022,3.434,False,A,MET374,SD,1.536,63.685,7.127,A,HOH575,O,2.54,62.311,4.144
Thermal Noise,RED,3.102,3.714,False,A,GLY375,N,-1.55,60.388,9.432,A,MET376,N,-3.462,57.449,10.658
Phase Boundary,YELLOW,4.892,3.497,False,A,GLY375,N,-1.55,60.388,9.432,A,SER401,O,0.084,60.178,12.517
Phase Boundary,YELLOW,4.721,2.912,False,A,GLY375,N,-1.55,60.388,9.432,A,GLU404,O,1.36,60.484,9.429
Thermal Noise,RED,3.5,3.955,False,A,GLY375,N,-1.55,60.388,9.432,A,GLY406,N,0.4,58.716,6.425
Bound Backbone,BLUE,12.169,2.237,False,A,GLY375,O,-3.198,58.362,8.633,A,MET376,N,-3.462,57.449,10.658
Thermal Noise,RED,3.525,3.43,False,A,MET376,N,-3.462,57.449,10.658,A,GLU377,N,-6.234,55.602,11.477
Bound Backbone,BLUE,6.682,2.941,False,A,MET376,N,-3.462,57.449,10.658,A,VAL400,O,-1.859,57.647,13.116
Bound Backbone,BLUE,8.601,2.272,False,A,MET376,O,-4.187,55.31,12.418,A,GLU377,N,-6.234,55.602,11.477
Bound Backbone,BLUE,7.121,2.818,False,A,MET376,O,-4.187,55.31,12.418,A,MET399,N,-3.359,53.86,14.688
Phase Boundary,YELLOW,4.546,3.047,False,A,MET376,O,-4.187,55.31,12.418,A,VAL400,N,-1.286,55.037,13.308
Thermal Noise,RED,3.616,3.372,False,A,MET376,O,-4.187,55.31,12.418,A,VAL400,O,-1.859,57.647,13.116
Thermal Noise,RED,3.37,3.994,False,A,MET376,SD,-5.152,54.78,7.382,A,SER409,OG,-5.858,52.162,4.45
Phase Boundary,YELLOW,4.482,3.811,False,A,MET376,SD,-5.152,54.78,7.382,A,HOH484,O,-5.615,54.691,3.6
Thermal Noise,RED,3.452,3.596,False,A,GLU377,N,-6.234,55.602,11.477,A,LEU378,N,-8.178,52.993,13.009
Bound Backbone,BLUE,11.915,2.283,False,A,GLU377,O,-8.16,53.825,10.883,A,LEU378,N,-8.178,52.993,13.009
Thermal Noise,RED,3.187,3.558,False,A,GLU377,OE1,-9.132,58.987,13.728,A,TYR379,OH,-12.448,57.761,13.329
Thermal Noise,RED,3.913,3.702,False,A,GLU377,OE1,-9.132,58.987,13.728,A,HIS395,NE2,-9.705,56.528,16.436
Bound Backbone,BLUE,8.909,2.646,False,A,GLU377,OE1,-9.132,58.987,13.728,A,HOH542,O,-9.964,59.396,11.25
Phase Boundary,YELLOW,4.902,2.962,False,A,GLU377,OE2,-7.873,58.623,15.423,A,HIS395,NE2,-9.705,56.528,16.436
Thermal Noise,RED,3.152,3.58,False,A,LEU378,N,-8.178,52.993,13.009,A,TYR379,N,-11.308,51.31,12.578
Bound Backbone,BLUE,7.08,2.917,False,A,LEU378,N,-8.178,52.993,13.009,A,GLY397,O,-7.027,53.642,15.61
Bound Backbone,BLUE,10.608,2.258,False,A,LEU378,O,-10.627,52.658,14.257,A,TYR379,N,-11.308,51.31,12.578
Bound Backbone,BLUE,8.248,2.756,False,A,LEU378,O,-10.627,52.658,14.257,A,SER396,N,-11.445,52.233,16.854
Thermal Noise,RED,3.877,3.905,False,A,LEU378,O,-10.627,52.658,14.257,A,GLY397,N,-8.682,52.524,17.641
Thermal Noise,RED,2.727,3.97,False,A,LEU378,O,-10.627,52.658,14.257,A,GLY397,O,-7.027,53.642,15.61
Thermal Noise,RED,3.207,3.578,False,A,TYR379,N,-11.308,51.31,12.578,A,VAL380,N,-14.352,49.573,13.299
Bound Backbone,BLUE,10.392,2.245,False,A,TYR379,O,-12.773,49.258,11.734,A,VAL380,N,-14.352,49.573,13.299
Thermal Noise,RED,3.675,3.628,False,A,TYR379,OH,-12.448,57.761,13.329,A,HOH542,O,-9.964,59.396,11.25
Bound Backbone,BLUE,7.036,2.896,False,A,TYR379,OH,-12.448,57.761,13.329,A,HOH707,O,-13.82,58.264,15.829
Thermal Noise,RED,3.205,3.599,False,A,VAL380,N,-14.352,49.573,13.299,A,ARG381,N,-17.249,47.623,12.43
Bound Backbone,BLUE,5.862,3.047,False,A,VAL380,N,-14.352,49.573,13.299,A,ALA394,O,-14.412,51.58,15.591
Phase Boundary,YELLOW,4.372,3.667,False,A,VAL380,N,-14.352,49.573,13.299,A,SER396,OG,-12.474,49.675,16.447
Bound Backbone,BLUE,9.915,2.246,False,A,VAL380,O,-16.962,49.35,13.837,A,ARG381,N,-17.249,47.623,12.43
Phase Boundary,YELLOW,5.064,2.933,False,A,VAL380,O,-16.962,49.35,13.837,A,ALA394,N,-17.211,52.06,14.931
Thermal Noise,RED,3.12,3.815,False,A,VAL380,O,-16.962,49.35,13.837,A,ALA394,O,-14.412,51.58,15.591
Thermal Noise,RED,3.512,3.44,False,A,ARG381,N,-17.249,47.623,12.43,A,TYR382,N,-19.893,45.592,13.278
Bound Backbone,BLUE,11.167,2.244,False,A,ARG381,O,-18.549,45.443,11.487,A,TYR382,N,-19.893,45.592,13.278
Thermal Noise,RED,2.512,3.993,False,A,ARG381,O,-18.549,45.443,11.487,A,ASP383,N,-22.003,43.445,11.64
Bound Backbone,BLUE,6.716,2.813,False,A,ARG381,O,-18.549,45.443,11.487,A,HOH489,O,-20.459,45.871,9.466
Phase Boundary,YELLOW,4.095,3.735,False,A,ARG381,NE,-22.973,49.804,12.344,A,HOH576,O,-22.591,51.912,9.285
Phase Boundary,YELLOW,4.285,3.059,False,A,ARG381,NH1,-22.011,50.957,14.196,A,ALA392,O,-20.676,53.704,14.024
Thermal Noise,RED,2.575,3.948,False,A,ARG381,NH2,-24.305,50.454,14.125,A,ASP391,OD1,-26.667,53.607,13.871
Phase Boundary,YELLOW,4.227,3.395,False,A,ARG381,NH2,-24.305,50.454,14.125,A,ASP391,OD2,-26.36,52.288,12.14
Thermal Noise,RED,3.903,3.427,False,A,TYR382,N,-19.893,45.592,13.278,A,ASP383,N,-22.003,43.445,11.64
Phase Boundary,YELLOW,4.341,3.864,False,A,TYR382,N,-19.893,45.592,13.278,A,HOH489,O,-20.459,45.871,9.466
Bound Backbone,BLUE,6.585,2.928,False,A,TYR382,N,-19.893,45.592,13.278,A,HOH598,O,-21.034,46.911,15.63
Bound Backbone,BLUE,9.415,2.279,False,A,TYR382,O,-22.61,45.182,12.984,A,ASP383,N,-22.003,43.445,11.64
Bound Backbone,BLUE,6.899,3.053,False,A,TYR382,O,-22.61,45.182,12.984,A,ASP383,O,-23.208,45.45,10.002
Phase Boundary,YELLOW,4.354,3.532,False,A,TYR382,O,-22.61,45.182,12.984,A,HOH598,O,-21.034,46.911,15.63
Thermal Noise,RED,3.305,3.712,False,A,ASP383,N,-22.003,43.445,11.64,A,GLY384,N,-25.163,44.344,9.912
Thermal Noise,RED,3.792,3.605,False,A,ASP383,N,-22.003,43.445,11.64,A,HOH489,O,-20.459,45.871,9.466
Bound Backbone,BLUE,7.928,2.248,False,A,ASP383,O,-23.208,45.45,10.002,A,GLY384,N,-25.163,44.344,9.912
Phase Boundary,YELLOW,4.343,3.567,False,A,ASP383,O,-23.208,45.45,10.002,A,GLY384,O,-25.227,44.431,7.244
Phase Boundary,YELLOW,5.103,2.832,False,A,ASP383,O,-23.208,45.45,10.002,A,HOH489,O,-20.459,45.871,9.466
Thermal Noise,RED,2.972,3.971,False,A,ASP383,O,-23.208,45.45,10.002,A,HOH525,O,-23.803,42.106,7.945
Bound Backbone,BLUE,5.401,2.954,False,A,ASP383,O,-23.208,45.45,10.002,A,HOH617,O,-23.37,47.953,8.442
Thermal Noise,RED,4.024,3.567,False,A,ASP383,OD1,-23.256,40.469,11.837,A,HOH618,O,-25.055,38.495,14.202
Phase Boundary,YELLOW,4.374,3.045,False,A,ASP383,OD2,-23.849,41.256,13.761,A,HOH618,O,-25.055,38.495,14.202
Phase Boundary,YELLOW,4.223,3.609,False,A,GLY384,N,-25.163,44.344,9.912,A,ASP385,N,-26.047,46.485,7.145
Phase Boundary,YELLOW,4.587,3.275,False,A,GLY384,N,-25.163,44.344,9.912,A,HOH525,O,-23.803,42.106,7.945
Bound Backbone,BLUE,8.176,2.214,False,A,GLY384,O,-25.227,44.431,7.244,A,ASP385,N,-26.047,46.485,7.145
Phase Boundary,YELLOW,5.249,2.815,False,A,GLY384,O,-25.227,44.431,7.244,A,HOH525,O,-23.803,42.106,7.945
Phase Boundary,YELLOW,4.548,3.677,False,A,GLY384,O,-25.227,44.431,7.244,A,HOH687,O,-24.878,43.015,3.869
Phase Boundary,YELLOW,4.66,3.273,False,A,ASP385,N,-26.047,46.485,7.145,A,PRO386,N,-23.84,47.782,5.106
Thermal Noise,RED,2.852,3.849,False,A,ASP385,N,-26.047,46.485,7.145,A,ASP389,OD1,-27.919,49.649,8.284
Bound Backbone,BLUE,5.696,2.988,False,A,ASP385,N,-26.047,46.485,7.145,A,ASP389,OD2,-26.139,48.748,9.094
Thermal Noise,RED,3.991,3.317,False,A,ASP385,N,-26.047,46.485,7.145,A,HOH617,O,-23.37,47.953,8.442
Bound Backbone,BLUE,8.264,2.251,False,A,ASP385,O,-25.67,48.944,5.711,A,PRO386,N,-23.84,47.782,5.106
Thermal Noise,RED,3.425,3.666,False,A,ASP385,O,-25.67,48.944,5.711,A,PRO386,O,-23.341,51.145,3.93
Bound Backbone,BLUE,7.073,2.937,False,A,ASP385,O,-25.67,48.944,5.711,A,TRP387,N,-24.578,49.514,3.045
Bound Backbone,BLUE,5.821,2.948,False,A,ASP385,O,-25.67,48.944,5.711,A,THR388,N,-27.039,50.735,3.811
Thermal Noise,RED,3.521,3.39,False,A,ASP385,O,-25.67,48.944,5.711,A,THR388,OG1,-28.999,49.402,5.267
Phase Boundary,YELLOW,4.381,3.08,False,A,ASP385,O,-25.67,48.944,5.711,A,ASP389,N,-26.883,51.672,6.469
Phase Boundary,YELLOW,4.424,3.489,False,A,ASP385,O,-25.67,48.944,5.711,A,ASP389,OD1,-27.919,49.649,8.284
Bound Backbone,BLUE,5.548,3.421,False,A,ASP385,O,-25.67,48.944,5.711,A,ASP389,OD2,-26.139,48.748,9.094
Thermal Noise,RED,3.922,3.705,False,A,ASP385,O,-25.67,48.944,5.711,A,HOH617,O,-23.37,47.953,8.442
Phase Boundary,YELLOW,4.715,3.304,False,A,ASP385,OD1,-26.135,46.924,2.889,A,PRO386,N,-23.84,47.782,5.106
Phase Boundary,YELLOW,4.378,3.026,False,A,ASP385,OD1,-26.135,46.924,2.889,A,TRP387,N,-24.578,49.514,3.045
Thermal Noise,RED,3.426,3.821,False,A,ASP385,OD2,-28.242,46.523,2.871,A,THR388,OG1,-28.999,49.402,5.267
Bound Backbone,BLUE,6.918,2.791,False,A,PRO386,N,-23.84,47.782,5.106,A,TRP387,N,-24.578,49.514,3.045
Bound Backbone,BLUE,5.706,3.373,False,A,PRO386,N,-23.84,47.782,5.106,A,HOH617,O,-23.37,47.953,8.442
Bound Backbone,BLUE,8.853,2.23,False,A,PRO386,O,-23.341,51.145,3.93,A,TRP387,N,-24.578,49.514,3.045
Thermal Noise,RED,2.933,3.914,False,A,PRO386,O,-23.341,51.145,3.93,A,TRP387,O,-26.679,52.249,2.209
Thermal Noise,RED,2.89,3.723,False,A,PRO386,O,-23.341,51.145,3.93,A,THR388,N,-27.039,50.735,3.811
Bound Backbone,BLUE,6.346,2.798,False,A,PRO386,O,-23.341,51.145,3.93,A,HOH526,O,-21.412,52.212,5.653
Phase Boundary,YELLOW,5.146,2.852,False,A,TRP387,N,-24.578,49.514,3.045,A,THR388,N,-27.039,50.735,3.811
Bound Backbone,BLUE,10.65,2.233,False,A,TRP387,O,-26.679,52.249,2.209,A,THR388,N,-27.039,50.735,3.811
Bound Backbone,BLUE,7.858,2.823,False,A,THR388,N,-27.039,50.735,3.811,A,ASP389,N,-26.883,51.672,6.469
Bound Backbone,BLUE,8.113,2.231,False,A,THR388,O,-28.722,52.907,6.206,A,ASP389,N,-26.883,51.672,6.469
Thermal Noise,RED,3.022,3.947,False,A,THR388,O,-28.722,52.907,6.206,A,ASP389,OD1,-27.919,49.649,8.284
Thermal Noise,RED,3.825,3.593,False,A,THR388,O,-28.722,52.907,6.206,A,SER390,N,-26.348,54.497,8.385
Thermal Noise,RED,3.913,3.328,False,A,THR388,OG1,-28.999,49.402,5.267,A,ASP389,N,-26.883,51.672,6.469
Bound Backbone,BLUE,6.047,3.214,False,A,THR388,OG1,-28.999,49.402,5.267,A,ASP389,OD1,-27.919,49.649,8.284
Thermal Noise,RED,4.008,3.455,False,A,ASP389,N,-26.883,51.672,6.469,A,SER390,N,-26.348,54.497,8.385
Bound Backbone,BLUE,8.505,2.239,False,A,ASP389,O,-24.576,53.332,7.666,A,SER390,N,-26.348,54.497,8.385
Phase Boundary,YELLOW,4.819,3.532,False,A,ASP389,O,-24.576,53.332,7.666,A,ASP391,N,-25.003,54.896,10.804
Thermal Noise,RED,3.053,3.914,False,A,ASP389,O,-24.576,53.332,7.666,A,HOH526,O,-21.412,52.212,5.653
Bound Backbone,BLUE,5.573,2.929,False,A,ASP389,O,-24.576,53.332,7.666,A,HOH576,O,-22.591,51.912,9.285
Phase Boundary,YELLOW,4.729,2.954,False,A,ASP389,OD2,-26.139,48.748,9.094,A,HOH617,O,-23.37,47.953,8.442
Bound Backbone,BLUE,7.555,2.796,False,A,SER390,N,-26.348,54.497,8.385,A,ASP391,N,-25.003,54.896,10.804
Bound Backbone,BLUE,8.5,2.249,False,A,SER390,O,-24.003,56.758,10.035,A,ASP391,N,-25.003,54.896,10.804
Phase Boundary,YELLOW,4.358,3.121,False,A,SER390,O,-24.003,56.758,10.035,A,ASP391,O,-22.22,54.385,11.001
Phase Boundary,YELLOW,4.536,3.526,False,A,SER390,O,-24.003,56.758,10.035,A,ALA392,N,-22.189,55.688,12.863
Thermal Noise,RED,3.565,3.515,False,A,SER390,OG,-27.752,56.584,9.409,A,ASP391,N,-25.003,54.896,10.804
Thermal Noise,RED,3.791,3.576,False,A,ASP391,N,-25.003,54.896,10.804,A,ALA392,N,-22.189,55.688,12.863
Bound Backbone,BLUE,11.056,2.273,False,A,ASP391,O,-22.22,54.385,11.001,A,ALA392,N,-22.189,55.688,12.863
Phase Boundary,YELLOW,4.959,3.462,False,A,ASP391,O,-22.22,54.385,11.001,A,ALA392,O,-20.676,53.704,14.024
Thermal Noise,RED,3.332,3.685,False,A,ASP391,O,-22.22,54.385,11.001,A,LEU393,N,-18.938,54.247,12.672
Phase Boundary,YELLOW,5.237,3.033,False,A,ASP391,O,-22.22,54.385,11.001,A,HOH576,O,-22.591,51.912,9.285
Thermal Noise,RED,3.161,3.561,False,A,ALA392,N,-22.189,55.688,12.863,A,LEU393,N,-18.938,54.247,12.672
Bound Backbone,BLUE,9.541,2.268,False,A,ALA392,O,-20.676,53.704,14.024,A,LEU393,N,-18.938,54.247,12.672
Thermal Noise,RED,3.306,3.516,False,A,ALA392,O,-20.676,53.704,14.024,A,LEU393,O,-17.267,54.279,14.663
Thermal Noise,RED,2.664,3.941,False,A,ALA392,O,-20.676,53.704,14.024,A,ALA394,N,-17.211,52.06,14.931
Thermal Noise,RED,3.895,3.587,False,A,LEU393,N,-18.938,54.247,12.672,A,ALA394,N,-17.211,52.06,14.931
Bound Backbone,BLUE,8.079,2.236,False,A,LEU393,O,-17.267,54.279,14.663,A,ALA394,N,-17.211,52.06,14.931
Phase Boundary,YELLOW,4.353,3.348,False,A,LEU393,O,-17.267,54.279,14.663,A,HIS395,N,-14.653,53.563,16.629
Thermal Noise,RED,3.962,3.418,False,A,ALA394,N,-17.211,52.06,14.931,A,HIS395,N,-14.653,53.563,16.629
Bound Backbone,BLUE,8.965,2.251,False,A,ALA394,O,-14.412,51.58,15.591,A,HIS395,N,-14.653,53.563,16.629
Phase Boundary,YELLOW,4.489,3.603,False,A,ALA394,O,-14.412,51.58,15.591,A,HIS395,O,-12.758,52.549,18.642
Thermal Noise,RED,4.044,3.29,False,A,ALA394,O,-14.412,51.58,15.591,A,SER396,N,-11.445,52.233,16.854
Phase Boundary,YELLOW,5.213,2.849,False,A,ALA394,O,-14.412,51.58,15.591,A,SER396,OG,-12.474,49.675,16.447
Thermal Noise,RED,3.313,3.48,False,A,HIS395,N,-14.653,53.563,16.629,A,SER396,N,-11.445,52.233,16.854
Bound Backbone,BLUE,11.201,2.241,False,A,HIS395,O,-12.758,52.549,18.642,A,SER396,N,-11.445,52.233,16.854
Thermal Noise,RED,3.75,3.627,False,A,HIS395,O,-12.758,52.549,18.642,A,SER396,OG,-12.474,49.675,16.447
Phase Boundary,YELLOW,4.505,3.269,False,A,HIS395,O,-12.758,52.549,18.642,A,HOH523,O,-10.539,54.082,20.49
Thermal Noise,RED,3.992,3.572,False,A,HIS395,O,-12.758,52.549,18.642,A,HOH619,O,-15.424,52.121,20.981
Thermal Noise,RED,3.298,3.603,False,A,HIS395,ND1,-10.617,55.53,18.048,A,SER396,N,-11.445,52.233,16.854
Thermal Noise,RED,3.117,3.598,False,A,HIS395,ND1,-10.617,55.53,18.048,A,GLY397,N,-8.682,52.524,17.641
Bound Backbone,BLUE,7.296,2.84,False,A,HIS395,ND1,-10.617,55.53,18.048,A,HOH523,O,-10.539,54.082,20.49
Phase Boundary,YELLOW,5.027,2.888,False,A,SER396,N,-11.445,52.233,16.854,A,GLY397,N,-8.682,52.524,17.641
Bound Backbone,BLUE,8.004,2.244,False,A,SER396,O,-8.448,50.305,17.4,A,GLY397,N,-8.682,52.524,17.641
Phase Boundary,YELLOW,4.862,2.871,False,A,SER396,O,-8.448,50.305,17.4,A,HOH508,O,-8.57,47.44,17.543
Thermal Noise,RED,3.039,3.649,False,A,GLY397,N,-8.682,52.524,17.641,A,VAL398,N,-5.511,54.264,17.162
Thermal Noise,RED,3.916,3.741,False,A,GLY397,N,-8.682,52.524,17.641,A,HOH523,O,-10.539,54.082,20.49
Bound Backbone,BLUE,10.221,2.257,False,A,GLY397,O,-7.027,53.642,15.61,A,VAL398,N,-5.511,54.264,17.162
Thermal Noise,RED,2.894,3.788,False,A,GLY397,O,-7.027,53.642,15.61,A,MET399,N,-3.359,53.86,14.688
Phase Boundary,YELLOW,4.975,3.304,False,A,VAL398,N,-5.511,54.264,17.162,A,MET399,N,-3.359,53.86,14.688
Bound Backbone,BLUE,12.785,2.223,False,A,VAL398,O,-2.69,53.861,16.808,A,MET399,N,-3.359,53.86,14.688
Thermal Noise,RED,3.522,3.849,False,A,VAL398,O,-2.69,53.861,16.808,A,MET399,O,0.065,53.478,14.147
Thermal Noise,RED,3.846,3.95,False,A,VAL398,O,-2.69,53.861,16.808,A,VAL400,N,-1.286,55.037,13.308
Bound Backbone,BLUE,7.685,2.903,False,A,VAL398,O,-2.69,53.861,16.808,A,HOH505,O,-2.214,53.981,19.669
Bound Backbone,BLUE,6.117,2.754,False,A,MET399,N,-3.359,53.86,14.688,A,VAL400,N,-1.286,55.037,13.308
Bound Backbone,BLUE,8.798,2.227,False,A,MET399,O,0.065,53.478,14.147,A,VAL400,N,-1.286,55.037,13.308
Phase Boundary,YELLOW,4.459,3.119,False,A,MET399,O,0.065,53.478,14.147,A,TYR445,OH,0.52,50.608,15.281
Bound Backbone,BLUE,5.589,2.778,False,A,MET399,O,0.065,53.478,14.147,A,THR457,N,2.661,53.294,15.119
Thermal Noise,RED,2.809,3.79,False,A,MET399,O,0.065,53.478,14.147,A,THR457,OG1,2.806,50.896,13.715
Thermal Noise,RED,3.562,3.42,False,A,VAL400,N,-1.286,55.037,13.308,A,SER401,N,0.068,58.055,14.175
Bound Backbone,BLUE,9.144,2.236,False,A,VAL400,O,-1.859,57.647,13.116,A,SER401,N,0.068,58.055,14.175
Thermal Noise,RED,3.879,3.247,False,A,VAL400,O,-1.859,57.647,13.116,A,SER401,O,0.084,60.178,12.517
Thermal Noise,RED,2.962,3.684,False,A,SER401,N,0.068,58.055,14.175,A,MET402,N,-1.021,61.561,13.866
Phase Boundary,YELLOW,4.721,2.955,False,A,SER401,N,0.068,58.055,14.175,A,HOH481,O,2.86,57.33,14.814
Bound Backbone,BLUE,9.968,2.226,False,A,SER401,O,0.084,60.178,12.517,A,MET402,N,-1.021,61.561,13.866
Thermal Noise,RED,2.897,3.806,False,A,SER401,O,0.084,60.178,12.517,A,MET402,O,0.415,63.821,11.465
Phase Boundary,YELLOW,4.218,3.14,False,A,SER401,O,0.084,60.178,12.517,A,LYS403,N,1.339,62.949,13.296
Phase Boundary,YELLOW,4.489,3.063,False,A,SER401,O,0.084,60.178,12.517,A,GLU404,N,2.774,61.35,11.637
Bound Backbone,BLUE,5.471,3.355,False,A,SER401,O,0.084,60.178,12.517,A,GLU404,O,1.36,60.484,9.429
Thermal Noise,RED,3.934,3.341,False,A,SER401,OG,1.796,60.328,15.173,A,MET402,N,-1.021,61.561,13.866
Phase Boundary,YELLOW,4.573,3.256,False,A,SER401,OG,1.796,60.328,15.173,A,LYS403,N,1.339,62.949,13.296
Phase Boundary,YELLOW,4.273,3.808,False,A,SER401,OG,1.796,60.328,15.173,A,GLU404,N,2.774,61.35,11.637
Thermal Noise,RED,3.936,3.201,False,A,SER401,OG,1.796,60.328,15.173,A,HOH481,O,2.86,57.33,14.814
Phase Boundary,YELLOW,5.252,2.797,False,A,MET402,N,-1.021,61.561,13.866,A,LYS403,N,1.339,62.949,13.296
Bound Backbone,BLUE,11.519,2.229,False,A,MET402,O,0.415,63.821,11.465,A,LYS403,N,1.339,62.949,13.296
Thermal Noise,RED,3.426,3.421,False,A,MET402,O,0.415,63.821,11.465,A,GLU404,N,2.774,61.35,11.637
Bound Backbone,BLUE,6.722,2.714,False,A,LYS403,N,1.339,62.949,13.296,A,GLU404,N,2.774,61.35,11.637
Bound Backbone,BLUE,8.207,2.221,False,A,LYS403,O,4.352,62.884,11.338,A,GLU404,N,2.774,61.35,11.637
Phase Boundary,YELLOW,4.64,3.643,False,A,GLU404,N,2.774,61.35,11.637,A,PRO405,N,3.232,60.0,8.284
Bound Backbone,BLUE,9.235,2.247,False,A,GLU404,O,1.36,60.484,9.429,A,PRO405,N,3.232,60.0,8.284
Thermal Noise,RED,3.461,3.729,False,A,GLU404,O,1.36,60.484,9.429,A,PRO405,O,1.998,57.473,7.323
Phase Boundary,YELLOW,4.407,3.615,False,A,GLU404,O,1.36,60.484,9.429,A,GLY406,N,0.4,58.716,6.425
Phase Boundary,YELLOW,4.205,3.091,False,A,GLU404,OE1,6.205,58.117,10.938,A,THR459,N,7.845,55.508,11.177
Thermal Noise,RED,3.514,3.516,False,A,GLU404,OE1,6.205,58.117,10.938,A,HOH522,O,9.452,58.52,12.224
Bound Backbone,BLUE,5.665,2.913,False,A,GLU404,OE1,6.205,58.117,10.938,A,HOH570,O,8.386,59.139,9.299
Bound Backbone,BLUE,5.397,2.731,False,A,GLU404,OE2,6.893,59.437,12.489,A,HOH522,O,9.452,58.52,12.224
Phase Boundary,YELLOW,4.863,3.535,False,A,GLU404,OE2,6.893,59.437,12.489,A,HOH570,O,8.386,59.139,9.299
Thermal Noise,RED,3.56,3.623,False,A,PRO405,N,3.232,60.0,8.284,A,GLY406,N,0.4,58.716,6.425
Bound Backbone,BLUE,9.013,2.215,False,A,PRO405,O,1.998,57.473,7.323,A,GLY406,N,0.4,58.716,6.425
Phase Boundary,YELLOW,5.076,3.253,False,A,GLY406,N,0.4,58.716,6.425,A,TRP407,N,-0.664,56.776,4.041
Bound Backbone,BLUE,8.276,2.255,False,A,GLY406,O,-1.919,58.536,4.684,A,TRP407,N,-0.664,56.776,4.041
Thermal Noise,RED,3.434,3.639,False,A,GLY406,O,-1.919,58.536,4.684,A,TRP407,O,-2.979,55.489,3.0
Phase Boundary,YELLOW,4.426,3.515,False,A,TRP407,N,-0.664,56.776,4.041,A,TYR408,N,-1.695,54.732,1.374
Phase Boundary,YELLOW,4.909,2.855,False,A,TRP407,N,-0.664,56.776,4.041,A,GLU427,O,1.21,54.622,4.031
Bound Backbone,BLUE,11.069,2.206,False,A,TRP407,O,-2.979,55.489,3.0,A,TYR408,N,-1.695,54.732,1.374
Thermal Noise,RED,3.763,3.262,False,A,TRP407,O,-2.979,55.489,3.0,A,TYR408,O,-1.779,52.457,2.923
Thermal Noise,RED,2.999,3.686,False,A,TRP407,O,-2.979,55.489,3.0,A,SER409,N,-3.864,51.965,2.379
Phase Boundary,YELLOW,5.182,2.819,False,A,TRP407,O,-2.979,55.489,3.0,A,HOH484,O,-5.615,54.691,3.6
Bound Backbone,BLUE,5.937,2.866,False,A,TRP407,NE1,1.754,60.126,2.464,A,HOH575,O,2.54,62.311,4.144
Thermal Noise,RED,3.137,3.657,False,A,TYR408,N,-1.695,54.732,1.374,A,SER409,N,-3.864,51.965,2.379
Thermal Noise,RED,3.327,3.938,False,A,TYR408,N,-1.695,54.732,1.374,A,GLU427,O,1.21,54.622,4.031
Phase Boundary,YELLOW,4.953,3.14,False,A,TYR408,N,-1.695,54.732,1.374,A,GLU427,OE1,0.816,54.352,-0.472
Bound Backbone,BLUE,8.508,2.21,False,A,TYR408,O,-1.779,52.457,2.923,A,SER409,N,-3.864,51.965,2.379
Bound Backbone,BLUE,5.789,2.775,False,A,TYR408,O,-1.779,52.457,2.923,A,GLU427,N,0.663,51.856,4.095
Thermal Noise,RED,2.837,3.853,False,A,TYR408,O,-1.779,52.457,2.923,A,GLU427,O,1.21,54.622,4.031
Ligand Fluctuation Noise,RED,3.073,3.625,True,A,TYR408,OH,-3.578,55.622,-5.016,A,ZMR466,O1A,-3.172,59.198,-5.452
Ligand Fluctuation Noise,RED,3.729,3.28,True,A,TYR408,OH,-3.578,55.622,-5.016,A,ZMR466,O1B,-1.372,58.041,-4.813
Ligand Boundary Hotspot,ORANGE,4.84,3.39,True,A,TYR408,OH,-3.578,55.622,-5.016,A,ZMR466,O6,-3.271,57.709,-7.67
Thermal Noise,RED,3.249,3.56,False,A,SER409,N,-3.864,51.965,2.379,A,PHE410,N,-4.583,48.562,3.136
Thermal Noise,RED,3.603,3.462,False,A,SER409,N,-3.864,51.965,2.379,A,HOH484,O,-5.615,54.691,3.6
Bound Backbone,BLUE,10.234,2.207,False,A,SER409,O,-5.482,50.04,1.766,A,PHE410,N,-4.583,48.562,3.136
Bound Backbone,BLUE,5.933,2.679,False,A,SER409,OG,-5.858,52.162,4.45,A,HOH484,O,-5.615,54.691,3.6
Thermal Noise,RED,2.657,3.904,False,A,SER409,OG,-5.858,52.162,4.45,A,HOH593,O,-8.519,54.968,3.914
Thermal Noise,RED,3.058,3.618,False,A,PHE410,N,-4.583,48.562,3.136,A,GLY411,N,-6.437,45.456,3.191
Bound Backbone,BLUE,5.825,2.995,False,A,PHE410,N,-4.583,48.562,3.136,A,GLY425,O,-2.451,48.906,5.211
Bound Backbone,BLUE,9.775,2.229,False,A,PHE410,O,-4.831,46.305,4.483,A,GLY411,N,-6.437,45.456,3.191
Bound Backbone,BLUE,6.194,2.877,False,A,PHE410,O,-4.831,46.305,4.483,A,GLY425,N,-2.693,46.535,6.394
Thermal Noise,RED,3.168,3.6,False,A,PHE410,O,-4.831,46.305,4.483,A,GLY425,O,-2.451,48.906,5.211
Thermal Noise,RED,3.278,3.613,False,A,GLY411,N,-6.437,45.456,3.191,A,PHE412,N,-5.638,42.14,4.383
Thermal Noise,RED,3.901,3.628,False,A,GLY411,N,-6.437,45.456,3.191,A,HOH666,O,-7.805,43.124,0.772
Bound Backbone,BLUE,12.282,2.237,False,A,GLY411,O,-5.678,43.031,2.332,A,PHE412,N,-5.638,42.14,4.383
Bound Backbone,BLUE,6.346,2.926,False,A,GLY411,O,-5.678,43.031,2.332,A,HOH470,O,-3.743,43.114,0.139
Bound Backbone,BLUE,7.022,2.639,False,A,GLY411,O,-5.678,43.031,2.332,A,HOH666,O,-7.805,43.124,0.772
Thermal Noise,RED,3.106,3.616,False,A,PHE412,N,-5.638,42.14,4.383,A,GLU413,N,-5.178,38.596,4.932
Bound Backbone,BLUE,6.982,2.976,False,A,PHE412,N,-5.638,42.14,4.383,A,CYS423,O,-5.756,43.258,7.139
Bound Backbone,BLUE,9.632,2.244,False,A,PHE412,O,-5.724,40.345,6.228,A,GLU413,N,-5.178,38.596,4.932
Bound Backbone,BLUE,8.125,2.785,False,A,PHE412,O,-5.724,40.345,6.228,A,CYS423,N,-5.867,41.197,8.876
Phase Boundary,YELLOW,4.539,3.052,False,A,PHE412,O,-5.724,40.345,6.228,A,CYS423,O,-5.756,43.258,7.139
Thermal Noise,RED,4.07,3.503,False,A,GLU413,N,-5.178,38.596,4.932,A,ILE414,N,-3.799,36.231,7.117
Thermal Noise,RED,3.89,3.78,False,A,GLU413,N,-5.178,38.596,4.932,A,HOH507,O,-4.023,36.54,1.978
Phase Boundary,YELLOW,5.126,3.448,False,A,GLU413,N,-5.178,38.596,4.932,A,HOH571,O,-6.467,37.914,1.808
Bound Backbone,BLUE,12.716,2.269,False,A,GLU413,O,-3.768,36.22,4.848,A,ILE414,N,-3.799,36.231,7.117
Bound Backbone,BLUE,7.732,2.899,False,A,GLU413,O,-3.768,36.22,4.848,A,HOH507,O,-4.023,36.54,1.978
Thermal Noise,RED,3.408,3.434,False,A,GLU413,OE1,-9.357,35.824,5.776,A,ASP420,OD2,-9.474,32.403,6.047
Bound Backbone,BLUE,6.918,2.964,False,A,GLU413,OE1,-9.357,35.824,5.776,A,HOH569,O,-10.285,36.7,8.451
Bound Backbone,BLUE,5.687,3.205,False,A,GLU413,OE1,-9.357,35.824,5.776,A,HOH601,O,-9.263,34.138,3.052
Phase Boundary,YELLOW,4.606,3.002,False,A,GLU413,OE2,-10.123,37.594,4.86,A,HOH498,O,-11.343,40.239,4.133
Bound Backbone,BLUE,8.455,2.764,False,A,GLU413,OE2,-10.123,37.594,4.86,A,HOH512,O,-10.644,37.62,2.146
Phase Boundary,YELLOW,4.661,3.704,False,A,GLU413,OE2,-10.123,37.594,4.86,A,HOH569,O,-10.285,36.7,8.451
Thermal Noise,RED,2.836,3.994,False,A,GLU413,OE2,-10.123,37.594,4.86,A,HOH601,O,-9.263,34.138,3.052
Thermal Noise,RED,3.307,3.48,False,A,ILE414,N,-3.799,36.231,7.117,A,LYS415,N,-2.938,32.861,7.222
Bound Backbone,BLUE,6.317,2.888,False,A,ILE414,N,-3.799,36.231,7.117,A,VAL421,O,-5.441,37.454,9.154
Bound Backbone,BLUE,9.536,2.232,False,A,ILE414,O,-4.414,34.017,8.434,A,LYS415,N,-2.938,32.861,7.222
Thermal Noise,RED,3.336,3.6,False,A,ILE414,O,-4.414,34.017,8.434,A,ASP416,N,-3.668,30.736,9.715
Bound Backbone,BLUE,6.383,2.776,False,A,ILE414,O,-4.414,34.017,8.434,A,VAL421,N,-6.437,34.934,10.099
Thermal Noise,RED,3.063,3.659,False,A,ILE414,O,-4.414,34.017,8.434,A,VAL421,O,-5.441,37.454,9.154
Phase Boundary,YELLOW,4.801,3.356,False,A,LYS415,N,-2.938,32.861,7.222,A,ASP416,N,-3.668,30.736,9.715
Bound Backbone,BLUE,5.56,2.939,False,A,LYS415,N,-2.938,32.861,7.222,A,HOH474,O,-0.513,32.663,5.573
Bound Backbone,BLUE,8.964,2.26,False,A,LYS415,O,-1.682,30.654,8.639,A,ASP416,N,-3.668,30.736,9.715
Thermal Noise,RED,3.37,3.509,False,A,LYS415,O,-1.682,30.654,8.639,A,ASP416,O,-4.075,28.23,9.482
Thermal Noise,RED,3.796,3.847,False,A,LYS415,O,-1.682,30.654,8.639,A,HOH474,O,-0.513,32.663,5.573
Bound Backbone,BLUE,5.362,2.948,False,A,LYS415,O,-1.682,30.654,8.639,A,HOH533,O,0.857,30.624,7.142
Phase Boundary,YELLOW,4.142,3.927,False,A,LYS415,NZ,-7.11,31.909,3.194,A,ASP420,OD1,-7.889,31.308,6.996
Thermal Noise,RED,3.926,3.738,False,A,LYS415,NZ,-7.11,31.909,3.194,A,ASP420,OD2,-9.474,32.403,6.047
Phase Boundary,YELLOW,5.216,2.813,False,A,LYS415,NZ,-7.11,31.909,3.194,A,HOH600,O,-7.666,29.223,3.818
Phase Boundary,YELLOW,4.164,3.102,False,A,LYS415,NZ,-7.11,31.909,3.194,A,HOH601,O,-9.263,34.138,3.052
Bound Backbone,BLUE,6.178,3.047,False,A,LYS415,NZ,-7.11,31.909,3.194,A,HOH638,O,-8.648,32.685,0.681
Phase Boundary,YELLOW,4.557,3.615,False,A,LYS415,NZ,-7.11,31.909,3.194,A,HOH657,O,-5.47,32.506,0.028
Thermal Noise,RED,2.822,3.82,False,A,LYS415,NZ,-7.11,31.909,3.194,A,HOH663,O,-4.53,29.212,2.382
Thermal Noise,RED,3.454,3.645,False,A,ASP416,N,-3.668,30.736,9.715,A,LYS417,N,-3.363,27.553,11.465
Phase Boundary,YELLOW,5.114,2.831,False,A,ASP416,N,-3.668,30.736,9.715,A,CYS419,O,-6.445,30.749,10.264
Bound Backbone,BLUE,12.347,2.213,False,A,ASP416,O,-4.075,28.23,9.482,A,LYS417,N,-3.363,27.553,11.465
Thermal Noise,RED,3.69,3.309,False,A,ASP416,O,-4.075,28.23,9.482,A,LYS417,O,-5.352,25.204,9.881
Phase Boundary,YELLOW,4.262,3.433,False,A,ASP416,O,-4.075,28.23,9.482,A,LYS418,N,-5.999,26.397,11.655
Thermal Noise,RED,2.791,3.995,False,A,ASP416,O,-4.075,28.23,9.482,A,CYS419,N,-7.683,28.559,11.165
Thermal Noise,RED,3.281,3.546,False,A,ASP416,O,-4.075,28.23,9.482,A,CYS419,O,-6.445,30.749,10.264
Phase Boundary,YELLOW,4.124,3.537,False,A,ASP416,O,-4.075,28.23,9.482,A,HOH675,O,-2.861,25.915,7.1
Bound Backbone,BLUE,5.984,2.972,False,A,ASP416,OD1,-2.36,29.39,13.575,A,LYS417,N,-3.363,27.553,11.465
Bound Backbone,BLUE,5.905,2.747,False,A,ASP416,OD1,-2.36,29.39,13.575,A,HOH477,O,0.103,29.023,12.415
Bound Backbone,BLUE,6.908,2.812,False,A,ASP416,OD1,-2.36,29.39,13.575,A,HOH572,O,-2.428,27.555,15.705
Thermal Noise,RED,3.051,3.687,False,A,ASP416,OD2,-4.161,30.084,14.477,A,CYS419,SG,-7.724,30.43,13.595
Phase Boundary,YELLOW,4.458,2.998,False,A,ASP416,OD2,-4.161,30.084,14.477,A,HOH502,O,-5.9,27.645,14.359
Thermal Noise,RED,3.992,3.303,False,A,ASP416,OD2,-4.161,30.084,14.477,A,HOH572,O,-2.428,27.555,15.705
Phase Boundary,YELLOW,4.823,2.885,False,A,LYS417,N,-3.363,27.553,11.465,A,LYS418,N,-5.999,26.397,11.655
Thermal Noise,RED,2.756,3.883,False,A,LYS417,N,-3.363,27.553,11.465,A,HOH477,O,0.103,29.023,12.415
Thermal Noise,RED,3.672,3.85,False,A,LYS417,N,-3.363,27.553,11.465,A,HOH502,O,-5.9,27.645,14.359
Bound Backbone,BLUE,11.242,2.234,False,A,LYS417,O,-5.352,25.204,9.881,A,LYS418,N,-5.999,26.397,11.655
Thermal Noise,RED,3.715,3.801,False,A,LYS417,O,-5.352,25.204,9.881,A,HOH675,O,-2.861,25.915,7.1
Phase Boundary,YELLOW,4.246,3.737,False,A,LYS417,NZ,1.553,25.022,11.125,A,HOH651,O,3.081,23.994,7.873
Phase Boundary,YELLOW,5.266,2.784,False,A,LYS418,N,-5.999,26.397,11.655,A,CYS419,N,-7.683,28.559,11.165
Bound Backbone,BLUE,6.869,2.98,False,A,LYS418,N,-5.999,26.397,11.655,A,HOH502,O,-5.9,27.645,14.359
Bound Backbone,BLUE,8.21,2.21,False,A,LYS418,O,-9.436,27.219,11.034,A,CYS419,N,-7.683,28.559,11.165
Thermal Noise,RED,3.243,3.646,False,A,CYS419,N,-7.683,28.559,11.165,A,ASP420,N,-8.319,31.917,9.895
Phase Boundary,YELLOW,4.101,3.77,False,A,CYS419,N,-7.683,28.559,11.165,A,HOH502,O,-5.9,27.645,14.359
Bound Backbone,BLUE,8.123,2.239,False,A,CYS419,O,-6.445,30.749,10.264,A,ASP420,N,-8.319,31.917,9.895
Phase Boundary,YELLOW,4.651,3.616,False,A,CYS419,O,-6.445,30.749,10.264,A,ASP420,OD1,-7.889,31.308,6.996
Thermal Noise,RED,3.539,3.416,False,A,CYS419,SG,-7.724,30.43,13.595,A,HOH502,O,-5.9,27.645,14.359
Phase Boundary,YELLOW,4.609,3.411,False,A,CYS419,SG,-7.724,30.43,13.595,A,HOH705,O,-8.29,28.171,16.087
Thermal Noise,RED,3.161,3.562,False,A,ASP420,N,-8.319,31.917,9.895,A,VAL421,N,-6.437,34.934,10.099
Bound Backbone,BLUE,8.483,2.251,False,A,ASP420,O,-8.514,34.528,10.865,A,VAL421,N,-6.437,34.934,10.099
Thermal Noise,RED,2.654,3.914,False,A,ASP420,O,-8.514,34.528,10.865,A,PRO422,N,-7.266,38.186,10.25
Thermal Noise,RED,3.718,3.699,False,A,ASP420,O,-8.514,34.528,10.865,A,HOH569,O,-10.285,36.7,8.451
Thermal Noise,RED,3.985,3.807,False,A,ASP420,OD1,-7.889,31.308,6.996,A,HOH600,O,-7.666,29.223,3.818
Phase Boundary,YELLOW,4.908,3.468,False,A,ASP420,OD2,-9.474,32.403,6.047,A,HOH601,O,-9.263,34.138,3.052
Thermal Noise,RED,3.551,3.359,False,A,VAL421,N,-6.437,34.934,10.099,A,PRO422,N,-7.266,38.186,10.25
Bound Backbone,BLUE,9.088,2.251,False,A,VAL421,O,-5.441,37.454,9.154,A,PRO422,N,-7.266,38.186,10.25
Thermal Noise,RED,3.068,3.878,False,A,VAL421,O,-5.441,37.454,9.154,A,PRO422,O,-6.221,40.743,11.054
Thermal Noise,RED,2.814,3.777,False,A,VAL421,O,-5.441,37.454,9.154,A,CYS423,N,-5.867,41.197,8.876
Thermal Noise,RED,2.678,3.903,False,A,VAL421,O,-5.441,37.454,9.154,A,CYS423,SG,-2.85,40.292,9.835
Thermal Noise,RED,3.388,3.593,False,A,PRO422,N,-7.266,38.186,10.25,A,CYS423,N,-5.867,41.197,8.876
Thermal Noise,RED,3.138,3.816,False,A,PRO422,N,-7.266,38.186,10.25,A,HOH569,O,-10.285,36.7,8.451
Bound Backbone,BLUE,12.576,2.253,False,A,PRO422,O,-6.221,40.743,11.054,A,CYS423,N,-5.867,41.197,8.876
Thermal Noise,RED,3.288,3.613,False,A,PRO422,O,-6.221,40.743,11.054,A,CYS423,SG,-2.85,40.292,9.835
Bound Backbone,BLUE,7.128,2.991,False,A,PRO422,O,-6.221,40.743,11.054,A,LEU447,N,-5.661,41.287,13.941
Thermal Noise,RED,3.041,3.64,False,A,CYS423,N,-5.867,41.197,8.876,A,ILE424,N,-4.583,44.582,8.502
Bound Backbone,BLUE,9.928,2.233,False,A,CYS423,O,-5.756,43.258,7.139,A,ILE424,N,-4.583,44.582,8.502
Bound Backbone,BLUE,13.097,2.034,False,A,CYS423,SG,-2.85,40.292,9.835,A,CYS446,SG,-1.647,40.917,11.351
Phase Boundary,YELLOW,4.192,3.439,False,A,ILE424,N,-4.583,44.582,8.502,A,GLY425,N,-2.693,46.535,6.394
Bound Backbone,BLUE,7.205,2.858,False,A,ILE424,N,-4.583,44.582,8.502,A,TYR445,O,-3.178,44.195,10.961
Bound Backbone,BLUE,12.735,2.252,False,A,ILE424,O,-2.475,46.177,8.607,A,GLY425,N,-2.693,46.535,6.394
Bound Backbone,BLUE,6.714,2.958,False,A,ILE424,O,-2.475,46.177,8.607,A,TYR445,N,-1.015,45.746,11.143
Bound Backbone,BLUE,5.438,3.157,False,A,ILE424,O,-2.475,46.177,8.607,A,TYR445,O,-3.178,44.195,10.961
Thermal Noise,RED,3.124,3.588,False,A,GLY425,N,-2.693,46.535,6.394,A,ILE426,N,-0.443,49.312,6.075
Bound Backbone,BLUE,8.874,2.223,False,A,GLY425,O,-2.451,48.906,5.211,A,ILE426,N,-0.443,49.312,6.075
Phase Boundary,YELLOW,4.185,3.408,False,A,ILE426,N,-0.443,49.312,6.075,A,GLU427,N,0.663,51.856,4.095
Bound Backbone,BLUE,6.662,2.799,False,A,ILE426,N,-0.443,49.312,6.075,A,ALA443,O,1.083,47.985,8.01
Bound Backbone,BLUE,10.307,2.256,False,A,ILE426,O,1.873,50.787,5.67,A,GLU427,N,0.663,51.856,4.095
Thermal Noise,RED,3.154,3.684,False,A,ILE426,O,1.873,50.787,5.67,A,MET428,N,3.301,53.957,4.453
Thermal Noise,RED,3.334,3.635,False,A,ILE426,O,1.873,50.787,5.67,A,ALA441,O,5.061,51.765,4.223
Bound Backbone,BLUE,6.124,2.874,False,A,ILE426,O,1.873,50.787,5.67,A,ALA443,N,3.442,49.247,7.521
Thermal Noise,RED,3.585,3.735,False,A,ILE426,O,1.873,50.787,5.67,A,ALA443,O,1.083,47.985,8.01
Thermal Noise,RED,3.504,3.391,False,A,GLU427,N,0.663,51.856,4.095,A,MET428,N,3.301,53.957,4.453
Bound Backbone,BLUE,8.198,2.234,False,A,GLU427,O,1.21,54.622,4.031,A,MET428,N,3.301,53.957,4.453
Thermal Noise,RED,2.819,3.813,False,A,GLU427,O,1.21,54.622,4.031,A,VAL429,N,4.337,56.674,3.291
Phase Boundary,YELLOW,4.439,3.131,False,A,MET428,N,3.301,53.957,4.453,A,VAL429,N,4.337,56.674,3.291
Phase Boundary,YELLOW,5.052,2.821,False,A,MET428,N,3.301,53.957,4.453,A,ALA441,O,5.061,51.765,4.223
Bound Backbone,BLUE,8.997,2.246,False,A,MET428,O,5.975,55.534,4.321,A,VAL429,N,4.337,56.674,3.291
Thermal Noise,RED,3.089,3.628,False,A,MET428,O,5.975,55.534,4.321,A,VAL429,O,5.765,59.11,3.747
Thermal Noise,RED,3.508,3.653,False,A,MET428,O,5.975,55.534,4.321,A,HIS430,N,7.396,58.32,2.433
Phase Boundary,YELLOW,4.664,2.972,False,A,MET428,O,5.975,55.534,4.321,A,ALA441,N,7.292,52.947,3.686
Thermal Noise,RED,2.66,3.879,False,A,MET428,O,5.975,55.534,4.321,A,ALA441,O,5.061,51.765,4.223
Thermal Noise,RED,3.24,3.578,False,A,VAL429,N,4.337,56.674,3.291,A,HIS430,N,7.396,58.32,2.433
Bound Backbone,BLUE,9.738,2.238,False,A,VAL429,O,5.765,59.11,3.747,A,HIS430,N,7.396,58.32,2.433
Thermal Noise,RED,3.692,3.576,False,A,VAL429,O,5.765,59.11,3.747,A,ASP431,N,7.704,61.437,1.846
Bound Backbone,BLUE,5.616,2.772,False,A,VAL429,O,5.765,59.11,3.747,A,HOH599,O,6.714,61.526,4.72
Thermal Noise,RED,4.026,3.187,False,A,HIS430,N,7.396,58.32,2.433,A,ASP431,N,7.704,61.437,1.846
Bound Backbone,BLUE,6.967,2.764,False,A,HIS430,N,7.396,58.32,2.433,A,SER439,O,7.903,56.47,0.443
Thermal Noise,RED,3.027,3.997,False,A,HIS430,N,7.396,58.32,2.433,A,HOH599,O,6.714,61.526,4.72
Bound Backbone,BLUE,9.722,2.258,False,A,HIS430,O,8.667,59.934,0.463,A,ASP431,N,7.704,61.437,1.846
Phase Boundary,YELLOW,4.095,3.828,False,A,HIS430,O,8.667,59.934,0.463,A,HIS438,ND1,7.123,60.814,-2.927
Thermal Noise,RED,3.962,3.48,False,A,HIS430,O,8.667,59.934,0.463,A,SER439,N,9.467,57.161,-1.481
Thermal Noise,RED,3.18,3.547,False,A,HIS430,O,8.667,59.934,0.463,A,SER439,O,7.903,56.47,0.443
Thermal Noise,RED,3.417,3.904,False,A,HIS430,O,8.667,59.934,0.463,A,HOH550,O,9.498,62.642,-2.224
Phase Boundary,YELLOW,4.349,3.823,False,A,HIS430,ND1,9.865,57.578,5.066,A,THR459,OG1,9.411,56.631,8.742
Phase Boundary,YELLOW,4.904,3.037,False,A,HIS430,ND1,9.865,57.578,5.066,A,HOH689,O,8.754,60.048,6.441
Thermal Noise,RED,2.688,3.921,False,A,HIS430,NE2,10.119,55.515,4.574,A,ALA441,N,7.292,52.947,3.686
Phase Boundary,YELLOW,4.881,2.909,False,A,HIS430,NE2,10.119,55.515,4.574,A,HOH469,O,11.193,52.892,5.23
Thermal Noise,RED,3.886,3.396,False,A,ASP431,N,7.704,61.437,1.846,A,GLY432,N,9.283,64.057,0.37
Thermal Noise,RED,3.169,3.645,False,A,ASP431,N,7.704,61.437,1.846,A,MET463,SD,11.131,62.113,2.887
Bound Backbone,BLUE,6.787,3.041,False,A,ASP431,N,7.704,61.437,1.846,A,HOH599,O,6.714,61.526,4.72
Bound Backbone,BLUE,11.544,2.23,False,A,ASP431,O,8.049,64.3,2.211,A,GLY432,N,9.283,64.057,0.37
Thermal Noise,RED,2.769,3.839,False,A,ASP431,O,8.049,64.3,2.211,A,MET463,SD,11.131,62.113,2.887
Thermal Noise,RED,3.182,3.971,False,A,ASP431,O,8.049,64.3,2.211,A,HOH599,O,6.714,61.526,4.72
Phase Boundary,YELLOW,4.199,3.352,False,A,ASP431,OD1,6.45,63.838,-1.409,A,GLY432,N,9.283,64.057,0.37
Phase Boundary,YELLOW,4.471,2.996,False,A,ASP431,OD1,6.45,63.838,-1.409,A,GLY433,N,8.783,65.708,-1.592
Thermal Noise,RED,3.777,3.45,False,A,ASP431,OD1,6.45,63.838,-1.409,A,HIS438,ND1,7.123,60.814,-2.927
Thermal Noise,RED,3.646,3.374,False,A,ASP431,OD1,6.45,63.838,-1.409,A,HOH550,O,9.498,62.642,-2.224
Bound Backbone,BLUE,7.968,2.613,False,A,GLY432,N,9.283,64.057,0.37,A,GLY433,N,8.783,65.708,-1.592
Thermal Noise,RED,3.839,3.678,False,A,GLY432,N,9.283,64.057,0.37,A,MET463,SD,11.131,62.113,2.887
Bound Backbone,BLUE,6.784,2.963,False,A,GLY432,N,9.283,64.057,0.37,A,HOH550,O,9.498,62.642,-2.224
Bound Backbone,BLUE,8.217,2.235,False,A,GLY432,O,10.562,66.984,-1.14,A,GLY433,N,8.783,65.708,-1.592
Phase Boundary,YELLOW,4.891,3.356,False,A,GLY432,O,10.562,66.984,-1.14,A,GLY433,O,10.236,64.864,-3.721
Thermal Noise,RED,2.714,3.875,False,A,GLY432,O,10.562,66.984,-1.14,A,LYS435,NZ,14.225,68.065,-0.485
Bound Backbone,BLUE,6.923,2.872,False,A,GLY432,O,10.562,66.984,-1.14,A,HOH597,O,10.76,68.62,-3.492
Phase Boundary,YELLOW,4.885,3.636,False,A,GLY433,N,8.783,65.708,-1.592,A,LYS434,N,9.213,66.246,-5.162
Thermal Noise,RED,3.977,3.211,False,A,GLY433,N,8.783,65.708,-1.592,A,HOH550,O,9.498,62.642,-2.224
Thermal Noise,RED,2.861,4.0,False,A,GLY433,N,8.783,65.708,-1.592,A,HOH597,O,10.76,68.62,-3.492
Bound Backbone,BLUE,10.039,2.243,False,A,GLY433,O,10.236,64.864,-3.721,A,LYS434,N,9.213,66.246,-5.162
Phase Boundary,YELLOW,4.403,3.311,False,A,GLY433,O,10.236,64.864,-3.721,A,LYS435,N,11.987,66.949,-5.605
Thermal Noise,RED,3.408,3.469,False,A,GLY433,O,10.236,64.864,-3.721,A,THR436,N,13.627,65.125,-4.402
Thermal Noise,RED,3.522,3.457,False,A,GLY433,O,10.236,64.864,-3.721,A,THR436,O,12.682,62.629,-4.707
Bound Backbone,BLUE,6.139,2.779,False,A,GLY433,O,10.236,64.864,-3.721,A,HOH550,O,9.498,62.642,-2.224
Thermal Noise,RED,3.339,3.903,False,A,GLY433,O,10.236,64.864,-3.721,A,HOH590,O,10.589,61.927,-6.267
Thermal Noise,RED,2.779,3.799,False,A,GLY433,O,10.236,64.864,-3.721,A,HOH597,O,10.76,68.62,-3.492
Phase Boundary,YELLOW,4.844,2.896,False,A,LYS434,N,9.213,66.246,-5.162,A,LYS435,N,11.987,66.949,-5.605
Phase Boundary,YELLOW,4.306,3.289,False,A,LYS434,N,9.213,66.246,-5.162,A,HOH597,O,10.76,68.62,-3.492
Bound Backbone,BLUE,10.713,2.242,False,A,LYS434,O,12.078,65.436,-7.257,A,LYS435,N,11.987,66.949,-5.605
Bound Backbone,BLUE,5.59,3.263,False,A,LYS434,O,12.078,65.436,-7.257,A,THR436,N,13.627,65.125,-4.402
Thermal Noise,RED,3.475,3.84,False,A,LYS434,O,12.078,65.436,-7.257,A,THR436,O,12.682,62.629,-4.707
Thermal Noise,RED,3.254,3.771,False,A,LYS434,O,12.078,65.436,-7.257,A,HOH586,O,9.986,62.916,-9.127
Thermal Noise,RED,2.684,3.938,False,A,LYS434,O,12.078,65.436,-7.257,A,HOH590,O,10.589,61.927,-6.267
Phase Boundary,YELLOW,4.596,3.071,False,A,LYS434,NZ,8.459,70.325,-4.6,A,HOH597,O,10.76,68.62,-3.492
Bound Backbone,BLUE,6.024,2.732,False,A,LYS435,N,11.987,66.949,-5.605,A,THR436,N,13.627,65.125,-4.402
Bound Backbone,BLUE,6.048,2.96,False,A,LYS435,N,11.987,66.949,-5.605,A,HOH597,O,10.76,68.62,-3.492
Bound Backbone,BLUE,8.34,2.246,False,A,LYS435,O,15.459,66.257,-5.041,A,THR436,N,13.627,65.125,-4.402
Thermal Noise,RED,3.062,3.7,False,A,THR436,N,13.627,65.125,-4.402,A,TRP437,N,14.164,61.607,-3.388
Bound Backbone,BLUE,9.821,2.232,False,A,THR436,O,12.682,62.629,-4.707,A,TRP437,N,14.164,61.607,-3.388
Bound Backbone,BLUE,5.415,3.262,False,A,THR436,O,12.682,62.629,-4.707,A,TRP437,O,11.86,61.011,-1.997
Thermal Noise,RED,2.912,3.857,False,A,THR436,O,12.682,62.629,-4.707,A,HIS438,N,11.367,59.28,-3.316
Bound Backbone,BLUE,6.638,2.703,False,A,THR436,O,12.682,62.629,-4.707,A,HOH590,O,10.589,61.927,-6.267
Bound Backbone,BLUE,6.181,2.804,False,A,THR436,OG1,15.513,63.449,-1.76,A,TRP437,N,14.164,61.607,-3.388
Bound Backbone,BLUE,7.779,2.881,False,A,THR436,OG1,15.513,63.449,-1.76,A,HOH543,O,15.791,63.914,1.07
Bound Backbone,BLUE,5.847,2.675,False,A,THR436,OG1,15.513,63.449,-1.76,A,HOH717,O,18.09,63.397,-2.476
Thermal Noise,RED,3.023,3.639,False,A,TRP437,N,14.164,61.607,-3.388,A,HIS438,N,11.367,59.28,-3.316
Bound Backbone,BLUE,9.825,2.231,False,A,TRP437,O,11.86,61.011,-1.997,A,HIS438,N,11.367,59.28,-3.316
Phase Boundary,YELLOW,4.846,2.879,False,A,TRP437,O,11.86,61.011,-1.997,A,HOH550,O,9.498,62.642,-2.224
Thermal Noise,RED,3.834,3.762,False,A,TRP437,NE1,15.8,60.08,0.396,A,MET463,O,16.463,62.49,3.207
Thermal Noise,RED,2.691,3.893,False,A,TRP437,NE1,15.8,60.08,0.396,A,HOH543,O,15.791,63.914,1.07
Phase Boundary,YELLOW,4.871,2.987,False,A,TRP437,NE1,15.8,60.08,0.396,A,HOH679,O,18.271,61.349,1.495
Phase Boundary,YELLOW,4.142,3.386,False,A,HIS438,N,11.367,59.28,-3.316,A,SER439,N,9.467,57.161,-1.481
Thermal Noise,RED,2.622,3.999,False,A,HIS438,N,11.367,59.28,-3.316,A,HOH550,O,9.498,62.642,-2.224
Bound Backbone,BLUE,12.909,2.225,False,A,HIS438,O,9.982,56.95,-3.635,A,SER439,N,9.467,57.161,-1.481
Bound Backbone,BLUE,5.673,2.96,False,A,HIS438,O,9.982,56.95,-3.635,A,HOH553,O,8.175,55.48,-5.462
Phase Boundary,YELLOW,4.363,3.078,False,A,HIS438,ND1,7.123,60.814,-2.927,A,HOH550,O,9.498,62.642,-2.224
Thermal Noise,RED,3.503,3.672,False,A,SER439,N,9.467,57.161,-1.481,A,ALA440,N,8.293,54.283,0.475
Bound Backbone,BLUE,8.109,2.222,False,A,SER439,O,7.903,56.47,0.443,A,ALA440,N,8.293,54.283,0.475
Bound Backbone,BLUE,5.659,2.954,False,A,SER439,OG,10.551,53.636,-1.317,A,ALA440,N,8.293,54.283,0.475
Phase Boundary,YELLOW,4.586,3.619,False,A,ALA440,N,8.293,54.283,0.475,A,ALA441,N,7.292,52.947,3.686
Bound Backbone,BLUE,10.158,2.283,False,A,ALA440,O,8.637,52.076,2.06,A,ALA441,N,7.292,52.947,3.686
Thermal Noise,RED,3.777,3.279,False,A,ALA440,O,8.637,52.076,2.06,A,HOH488,O,7.663,48.985,2.56
Thermal Noise,RED,3.415,3.618,False,A,ALA441,N,7.292,52.947,3.686,A,THR442,N,5.945,49.969,5.238
Bound Backbone,BLUE,8.979,2.244,False,A,ALA441,O,5.061,51.765,4.223,A,THR442,N,5.945,49.969,5.238
Thermal Noise,RED,3.217,3.621,False,A,ALA441,O,5.061,51.765,4.223,A,THR442,OG1,5.039,48.301,3.168
Phase Boundary,YELLOW,4.258,3.464,False,A,THR442,N,5.945,49.969,5.238,A,ALA443,N,3.442,49.247,7.521
Phase Boundary,YELLOW,5.093,3.33,False,A,THR442,N,5.945,49.969,5.238,A,HOH488,O,7.663,48.985,2.56
Bound Backbone,BLUE,7.959,2.245,False,A,THR442,O,5.391,48.141,7.388,A,ALA443,N,3.442,49.247,7.521
Bound Backbone,BLUE,5.34,2.779,False,A,THR442,OG1,5.039,48.301,3.168,A,HOH488,O,7.663,48.985,2.56
Thermal Noise,RED,3.905,3.562,False,A,ALA443,N,3.442,49.247,7.521,A,ILE444,N,1.996,46.829,9.701
Bound Backbone,BLUE,10.836,2.243,False,A,ALA443,O,1.083,47.985,8.01,A,ILE444,N,1.996,46.829,9.701
Thermal Noise,RED,3.598,3.51,False,A,ILE444,N,1.996,46.829,9.701,A,TYR445,N,-1.015,45.746,11.143
Bound Backbone,BLUE,8.761,2.258,False,A,ILE444,O,1.026,45.684,12.106,A,TYR445,N,-1.015,45.746,11.143
Thermal Noise,RED,3.787,3.54,False,A,TYR445,N,-1.015,45.746,11.143,A,CYS446,N,-2.922,43.457,13.054
Bound Backbone,BLUE,12.498,2.234,False,A,TYR445,O,-3.178,44.195,10.961,A,CYS446,N,-2.922,43.457,13.054
Thermal Noise,RED,3.044,3.639,False,A,TYR445,O,-3.178,44.195,10.961,A,CYS446,SG,-1.647,40.917,11.351
Bound Backbone,BLUE,8.25,2.792,False,A,TYR445,OH,0.52,50.608,15.281,A,TRP455,O,-0.035,50.826,18.009
Thermal Noise,RED,3.835,3.859,False,A,TYR445,OH,0.52,50.608,15.281,A,ASP456,N,1.146,52.731,18.442
Thermal Noise,RED,3.389,3.439,False,A,TYR445,OH,0.52,50.608,15.281,A,THR457,N,2.661,53.294,15.119
Bound Backbone,BLUE,6.193,2.786,False,A,TYR445,OH,0.52,50.608,15.281,A,THR457,OG1,2.806,50.896,13.715
Thermal Noise,RED,3.198,3.605,False,A,CYS446,N,-2.922,43.457,13.054,A,LEU447,N,-5.661,41.287,13.941
Bound Backbone,BLUE,9.301,2.266,False,A,CYS446,O,-4.217,42.508,15.189,A,LEU447,N,-5.661,41.287,13.941
Thermal Noise,RED,3.469,3.404,False,A,CYS446,O,-4.217,42.508,15.189,A,LEU447,O,-4.943,39.194,15.467
Phase Boundary,YELLOW,4.598,3.298,False,A,CYS446,O,-4.217,42.508,15.189,A,MET448,N,-5.671,40.388,17.255
Bound Backbone,BLUE,5.406,3.434,False,A,LEU447,N,-5.661,41.287,13.941,A,MET448,N,-5.671,40.388,17.255
Bound Backbone,BLUE,10.834,2.27,False,A,LEU447,O,-4.943,39.194,15.467,A,MET448,N,-5.671,40.388,17.255
Phase Boundary,YELLOW,4.719,2.97,False,A,LEU447,O,-4.943,39.194,15.467,A,HOH532,O,-4.988,36.319,16.209
Phase Boundary,YELLOW,5.222,3.395,False,A,MET448,N,-5.671,40.388,17.255,A,GLY449,N,-5.916,38.86,20.277
Bound Backbone,BLUE,7.869,2.259,False,A,MET448,O,-5.421,41.058,20.114,A,GLY449,N,-5.916,38.86,20.277
Thermal Noise,RED,3.926,3.248,False,A,MET448,O,-5.421,41.058,20.114,A,GLY449,O,-8.419,40.067,20.876
Thermal Noise,RED,3.566,3.907,False,A,MET448,O,-5.421,41.058,20.114,A,SER450,N,-7.87,40.263,23.052
Thermal Noise,RED,4.045,3.672,False,A,GLY449,N,-5.916,38.86,20.277,A,SER450,N,-7.87,40.263,23.052
Bound Backbone,BLUE,5.761,2.867,False,A,GLY449,N,-5.916,38.86,20.277,A,HOH530,O,-6.143,36.452,18.737
Bound Backbone,BLUE,12.568,2.253,False,A,GLY449,O,-8.419,40.067,20.876,A,SER450,N,-7.87,40.263,23.052
Thermal Noise,RED,3.163,3.709,False,A,SER450,N,-7.87,40.263,23.052,A,GLY451,N,-9.338,43.38,24.424
Bound Backbone,BLUE,8.245,2.207,False,A,SER450,O,-7.272,42.622,24.252,A,GLY451,N,-9.338,43.38,24.424
Thermal Noise,RED,2.721,3.895,False,A,SER450,OG,-9.297,39.583,25.29,A,GLY451,N,-9.338,43.38,24.424
Thermal Noise,RED,3.278,3.524,False,A,GLY451,N,-9.338,43.38,24.424,A,GLN452,N,-7.967,46.574,23.841
Phase Boundary,YELLOW,4.916,2.981,False,A,GLY451,N,-9.338,43.38,24.424,A,HOH537,O,-12.087,43.603,23.293
Bound Backbone,BLUE,8.476,2.258,False,A,GLY451,O,-9.829,45.579,23.039,A,GLN452,N,-7.967,46.574,23.841
Phase Boundary,YELLOW,4.434,3.011,False,A,GLY451,O,-9.829,45.579,23.039,A,HOH537,O,-12.087,43.603,23.293
Phase Boundary,YELLOW,4.108,3.629,False,A,GLN452,N,-7.967,46.574,23.841,A,LEU453,N,-6.437,48.458,21.143
Bound Backbone,BLUE,11.187,2.256,False,A,GLN452,O,-5.565,47.482,22.98,A,LEU453,N,-6.437,48.458,21.143
Thermal Noise,RED,3.389,3.583,False,A,GLN452,O,-5.565,47.482,22.98,A,LEU453,O,-4.666,50.687,21.655
Thermal Noise,RED,4.024,3.36,False,A,GLN452,O,-5.565,47.482,22.98,A,LEU454,N,-3.07,49.114,21.43
Thermal Noise,RED,3.392,3.442,False,A,LEU453,N,-6.437,48.458,21.143,A,LEU454,N,-3.07,49.114,21.43
Thermal Noise,RED,3.31,3.486,False,A,LEU453,N,-6.437,48.458,21.143,A,HOH506,O,-7.261,51.831,21.449
Bound Backbone,BLUE,7.94,2.252,False,A,LEU453,O,-4.666,50.687,21.655,A,LEU454,N,-3.07,49.114,21.43
Phase Boundary,YELLOW,4.966,2.843,False,A,LEU453,O,-4.666,50.687,21.655,A,HOH506,O,-7.261,51.831,21.449
Phase Boundary,YELLOW,4.688,2.983,False,A,LEU454,N,-3.07,49.114,21.43,A,TRP455,N,-0.489,50.396,20.66
Phase Boundary,YELLOW,4.218,3.376,False,A,LEU454,N,-3.07,49.114,21.43,A,HOH548,O,-0.667,47.693,19.532
Bound Backbone,BLUE,12.085,2.216,False,A,LEU454,O,-0.631,51.473,22.592,A,TRP455,N,-0.489,50.396,20.66
Thermal Noise,RED,2.741,3.994,False,A,LEU454,O,-0.631,51.473,22.592,A,HOH703,O,-0.141,55.133,21.07
Thermal Noise,RED,3.804,3.612,False,A,TRP455,N,-0.489,50.396,20.66,A,ASP456,N,1.146,52.731,18.442
Phase Boundary,YELLOW,5.085,2.934,False,A,TRP455,N,-0.489,50.396,20.66,A,HOH548,O,-0.667,47.693,19.532
Bound Backbone,BLUE,7.855,2.283,False,A,TRP455,O,-0.035,50.826,18.009,A,ASP456,N,1.146,52.731,18.442
Thermal Noise,RED,3.569,3.54,False,A,TRP455,O,-0.035,50.826,18.009,A,HOH548,O,-0.667,47.693,19.532
Phase Boundary,YELLOW,4.439,3.695,False,A,ASP456,N,1.146,52.731,18.442,A,THR457,N,2.661,53.294,15.119
Thermal Noise,RED,2.973,3.789,False,A,ASP456,N,1.146,52.731,18.442,A,HOH505,O,-2.214,53.981,19.669
Thermal Noise,RED,3.649,3.786,False,A,ASP456,N,1.146,52.731,18.442,A,HOH703,O,-0.141,55.133,21.07
Bound Backbone,BLUE,11.707,2.258,False,A,ASP456,O,3.489,52.602,17.102,A,THR457,N,2.661,53.294,15.119
Thermal Noise,RED,4.02,3.853,False,A,ASP456,O,3.489,52.602,17.102,A,THR457,OG1,2.806,50.896,13.715
Bound Backbone,BLUE,6.248,2.854,False,A,ASP456,OD1,2.014,55.295,19.206,A,HOH703,O,-0.141,55.133,21.07
Thermal Noise,RED,3.256,3.895,False,A,ASP456,OD2,2.701,56.39,17.482,A,THR457,N,2.661,53.294,15.119
Bound Backbone,BLUE,7.799,2.833,False,A,ASP456,OD2,2.701,56.39,17.482,A,HOH481,O,2.86,57.33,14.814
Thermal Noise,RED,3.385,3.567,False,A,THR457,N,2.661,53.294,15.119,A,VAL458,N,5.8,54.454,13.884
Bound Backbone,BLUE,8.444,2.236,False,A,THR457,O,3.772,55.129,13.227,A,VAL458,N,5.8,54.454,13.884
Bound Backbone,BLUE,5.839,2.863,False,A,THR457,O,3.772,55.129,13.227,A,HOH481,O,2.86,57.33,14.814
Phase Boundary,YELLOW,4.343,3.553,False,A,VAL458,N,5.8,54.454,13.884,A,THR459,N,7.845,55.508,11.177
Phase Boundary,YELLOW,5.054,2.895,False,A,VAL458,N,5.8,54.454,13.884,A,HOH471,O,7.196,52.074,14.759
Bound Backbone,BLUE,10.272,2.203,False,A,VAL458,O,7.851,53.782,12.546,A,THR459,N,7.845,55.508,11.177
Thermal Noise,RED,3.266,3.842,False,A,VAL458,O,7.851,53.782,12.546,A,THR459,O,11.007,54.015,10.367
Thermal Noise,RED,3.34,3.552,False,A,VAL458,O,7.851,53.782,12.546,A,GLY460,N,10.51,55.903,11.522
Bound Backbone,BLUE,6.69,2.871,False,A,VAL458,O,7.851,53.782,12.546,A,HOH471,O,7.196,52.074,14.759
Bound Backbone,BLUE,5.481,2.716,False,A,THR459,N,7.845,55.508,11.177,A,GLY460,N,10.51,55.903,11.522
Thermal Noise,RED,3.31,3.571,False,A,THR459,N,7.845,55.508,11.177,A,HOH522,O,9.452,58.52,12.224
Bound Backbone,BLUE,9.061,2.268,False,A,THR459,O,11.007,54.015,10.367,A,GLY460,N,10.51,55.903,11.522
Thermal Noise,RED,3.455,3.438,False,A,THR459,O,11.007,54.015,10.367,A,VAL461,N,12.378,57.107,9.751
Bound Backbone,BLUE,6.424,3.077,False,A,THR459,OG1,9.411,56.631,8.742,A,GLY460,N,10.51,55.903,11.522
Phase Boundary,YELLOW,4.24,3.17,False,A,THR459,OG1,9.411,56.631,8.742,A,VAL461,N,12.378,57.107,9.751
Thermal Noise,RED,3.804,3.962,False,A,THR459,OG1,9.411,56.631,8.742,A,HOH522,O,9.452,58.52,12.224
Bound Backbone,BLUE,5.366,2.766,False,A,THR459,OG1,9.411,56.631,8.742,A,HOH570,O,8.386,59.139,9.299
Bound Backbone,BLUE,6.181,2.842,False,A,GLY460,N,10.51,55.903,11.522,A,VAL461,N,12.378,57.107,9.751
Phase Boundary,YELLOW,4.905,2.909,False,A,GLY460,N,10.51,55.903,11.522,A,HOH522,O,9.452,58.52,12.224
Bound Backbone,BLUE,10.612,2.229,False,A,GLY460,O,13.953,56.999,11.324,A,VAL461,N,12.378,57.107,9.751
Thermal Noise,RED,3.674,3.793,False,A,GLY460,O,13.953,56.999,11.324,A,ASP462,N,14.656,59.576,8.631
Thermal Noise,RED,3.395,3.541,False,A,VAL461,N,12.378,57.107,9.751,A,ASP462,N,14.656,59.576,8.631
Bound Backbone,BLUE,8.008,2.236,False,A,VAL461,O,12.44,59.871,8.647,A,ASP462,N,14.656,59.576,8.631
Thermal Noise,RED,3.68,3.729,False,A,VAL461,O,12.44,59.871,8.647,A,MET463,N,14.569,61.682,6.178
Phase Boundary,YELLOW,5.227,3.234,False,A,ASP462,N,14.656,59.576,8.631,A,MET463,N,14.569,61.682,6.178
Bound Backbone,BLUE,8.285,2.224,False,A,ASP462,O,16.472,60.615,6.609,A,MET463,N,14.569,61.682,6.178
Thermal Noise,RED,3.947,3.884,False,A,ASP462,O,16.472,60.615,6.609,A,MET463,O,16.463,62.49,3.207
Phase Boundary,YELLOW,5.089,2.982,False,A,ASP462,O,16.472,60.615,6.609,A,ALA464,N,16.766,63.257,5.258
Thermal Noise,RED,4.058,3.242,False,A,ASP462,O,16.472,60.615,6.609,A,LEU465,N,19.247,61.927,5.565
Bound Backbone,BLUE,6.284,2.942,False,A,ASP462,O,16.472,60.615,6.609,A,HOH476,O,17.291,58.855,4.398
Phase Boundary,YELLOW,4.57,3.333,False,A,ASP462,OD1,16.341,63.493,8.344,A,MET463,N,14.569,61.682,6.178
Bound Backbone,BLUE,6.647,3.124,False,A,ASP462,OD1,16.341,63.493,8.344,A,ALA464,N,16.766,63.257,5.258
Phase Boundary,YELLOW,5.232,2.855,False,A,MET463,N,14.569,61.682,6.178,A,ALA464,N,16.766,63.257,5.258
Bound Backbone,BLUE,12.676,2.211,False,A,MET463,O,16.463,62.49,3.207,A,ALA464,N,16.766,63.257,5.258
Thermal Noise,RED,3.699,3.692,False,A,MET463,O,16.463,62.49,3.207,A,LEU465,N,19.247,61.927,5.565
Thermal Noise,RED,2.767,3.914,False,A,MET463,O,16.463,62.49,3.207,A,HOH476,O,17.291,58.855,4.398
Bound Backbone,BLUE,8.022,2.654,False,A,MET463,O,16.463,62.49,3.207,A,HOH543,O,15.791,63.914,1.07
Bound Backbone,BLUE,6.661,2.739,False,A,MET463,O,16.463,62.49,3.207,A,HOH679,O,18.271,61.349,1.495
Phase Boundary,YELLOW,5.028,2.832,False,A,ALA464,N,16.766,63.257,5.258,A,LEU465,N,19.247,61.927,5.565
Bound Backbone,BLUE,9.341,2.237,False,A,ALA464,O,20.278,63.545,4.414,A,LEU465,N,19.247,61.927,5.565
Thermal Noise,RED,3.127,3.629,False,A,ALA464,O,20.278,63.545,4.414,A,LEU465,O,19.807,60.031,3.642
Thermal Noise,RED,2.684,3.87,False,A,ALA464,O,20.278,63.545,4.414,A,LEU465,OXT,21.879,60.037,4.087
Bound Backbone,BLUE,5.795,3.142,False,A,ALA464,O,20.278,63.545,4.414,A,HOH622,O,19.666,65.228,1.832
Thermal Noise,RED,2.899,3.824,False,A,LEU465,N,19.247,61.927,5.565,A,HOH476,O,17.291,58.855,4.398
Phase Boundary,YELLOW,5.043,2.878,False,A,LEU465,O,19.807,60.031,3.642,A,HOH476,O,17.291,58.855,4.398
Bound Backbone,BLUE,6.838,2.898,False,A,LEU465,O,19.807,60.031,3.642,A,HOH487,O,20.362,58.497,1.247
Bound Backbone,BLUE,6.146,2.951,False,A,LEU465,O,19.807,60.031,3.642,A,HOH679,O,18.271,61.349,1.495
Phase Boundary,YELLOW,4.408,3.569,False,A,LEU465,OXT,21.879,60.037,4.087,A,HOH487,O,20.362,58.497,1.247
Bound Backbone,BLUE,5.297,2.952,False,A,LEU465,OXT,21.879,60.037,4.087,A,HOH491,O,24.365,59.381,5.538
Phase Boundary,YELLOW,4.182,3.611,False,A,LEU465,OXT,21.879,60.037,4.087,A,HOH620,O,22.72,62.251,1.361
Thermal Noise,RED,3.117,3.629,False,B,GLU76,N,11.314,8.613,-11.2,B,PRO77,N,11.28,12.168,-11.926
Bound Backbone,BLUE,8.049,2.24,False,B,GLU76,O,10.019,10.336,-12.19,B,PRO77,N,11.28,12.168,-11.926
Bound Backbone,BLUE,5.773,3.072,False,B,GLU76,O,10.019,10.336,-12.19,B,PRO77,O,11.499,11.71,-14.505
Thermal Noise,RED,3.462,3.967,False,B,GLU76,O,10.019,10.336,-12.19,B,GLU78,N,9.776,12.931,-15.181
Phase Boundary,YELLOW,5.128,3.344,False,B,GLU76,OE1,12.281,7.48,-13.76,B,ARG185,NH2,13.091,9.191,-16.516
Phase Boundary,YELLOW,4.562,3.21,False,B,GLU76,OE2,14.262,6.717,-14.065,B,ARG185,NH1,15.31,9.242,-15.748
Thermal Noise,RED,3.804,3.674,False,B,GLU76,OE2,14.262,6.717,-14.065,B,ARG185,NH2,13.091,9.191,-16.516
Phase Boundary,YELLOW,4.472,3.666,False,B,PRO77,N,11.28,12.168,-11.926,B,GLU78,N,9.776,12.931,-15.181
Bound Backbone,BLUE,8.621,2.217,False,B,PRO77,O,11.499,11.71,-14.505,B,GLU78,N,9.776,12.931,-15.181
Bound Backbone,BLUE,5.543,2.857,False,B,PRO77,O,11.499,11.71,-14.505,B,ARG185,NE,13.995,11.199,-15.797
Thermal Noise,RED,3.713,3.595,False,B,PRO77,O,11.499,11.71,-14.505,B,ARG185,NH2,13.091,9.191,-16.516
Phase Boundary,YELLOW,4.875,3.578,False,B,GLU78,N,9.776,12.931,-15.181,B,TRP79,N,11.019,12.951,-18.536
Thermal Noise,RED,3.009,3.65,False,B,GLU78,N,9.776,12.931,-15.181,B,HOH487,O,9.285,16.543,-15.375
Bound Backbone,BLUE,9.898,2.256,False,B,GLU78,O,10.639,14.646,-17.096,B,TRP79,N,11.019,12.951,-18.536
Phase Boundary,YELLOW,5.05,3.501,False,B,GLU78,O,10.639,14.646,-17.096,B,TRP79,O,9.36,14.336,-20.34
Phase Boundary,YELLOW,4.821,3.595,False,B,GLU78,O,10.639,14.646,-17.096,B,THR80,N,11.038,15.852,-20.459
Thermal Noise,RED,3.454,3.707,False,B,GLU78,O,10.639,14.646,-17.096,B,GLY184,O,12.545,17.114,-15.092
Bound Backbone,BLUE,5.838,2.897,False,B,GLU78,O,10.639,14.646,-17.096,B,HOH487,O,9.285,16.543,-15.375
Thermal Noise,RED,3.566,3.58,False,B,GLU78,OE2,5.131,12.502,-17.902,B,HOH611,O,6.444,15.372,-19.591
Thermal Noise,RED,3.945,3.481,False,B,TRP79,N,11.019,12.951,-18.536,B,THR80,N,11.038,15.852,-20.459
Bound Backbone,BLUE,7.818,2.265,False,B,TRP79,O,9.36,14.336,-20.34,B,THR80,N,11.038,15.852,-20.459
Thermal Noise,RED,3.619,3.878,False,B,TRP79,O,9.36,14.336,-20.34,B,THR80,O,11.202,16.108,-23.256
Thermal Noise,RED,3.349,4.0,False,B,TRP79,O,9.36,14.336,-20.34,B,TYR81,N,9.16,17.065,-23.257
Phase Boundary,YELLOW,4.087,3.184,False,B,TRP79,O,9.36,14.336,-20.34,B,HOH611,O,6.444,15.372,-19.591
Phase Boundary,YELLOW,4.342,3.816,False,B,TRP79,NE1,14.08,9.751,-20.159,B,ARG185,NH2,13.091,9.191,-16.516
Phase Boundary,YELLOW,4.198,3.83,False,B,TRP79,NE1,14.08,9.751,-20.159,B,GLY232,O,14.717,11.111,-23.682
Thermal Noise,RED,3.624,3.645,False,B,TRP79,NE1,14.08,9.751,-20.159,B,ARG256,NH2,16.802,8.472,-22.219
Phase Boundary,YELLOW,4.406,3.722,False,B,TRP79,NE1,14.08,9.751,-20.159,B,HOH613,O,14.264,8.204,-23.539
Phase Boundary,YELLOW,4.332,3.581,False,B,THR80,N,11.038,15.852,-20.459,B,TYR81,N,9.16,17.065,-23.257
Phase Boundary,YELLOW,4.706,2.984,False,B,THR80,N,11.038,15.852,-20.459,B,ASP183,O,13.892,16.168,-19.646
Thermal Noise,RED,3.943,3.508,False,B,THR80,N,11.038,15.852,-20.459,B,HOH526,O,13.9,15.917,-22.487
Bound Backbone,BLUE,7.869,2.255,False,B,THR80,O,11.202,16.108,-23.256,B,TYR81,N,9.16,17.065,-23.257
Thermal Noise,RED,3.041,3.897,False,B,THR80,O,11.202,16.108,-23.256,B,CYS230,O,13.515,18.59,-25.174
Phase Boundary,YELLOW,4.964,3.03,False,B,THR80,O,11.202,16.108,-23.256,B,GLY232,N,12.745,13.918,-24.672
Bound Backbone,BLUE,5.302,2.812,False,B,THR80,O,11.202,16.108,-23.256,B,HOH526,O,13.9,15.917,-22.487
Thermal Noise,RED,3.009,3.801,False,B,THR80,OG1,10.501,18.683,-19.572,B,GLY184,N,13.934,17.843,-18.174
Phase Boundary,YELLOW,4.943,2.955,False,B,THR80,OG1,10.501,18.683,-19.572,B,HOH603,O,12.447,20.649,-18.532
Thermal Noise,RED,2.691,3.895,False,B,THR80,OG1,10.501,18.683,-19.572,B,HOH676,O,7.075,20.402,-18.881
Phase Boundary,YELLOW,4.471,3.577,False,B,TYR81,N,9.16,17.065,-23.257,B,PRO82,N,8.511,18.998,-26.196
Phase Boundary,YELLOW,5.07,3.041,False,B,TYR81,N,9.16,17.065,-23.257,B,HOH478,O,6.578,17.355,-21.676
Bound Backbone,BLUE,12.328,2.233,False,B,TYR81,O,7.629,18.9,-24.147,B,PRO82,N,8.511,18.998,-26.196
Bound Backbone,BLUE,5.431,3.268,False,B,TYR81,O,7.629,18.9,-24.147,B,PRO82,O,5.868,18.726,-26.895
Thermal Noise,RED,3.72,3.623,False,B,TYR81,O,7.629,18.9,-24.147,B,ARG83,N,5.407,20.809,-26.279
Thermal Noise,RED,2.858,3.983,False,B,TYR81,O,7.629,18.9,-24.147,B,LYS415,NZ,8.886,22.212,-22.327
Bound Backbone,BLUE,5.858,3.098,False,B,TYR81,O,7.629,18.9,-24.147,B,HOH478,O,6.578,17.355,-21.676
Thermal Noise,RED,2.662,3.883,False,B,TYR81,O,7.629,18.9,-24.147,B,HOH627,O,10.794,21.134,-24.415
Bound Backbone,BLUE,5.91,2.797,False,B,TYR81,O,7.629,18.9,-24.147,B,HOH640,O,6.564,21.086,-22.764
Thermal Noise,RED,3.098,3.595,False,B,PRO82,N,8.511,18.998,-26.196,B,ARG83,N,5.407,20.809,-26.279
Thermal Noise,RED,3.573,3.598,False,B,PRO82,N,8.511,18.998,-26.196,B,HOH627,O,10.794,21.134,-24.415
Bound Backbone,BLUE,8.514,2.221,False,B,PRO82,O,5.868,18.726,-26.895,B,ARG83,N,5.407,20.809,-26.279
Thermal Noise,RED,3.006,3.96,False,B,PRO82,O,5.868,18.726,-26.895,B,ASN283,OD1,7.783,15.964,-28.99
Ligand Bound Core,BLUE,5.34,2.99,True,B,PRO82,O,5.868,18.726,-26.895,B,NAG1,N2,3.743,17.417,-28.542
Thermal Noise,RED,3.21,3.626,False,B,ARG83,N,5.407,20.809,-26.279,B,LEU84,N,2.076,21.77,-27.343
Thermal Noise,RED,3.047,3.903,False,B,ARG83,N,5.407,20.809,-26.279,B,ARG355,NH1,6.311,24.063,-28.235
Phase Boundary,YELLOW,4.953,3.038,False,B,ARG83,N,5.407,20.809,-26.279,B,ASP420,OD2,6.34,23.318,-24.842
Phase Boundary,YELLOW,4.566,3.711,False,B,ARG83,N,5.407,20.809,-26.279,B,HOH640,O,6.564,21.086,-22.764
Bound Backbone,BLUE,8.165,2.229,False,B,ARG83,O,4.154,22.507,-27.672,B,LEU84,N,2.076,21.77,-27.343
Thermal Noise,RED,4.054,3.372,False,B,ARG83,O,4.154,22.507,-27.672,B,LEU84,O,1.686,24.108,-26.023
Thermal Noise,RED,2.965,3.68,False,B,ARG83,O,4.154,22.507,-27.672,B,SER85,N,1.717,25.251,-27.95
Thermal Noise,RED,3.357,3.942,False,B,ARG83,O,4.154,22.507,-27.672,B,ARG355,NE,6.887,23.321,-30.393
Bound Backbone,BLUE,5.563,2.719,False,B,ARG83,O,4.154,22.507,-27.672,B,ARG355,NH1,6.311,24.063,-28.235
Phase Boundary,YELLOW,4.105,3.667,False,B,ARG83,O,4.154,22.507,-27.672,B,ASP420,OD2,6.34,23.318,-24.842
Phase Boundary,YELLOW,4.808,3.006,False,B,ARG83,NE,3.905,21.284,-21.878,B,ASP420,OD1,5.366,23.668,-22.983
Bound Backbone,BLUE,5.39,2.81,False,B,ARG83,NE,3.905,21.284,-21.878,B,HOH640,O,6.564,21.086,-22.764
Thermal Noise,RED,3.922,3.436,False,B,ARG83,NH1,2.917,21.191,-19.746,B,ASP416,O,2.945,24.174,-18.042
Bound Backbone,BLUE,6.512,2.831,False,B,ARG83,NH1,2.917,21.191,-19.746,B,LYS417,O,0.916,21.619,-17.79
Thermal Noise,RED,2.867,3.791,False,B,ARG83,NH1,2.917,21.191,-19.746,B,LYS418,N,-0.227,23.145,-18.93
Thermal Noise,RED,3.147,3.804,False,B,ARG83,NH1,2.917,21.191,-19.746,B,CYS419,N,0.699,23.724,-21.517
Phase Boundary,YELLOW,4.282,3.639,False,B,ARG83,NH1,2.917,21.191,-19.746,B,HOH679,O,4.966,21.797,-16.8
Thermal Noise,RED,3.148,3.748,False,B,ARG83,NH2,4.316,22.972,-20.32,B,ASP416,N,3.989,26.381,-18.797
Bound Backbone,BLUE,6.524,2.918,False,B,ARG83,NH2,4.316,22.972,-20.32,B,ASP416,O,2.945,24.174,-18.042
Thermal Noise,RED,2.814,3.883,False,B,ARG83,NH2,4.316,22.972,-20.32,B,CYS419,N,0.699,23.724,-21.517
Phase Boundary,YELLOW,4.62,3.062,False,B,ARG83,NH2,4.316,22.972,-20.32,B,CYS419,O,2.794,25.39,-21.42
Bound Backbone,BLUE,7.009,2.946,False,B,ARG83,NH2,4.316,22.972,-20.32,B,ASP420,OD1,5.366,23.668,-22.983
Thermal Noise,RED,3.459,3.819,False,B,ARG83,NH2,4.316,22.972,-20.32,B,HOH640,O,6.564,21.086,-22.764
Phase Boundary,YELLOW,4.386,3.767,False,B,ARG83,NH2,4.316,22.972,-20.32,B,HOH679,O,4.966,21.797,-16.8
Thermal Noise,RED,3.231,3.552,False,B,LEU84,N,2.076,21.77,-27.343,B,SER85,N,1.717,25.251,-27.95
Thermal Noise,RED,3.962,3.501,False,B,LEU84,N,2.076,21.77,-27.343,B,HOH624,O,-0.775,21.905,-25.316
Thermal Noise,RED,4.049,3.263,False,B,LEU84,N,2.076,21.77,-27.343,B,HOH702,O,0.43,19.192,-26.206
Bound Backbone,BLUE,11.723,2.241,False,B,LEU84,O,1.686,24.108,-26.023,B,SER85,N,1.717,25.251,-27.95
Thermal Noise,RED,3.529,3.468,False,B,LEU84,O,1.686,24.108,-26.023,B,SER85,O,-0.527,26.555,-27.091
Thermal Noise,RED,2.766,3.819,False,B,LEU84,O,1.686,24.108,-26.023,B,CYS86,N,0.649,27.758,-25.593
Bound Backbone,BLUE,5.881,3.06,False,B,LEU84,O,1.686,24.108,-26.023,B,ASP420,N,3.142,25.415,-23.67
Thermal Noise,RED,3.605,3.378,False,B,LEU84,O,1.686,24.108,-26.023,B,HOH624,O,-0.775,21.905,-25.316
Thermal Noise,RED,3.923,3.603,False,B,SER85,N,1.717,25.251,-27.95,B,CYS86,N,0.649,27.758,-25.593
Bound Backbone,BLUE,7.573,2.912,False,B,SER85,N,1.717,25.251,-27.95,B,ARG355,O,1.075,25.379,-30.787
Thermal Noise,RED,2.887,3.958,False,B,SER85,N,1.717,25.251,-27.95,B,HOH492,O,-1.568,26.543,-29.741
Bound Backbone,BLUE,10.107,2.253,False,B,SER85,O,-0.527,26.555,-27.091,B,CYS86,N,0.649,27.758,-25.593
Thermal Noise,RED,3.952,3.186,False,B,SER85,O,-0.527,26.555,-27.091,B,CYS86,O,-0.489,29.735,-26.903
Thermal Noise,RED,3.276,3.609,False,B,SER85,O,-0.527,26.555,-27.091,B,GLN87,N,-2.485,29.354,-25.927
Bound Backbone,BLUE,7.659,2.847,False,B,SER85,O,-0.527,26.555,-27.091,B,HOH492,O,-1.568,26.543,-29.741
Thermal Noise,RED,3.284,3.968,False,B,SER85,O,-0.527,26.555,-27.091,B,HOH535,O,-1.015,29.434,-29.777
Phase Boundary,YELLOW,4.144,3.141,False,B,SER85,O,-0.527,26.555,-27.091,B,HOH586,O,-3.124,24.885,-26.515
Thermal Noise,RED,2.934,3.851,False,B,SER85,OG,3.595,27.042,-28.885,B,HIS353,O,6.772,28.688,-30.308
Bound Backbone,BLUE,8.065,2.833,False,B,SER85,OG,3.595,27.042,-28.885,B,ARG355,N,3.58,26.547,-31.674
Thermal Noise,RED,3.711,3.568,False,B,SER85,OG,3.595,27.042,-28.885,B,ARG355,O,1.075,25.379,-30.787
Phase Boundary,YELLOW,4.081,3.97,False,B,SER85,OG,3.595,27.042,-28.885,B,ASP420,O,3.393,27.86,-25.005
Bound Backbone,BLUE,5.812,2.783,False,B,SER85,OG,3.595,27.042,-28.885,B,HOH517,O,5.945,27.883,-27.655
Thermal Noise,RED,3.225,3.533,False,B,CYS86,N,0.649,27.758,-25.593,B,GLN87,N,-2.485,29.354,-25.927
Phase Boundary,YELLOW,4.414,3.676,False,B,CYS86,N,0.649,27.758,-25.593,B,CYS419,SG,-0.558,26.48,-22.364
Thermal Noise,RED,2.995,3.925,False,B,CYS86,N,0.649,27.758,-25.593,B,ASP420,N,3.142,25.415,-23.67
Phase Boundary,YELLOW,5.217,2.808,False,B,CYS86,N,0.649,27.758,-25.593,B,ASP420,O,3.393,27.86,-25.005
Bound Backbone,BLUE,8.815,2.254,False,B,CYS86,O,-0.489,29.735,-26.903,B,GLN87,N,-2.485,29.354,-25.927
Thermal Noise,RED,3.939,3.332,False,B,CYS86,O,-0.489,29.735,-26.903,B,GLN87,O,-2.486,32.08,-25.633
Thermal Noise,RED,3.199,3.613,False,B,CYS86,O,-0.489,29.735,-26.903,B,GLY88,N,-2.791,32.355,-27.847
Bound Backbone,BLUE,7.465,2.937,False,B,CYS86,O,-0.489,29.735,-26.903,B,HOH535,O,-1.015,29.434,-29.777
Phase Boundary,YELLOW,4.638,3.687,False,B,CYS86,SG,0.665,28.103,-22.523,B,ASP416,OD2,-0.476,28.077,-19.017
Thermal Noise,RED,3.233,3.621,False,B,CYS86,SG,0.665,28.103,-22.523,B,CYS419,O,2.794,25.39,-21.42
Bound Backbone,BLUE,9.669,2.038,False,B,CYS86,SG,0.665,28.103,-22.523,B,CYS419,SG,-0.558,26.48,-22.364
Thermal Noise,RED,2.882,3.831,False,B,CYS86,SG,0.665,28.103,-22.523,B,ASP420,N,3.142,25.415,-23.67
Thermal Noise,RED,3.77,3.696,False,B,CYS86,SG,0.665,28.103,-22.523,B,ASP420,O,3.393,27.86,-25.005
Thermal Noise,RED,3.704,3.576,False,B,GLN87,N,-2.485,29.354,-25.927,B,GLY88,N,-2.791,32.355,-27.847
Thermal Noise,RED,4.036,3.781,False,B,GLN87,N,-2.485,29.354,-25.927,A,HOH519,O,-2.794,31.423,-22.778
Bound Backbone,BLUE,12.749,2.252,False,B,GLN87,O,-2.486,32.08,-25.633,B,GLY88,N,-2.791,32.355,-27.847
Bound Backbone,BLUE,7.369,2.946,False,B,GLN87,O,-2.486,32.08,-25.633,A,HOH519,O,-2.794,31.423,-22.778
Thermal Noise,RED,3.695,3.607,False,B,GLN87,O,-2.486,32.08,-25.633,A,HOH555,O,-4.658,34.125,-23.606
Bound Backbone,BLUE,6.282,2.8,False,B,GLN87,O,-2.486,32.08,-25.633,B,HOH471,O,-1.695,34.172,-23.949
Phase Boundary,YELLOW,4.334,3.052,False,B,GLN87,NE2,-6.266,29.159,-23.285,B,HOH647,O,-6.987,32.103,-22.929
Bound Backbone,BLUE,5.589,2.969,False,B,GLN87,NE2,-6.266,29.159,-23.285,B,HOH678,O,-8.005,27.55,-21.495
Thermal Noise,RED,3.285,3.599,False,B,GLN87,OE1,-4.269,28.342,-23.91,A,HOH519,O,-2.794,31.423,-22.778
Phase Boundary,YELLOW,5.053,3.212,False,B,GLN87,OE1,-4.269,28.342,-23.91,B,HOH580,O,-4.013,26.03,-21.695
Thermal Noise,RED,3.373,3.68,False,B,GLY88,N,-2.791,32.355,-27.847,B,SER89,N,-2.016,35.507,-29.581
Thermal Noise,RED,2.996,3.926,False,B,GLY88,N,-2.791,32.355,-27.847,B,HOH535,O,-1.015,29.434,-29.777
Bound Backbone,BLUE,5.621,3.127,False,B,GLY88,N,-2.791,32.355,-27.847,B,HOH639,O,-3.763,30.597,-30.244
Bound Backbone,BLUE,8.303,2.232,False,B,GLY88,O,-1.881,33.339,-30.095,B,SER89,N,-2.016,35.507,-29.581
Phase Boundary,YELLOW,5.177,2.964,False,B,GLY88,O,-1.881,33.339,-30.095,B,GLN354,NE2,0.184,31.715,-31.467
Thermal Noise,RED,3.616,3.329,False,B,GLY88,O,-1.881,33.339,-30.095,B,HOH639,O,-3.763,30.597,-30.244
Phase Boundary,YELLOW,5.163,2.801,False,B,SER89,N,-2.016,35.507,-29.581,B,THR90,N,-0.288,37.677,-29.971
Bound Backbone,BLUE,6.707,2.88,False,B,SER89,N,-2.016,35.507,-29.581,B,GLY449,O,-2.654,37.182,-27.327
Thermal Noise,RED,3.065,3.617,False,B,SER89,N,-2.016,35.507,-29.581,B,HOH509,O,-5.617,35.231,-29.392
Bound Backbone,BLUE,13.132,2.219,False,B,SER89,O,-0.68,37.722,-32.155,B,THR90,N,-0.288,37.677,-29.971
Thermal Noise,RED,3.368,3.503,False,B,SER89,O,-0.68,37.722,-32.155,B,HOH599,O,-3.578,39.522,-32.95
Thermal Noise,RED,2.946,3.771,False,B,SER89,OG,-3.869,37.089,-30.998,B,THR90,N,-0.288,37.677,-29.971
Phase Boundary,YELLOW,4.208,3.868,False,B,SER89,OG,-3.869,37.089,-30.998,B,GLY449,O,-2.654,37.182,-27.327
Phase Boundary,YELLOW,5.2,3.014,False,B,SER89,OG,-3.869,37.089,-30.998,B,HOH509,O,-5.617,35.231,-29.392
Phase Boundary,YELLOW,5.085,3.133,False,B,SER89,OG,-3.869,37.089,-30.998,B,HOH599,O,-3.578,39.522,-32.95
Thermal Noise,RED,3.42,3.519,False,B,THR90,N,-0.288,37.677,-29.971,B,PHE91,N,2.712,39.176,-28.904
Phase Boundary,YELLOW,4.199,3.582,False,B,THR90,N,-0.288,37.677,-29.971,B,GLY449,O,-2.654,37.182,-27.327
Bound Backbone,BLUE,8.888,2.253,False,B,THR90,O,1.201,37.843,-27.896,B,PHE91,N,2.712,39.176,-28.904
Thermal Noise,RED,2.735,3.83,False,B,THR90,O,1.201,37.843,-27.896,B,PHE91,O,2.624,41.391,-27.663
Bound Backbone,BLUE,7.641,2.83,False,B,THR90,O,1.201,37.843,-27.896,B,MET448,N,1.182,36.682,-25.315
Phase Boundary,YELLOW,4.316,3.563,False,B,THR90,O,1.201,37.843,-27.896,B,MET448,O,-0.893,38.817,-25.183
Thermal Noise,RED,2.596,3.952,False,B,THR90,O,1.201,37.843,-27.896,B,GLY449,O,-2.654,37.182,-27.327
Phase Boundary,YELLOW,4.796,2.998,False,B,THR90,OG1,0.803,41.238,-29.95,B,PHE91,N,2.712,39.176,-28.904
Bound Backbone,BLUE,6.484,2.927,False,B,THR90,OG1,0.803,41.238,-29.95,B,PHE91,O,2.624,41.391,-27.663
Thermal Noise,RED,2.998,3.85,False,B,THR90,OG1,0.803,41.238,-29.95,B,GLY451,O,-2.646,41.83,-31.556
Phase Boundary,YELLOW,4.252,3.068,False,B,THR90,OG1,0.803,41.238,-29.95,B,LEU453,N,1.103,44.291,-29.994
Thermal Noise,RED,4.068,3.719,False,B,THR90,OG1,0.803,41.238,-29.95,B,HOH497,O,1.48,43.372,-32.919
Bound Backbone,BLUE,5.869,2.806,False,B,THR90,OG1,0.803,41.238,-29.95,B,HOH545,O,3.213,40.852,-31.335
Phase Boundary,YELLOW,4.657,3.552,False,B,PHE91,N,2.712,39.176,-28.904,B,GLN92,N,3.794,40.645,-25.856
Bound Backbone,BLUE,6.332,2.995,False,B,PHE91,N,2.712,39.176,-28.904,B,HOH545,O,3.213,40.852,-31.335
Bound Backbone,BLUE,10.796,2.278,False,B,PHE91,O,2.624,41.391,-27.663,B,GLN92,N,3.794,40.645,-25.856
Thermal Noise,RED,2.949,3.836,False,B,PHE91,O,2.624,41.391,-27.663,B,GLN92,NE2,-0.455,43.203,-26.265
Thermal Noise,RED,3.912,3.504,False,B,PHE91,O,2.624,41.391,-27.663,B,GLN92,OE1,1.463,44.05,-25.699
Phase Boundary,YELLOW,4.556,3.758,False,B,PHE91,O,2.624,41.391,-27.663,B,HOH545,O,3.213,40.852,-31.335
Thermal Noise,RED,3.881,3.559,False,B,GLN92,N,3.794,40.645,-25.856,B,LYS93,N,5.277,43.079,-23.725
Phase Boundary,YELLOW,5.168,2.83,False,B,GLN92,N,3.794,40.645,-25.856,B,CYS446,O,4.23,37.927,-25.2
Bound Backbone,BLUE,7.872,2.257,False,B,GLN92,O,5.557,40.843,-23.852,B,LYS93,N,5.277,43.079,-23.725
Phase Boundary,YELLOW,4.183,3.683,False,B,GLN92,O,5.557,40.843,-23.852,B,LYS93,O,5.11,42.957,-20.87
Bound Backbone,BLUE,5.432,3.261,False,B,GLN92,O,5.557,40.843,-23.852,B,ALA94,N,7.06,41.824,-21.129
Phase Boundary,YELLOW,4.445,3.034,False,B,GLN92,O,5.557,40.843,-23.852,B,CYS446,N,6.786,38.128,-24.421
Thermal Noise,RED,3.63,3.476,False,B,GLN92,O,5.557,40.843,-23.852,B,CYS446,O,4.23,37.927,-25.2
Bound Backbone,BLUE,6.616,2.952,False,B,GLN92,NE2,-0.455,43.203,-26.265,B,GLN452,O,-0.657,44.829,-28.72
Phase Boundary,YELLOW,4.832,2.942,False,B,GLN92,NE2,-0.455,43.203,-26.265,B,HOH525,O,-2.405,41.144,-25.482
Thermal Noise,RED,3.921,3.343,False,B,GLN92,NE2,-0.455,43.203,-26.265,B,HOH602,O,-3.392,44.144,-27.554
Thermal Noise,RED,3.961,3.772,False,B,GLN92,OE1,1.463,44.05,-25.699,B,GLN452,O,-0.657,44.829,-28.72
Bound Backbone,BLUE,5.511,2.968,False,B,GLN92,OE1,1.463,44.05,-25.699,B,LEU454,N,1.978,46.415,-27.417
Bound Backbone,BLUE,5.736,2.762,False,B,GLN92,OE1,1.463,44.05,-25.699,B,HOH696,O,3.611,45.426,-24.639
Phase Boundary,YELLOW,4.781,3.39,False,B,LYS93,N,5.277,43.079,-23.725,B,ALA94,N,7.06,41.824,-21.129
Thermal Noise,RED,2.989,3.862,False,B,LYS93,N,5.277,43.079,-23.725,A,HOH668,O,2.701,45.447,-22.091
Phase Boundary,YELLOW,4.644,3.02,False,B,LYS93,N,5.277,43.079,-23.725,B,HOH696,O,3.611,45.426,-24.639
Bound Backbone,BLUE,7.83,2.27,False,B,LYS93,O,5.11,42.957,-20.87,B,ALA94,N,7.06,41.824,-21.129
Thermal Noise,RED,3.623,3.939,False,B,LYS93,O,5.11,42.957,-20.87,B,ALA94,O,7.253,41.93,-17.728
Thermal Noise,RED,3.174,3.673,False,B,LYS93,O,5.11,42.957,-20.87,A,HOH668,O,2.701,45.447,-22.091
Bound Backbone,BLUE,6.715,3.053,False,B,LYS93,NZ,8.895,48.589,-20.57,B,ASP456,O,8.896,49.619,-23.444
Phase Boundary,YELLOW,4.263,3.114,False,B,LYS93,NZ,8.895,48.589,-20.57,B,HOH531,O,11.758,49.587,-19.858
Bound Backbone,BLUE,6.313,2.833,False,B,LYS93,NZ,8.895,48.589,-20.57,B,HOH548,O,6.752,48.871,-18.739
Bound Backbone,BLUE,5.76,3.048,False,B,ALA94,N,7.06,41.824,-21.129,B,LEU95,N,9.13,41.543,-18.909
Phase Boundary,YELLOW,5.264,2.869,False,B,ALA94,N,7.06,41.824,-21.129,B,ILE444,O,9.597,40.973,-22.164
Bound Backbone,BLUE,9.28,2.251,False,B,ALA94,O,7.253,41.93,-17.728,B,LEU95,N,9.13,41.543,-18.909
Thermal Noise,RED,3.441,3.562,False,B,LEU95,N,9.13,41.543,-18.909,B,LEU96,N,11.949,43.254,-17.563
Bound Backbone,BLUE,5.768,3.337,False,B,LEU95,N,9.13,41.543,-18.909,B,ILE444,O,9.597,40.973,-22.164
Bound Backbone,BLUE,11.509,2.25,False,B,LEU95,O,11.727,42.076,-19.467,B,LEU96,N,11.949,43.254,-17.563
Bound Backbone,BLUE,7.939,2.764,False,B,LEU95,O,11.727,42.076,-19.467,B,ILE444,N,12.411,41.085,-21.955
Phase Boundary,YELLOW,4.164,3.609,False,B,LEU95,O,11.727,42.076,-19.467,B,ILE444,O,9.597,40.973,-22.164
Thermal Noise,RED,3.6,3.38,False,B,LEU96,N,11.949,43.254,-17.563,B,ILE97,N,15.251,43.1,-16.856
Bound Backbone,BLUE,9.599,2.259,False,B,LEU96,O,13.573,43.799,-15.514,B,ILE97,N,15.251,43.1,-16.856
Thermal Noise,RED,2.53,3.977,False,B,LEU96,O,13.573,43.799,-15.514,B,SER98,N,17.368,44.989,-15.467
Phase Boundary,YELLOW,4.504,3.159,False,B,ILE97,N,15.251,43.1,-16.856,B,SER98,N,17.368,44.989,-15.467
Bound Backbone,BLUE,7.663,2.869,False,B,ILE97,N,15.251,43.1,-16.856,B,THR442,O,15.824,42.432,-19.587
Bound Backbone,BLUE,10.963,2.242,False,B,ILE97,O,17.983,43.696,-17.192,B,SER98,N,17.368,44.989,-15.467
Thermal Noise,RED,3.337,3.963,False,B,ILE97,O,17.983,43.696,-17.192,B,PRO99,N,20.302,45.336,-14.429
Bound Backbone,BLUE,7.142,2.958,False,B,ILE97,O,17.983,43.696,-17.192,B,THR442,N,18.532,42.839,-19.969
Phase Boundary,YELLOW,4.352,3.463,False,B,ILE97,O,17.983,43.696,-17.192,B,THR442,O,15.824,42.432,-19.587
Thermal Noise,RED,2.935,3.71,False,B,ILE97,O,17.983,43.696,-17.192,B,HOH485,O,20.856,41.392,-17.639
Phase Boundary,YELLOW,4.366,3.131,False,B,SER98,N,17.368,44.989,-15.467,B,PRO99,N,20.302,45.336,-14.429
Bound Backbone,BLUE,8.623,2.22,False,B,SER98,O,19.063,47.043,-13.737,B,PRO99,N,20.302,45.336,-14.429
Thermal Noise,RED,3.567,3.646,False,B,SER98,O,19.063,47.043,-13.737,B,PRO99,O,22.133,46.977,-11.771
Thermal Noise,RED,3.871,3.22,False,B,SER98,O,19.063,47.043,-13.737,B,HIS100,N,22.262,47.335,-13.964
Thermal Noise,RED,3.884,3.231,False,B,SER98,O,19.063,47.043,-13.737,B,ARG101,N,21.017,49.574,-13.272
Thermal Noise,RED,4.017,3.754,False,B,SER98,O,19.063,47.043,-13.737,B,HOH521,O,21.269,47.276,-16.765
Phase Boundary,YELLOW,5.267,2.83,False,B,SER98,OG,18.573,48.286,-16.676,B,THR459,O,17.312,50.681,-17.504
Phase Boundary,YELLOW,4.827,2.88,False,B,SER98,OG,18.573,48.286,-16.676,B,HOH521,O,21.269,47.276,-16.765
Phase Boundary,YELLOW,5.054,2.838,False,B,PRO99,N,20.302,45.336,-14.429,B,HIS100,N,22.262,47.335,-13.964
Bound Backbone,BLUE,5.288,3.187,False,B,PRO99,N,20.302,45.336,-14.429,B,HOH521,O,21.269,47.276,-16.765
Bound Backbone,BLUE,13.069,2.226,False,B,PRO99,O,22.133,46.977,-11.771,B,HIS100,N,22.262,47.335,-13.964
Phase Boundary,YELLOW,4.454,3.2,False,B,PRO99,O,22.133,46.977,-11.771,B,ARG101,N,21.017,49.574,-13.272
Phase Boundary,YELLOW,4.534,3.078,False,B,PRO99,O,22.133,46.977,-11.771,B,PHE102,N,21.411,49.781,-10.727
Bound Backbone,BLUE,5.929,2.654,False,B,HIS100,N,22.262,47.335,-13.964,B,ARG101,N,21.017,49.574,-13.272
Bound Backbone,BLUE,7.089,2.972,False,B,HIS100,N,22.262,47.335,-13.964,B,HOH521,O,21.269,47.276,-16.765
Bound Backbone,BLUE,7.891,2.252,False,B,HIS100,O,22.889,50.826,-13.264,B,ARG101,N,21.017,49.574,-13.272
Thermal Noise,RED,3.447,3.9,False,B,HIS100,O,22.889,50.826,-13.264,B,ARG101,O,20.23,51.676,-10.54
Bound Backbone,BLUE,5.858,3.117,False,B,HIS100,O,22.889,50.826,-13.264,B,PHE102,N,21.411,49.781,-10.727
Bound Backbone,BLUE,6.153,3.146,False,B,HIS100,O,22.889,50.826,-13.264,B,GLY103,N,24.106,50.274,-10.416
Phase Boundary,YELLOW,5.228,2.785,False,B,HIS100,O,22.889,50.826,-13.264,B,HOH514,O,23.75,53.444,-12.865
Bound Backbone,BLUE,5.994,2.696,False,B,HIS100,ND1,25.939,47.329,-14.554,B,GLN137,OE1,26.825,49.668,-13.548
Thermal Noise,RED,3.681,3.401,False,B,HIS100,NE2,25.602,45.52,-15.6,B,LEU112,O,26.992,42.609,-14.524
Bound Backbone,BLUE,7.735,2.665,False,B,HIS100,NE2,25.602,45.52,-15.6,B,SER439,OG,26.836,44.329,-17.64
Bound Backbone,BLUE,9.698,2.584,False,B,ARG101,N,21.017,49.574,-13.272,B,PHE102,N,21.411,49.781,-10.727
Bound Backbone,BLUE,8.006,2.241,False,B,ARG101,O,20.23,51.676,-10.54,B,PHE102,N,21.411,49.781,-10.727
Thermal Noise,RED,3.621,3.618,False,B,ARG101,O,20.23,51.676,-10.54,B,GLU104,OE1,23.04,52.858,-8.591
Thermal Noise,RED,3.46,3.688,False,B,ARG101,O,20.23,51.676,-10.54,B,GLU104,OE2,21.643,54.477,-8.602
Bound Backbone,BLUE,7.321,2.786,False,B,ARG101,O,20.23,51.676,-10.54,B,HOH469,O,19.344,53.037,-8.276
Bound Backbone,BLUE,5.351,3.162,False,B,ARG101,NE,17.039,52.979,-14.033,B,GLY460,O,18.479,54.6,-16.335
Phase Boundary,YELLOW,4.332,3.146,False,B,ARG101,NH1,15.318,53.847,-12.659,A,HOH552,O,13.952,56.478,-11.606
Bound Backbone,BLUE,5.789,2.991,False,B,ARG101,NH2,16.358,55.158,-14.301,B,GLY460,O,18.479,54.6,-16.335
Thermal Noise,RED,3.55,3.846,False,B,ARG101,NH2,16.358,55.158,-14.301,A,HOH552,O,13.952,56.478,-11.606
Phase Boundary,YELLOW,4.249,3.569,False,B,ARG101,NH2,16.358,55.158,-14.301,B,HOH607,O,17.424,57.291,-16.956
Bound Backbone,BLUE,5.307,2.757,False,B,PHE102,N,21.411,49.781,-10.727,B,GLY103,N,24.106,50.274,-10.416
Bound Backbone,BLUE,12.7,2.228,False,B,PHE102,O,24.0,49.591,-8.298,B,GLY103,N,24.106,50.274,-10.416
Thermal Noise,RED,3.246,3.692,False,B,PHE102,O,24.0,49.591,-8.298,B,GLU104,N,25.536,52.593,-9.801
Thermal Noise,RED,3.442,3.418,False,B,PHE102,O,24.0,49.591,-8.298,B,GLU104,OE1,23.04,52.858,-8.591
Bound Backbone,BLUE,5.94,2.859,False,B,PHE102,O,24.0,49.591,-8.298,B,HOH519,O,25.99,50.806,-6.644
Thermal Noise,RED,3.945,3.911,False,B,PHE102,O,24.0,49.591,-8.298,B,HOH542,O,22.276,49.939,-4.805
Bound Backbone,BLUE,5.289,2.793,False,B,GLY103,N,24.106,50.274,-10.416,B,GLU104,N,25.536,52.593,-9.801
Phase Boundary,YELLOW,4.274,3.338,False,B,GLY103,N,24.106,50.274,-10.416,B,GLU104,OE1,23.04,52.858,-8.591
Bound Backbone,BLUE,8.466,2.231,False,B,GLY103,O,27.451,51.646,-10.443,B,GLU104,N,25.536,52.593,-9.801
Bound Backbone,BLUE,5.956,3.173,False,B,GLY103,O,27.451,51.646,-10.443,B,GLU104,O,27.174,53.096,-7.634
Thermal Noise,RED,3.494,3.619,False,B,GLY103,O,27.451,51.646,-10.443,B,ALA105,N,28.21,54.74,-8.727
Thermal Noise,RED,2.748,3.861,False,B,GLY103,O,27.451,51.646,-10.443,B,GLN137,O,28.233,47.939,-9.697
Bound Backbone,BLUE,6.531,3.16,False,B,GLY103,O,27.451,51.646,-10.443,B,GLN137,NE2,27.777,51.662,-13.586
Phase Boundary,YELLOW,4.132,3.734,False,B,GLY103,O,27.451,51.646,-10.443,B,GLN137,OE1,26.825,49.668,-13.548
Thermal Noise,RED,3.493,3.509,False,B,GLY103,O,27.451,51.646,-10.443,B,PRO138,N,29.856,49.391,-9.241
Bound Backbone,BLUE,5.602,2.808,False,B,GLY103,O,27.451,51.646,-10.443,B,HOH475,O,29.472,53.231,-11.579
Thermal Noise,RED,3.275,3.594,False,B,GLU104,N,25.536,52.593,-9.801,B,ALA105,N,28.21,54.74,-8.727
Phase Boundary,YELLOW,4.36,3.647,False,B,GLU104,N,25.536,52.593,-9.801,B,HOH514,O,23.75,53.444,-12.865
Phase Boundary,YELLOW,4.415,3.656,False,B,GLU104,N,25.536,52.593,-9.801,B,HOH519,O,25.99,50.806,-6.644
Bound Backbone,BLUE,9.283,2.23,False,B,GLU104,O,27.174,53.096,-7.634,B,ALA105,N,28.21,54.74,-8.727
Thermal Noise,RED,3.754,3.627,False,B,GLU104,O,27.174,53.096,-7.634,B,ALA105,O,29.497,54.804,-5.433
Phase Boundary,YELLOW,4.519,3.158,False,B,GLU104,O,27.174,53.096,-7.634,B,ARG106,N,27.736,55.867,-6.227
Bound Backbone,BLUE,6.391,3.022,False,B,GLU104,O,27.174,53.096,-7.634,B,GLY107,N,25.976,54.155,-5.07
Bound Backbone,BLUE,5.677,2.762,False,B,GLU104,O,27.174,53.096,-7.634,B,HOH519,O,25.99,50.806,-6.644
Thermal Noise,RED,2.915,3.714,False,B,GLU104,OE1,23.04,52.858,-8.591,B,HOH469,O,19.344,53.037,-8.276
Bound Backbone,BLUE,7.406,2.826,False,B,GLU104,OE1,23.04,52.858,-8.591,B,HOH489,O,21.717,52.377,-6.14
Thermal Noise,RED,3.125,3.675,False,B,GLU104,OE2,21.643,54.477,-8.602,A,HOH544,O,18.327,55.64,-7.525
Bound Backbone,BLUE,5.409,2.732,False,B,GLU104,OE2,21.643,54.477,-8.602,B,HOH469,O,19.344,53.037,-8.276
Phase Boundary,YELLOW,5.226,3.237,False,B,GLU104,OE2,21.643,54.477,-8.602,B,HOH489,O,21.717,52.377,-6.14
Bound Backbone,BLUE,7.821,2.783,False,B,ALA105,N,28.21,54.74,-8.727,B,ARG106,N,27.736,55.867,-6.227
Bound Backbone,BLUE,6.615,2.888,False,B,ALA105,N,28.21,54.74,-8.727,B,LEU465,OXT,27.925,56.557,-10.953
Phase Boundary,YELLOW,4.772,3.465,False,B,ALA105,N,28.21,54.74,-8.727,B,HOH475,O,29.472,53.231,-11.579
Thermal Noise,RED,3.559,3.361,False,B,ALA105,N,28.21,54.74,-8.727,B,HOH477,O,26.865,57.807,-8.443
Bound Backbone,BLUE,8.911,2.205,False,B,ALA105,O,29.497,54.804,-5.433,B,ARG106,N,27.736,55.867,-6.227
Thermal Noise,RED,3.11,3.599,False,B,ALA105,O,29.497,54.804,-5.433,B,GLY107,N,25.976,54.155,-5.07
Bound Backbone,BLUE,6.06,2.714,False,B,ARG106,N,27.736,55.867,-6.227,B,GLY107,N,25.976,54.155,-5.07
Bound Backbone,BLUE,5.648,3.071,False,B,ARG106,N,27.736,55.867,-6.227,B,HOH477,O,26.865,57.807,-8.443
Bound Backbone,BLUE,11.017,2.253,False,B,ARG106,O,25.637,55.492,-3.288,B,GLY107,N,25.976,54.155,-5.07
Thermal Noise,RED,3.207,3.544,False,B,ARG106,O,25.637,55.492,-3.288,B,GLY107,O,26.96,52.224,-3.65
Bound Backbone,BLUE,6.664,2.762,False,B,ARG106,O,25.637,55.492,-3.288,B,HOH479,O,25.678,57.587,-1.489
Bound Backbone,BLUE,7.428,2.966,False,B,ARG106,NE,23.801,59.924,-5.068,B,HOH493,O,23.989,59.793,-2.111
Bound Backbone,BLUE,5.982,3.036,False,B,ARG106,NH1,23.604,61.609,-6.713,B,HOH634,O,24.64,59.976,-9.054
Thermal Noise,RED,3.844,3.691,False,B,ARG106,NH2,21.914,61.27,-5.115,A,HOH608,O,19.316,60.759,-7.687
Thermal Noise,RED,3.535,3.938,False,B,ARG106,NH2,21.914,61.27,-5.115,B,HOH493,O,23.989,59.793,-2.111
Thermal Noise,RED,3.438,3.636,False,B,GLY107,N,25.976,54.155,-5.07,B,ASN108,N,25.052,51.065,-3.392
Thermal Noise,RED,3.259,3.7,False,B,GLY107,N,25.976,54.155,-5.07,B,HOH519,O,25.99,50.806,-6.644
Bound Backbone,BLUE,7.991,2.247,False,B,GLY107,O,26.96,52.224,-3.65,B,ASN108,N,25.052,51.065,-3.392
Bound Backbone,BLUE,6.107,3.253,False,B,GLY107,O,26.96,52.224,-3.65,B,ASN108,ND2,26.683,51.687,-0.454
Phase Boundary,YELLOW,4.967,3.452,False,B,GLY107,O,26.96,52.224,-3.65,B,HOH519,O,25.99,50.806,-6.644
Bound Backbone,BLUE,5.474,2.855,False,B,ASN108,N,25.052,51.065,-3.392,B,SER109,N,25.361,48.499,-4.605
Thermal Noise,RED,3.95,3.26,False,B,ASN108,N,25.052,51.065,-3.392,A,HOH495,O,21.96,51.569,-2.492
Bound Backbone,BLUE,5.502,3.394,False,B,ASN108,N,25.052,51.065,-3.392,B,HOH519,O,25.99,50.806,-6.644
Thermal Noise,RED,4.07,3.312,False,B,ASN108,N,25.052,51.065,-3.392,B,HOH542,O,22.276,49.939,-4.805
Bound Backbone,BLUE,12.635,2.187,False,B,ASN108,O,24.969,47.607,-2.647,B,SER109,N,25.361,48.499,-4.605
Phase Boundary,YELLOW,4.826,3.355,False,B,ASN108,O,24.969,47.607,-2.647,B,SER109,OG,22.77,47.297,-5.162
Phase Boundary,YELLOW,5.25,3.254,False,B,ASN108,OD1,24.628,51.845,0.269,A,HOH468,O,22.742,52.591,2.814
Thermal Noise,RED,3.585,3.849,False,B,ASN108,OD1,24.628,51.845,0.269,A,HOH495,O,21.96,51.569,-2.492
Thermal Noise,RED,3.531,3.623,False,B,SER109,N,25.361,48.499,-4.605,B,ALA110,N,26.285,45.497,-6.411
Phase Boundary,YELLOW,5.138,3.143,False,B,SER109,N,25.361,48.499,-4.605,B,HOH519,O,25.99,50.806,-6.644
Thermal Noise,RED,3.448,3.41,False,B,SER109,N,25.361,48.499,-4.605,B,HOH542,O,22.276,49.939,-4.805
Bound Backbone,BLUE,7.718,2.279,False,B,SER109,O,27.219,47.573,-6.313,B,ALA110,N,26.285,45.497,-6.411
Phase Boundary,YELLOW,5.006,3.552,False,B,SER109,O,27.219,47.573,-6.313,B,GLN137,O,28.233,47.939,-9.697
Thermal Noise,RED,3.334,3.475,False,B,SER109,O,27.219,47.573,-6.313,B,HOH519,O,25.99,50.806,-6.644
Thermal Noise,RED,2.895,3.74,False,B,SER109,OG,22.77,47.297,-5.162,B,HOH480,O,24.25,43.9,-4.654
Bound Backbone,BLUE,5.504,2.711,False,B,SER109,OG,22.77,47.297,-5.162,B,HOH542,O,22.276,49.939,-4.805
Bound Backbone,BLUE,6.999,3.008,False,B,ALA110,N,26.285,45.497,-6.411,B,PRO111,N,25.966,44.682,-9.289
Thermal Noise,RED,2.82,3.83,False,B,ALA110,N,26.285,45.497,-6.411,B,THR165,OG1,24.091,42.484,-7.294
Phase Boundary,YELLOW,4.915,3.127,False,B,ALA110,N,26.285,45.497,-6.411,B,HOH480,O,24.25,43.9,-4.654
Bound Backbone,BLUE,8.874,2.239,False,B,ALA110,O,26.806,42.83,-8.353,B,PRO111,N,25.966,44.682,-9.289
Phase Boundary,YELLOW,4.958,3.444,False,B,ALA110,O,26.806,42.83,-8.353,B,PRO111,O,27.867,44.239,-11.311
Bound Backbone,BLUE,5.437,3.454,False,B,ALA110,O,26.806,42.83,-8.353,B,LEU112,N,26.832,42.292,-11.765
Phase Boundary,YELLOW,5.032,2.935,False,B,ALA110,O,26.806,42.83,-8.353,B,THR165,OG1,24.091,42.484,-7.294
Phase Boundary,YELLOW,4.794,2.94,False,B,ALA110,O,26.806,42.83,-8.353,B,VAL166,N,26.779,39.973,-7.661
Phase Boundary,YELLOW,4.163,3.549,False,B,PRO111,N,25.966,44.682,-9.289,B,LEU112,N,26.832,42.292,-11.765
Thermal Noise,RED,2.532,3.989,False,B,PRO111,N,25.966,44.682,-9.289,B,GLN137,O,28.233,47.939,-9.697
Thermal Noise,RED,3.914,3.511,False,B,PRO111,N,25.966,44.682,-9.289,B,THR165,OG1,24.091,42.484,-7.294
Bound Backbone,BLUE,8.101,2.251,False,B,PRO111,O,27.867,44.239,-11.311,B,LEU112,N,26.832,42.292,-11.765
Phase Boundary,YELLOW,4.303,3.708,False,B,PRO111,O,27.867,44.239,-11.311,B,LEU112,O,26.992,42.609,-14.524
Thermal Noise,RED,3.893,3.822,False,B,PRO111,O,27.867,44.239,-11.311,B,ILE113,N,29.215,42.472,-14.421
Phase Boundary,YELLOW,4.081,3.134,False,B,PRO111,O,27.867,44.239,-11.311,B,GLN137,N,30.069,46.463,-11.138
Phase Boundary,YELLOW,4.238,3.573,False,B,LEU112,N,26.832,42.292,-11.765,B,ILE113,N,29.215,42.472,-14.421
Phase Boundary,YELLOW,4.42,3.019,False,B,LEU112,N,26.832,42.292,-11.765,B,PRO164,O,24.367,40.577,-11.45
Phase Boundary,YELLOW,4.221,3.528,False,B,LEU112,N,26.832,42.292,-11.765,B,HOH476,O,24.404,41.633,-14.238
Bound Backbone,BLUE,8.062,2.23,False,B,LEU112,O,26.992,42.609,-14.524,B,ILE113,N,29.215,42.472,-14.421
Thermal Noise,RED,2.87,3.96,False,B,LEU112,O,26.992,42.609,-14.524,B,ILE113,O,29.912,40.588,-16.277
Phase Boundary,YELLOW,4.885,3.485,False,B,LEU112,O,26.992,42.609,-14.524,B,ILE114,N,28.364,41.579,-17.557
Phase Boundary,YELLOW,4.688,3.563,False,B,LEU112,O,26.992,42.609,-14.524,B,SER439,OG,26.836,44.329,-17.64
Phase Boundary,YELLOW,5.211,2.781,False,B,LEU112,O,26.992,42.609,-14.524,B,HOH476,O,24.404,41.633,-14.238
Bound Backbone,BLUE,5.466,3.37,False,B,ILE113,N,29.215,42.472,-14.421,B,ILE114,N,28.364,41.579,-17.557
Bound Backbone,BLUE,5.962,2.867,False,B,ILE113,N,29.215,42.472,-14.421,B,ALA135,O,31.513,42.265,-12.72
Bound Backbone,BLUE,9.635,2.24,False,B,ILE113,O,29.912,40.588,-16.277,B,ILE114,N,28.364,41.579,-17.557
Bound Backbone,BLUE,6.158,2.824,False,B,ILE113,O,29.912,40.588,-16.277,B,THR132,OG1,30.548,38.414,-14.591
Phase Boundary,YELLOW,4.958,2.887,False,B,ILE113,O,29.912,40.588,-16.277,B,HIS133,N,32.189,38.938,-16.933
Phase Boundary,YELLOW,4.489,3.613,False,B,ILE114,N,28.364,41.579,-17.557,B,ARG115,N,27.776,39.792,-20.641
Thermal Noise,RED,4.043,3.147,False,B,ILE114,N,28.364,41.579,-17.557,B,SER439,OG,26.836,44.329,-17.64
Thermal Noise,RED,3.745,3.859,False,B,ILE114,N,28.364,41.579,-17.557,B,HOH474,O,30.645,42.271,-20.592
Bound Backbone,BLUE,8.206,2.246,False,B,ILE114,O,27.731,41.976,-20.119,B,ARG115,N,27.776,39.792,-20.641
Phase Boundary,YELLOW,4.21,3.533,False,B,ILE114,O,27.731,41.976,-20.119,B,SER439,OG,26.836,44.329,-17.64
Thermal Noise,RED,2.877,3.732,False,B,ILE114,O,27.731,41.976,-20.119,B,ALA440,N,25.136,44.653,-19.944
Phase Boundary,YELLOW,4.62,2.967,False,B,ILE114,O,27.731,41.976,-20.119,B,HOH474,O,30.645,42.271,-20.592
Phase Boundary,YELLOW,4.389,3.589,False,B,ARG115,N,27.776,39.792,-20.641,B,GLU116,N,26.191,38.375,-23.533
Phase Boundary,YELLOW,4.827,3.029,False,B,ARG115,N,27.776,39.792,-20.641,B,LEU131,O,29.462,37.602,-19.402
Thermal Noise,RED,2.605,3.969,False,B,ARG115,N,27.776,39.792,-20.641,B,ARG153,NH1,31.259,38.061,-21.432
Thermal Noise,RED,2.784,3.792,False,B,ARG115,N,27.776,39.792,-20.641,B,HOH474,O,30.645,42.271,-20.592
Bound Backbone,BLUE,11.748,2.248,False,B,ARG115,O,26.933,37.563,-21.572,B,GLU116,N,26.191,38.375,-23.533
Thermal Noise,RED,3.952,3.3,False,B,ARG115,O,26.933,37.563,-21.572,B,GLU116,O,24.805,35.311,-22.707
Phase Boundary,YELLOW,4.406,3.476,False,B,ARG115,O,26.933,37.563,-21.572,B,GLU116,OE1,29.33,37.305,-24.076
Thermal Noise,RED,3.456,3.482,False,B,ARG115,O,26.933,37.563,-21.572,B,PRO117,N,23.601,37.213,-22.522
Bound Backbone,BLUE,6.317,2.896,False,B,ARG115,O,26.933,37.563,-21.572,B,LEU131,N,27.357,35.579,-19.505
Phase Boundary,YELLOW,4.576,3.333,False,B,ARG115,O,26.933,37.563,-21.572,B,LEU131,O,29.462,37.602,-19.402
Thermal Noise,RED,3.079,3.608,False,B,ARG115,NE,27.611,41.785,-25.686,B,GLU116,OE2,29.069,38.489,-25.851
Thermal Noise,RED,3.194,3.611,False,B,ARG115,NE,27.611,41.785,-25.686,B,GLU427,OE1,24.207,40.997,-26.596
Phase Boundary,YELLOW,5.002,2.947,False,B,ARG115,NE,27.611,41.785,-25.686,B,GLU427,OE2,25.053,40.797,-24.607
Phase Boundary,YELLOW,4.087,3.341,False,B,ARG115,NH1,29.152,41.439,-27.417,B,GLU116,OE2,29.069,38.489,-25.851
Ligand Bound Core,BLUE,7.918,2.817,True,B,ARG115,NH1,29.152,41.439,-27.417,B,ZMR466,O1B,28.974,40.549,-30.084
Thermal Noise,RED,3.578,3.696,False,B,ARG115,NH1,29.152,41.439,-27.417,B,HOH683,O,31.58,39.702,-25.238
Thermal Noise,RED,3.599,3.597,False,B,ARG115,NH2,26.951,40.753,-27.675,B,GLU116,OE2,29.069,38.489,-25.851
Phase Boundary,YELLOW,4.959,2.959,False,B,ARG115,NH2,26.951,40.753,-27.675,B,GLU427,OE1,24.207,40.997,-26.596
Phase Boundary,YELLOW,4.489,3.608,False,B,ARG115,NH2,26.951,40.753,-27.675,B,GLU427,OE2,25.053,40.797,-24.607
Ligand Bound Core,BLUE,5.524,3.152,True,B,ARG115,NH2,26.951,40.753,-27.675,B,ZMR466,O1B,28.974,40.549,-30.084
Phase Boundary,YELLOW,4.723,3.013,False,B,GLU116,N,26.191,38.375,-23.533,B,PRO117,N,23.601,37.213,-22.522
Phase Boundary,YELLOW,5.238,2.884,False,B,GLU116,N,26.191,38.375,-23.533,B,GLU427,OE2,25.053,40.797,-24.607
Bound Backbone,BLUE,7.878,2.259,False,B,GLU116,O,24.805,35.311,-22.707,B,PRO117,N,23.601,37.213,-22.522
Thermal Noise,RED,3.32,3.556,False,B,GLU116,O,24.805,35.311,-22.707,B,PRO117,O,21.451,35.96,-23.694
Thermal Noise,RED,2.623,3.965,False,B,GLU116,O,24.805,35.311,-22.707,B,PHE118,N,20.97,34.796,-21.84
Phase Boundary,YELLOW,4.897,2.899,False,B,GLU116,O,24.805,35.311,-22.707,B,HOH530,O,26.033,32.757,-23.318
Thermal Noise,RED,4.046,3.833,False,B,GLU116,O,24.805,35.311,-22.707,B,HOH539,O,22.988,35.743,-26.054
Phase Boundary,YELLOW,4.945,3.359,False,B,GLU116,OE1,29.33,37.305,-24.076,B,ARG153,NH1,31.259,38.061,-21.432
Phase Boundary,YELLOW,4.571,2.989,False,B,GLU116,OE1,29.33,37.305,-24.076,B,ARG153,NH2,32.237,37.749,-23.543
Ligand Fluctuation Noise,RED,3.991,3.724,True,B,GLU116,OE1,29.33,37.305,-24.076,B,ZMR466,NH1,30.272,35.153,-26.966
Ligand Fluctuation Noise,RED,3.304,3.716,True,B,GLU116,OE1,29.33,37.305,-24.076,B,ZMR466,NH2,32.2,35.713,-25.818
Thermal Noise,RED,3.524,3.487,False,B,GLU116,OE1,29.33,37.305,-24.076,B,HOH683,O,31.58,39.702,-25.238
Thermal Noise,RED,3.051,3.989,False,B,GLU116,OE2,29.069,38.489,-25.851,B,ARG153,NH2,32.237,37.749,-23.543
Ligand Fluctuation Noise,RED,3.699,3.571,True,B,GLU116,OE2,29.069,38.489,-25.851,B,ZMR466,NE,31.619,36.856,-27.744
Ligand Fluctuation Noise,RED,3.062,3.717,True,B,GLU116,OE2,29.069,38.489,-25.851,B,ZMR466,NH1,30.272,35.153,-26.966
Phase Boundary,YELLOW,5.053,2.855,False,B,GLU116,OE2,29.069,38.489,-25.851,B,HOH683,O,31.58,39.702,-25.238
Thermal Noise,RED,3.093,3.637,False,B,PRO117,N,23.601,37.213,-22.522,B,PHE118,N,20.97,34.796,-21.84
Phase Boundary,YELLOW,4.076,3.874,False,B,PRO117,N,23.601,37.213,-22.522,B,HOH539,O,22.988,35.743,-26.054
Bound Backbone,BLUE,11.435,2.241,False,B,PRO117,O,21.451,35.96,-23.694,B,PHE118,N,20.97,34.796,-21.84
Bound Backbone,BLUE,7.244,2.825,False,B,PRO117,O,21.451,35.96,-23.694,B,HOH539,O,22.988,35.743,-26.054
Thermal Noise,RED,3.093,3.602,False,B,PHE118,N,20.97,34.796,-21.84,B,ILE119,N,17.979,32.803,-21.6
Bound Backbone,BLUE,6.842,2.987,False,B,PHE118,N,20.97,34.796,-21.84,B,PHE129,O,22.215,34.848,-19.125
Bound Backbone,BLUE,10.112,2.238,False,B,PHE118,O,19.546,33.482,-20.153,B,ILE119,N,17.979,32.803,-21.6
Thermal Noise,RED,3.277,3.978,False,B,PHE118,O,19.546,33.482,-20.153,B,LYS127,O,17.546,31.368,-17.441
Bound Backbone,BLUE,7.501,2.831,False,B,PHE118,O,19.546,33.482,-20.153,B,PHE129,N,20.808,33.171,-17.638
Phase Boundary,YELLOW,4.25,3.17,False,B,PHE118,O,19.546,33.482,-20.153,B,PHE129,O,22.215,34.848,-19.125
Thermal Noise,RED,3.571,3.536,False,B,ILE119,N,17.979,32.803,-21.6,B,ALA120,N,16.639,29.899,-20.092
Thermal Noise,RED,3.931,3.878,False,B,ILE119,N,17.979,32.803,-21.6,B,HOH518,O,17.543,30.912,-24.957
Bound Backbone,BLUE,12.437,2.252,False,B,ILE119,O,16.682,30.588,-22.236,B,ALA120,N,16.639,29.899,-20.092
Bound Backbone,BLUE,7.621,2.872,False,B,ILE119,O,16.682,30.588,-22.236,B,HOH518,O,17.543,30.912,-24.957
Thermal Noise,RED,3.397,3.479,False,B,ALA120,N,16.639,29.899,-20.092,B,CYS121,N,14.273,27.453,-19.367
Bound Backbone,BLUE,5.785,3.164,False,B,ALA120,N,16.639,29.899,-20.092,B,LYS127,O,17.546,31.368,-17.441
Bound Backbone,BLUE,9.769,2.239,False,B,ALA120,O,15.646,28.622,-18.04,B,CYS121,N,14.273,27.453,-19.367
Thermal Noise,RED,2.71,3.89,False,B,ALA120,O,15.646,28.622,-18.04,B,CYS121,SG,11.935,29.502,-18.806
Bound Backbone,BLUE,7.085,2.871,False,B,ALA120,O,15.646,28.622,-18.04,B,LYS127,N,15.945,30.108,-15.602
Thermal Noise,RED,3.546,3.393,False,B,ALA120,O,15.646,28.622,-18.04,B,LYS127,O,17.546,31.368,-17.441
Thermal Noise,RED,3.926,3.605,False,B,CYS121,N,14.273,27.453,-19.367,B,GLY122,N,12.94,25.086,-16.997
Bound Backbone,BLUE,7.44,2.901,False,B,CYS121,N,14.273,27.453,-19.367,B,HOH484,O,13.354,27.121,-22.098
Thermal Noise,RED,3.104,3.753,False,B,CYS121,N,14.273,27.453,-19.367,B,HOH704,O,15.696,24.288,-20.796
Bound Backbone,BLUE,12.793,2.239,False,B,CYS121,O,13.399,24.845,-19.175,B,GLY122,N,12.94,25.086,-16.997
Thermal Noise,RED,3.324,3.889,False,B,CYS121,O,13.399,24.845,-19.175,B,GLY122,O,10.402,24.61,-16.708
Thermal Noise,RED,4.071,3.705,False,B,CYS121,O,13.399,24.845,-19.175,B,HOH484,O,13.354,27.121,-22.098
Bound Backbone,BLUE,5.783,2.841,False,B,CYS121,O,13.399,24.845,-19.175,B,HOH620,O,12.051,22.809,-20.627
Bound Backbone,BLUE,5.864,2.866,False,B,CYS121,O,13.399,24.845,-19.175,B,HOH704,O,15.696,24.288,-20.796
Bound Backbone,BLUE,14.149,2.039,False,B,CYS121,SG,11.935,29.502,-18.806,B,CYS126,SG,11.276,30.309,-17.053
Phase Boundary,YELLOW,4.518,3.547,False,B,CYS121,SG,11.935,29.502,-18.806,B,GLU413,O,10.585,27.936,-21.688
Thermal Noise,RED,3.172,3.666,False,B,GLY122,N,12.94,25.086,-16.997,B,PRO123,N,10.52,22.595,-15.824
Bound Backbone,BLUE,6.452,2.858,False,B,GLY122,N,12.94,25.086,-16.997,B,GLU125,O,12.811,27.108,-14.982
Bound Backbone,BLUE,9.086,2.204,False,B,GLY122,O,10.402,24.61,-16.708,B,PRO123,N,10.52,22.595,-15.824
Thermal Noise,RED,3.816,3.602,False,B,GLY122,O,10.402,24.61,-16.708,B,PRO123,O,7.59,24.135,-14.507
Bound Backbone,BLUE,5.591,3.359,False,B,GLY122,O,10.402,24.61,-16.708,B,LYS124,N,9.602,23.956,-13.512
Thermal Noise,RED,3.0,3.876,False,B,GLY122,O,10.402,24.61,-16.708,B,GLU125,O,12.811,27.108,-14.982
Phase Boundary,YELLOW,4.983,2.845,False,B,GLY122,O,10.402,24.61,-16.708,B,HOH540,O,9.094,27.117,-17.017
Bound Backbone,BLUE,7.083,2.836,False,B,PRO123,N,10.52,22.595,-15.824,B,LYS124,N,9.602,23.956,-13.512
Thermal Noise,RED,3.547,3.851,False,B,PRO123,N,10.52,22.595,-15.824,B,HOH603,O,12.447,20.649,-18.532
Phase Boundary,YELLOW,4.293,3.522,False,B,PRO123,N,10.52,22.595,-15.824,B,HOH619,O,12.819,23.415,-13.285
Bound Backbone,BLUE,8.874,2.252,False,B,PRO123,O,7.59,24.135,-14.507,B,LYS124,N,9.602,23.956,-13.512
Thermal Noise,RED,3.119,3.586,False,B,PRO123,O,7.59,24.135,-14.507,B,HOH633,O,4.061,23.532,-14.714
Bound Backbone,BLUE,5.276,2.778,False,B,PRO123,O,7.59,24.135,-14.507,B,HOH677,O,7.217,26.849,-14.97
Phase Boundary,YELLOW,4.812,2.903,False,B,LYS124,N,9.602,23.956,-13.512,B,GLU125,N,10.968,26.483,-13.095
Thermal Noise,RED,3.754,3.27,False,B,LYS124,N,9.602,23.956,-13.512,B,HOH619,O,12.819,23.415,-13.285
Bound Backbone,BLUE,10.063,2.208,False,B,LYS124,O,9.31,27.114,-11.781,B,GLU125,N,10.968,26.483,-13.095
Thermal Noise,RED,3.311,3.818,False,B,LYS124,O,9.31,27.114,-11.781,A,HOH580,O,6.287,27.962,-9.609
Thermal Noise,RED,3.949,3.824,False,B,LYS124,O,9.31,27.114,-11.781,B,HOH677,O,7.217,26.849,-14.97
Thermal Noise,RED,3.386,3.597,False,B,GLU125,N,10.968,26.483,-13.095,B,CYS126,N,12.703,29.312,-14.483
Thermal Noise,RED,3.114,3.588,False,B,GLU125,N,10.968,26.483,-13.095,B,HOH619,O,12.819,23.415,-13.285
Bound Backbone,BLUE,8.061,2.262,False,B,GLU125,O,12.811,27.108,-14.982,B,CYS126,N,12.703,29.312,-14.483
Thermal Noise,RED,3.286,3.852,False,B,GLU125,OE1,15.014,28.616,-10.507,B,HOH659,O,17.984,27.653,-8.251
Thermal Noise,RED,3.989,3.498,False,B,GLU125,OE2,15.4,26.495,-10.304,B,HOH659,O,17.984,27.653,-8.251
Thermal Noise,RED,3.436,3.521,False,B,CYS126,N,12.703,29.312,-14.483,B,LYS127,N,15.945,30.108,-15.602
Bound Backbone,BLUE,11.034,2.248,False,B,CYS126,O,14.793,30.882,-13.833,B,LYS127,N,15.945,30.108,-15.602
Phase Boundary,YELLOW,4.926,2.925,False,B,CYS126,O,14.793,30.882,-13.833,B,LEU160,N,15.207,33.652,-12.991
Thermal Noise,RED,2.677,3.867,False,B,CYS126,SG,11.276,30.309,-17.053,B,HOH540,O,9.094,27.117,-17.017
Thermal Noise,RED,3.296,3.488,False,B,LYS127,N,15.945,30.108,-15.602,B,HIS128,N,18.206,32.757,-15.787
Bound Backbone,BLUE,10.524,2.258,False,B,LYS127,O,17.546,31.368,-17.441,B,HIS128,N,18.206,32.757,-15.787
Thermal Noise,RED,2.878,3.732,False,B,LYS127,O,17.546,31.368,-17.441,B,PHE129,N,20.808,33.171,-17.638
Thermal Noise,RED,3.984,3.334,False,B,LYS127,NZ,19.785,25.809,-12.199,B,TRP187,NE1,17.549,23.746,-13.562
Phase Boundary,YELLOW,4.581,3.059,False,B,LYS127,NZ,19.785,25.809,-12.199,B,TYR189,OH,22.175,24.196,-13.22
Bound Backbone,BLUE,5.918,2.775,False,B,LYS127,NZ,19.785,25.809,-12.199,B,HOH495,O,21.77,27.252,-10.904
Bound Backbone,BLUE,6.147,3.003,False,B,LYS127,NZ,19.785,25.809,-12.199,B,HOH669,O,19.104,24.051,-9.861
Phase Boundary,YELLOW,4.672,3.22,False,B,HIS128,N,18.206,32.757,-15.787,B,PHE129,N,20.808,33.171,-17.638
Bound Backbone,BLUE,7.719,2.902,False,B,HIS128,N,18.206,32.757,-15.787,B,VAL158,O,18.6,32.855,-12.914
Bound Backbone,BLUE,12.325,2.254,False,B,HIS128,O,20.824,33.926,-15.514,B,PHE129,N,20.808,33.171,-17.638
Thermal Noise,RED,3.855,3.978,False,B,HIS128,O,20.824,33.926,-15.514,B,PHE129,O,22.215,34.848,-19.125
Bound Backbone,BLUE,6.059,3.264,False,B,HIS128,O,20.824,33.926,-15.514,B,VAL158,N,21.078,33.352,-12.311
Phase Boundary,YELLOW,4.156,3.585,False,B,HIS128,O,20.824,33.926,-15.514,B,VAL158,O,18.6,32.855,-12.914
Thermal Noise,RED,3.911,3.216,False,B,HIS128,O,20.824,33.926,-15.514,B,HOH641,O,21.861,36.941,-15.937
Bound Backbone,BLUE,6.772,2.949,False,B,HIS128,ND1,18.504,37.634,-16.223,B,HOH533,O,17.005,37.647,-13.683
Thermal Noise,RED,3.397,3.44,False,B,HIS128,ND1,18.504,37.634,-16.223,B,HOH641,O,21.861,36.941,-15.937
Bound Backbone,BLUE,5.741,2.968,False,B,HIS128,NE2,19.533,37.985,-18.044,B,THR442,OG1,19.448,40.254,-19.956
Thermal Noise,RED,2.982,3.677,False,B,HIS128,NE2,19.533,37.985,-18.044,B,HOH485,O,20.856,41.392,-17.639
Phase Boundary,YELLOW,4.598,3.309,False,B,HIS128,NE2,19.533,37.985,-18.044,B,HOH641,O,21.861,36.941,-15.937
Thermal Noise,RED,3.109,3.632,False,B,PHE129,N,20.808,33.171,-17.638,B,ALA130,N,24.223,34.18,-18.351
Bound Backbone,BLUE,8.474,2.253,False,B,PHE129,O,22.215,34.848,-19.125,B,ALA130,N,24.223,34.18,-18.351
Thermal Noise,RED,3.931,3.83,False,B,PHE129,O,22.215,34.848,-19.125,B,HOH641,O,21.861,36.941,-15.937
Thermal Noise,RED,3.25,3.621,False,B,ALA130,N,24.223,34.18,-18.351,B,LEU131,N,27.357,35.579,-19.505
Phase Boundary,YELLOW,5.168,3.33,False,B,ALA130,N,24.223,34.18,-18.351,B,ILE156,O,24.637,32.337,-15.609
Bound Backbone,BLUE,9.857,2.237,False,B,ALA130,O,26.791,33.89,-18.151,B,LEU131,N,27.357,35.579,-19.505
Thermal Noise,RED,2.686,3.888,False,B,ALA130,O,26.791,33.89,-18.151,B,THR132,N,29.736,36.359,-17.559
Thermal Noise,RED,3.06,3.716,False,B,ALA130,O,26.791,33.89,-18.151,B,HIS154,O,30.32,33.513,-17.051
Bound Backbone,BLUE,5.71,3.154,False,B,ALA130,O,26.791,33.89,-18.151,B,ILE156,N,27.28,32.115,-15.59
Thermal Noise,RED,3.863,3.676,False,B,ALA130,O,26.791,33.89,-18.151,B,ILE156,O,24.637,32.337,-15.609
Phase Boundary,YELLOW,4.934,3.171,False,B,LEU131,N,27.357,35.579,-19.505,B,THR132,N,29.736,36.359,-17.559
Bound Backbone,BLUE,11.414,2.24,False,B,LEU131,O,29.462,37.602,-19.402,B,THR132,N,29.736,36.359,-17.559
Thermal Noise,RED,3.659,3.565,False,B,LEU131,O,29.462,37.602,-19.402,B,THR132,O,32.436,36.812,-17.601
Thermal Noise,RED,3.274,3.914,False,B,LEU131,O,29.462,37.602,-19.402,B,HIS133,N,32.189,38.938,-16.933
Bound Backbone,BLUE,7.129,2.75,False,B,LEU131,O,29.462,37.602,-19.402,B,ARG153,NH1,31.259,38.061,-21.432
Thermal Noise,RED,3.123,3.614,False,B,THR132,N,29.736,36.359,-17.559,B,HIS133,N,32.189,38.938,-16.933
Phase Boundary,YELLOW,4.688,2.949,False,B,THR132,N,29.736,36.359,-17.559,B,HIS154,O,30.32,33.513,-17.051
Bound Backbone,BLUE,8.411,2.242,False,B,THR132,O,32.436,36.812,-17.601,B,HIS133,N,32.189,38.938,-16.933
Phase Boundary,YELLOW,4.292,3.634,False,B,THR132,O,32.436,36.812,-17.601,B,TYR134,N,33.51,38.659,-14.661
Thermal Noise,RED,3.618,3.34,False,B,THR132,O,32.436,36.812,-17.601,B,HIS154,N,33.013,33.545,-17.212
Thermal Noise,RED,2.586,3.958,False,B,THR132,O,32.436,36.812,-17.601,B,HIS154,O,30.32,33.513,-17.051
Bound Backbone,BLUE,6.69,2.907,False,B,THR132,OG1,30.548,38.414,-14.591,B,HIS133,N,32.189,38.938,-16.933
Phase Boundary,YELLOW,4.53,2.973,False,B,THR132,OG1,30.548,38.414,-14.591,B,TYR134,N,33.51,38.659,-14.661
Bound Backbone,BLUE,8.424,2.643,False,B,HIS133,N,32.189,38.938,-16.933,B,TYR134,N,33.51,38.659,-14.661
Bound Backbone,BLUE,8.611,2.253,False,B,HIS133,O,35.396,39.545,-15.517,B,TYR134,N,33.51,38.659,-14.661
Bound Backbone,BLUE,5.558,3.426,False,B,HIS133,O,35.396,39.545,-15.517,B,TYR134,O,35.547,39.833,-12.106
Phase Boundary,YELLOW,4.59,3.487,False,B,HIS133,O,35.396,39.545,-15.517,B,ALA135,N,33.597,40.724,-12.773
Bound Backbone,BLUE,6.632,2.837,False,B,HIS133,O,35.396,39.545,-15.517,B,HOH544,O,37.192,40.32,-17.572
Thermal Noise,RED,3.396,3.768,False,B,HIS133,ND1,32.997,40.91,-19.94,B,THR145,O,33.438,43.982,-22.077
Thermal Noise,RED,3.312,3.656,False,B,HIS133,ND1,32.997,40.91,-19.94,B,ARG153,NH1,31.259,38.061,-21.432
Phase Boundary,YELLOW,4.228,3.84,False,B,HIS133,ND1,32.997,40.91,-19.94,B,HOH468,O,31.987,41.799,-23.537
Bound Backbone,BLUE,5.302,2.795,False,B,HIS133,ND1,32.997,40.91,-19.94,B,HOH474,O,30.645,42.271,-20.592
Thermal Noise,RED,3.25,3.527,False,B,HIS133,NE2,34.713,40.523,-21.123,B,GLY144,O,37.253,42.929,-21.569
Thermal Noise,RED,2.87,3.808,False,B,HIS133,NE2,34.713,40.523,-21.123,B,THR145,O,33.438,43.982,-22.077
Bound Backbone,BLUE,8.14,2.829,False,B,HIS133,NE2,34.713,40.523,-21.123,B,GLU147,O,35.007,40.68,-23.932
Thermal Noise,RED,2.953,3.753,False,B,HIS133,NE2,34.713,40.523,-21.123,B,ASN150,ND2,37.889,38.754,-20.192
Thermal Noise,RED,3.038,3.662,False,B,HIS133,NE2,34.713,40.523,-21.123,B,ARG153,NE,33.405,37.158,-21.734
Thermal Noise,RED,3.358,3.858,False,B,HIS133,NE2,34.713,40.523,-21.123,B,HOH468,O,31.987,41.799,-23.537
Bound Backbone,BLUE,6.585,2.799,False,B,TYR134,N,33.51,38.659,-14.661,B,ALA135,N,33.597,40.724,-12.773
Bound Backbone,BLUE,8.384,2.245,False,B,TYR134,O,35.547,39.833,-12.106,B,ALA135,N,33.597,40.724,-12.773
Thermal Noise,RED,3.573,3.56,False,B,ALA135,N,33.597,40.724,-12.773,B,ALA136,N,32.344,43.637,-11.156
Bound Backbone,BLUE,10.447,2.24,False,B,ALA135,O,31.513,42.265,-12.72,B,ALA136,N,32.344,43.637,-11.156
Thermal Noise,RED,3.041,3.628,False,B,ALA136,N,32.344,43.637,-11.156,B,GLN137,N,30.069,46.463,-11.138
Thermal Noise,RED,3.059,3.684,False,B,ALA136,N,32.344,43.637,-11.156,B,HOH529,O,35.124,45.884,-12.048
Bound Backbone,BLUE,7.819,2.269,False,B,ALA136,O,32.318,46.254,-11.35,B,GLN137,N,30.069,46.463,-11.138
Phase Boundary,YELLOW,4.834,3.48,False,B,ALA136,O,32.318,46.254,-11.35,B,PRO138,O,32.195,48.066,-8.381
Thermal Noise,RED,3.557,3.548,False,B,ALA136,O,32.318,46.254,-11.35,B,GLY139,N,33.449,49.247,-9.817
Phase Boundary,YELLOW,4.881,2.915,False,B,ALA136,O,32.318,46.254,-11.35,B,HOH529,O,35.124,45.884,-12.048
Thermal Noise,RED,3.89,3.495,False,B,GLN137,N,30.069,46.463,-11.138,B,PRO138,N,29.856,49.391,-9.241
Thermal Noise,RED,3.621,3.833,False,B,GLN137,N,30.069,46.463,-11.138,B,PRO138,O,32.195,48.066,-8.381
Bound Backbone,BLUE,8.3,2.225,False,B,GLN137,O,28.233,47.939,-9.697,B,PRO138,N,29.856,49.391,-9.241
Phase Boundary,YELLOW,4.844,3.433,False,B,GLN137,NE2,27.777,51.662,-13.586,B,TRP437,NE1,29.634,52.326,-16.396
Thermal Noise,RED,2.784,3.848,False,B,GLN137,NE2,27.777,51.662,-13.586,B,LEU465,O,27.986,55.412,-12.751
Phase Boundary,YELLOW,4.99,2.914,False,B,GLN137,NE2,27.777,51.662,-13.586,B,HOH467,O,26.217,53.959,-14.469
Bound Backbone,BLUE,5.445,3.06,False,B,GLN137,NE2,27.777,51.662,-13.586,B,HOH475,O,29.472,53.231,-11.579
Thermal Noise,RED,3.066,3.642,False,B,PRO138,N,29.856,49.391,-9.241,B,GLY139,N,33.449,49.247,-9.817
Bound Backbone,BLUE,10.033,2.243,False,B,PRO138,O,32.195,48.066,-8.381,B,GLY139,N,33.449,49.247,-9.817
Thermal Noise,RED,3.1,3.611,False,B,GLY139,N,33.449,49.247,-9.817,B,GLY140,N,36.874,48.195,-10.265
Bound Backbone,BLUE,6.794,2.942,False,B,GLY139,N,33.449,49.247,-9.817,B,TYR142,OH,32.431,50.361,-12.342
Bound Backbone,BLUE,8.406,2.256,False,B,GLY139,O,35.697,49.97,-11.01,B,GLY140,N,36.874,48.195,-10.265
Thermal Noise,RED,3.463,3.549,False,B,GLY139,O,35.697,49.97,-11.01,B,TYR142,OH,32.431,50.361,-12.342
Bound Backbone,BLUE,7.47,2.734,False,B,GLY140,N,36.874,48.195,-10.265,B,TYR141,N,37.865,46.836,-12.421
Thermal Noise,RED,4.059,3.403,False,B,GLY140,N,36.874,48.195,-10.265,B,HOH529,O,35.124,45.884,-12.048
Bound Backbone,BLUE,8.124,2.224,False,B,GLY140,O,39.822,47.878,-12.25,B,TYR141,N,37.865,46.836,-12.421
Thermal Noise,RED,3.671,3.855,False,B,GLY140,O,39.822,47.878,-12.25,B,TYR142,N,37.344,47.396,-15.164
Bound Backbone,BLUE,7.849,2.848,False,B,TYR141,N,37.865,46.836,-12.421,B,TYR142,N,37.344,47.396,-15.164
Phase Boundary,YELLOW,4.724,2.925,False,B,TYR141,N,37.865,46.836,-12.421,B,HOH529,O,35.124,45.884,-12.048
Bound Backbone,BLUE,8.238,2.232,False,B,TYR141,O,37.553,45.219,-15.609,B,TYR142,N,37.344,47.396,-15.164
Phase Boundary,YELLOW,4.073,3.767,False,B,TYR141,O,37.553,45.219,-15.609,B,TYR142,O,37.081,47.234,-18.757
Phase Boundary,YELLOW,4.467,3.31,False,B,TYR141,O,37.553,45.219,-15.609,B,ASN143,N,38.931,47.504,-17.567
Phase Boundary,YELLOW,4.143,3.594,False,B,TYR141,O,37.553,45.219,-15.609,B,ASN143,O,40.01,45.018,-18.224
Bound Backbone,BLUE,6.951,2.882,False,B,TYR142,N,37.344,47.396,-15.164,B,ASN143,N,38.931,47.504,-17.567
Bound Backbone,BLUE,9.643,2.216,False,B,TYR142,O,37.081,47.234,-18.757,B,ASN143,N,38.931,47.504,-17.567
Thermal Noise,RED,2.944,3.711,False,B,TYR142,O,37.081,47.234,-18.757,B,ASN143,O,40.01,45.018,-18.224
Phase Boundary,YELLOW,4.681,3.132,False,B,TYR142,O,37.081,47.234,-18.757,B,GLY144,N,39.258,45.56,-20.262
Phase Boundary,YELLOW,4.843,3.09,False,B,TYR142,O,37.081,47.234,-18.757,B,THR145,N,36.605,44.59,-20.283
Bound Backbone,BLUE,5.466,2.769,False,B,TYR142,O,37.081,47.234,-18.757,B,THR145,OG1,34.556,46.383,-19.509
Phase Boundary,YELLOW,4.29,3.698,False,B,TYR142,O,37.081,47.234,-18.757,B,HOH505,O,35.403,48.157,-21.92
Phase Boundary,YELLOW,5.078,3.339,False,B,ASN143,N,38.931,47.504,-17.567,B,GLY144,N,39.258,45.56,-20.262
Bound Backbone,BLUE,12.193,2.239,False,B,ASN143,O,40.01,45.018,-18.224,B,GLY144,N,39.258,45.56,-20.262
Phase Boundary,YELLOW,5.015,2.825,False,B,GLY144,N,39.258,45.56,-20.262,B,THR145,N,36.605,44.59,-20.283
Bound Backbone,BLUE,5.673,3.344,False,B,GLY144,N,39.258,45.56,-20.262,B,HOH644,O,38.309,45.642,-23.467
Thermal Noise,RED,3.619,3.598,False,B,GLY144,N,39.258,45.56,-20.262,B,HOH645,O,40.98,48.111,-22.126
Bound Backbone,BLUE,10.085,2.198,False,B,GLY144,O,37.253,42.929,-21.569,B,THR145,N,36.605,44.59,-20.283
Thermal Noise,RED,2.54,3.99,False,B,GLY144,O,37.253,42.929,-21.569,B,THR145,O,33.438,43.982,-22.077
Phase Boundary,YELLOW,5.028,2.974,False,B,GLY144,O,37.253,42.929,-21.569,B,ARG146,N,35.345,44.841,-22.814
Bound Backbone,BLUE,7.488,2.905,False,B,GLY144,O,37.253,42.929,-21.569,B,GLU147,N,36.381,42.953,-24.34
Thermal Noise,RED,3.129,3.961,False,B,GLY144,O,37.253,42.929,-21.569,B,GLU147,O,35.007,40.68,-23.932
Thermal Noise,RED,2.715,3.883,False,B,GLY144,O,37.253,42.929,-21.569,B,GLU147,OE2,40.682,41.262,-22.306
Thermal Noise,RED,3.942,3.475,False,B,GLY144,O,37.253,42.929,-21.569,B,HOH644,O,38.309,45.642,-23.467
Bound Backbone,BLUE,7.481,2.838,False,B,THR145,N,36.605,44.59,-20.283,B,ARG146,N,35.345,44.841,-22.814
Phase Boundary,YELLOW,4.118,3.761,False,B,THR145,N,36.605,44.59,-20.283,B,HOH644,O,38.309,45.642,-23.467
Bound Backbone,BLUE,8.71,2.218,False,B,THR145,O,33.438,43.982,-22.077,B,ARG146,N,35.345,44.841,-22.814
Thermal Noise,RED,3.289,3.852,False,B,THR145,O,33.438,43.982,-22.077,B,GLU147,N,36.381,42.953,-24.34
Phase Boundary,YELLOW,5.115,3.0,False,B,THR145,O,33.438,43.982,-22.077,B,HOH468,O,31.987,41.799,-23.537
Thermal Noise,RED,3.43,3.596,False,B,THR145,O,33.438,43.982,-22.077,B,HOH474,O,30.645,42.271,-20.592
Phase Boundary,YELLOW,4.309,3.731,False,B,THR145,OG1,34.556,46.383,-19.509,B,ARG146,N,35.345,44.841,-22.814
Thermal Noise,RED,3.076,3.61,False,B,THR145,OG1,34.556,46.383,-19.509,B,HIS438,N,31.354,48.04,-19.697
Bound Backbone,BLUE,5.716,3.111,False,B,THR145,OG1,34.556,46.383,-19.509,B,HOH505,O,35.403,48.157,-21.92
Bound Backbone,BLUE,6.967,2.639,False,B,ARG146,N,35.345,44.841,-22.814,B,GLU147,N,36.381,42.953,-24.34
Thermal Noise,RED,3.538,3.435,False,B,ARG146,N,35.345,44.841,-22.814,B,HOH505,O,35.403,48.157,-21.92
Phase Boundary,YELLOW,4.173,3.139,False,B,ARG146,N,35.345,44.841,-22.814,B,HOH644,O,38.309,45.642,-23.467
Bound Backbone,BLUE,11.041,2.243,False,B,ARG146,O,35.058,43.416,-26.091,B,GLU147,N,36.381,42.953,-24.34
Phase Boundary,YELLOW,4.098,3.486,False,B,ARG146,O,35.058,43.416,-26.091,B,GLU147,O,35.007,40.68,-23.932
Thermal Noise,RED,2.679,3.877,False,B,ARG146,O,35.058,43.416,-26.091,B,ASP148,N,36.037,39.684,-25.708
Thermal Noise,RED,4.043,3.157,False,B,ARG146,NE,33.08,48.613,-26.985,B,ASP431,OD1,30.2,49.864,-26.66
Thermal Noise,RED,3.435,3.957,False,B,ARG146,NE,33.08,48.613,-26.985,B,HIS438,ND1,30.674,47.425,-24.077
Bound Backbone,BLUE,6.477,2.916,False,B,ARG146,NH2,31.773,48.863,-28.902,B,ASP431,OD1,30.2,49.864,-26.66
Thermal Noise,RED,3.836,3.258,False,B,ARG146,NH2,31.773,48.863,-28.902,B,ASP431,OD2,28.995,50.477,-28.362
Thermal Noise,RED,2.592,3.931,False,B,ARG146,NH2,31.773,48.863,-28.902,B,HOH666,O,31.283,52.761,-28.758
Thermal Noise,RED,3.454,3.56,False,B,GLU147,N,36.381,42.953,-24.34,B,ASP148,N,36.037,39.684,-25.708
Thermal Noise,RED,3.559,3.422,False,B,GLU147,N,36.381,42.953,-24.34,B,HOH644,O,38.309,45.642,-23.467
Bound Backbone,BLUE,10.648,2.282,False,B,GLU147,O,35.007,40.68,-23.932,B,ASP148,N,36.037,39.684,-25.708
Thermal Noise,RED,3.116,3.585,False,B,GLU147,O,35.007,40.68,-23.932,B,ASP148,O,35.367,37.115,-23.806
Thermal Noise,RED,3.837,3.245,False,B,GLU147,O,35.007,40.68,-23.932,B,HOH468,O,31.987,41.799,-23.537
Thermal Noise,RED,2.987,3.796,False,B,GLU147,O,35.007,40.68,-23.932,B,HOH683,O,31.58,39.702,-25.238
Thermal Noise,RED,3.744,3.271,False,B,GLU147,OE1,40.979,40.087,-24.106,B,ARG149,O,39.526,37.159,-24.218
Thermal Noise,RED,3.525,3.917,False,B,GLU147,OE1,40.979,40.087,-24.106,B,HOH695,O,39.22,38.142,-27.015
Phase Boundary,YELLOW,4.856,2.891,False,B,ASP148,N,36.037,39.684,-25.708,B,ARG149,N,37.023,37.001,-25.273
Thermal Noise,RED,3.03,3.771,False,B,ASP148,N,36.037,39.684,-25.708,B,HOH695,O,39.22,38.142,-27.015
Bound Backbone,BLUE,10.431,2.215,False,B,ASP148,O,35.367,37.115,-23.806,B,ARG149,N,37.023,37.001,-25.273
Thermal Noise,RED,2.708,3.952,False,B,ASP148,O,35.367,37.115,-23.806,B,ASN150,N,38.859,35.69,-22.627
Bound Backbone,BLUE,6.562,2.854,False,B,ASP148,O,35.367,37.115,-23.806,B,ARG153,NE,33.405,37.158,-21.734
Thermal Noise,RED,3.914,3.204,False,B,ASP148,O,35.367,37.115,-23.806,B,ARG153,NH2,32.237,37.749,-23.543
Ligand Boundary Hotspot,ORANGE,4.245,3.07,True,B,ASP148,OD1,33.241,39.463,-27.734,B,ZMR466,NE,31.619,36.856,-27.744
Bound Backbone,BLUE,6.363,3.008,False,B,ASP148,OD1,33.241,39.463,-27.734,B,HOH683,O,31.58,39.702,-25.238
Thermal Noise,RED,2.819,3.79,False,B,ASP148,OD2,34.882,39.274,-29.141,B,ARG149,NH1,36.936,36.13,-29.648
Phase Boundary,YELLOW,4.471,3.28,False,B,ASP148,OD2,34.882,39.274,-29.141,B,HOH692,O,37.576,38.979,-30.989
Phase Boundary,YELLOW,4.53,3.477,False,B,ARG149,N,37.023,37.001,-25.273,B,ASN150,N,38.859,35.69,-22.627
Bound Backbone,BLUE,5.288,3.027,False,B,ARG149,N,37.023,37.001,-25.273,B,HOH695,O,39.22,38.142,-27.015
Bound Backbone,BLUE,10.241,2.266,False,B,ARG149,O,39.526,37.159,-24.218,B,ASN150,N,38.859,35.69,-22.627
Thermal Noise,RED,3.094,3.685,False,B,ARG149,O,39.526,37.159,-24.218,B,HOH672,O,41.799,34.447,-25.245
Bound Backbone,BLUE,7.03,2.98,False,B,ARG149,O,39.526,37.159,-24.218,B,HOH695,O,39.22,38.142,-27.015
Phase Boundary,YELLOW,4.679,2.927,False,B,ARG149,NE,38.079,34.274,-28.747,B,ASP196,OD1,40.528,32.678,-28.9
Thermal Noise,RED,2.801,3.964,False,B,ARG149,NE,38.079,34.274,-28.747,B,ASP196,OD2,41.69,33.818,-30.318
Ligand Fluctuation Noise,RED,2.563,3.979,True,B,ARG149,NE,38.079,34.274,-28.747,B,ZMR466,O10,34.263,35.235,-29.333
Ligand Boundary Hotspot,ORANGE,5.013,2.836,True,B,ARG149,NH1,36.936,36.13,-29.648,B,ZMR466,O10,34.263,35.235,-29.333
Phase Boundary,YELLOW,4.306,3.213,False,B,ARG149,NH1,36.936,36.13,-29.648,B,HOH692,O,37.576,38.979,-30.989
Thermal Noise,RED,3.425,3.556,False,B,ARG149,NH2,39.178,35.71,-30.176,B,ASP196,OD1,40.528,32.678,-28.9
Thermal Noise,RED,4.044,3.148,False,B,ARG149,NH2,39.178,35.71,-30.176,B,ASP196,OD2,41.69,33.818,-30.318
Thermal Noise,RED,2.963,3.73,False,B,ARG149,NH2,39.178,35.71,-30.176,B,HOH692,O,37.576,38.979,-30.989
Bound Backbone,BLUE,5.575,3.27,False,B,ARG149,NH2,39.178,35.71,-30.176,B,HOH693,O,38.986,37.269,-33.044
Thermal Noise,RED,3.521,3.989,False,B,ARG149,NH2,39.178,35.71,-30.176,B,HOH695,O,39.22,38.142,-27.015
Phase Boundary,YELLOW,4.413,3.592,False,B,ASN150,N,38.859,35.69,-22.627,B,LYS151,N,40.657,34.639,-19.701
Bound Backbone,BLUE,8.719,2.231,False,B,ASN150,O,38.616,34.247,-20.511,B,LYS151,N,40.657,34.639,-19.701
Bound Backbone,BLUE,6.527,3.141,False,B,ASN150,O,38.616,34.247,-20.511,B,LEU152,N,38.929,34.825,-17.44
Thermal Noise,RED,4.037,3.638,False,B,ASN150,O,38.616,34.247,-20.511,B,ARG153,N,36.212,34.946,-17.872
Phase Boundary,YELLOW,4.988,2.896,False,B,ASN150,O,38.616,34.247,-20.511,B,HOH657,O,36.989,31.979,-19.74
Bound Backbone,BLUE,5.902,3.131,False,B,ASN150,ND2,37.889,38.754,-20.192,B,HOH544,O,37.192,40.32,-17.572
Thermal Noise,RED,3.558,3.379,False,B,ASN150,OD1,38.134,36.826,-19.181,B,LYS151,N,40.657,34.639,-19.701
Bound Backbone,BLUE,6.533,2.769,False,B,ASN150,OD1,38.134,36.826,-19.181,B,LEU152,N,38.929,34.825,-17.44
Phase Boundary,YELLOW,5.021,2.99,False,B,ASN150,OD1,38.134,36.826,-19.181,B,ARG153,N,36.212,34.946,-17.872
Thermal Noise,RED,2.82,3.96,False,B,ASN150,OD1,38.134,36.826,-19.181,B,HOH544,O,37.192,40.32,-17.572
Bound Backbone,BLUE,6.889,2.852,False,B,LYS151,N,40.657,34.639,-19.701,B,LEU152,N,38.929,34.825,-17.44
Thermal Noise,RED,4.05,3.544,False,B,LYS151,N,40.657,34.639,-19.701,B,HOH654,O,43.162,35.606,-22.014
Bound Backbone,BLUE,8.741,2.214,False,B,LYS151,O,39.587,32.844,-16.702,B,LEU152,N,38.929,34.825,-17.44
Thermal Noise,RED,3.828,3.535,False,B,LYS151,O,39.587,32.844,-16.702,B,HOH648,O,38.687,30.041,-18.658
Bound Backbone,BLUE,5.36,2.754,False,B,LEU152,N,38.929,34.825,-17.44,B,ARG153,N,36.212,34.946,-17.872
Bound Backbone,BLUE,12.782,2.245,False,B,LEU152,O,35.799,34.757,-15.673,B,ARG153,N,36.212,34.946,-17.872
Phase Boundary,YELLOW,4.876,3.221,False,B,LEU152,O,35.799,34.757,-15.673,B,ARG153,O,34.897,32.465,-17.749
Thermal Noise,RED,3.899,3.406,False,B,LEU152,O,35.799,34.757,-15.673,B,HIS154,N,33.013,33.545,-17.212
Bound Backbone,BLUE,5.743,2.746,False,B,LEU152,O,35.799,34.757,-15.673,B,HIS154,ND1,34.96,32.335,-14.689
Thermal Noise,RED,3.238,3.554,False,B,ARG153,N,36.212,34.946,-17.872,B,HIS154,N,33.013,33.545,-17.212
Thermal Noise,RED,3.638,3.591,False,B,ARG153,N,36.212,34.946,-17.872,B,HOH657,O,36.989,31.979,-19.74
Bound Backbone,BLUE,8.291,2.237,False,B,ARG153,O,34.897,32.465,-17.749,B,HIS154,N,33.013,33.545,-17.212
Bound Backbone,BLUE,6.972,3.063,False,B,ARG153,O,34.897,32.465,-17.749,B,HIS154,ND1,34.96,32.335,-14.689
Phase Boundary,YELLOW,4.984,2.966,False,B,ARG153,O,34.897,32.465,-17.749,B,ALA175,N,34.072,29.858,-18.897
Bound Backbone,BLUE,5.897,3.075,False,B,ARG153,O,34.897,32.465,-17.749,B,ALA175,O,33.035,32.079,-20.165
Bound Backbone,BLUE,6.039,2.929,False,B,ARG153,O,34.897,32.465,-17.749,B,HOH657,O,36.989,31.979,-19.74
Ligand Bound Core,BLUE,5.81,3.053,True,B,ARG153,NH2,32.237,37.749,-23.543,B,ZMR466,NH2,32.2,35.713,-25.818
Bound Backbone,BLUE,7.065,2.668,False,B,ARG153,NH2,32.237,37.749,-23.543,B,HOH683,O,31.58,39.702,-25.238
Thermal Noise,RED,3.16,3.561,False,B,HIS154,N,33.013,33.545,-17.212,B,LEU155,N,30.295,31.25,-17.056
Bound Backbone,BLUE,5.561,3.297,False,B,HIS154,N,33.013,33.545,-17.212,B,ALA175,O,33.035,32.079,-20.165
Bound Backbone,BLUE,7.814,2.263,False,B,HIS154,O,30.32,33.513,-17.051,B,LEU155,N,30.295,31.25,-17.056
Thermal Noise,RED,3.308,3.651,False,B,HIS154,O,30.32,33.513,-17.051,B,ILE156,N,27.28,32.115,-15.59
Thermal Noise,RED,3.305,3.94,False,B,HIS154,NE2,35.29,30.663,-13.45,B,ALA174,N,34.055,27.995,-16.073
Thermal Noise,RED,3.719,3.462,False,B,LEU155,N,30.295,31.25,-17.056,B,ILE156,N,27.28,32.115,-15.59
Phase Boundary,YELLOW,4.95,2.941,False,B,LEU155,N,30.295,31.25,-17.056,B,MET173,O,32.138,29.176,-16.08
Bound Backbone,BLUE,8.417,2.246,False,B,LEU155,O,28.662,30.487,-14.893,B,ILE156,N,27.28,32.115,-15.59
Bound Backbone,BLUE,6.86,2.843,False,B,LEU155,O,28.662,30.487,-14.893,B,HIS172,N,28.756,28.703,-12.682
Thermal Noise,RED,2.971,3.678,False,B,LEU155,O,28.662,30.487,-14.893,B,MET173,N,30.772,27.49,-14.586
Thermal Noise,RED,2.786,3.9,False,B,LEU155,O,28.662,30.487,-14.893,B,MET173,O,32.138,29.176,-16.08
Thermal Noise,RED,3.605,3.686,False,B,ILE156,N,27.28,32.115,-15.59,B,SER157,N,24.314,32.231,-13.405
Bound Backbone,BLUE,13.049,2.23,False,B,ILE156,O,24.637,32.337,-15.609,B,SER157,N,24.314,32.231,-13.405
Thermal Noise,RED,3.279,3.595,False,B,SER157,N,24.314,32.231,-13.405,B,VAL158,N,21.078,33.352,-12.311
Bound Backbone,BLUE,5.537,3.028,False,B,SER157,N,24.314,32.231,-13.405,B,ILE170,O,26.431,31.328,-11.437
Thermal Noise,RED,2.549,3.969,False,B,SER157,N,24.314,32.231,-13.405,B,HIS172,NE2,24.387,28.273,-13.113
Bound Backbone,BLUE,8.976,2.294,False,B,SER157,O,22.864,32.591,-11.088,B,VAL158,N,21.078,33.352,-12.311
Bound Backbone,BLUE,5.714,2.934,False,B,SER157,O,22.864,32.591,-11.088,B,ILE170,N,25.18,32.214,-9.326
Thermal Noise,RED,2.786,3.8,False,B,SER157,O,22.864,32.591,-11.088,B,ILE170,O,26.431,31.328,-11.437
Thermal Noise,RED,3.228,3.533,False,B,SER157,O,22.864,32.591,-11.088,B,HOH482,O,20.579,29.922,-10.714
Bound Backbone,BLUE,6.417,3.002,False,B,SER157,O,22.864,32.591,-11.088,B,HOH508,O,21.44,31.764,-8.578
Thermal Noise,RED,2.965,3.736,False,B,SER157,OG,22.36,29.951,-13.176,B,VAL158,N,21.078,33.352,-12.311
Bound Backbone,BLUE,5.778,2.632,False,B,SER157,OG,22.36,29.951,-13.176,B,HIS172,NE2,24.387,28.273,-13.113
Bound Backbone,BLUE,6.144,3.039,False,B,SER157,OG,22.36,29.951,-13.176,B,HOH482,O,20.579,29.922,-10.714
Thermal Noise,RED,3.931,3.577,False,B,SER157,OG,22.36,29.951,-13.176,B,HOH495,O,21.77,27.252,-10.904
Thermal Noise,RED,3.428,3.601,False,B,VAL158,N,21.078,33.352,-12.311,B,LYS159,N,17.833,32.931,-10.807
Thermal Noise,RED,3.054,3.816,False,B,VAL158,N,21.078,33.352,-12.311,B,HOH482,O,20.579,29.922,-10.714
Bound Backbone,BLUE,12.413,2.244,False,B,VAL158,O,18.6,32.855,-12.914,B,LYS159,N,17.833,32.931,-10.807
Thermal Noise,RED,3.691,3.477,False,B,VAL158,O,18.6,32.855,-12.914,B,LYS159,O,16.217,34.911,-11.436
Thermal Noise,RED,3.294,3.486,False,B,VAL158,O,18.6,32.855,-12.914,B,LEU160,N,15.207,33.652,-12.991
Phase Boundary,YELLOW,4.102,3.491,False,B,LYS159,N,17.833,32.931,-10.807,B,LEU160,N,15.207,33.652,-12.991
Bound Backbone,BLUE,7.921,2.814,False,B,LYS159,N,17.833,32.931,-10.807,B,HOH661,O,18.619,32.44,-8.15
Bound Backbone,BLUE,10.408,2.241,False,B,LYS159,O,16.217,34.911,-11.436,B,LEU160,N,15.207,33.652,-12.991
Thermal Noise,RED,3.927,3.228,False,B,LYS159,O,16.217,34.911,-11.436,B,LEU160,O,13.054,35.133,-12.04
Phase Boundary,YELLOW,4.525,3.138,False,B,LYS159,O,16.217,34.911,-11.436,B,GLY161,N,14.209,36.926,-12.761
Phase Boundary,YELLOW,4.837,2.971,False,B,LYS159,O,16.217,34.911,-11.436,B,LYS162,N,15.565,37.645,-10.473
Thermal Noise,RED,3.785,3.627,False,B,LYS159,O,16.217,34.911,-11.436,B,HOH533,O,17.005,37.647,-13.683
Thermal Noise,RED,2.844,3.833,False,B,LYS159,NZ,11.28,31.938,-8.679,A,HOH623,O,7.827,30.616,-9.69
Phase Boundary,YELLOW,4.815,3.009,False,B,LYS159,NZ,11.28,31.938,-8.679,A,HOH686,O,8.968,33.499,-9.807
Bound Backbone,BLUE,6.79,2.999,False,B,LYS159,NZ,11.28,31.938,-8.679,B,HOH589,O,11.511,33.168,-11.404
Phase Boundary,YELLOW,4.86,3.568,False,B,LYS159,NZ,11.28,31.938,-8.679,B,HOH592,O,11.847,33.153,-5.372
Phase Boundary,YELLOW,4.768,2.898,False,B,LYS159,NZ,11.28,31.938,-8.679,B,HOH664,O,12.12,34.71,-8.775
Thermal Noise,RED,4.062,3.745,False,B,LYS159,NZ,11.28,31.938,-8.679,B,HOH667,O,12.612,30.231,-5.623
Phase Boundary,YELLOW,4.305,3.339,False,B,LYS159,NZ,11.28,31.938,-8.679,B,HOH670,O,8.525,32.192,-6.809
Thermal Noise,RED,3.411,3.43,False,B,LEU160,N,15.207,33.652,-12.991,B,GLY161,N,14.209,36.926,-12.761
Bound Backbone,BLUE,8.411,2.251,False,B,LEU160,O,13.054,35.133,-12.04,B,GLY161,N,14.209,36.926,-12.761
Thermal Noise,RED,2.931,3.882,False,B,LEU160,O,13.054,35.133,-12.04,B,LYS162,N,15.565,37.645,-10.473
Phase Boundary,YELLOW,4.234,3.106,False,B,LEU160,O,13.054,35.133,-12.04,A,HOH517,O,10.081,35.837,-12.597
Bound Backbone,BLUE,6.254,2.578,False,B,LEU160,O,13.054,35.133,-12.04,B,HOH589,O,11.511,33.168,-11.404
Bound Backbone,BLUE,5.397,3.422,False,B,LEU160,O,13.054,35.133,-12.04,B,HOH664,O,12.12,34.71,-8.775
Bound Backbone,BLUE,7.586,2.755,False,B,GLY161,N,14.209,36.926,-12.761,B,LYS162,N,15.565,37.645,-10.473
Phase Boundary,YELLOW,4.612,3.031,False,B,GLY161,N,14.209,36.926,-12.761,B,HOH533,O,17.005,37.647,-13.683
Bound Backbone,BLUE,8.137,2.236,False,B,GLY161,O,14.159,39.346,-10.114,B,LYS162,N,15.565,37.645,-10.473
Thermal Noise,RED,2.753,3.936,False,B,GLY161,O,14.159,39.346,-10.114,B,LYS162,O,17.837,38.738,-11.376
Thermal Noise,RED,3.199,3.607,False,B,LYS162,N,15.565,37.645,-10.473,B,ILE163,N,18.179,39.96,-9.569
Phase Boundary,YELLOW,4.946,3.518,False,B,LYS162,N,15.565,37.645,-10.473,B,HOH533,O,17.005,37.647,-13.683
Bound Backbone,BLUE,11.707,2.208,False,B,LYS162,O,17.837,38.738,-11.376,B,ILE163,N,18.179,39.96,-9.569
Thermal Noise,RED,3.118,3.949,False,B,LYS162,O,17.837,38.738,-11.376,B,ILE163,O,20.905,39.694,-9.08
Thermal Noise,RED,3.325,3.47,False,B,LYS162,O,17.837,38.738,-11.376,B,PRO164,N,21.14,39.799,-11.302
Bound Backbone,BLUE,8.166,2.684,False,B,LYS162,O,17.837,38.738,-11.376,B,HOH533,O,17.005,37.647,-13.683
Phase Boundary,YELLOW,4.909,3.203,False,B,LYS162,NZ,16.044,37.541,-4.638,A,HOH625,O,18.414,36.852,-2.596
Phase Boundary,YELLOW,4.149,3.178,False,B,LYS162,NZ,16.044,37.541,-4.638,B,HOH473,O,14.082,35.195,-3.773
Thermal Noise,RED,3.419,3.812,False,B,LYS162,NZ,16.044,37.541,-4.638,B,HOH511,O,17.052,40.37,-6.986
Thermal Noise,RED,3.942,3.435,False,B,ILE163,N,18.179,39.96,-9.569,B,PRO164,N,21.14,39.799,-11.302
Bound Backbone,BLUE,7.518,2.848,False,B,ILE163,N,18.179,39.96,-9.569,B,HOH511,O,17.052,40.37,-6.986
Bound Backbone,BLUE,13.021,2.237,False,B,ILE163,O,20.905,39.694,-9.08,B,PRO164,N,21.14,39.799,-11.302
Phase Boundary,YELLOW,5.218,2.789,False,B,ILE163,O,20.905,39.694,-9.08,B,THR165,N,23.661,39.788,-9.499
Bound Backbone,BLUE,6.145,3.148,False,B,ILE163,O,20.905,39.694,-9.08,B,ASN168,OD1,20.064,38.655,-6.23
Phase Boundary,YELLOW,5.063,3.099,False,B,PRO164,N,21.14,39.799,-11.302,B,THR165,N,23.661,39.788,-9.499
Bound Backbone,BLUE,12.115,2.22,False,B,PRO164,O,24.367,40.577,-11.45,B,THR165,N,23.661,39.788,-9.499
Thermal Noise,RED,3.515,3.961,False,B,PRO164,O,24.367,40.577,-11.45,B,THR165,O,25.45,38.297,-8.398
Bound Backbone,BLUE,7.007,2.982,False,B,PRO164,O,24.367,40.577,-11.45,B,HOH476,O,24.404,41.633,-14.238
Thermal Noise,RED,3.546,3.624,False,B,THR165,N,23.661,39.788,-9.499,B,VAL166,N,26.779,39.973,-7.661
Thermal Noise,RED,3.0,3.733,False,B,THR165,N,23.661,39.788,-9.499,B,SER169,OG,24.876,36.4,-10.49
Bound Backbone,BLUE,8.347,2.262,False,B,THR165,O,25.45,38.297,-8.398,B,VAL166,N,26.779,39.973,-7.661
Phase Boundary,YELLOW,4.386,3.333,False,B,THR165,O,25.45,38.297,-8.398,B,VAL166,O,27.751,36.878,-6.448
Bound Backbone,BLUE,5.606,3.346,False,B,THR165,O,25.45,38.297,-8.398,B,GLU167,N,26.542,38.331,-5.235
Bound Backbone,BLUE,5.414,3.251,False,B,THR165,O,25.45,38.297,-8.398,B,ASN168,N,24.052,37.082,-5.726
Phase Boundary,YELLOW,4.127,3.131,False,B,THR165,O,25.45,38.297,-8.398,B,SER169,N,24.171,35.469,-7.985
Bound Backbone,BLUE,6.435,2.882,False,B,THR165,O,25.45,38.297,-8.398,B,SER169,OG,24.876,36.4,-10.49
Thermal Noise,RED,2.947,3.697,False,B,THR165,OG1,24.091,42.484,-7.294,B,VAL166,N,26.779,39.973,-7.661
Thermal Noise,RED,3.845,3.748,False,B,THR165,OG1,24.091,42.484,-7.294,A,HOH549,O,26.261,41.212,-4.515
Bound Backbone,BLUE,6.638,3.0,False,B,THR165,OG1,24.091,42.484,-7.294,B,HOH480,O,24.25,43.9,-4.654
Bound Backbone,BLUE,6.642,2.939,False,B,VAL166,N,26.779,39.973,-7.661,B,GLU167,N,26.542,38.331,-5.235
Phase Boundary,YELLOW,5.261,3.421,False,B,VAL166,N,26.779,39.973,-7.661,A,HOH549,O,26.261,41.212,-4.515
Bound Backbone,BLUE,9.407,2.246,False,B,VAL166,O,27.751,36.878,-6.448,B,GLU167,N,26.542,38.331,-5.235
Thermal Noise,RED,2.875,3.774,False,B,VAL166,O,27.751,36.878,-6.448,B,ASN168,N,24.052,37.082,-5.726
Phase Boundary,YELLOW,5.087,2.917,False,B,VAL166,O,27.751,36.878,-6.448,B,HOH610,O,27.716,34.155,-5.402
Phase Boundary,YELLOW,5.098,2.829,False,B,GLU167,N,26.542,38.331,-5.235,B,ASN168,N,24.052,37.082,-5.726
Phase Boundary,YELLOW,4.665,2.983,False,B,GLU167,N,26.542,38.331,-5.235,A,HOH549,O,26.261,41.212,-4.515
Bound Backbone,BLUE,10.329,2.213,False,B,GLU167,O,24.588,35.476,-4.301,B,ASN168,N,24.052,37.082,-5.726
Thermal Noise,RED,3.888,3.75,False,B,GLU167,O,24.588,35.476,-4.301,B,ASN168,O,22.493,34.216,-7.144
Phase Boundary,YELLOW,4.741,3.708,False,B,GLU167,O,24.588,35.476,-4.301,B,SER169,N,24.171,35.469,-7.985
Thermal Noise,RED,3.48,3.988,False,B,GLU167,O,24.588,35.476,-4.301,B,SER169,O,25.784,33.262,-7.395
Thermal Noise,RED,3.903,3.253,False,B,GLU167,O,24.588,35.476,-4.301,B,HOH591,O,21.855,33.87,-3.569
Thermal Noise,RED,3.331,3.57,False,B,GLU167,O,24.588,35.476,-4.301,B,HOH610,O,27.716,34.155,-5.402
Phase Boundary,YELLOW,4.156,3.862,False,B,GLU167,OE1,25.374,40.089,-0.928,A,HOH549,O,26.261,41.212,-4.515
Bound Backbone,BLUE,7.366,2.778,False,B,ASN168,N,24.052,37.082,-5.726,B,SER169,N,24.171,35.469,-7.985
Bound Backbone,BLUE,8.552,2.257,False,B,ASN168,O,22.493,34.216,-7.144,B,SER169,N,24.171,35.469,-7.985
Thermal Noise,RED,3.402,3.436,False,B,ASN168,O,22.493,34.216,-7.144,B,SER169,O,25.784,33.262,-7.395
Thermal Noise,RED,2.977,3.999,False,B,ASN168,O,22.493,34.216,-7.144,B,ILE170,N,25.18,32.214,-9.326
Phase Boundary,YELLOW,4.948,2.884,False,B,ASN168,O,22.493,34.216,-7.144,B,HOH496,O,19.7,34.597,-6.534
Phase Boundary,YELLOW,4.982,3.029,False,B,ASN168,O,22.493,34.216,-7.144,B,HOH508,O,21.44,31.764,-8.578
Phase Boundary,YELLOW,4.845,3.648,False,B,ASN168,O,22.493,34.216,-7.144,B,HOH591,O,21.855,33.87,-3.569
Bound Backbone,BLUE,5.587,3.015,False,B,ASN168,ND2,20.648,37.354,-4.558,A,HOH625,O,18.414,36.852,-2.596
Thermal Noise,RED,3.873,3.522,False,B,ASN168,ND2,20.648,37.354,-4.558,B,HOH496,O,19.7,34.597,-6.534
Thermal Noise,RED,2.863,3.817,False,B,ASN168,ND2,20.648,37.354,-4.558,B,HOH591,O,21.855,33.87,-3.569
Thermal Noise,RED,3.272,3.548,False,B,ASN168,OD1,20.064,38.655,-6.23,B,HOH511,O,17.052,40.37,-6.986
Thermal Noise,RED,3.239,3.662,False,B,SER169,N,24.171,35.469,-7.985,B,ILE170,N,25.18,32.214,-9.326
Bound Backbone,BLUE,11.231,2.279,False,B,SER169,O,25.784,33.262,-7.395,B,ILE170,N,25.18,32.214,-9.326
Bound Backbone,BLUE,6.107,2.916,False,B,SER169,O,25.784,33.262,-7.395,B,HOH610,O,27.716,34.155,-5.402
Thermal Noise,RED,3.525,3.425,False,B,ILE170,N,25.18,32.214,-9.326,B,PHE171,N,28.115,30.632,-10.111
Thermal Noise,RED,2.779,3.841,False,B,ILE170,N,25.18,32.214,-9.326,B,HOH508,O,21.44,31.764,-8.578
Bound Backbone,BLUE,9.616,2.254,False,B,ILE170,O,26.431,31.328,-11.437,B,PHE171,N,28.115,30.632,-10.111
Thermal Noise,RED,3.096,3.721,False,B,ILE170,O,26.431,31.328,-11.437,B,HIS172,N,28.756,28.703,-12.682
Phase Boundary,YELLOW,5.184,3.277,False,B,PHE171,N,28.115,30.632,-10.111,B,HIS172,N,28.756,28.703,-12.682
Bound Backbone,BLUE,12.147,2.249,False,B,PHE171,O,29.508,28.219,-10.618,B,HIS172,N,28.756,28.703,-12.682
Thermal Noise,RED,3.666,3.797,False,B,PHE171,O,29.508,28.219,-10.618,B,HIS172,O,30.38,25.691,-13.314
Bound Backbone,BLUE,5.469,3.027,False,B,HIS172,N,28.756,28.703,-12.682,B,MET173,N,30.772,27.49,-14.586
Bound Backbone,BLUE,9.634,2.238,False,B,HIS172,O,30.38,25.691,-13.314,B,MET173,N,30.772,27.49,-14.586
Bound Backbone,BLUE,6.106,2.739,False,B,HIS172,O,30.38,25.691,-13.314,B,LYS204,NZ,29.417,23.485,-12.006
Phase Boundary,YELLOW,4.31,3.091,False,B,HIS172,O,30.38,25.691,-13.314,B,TYR209,OH,32.501,23.541,-12.657
Phase Boundary,YELLOW,4.816,2.959,False,B,HIS172,ND1,25.5,26.488,-13.074,B,HOH513,O,26.347,23.786,-12.216
Thermal Noise,RED,3.896,3.574,False,B,HIS172,NE2,24.387,28.273,-13.113,B,HOH495,O,21.77,27.252,-10.904
Thermal Noise,RED,3.343,3.639,False,B,MET173,N,30.772,27.49,-14.586,B,ALA174,N,34.055,27.995,-16.073
Bound Backbone,BLUE,7.894,2.252,False,B,MET173,O,32.138,29.176,-16.08,B,ALA174,N,34.055,27.995,-16.073
Thermal Noise,RED,3.68,3.777,False,B,MET173,O,32.138,29.176,-16.08,B,ALA174,O,34.37,27.66,-18.723
Phase Boundary,YELLOW,4.667,3.484,False,B,MET173,O,32.138,29.176,-16.08,B,ALA175,N,34.072,29.858,-18.897
Phase Boundary,YELLOW,5.106,3.447,False,B,MET173,SD,31.325,24.614,-18.48,B,GLY191,N,29.923,25.145,-21.584
Thermal Noise,RED,3.768,3.774,False,B,MET173,SD,31.325,24.614,-18.48,B,LYS202,O,30.546,22.163,-21.242
Phase Boundary,YELLOW,5.047,3.383,False,B,ALA174,N,34.055,27.995,-16.073,B,ALA175,N,34.072,29.858,-18.897
Bound Backbone,BLUE,8.116,2.225,False,B,ALA174,O,34.37,27.66,-18.723,B,ALA175,N,34.072,29.858,-18.897
Thermal Noise,RED,2.78,3.849,False,B,ALA174,O,34.37,27.66,-18.723,B,ASP193,OD2,38.128,27.558,-19.549
Phase Boundary,YELLOW,4.885,2.862,False,B,ALA174,O,34.37,27.66,-18.723,B,LYS202,NZ,35.985,25.297,-18.721
Phase Boundary,YELLOW,5.08,3.473,False,B,ALA175,N,34.072,29.858,-18.897,B,TRP176,N,33.83,31.248,-22.071
Thermal Noise,RED,3.013,3.704,False,B,ALA175,N,34.072,29.858,-18.897,B,HOH657,O,36.989,31.979,-19.74
Bound Backbone,BLUE,11.844,2.226,False,B,ALA175,O,33.035,32.079,-20.165,B,TRP176,N,33.83,31.248,-22.071
Thermal Noise,RED,2.547,3.978,False,B,ALA175,O,33.035,32.079,-20.165,B,HOH657,O,36.989,31.979,-19.74
Bound Backbone,BLUE,7.398,2.679,False,B,TRP176,N,33.83,31.248,-22.071,B,SER177,N,31.969,31.068,-23.989
Bound Backbone,BLUE,5.726,2.806,False,B,TRP176,N,33.83,31.248,-22.071,B,VAL192,O,34.477,28.821,-23.321
Thermal Noise,RED,3.054,3.993,False,B,TRP176,N,33.83,31.248,-22.071,B,HOH657,O,36.989,31.979,-19.74
Bound Backbone,BLUE,8.298,2.256,False,B,TRP176,O,32.327,33.194,-24.653,B,SER177,N,31.969,31.068,-23.989
Ligand Fluctuation Noise,RED,3.742,3.662,True,B,TRP176,O,32.327,33.194,-24.653,B,ZMR466,NH1,30.272,35.153,-26.966
Ligand Bound Core,BLUE,5.765,2.778,True,B,TRP176,O,32.327,33.194,-24.653,B,ZMR466,NH2,32.2,35.713,-25.818
Bound Backbone,BLUE,8.443,2.757,False,B,TRP176,O,32.327,33.194,-24.653,B,HOH694,O,31.783,32.878,-27.337
Thermal Noise,RED,2.756,3.869,False,B,TRP176,NE1,37.974,31.199,-24.249,B,GLY194,N,39.598,27.792,-23.396
Thermal Noise,RED,3.415,3.507,False,B,TRP176,NE1,37.974,31.199,-24.249,B,GLY194,O,40.654,29.16,-25.229
Thermal Noise,RED,4.035,3.462,False,B,TRP176,NE1,37.974,31.199,-24.249,B,HOH541,O,40.746,31.81,-26.231
Thermal Noise,RED,3.258,3.508,False,B,SER177,N,31.969,31.068,-23.989,B,GLY178,N,28.674,29.878,-24.161
Thermal Noise,RED,3.478,3.433,False,B,SER177,N,31.969,31.068,-23.989,B,VAL192,O,34.477,28.821,-23.321
Phase Boundary,YELLOW,4.11,3.81,False,B,SER177,N,31.969,31.068,-23.989,B,HOH694,O,31.783,32.878,-27.337
Bound Backbone,BLUE,8.354,2.249,False,B,SER177,O,30.578,28.884,-23.493,B,GLY178,N,28.674,29.878,-24.161
Thermal Noise,RED,2.835,3.98,False,B,SER177,O,30.578,28.884,-23.493,B,ILE190,O,28.037,26.365,-21.751
Phase Boundary,YELLOW,5.037,2.829,False,B,SER177,O,30.578,28.884,-23.493,B,VAL192,N,32.607,26.936,-23.187
Thermal Noise,RED,2.63,3.903,False,B,SER177,O,30.578,28.884,-23.493,B,VAL192,O,34.477,28.821,-23.321
Phase Boundary,YELLOW,4.74,3.533,False,B,SER177,OG,30.416,30.126,-27.225,B,GLY178,N,28.674,29.878,-24.161
Bound Backbone,BLUE,5.659,3.046,False,B,SER177,OG,30.416,30.126,-27.225,B,THR223,N,29.705,28.071,-29.358
Thermal Noise,RED,3.598,3.794,False,B,SER177,OG,30.416,30.126,-27.225,B,THR223,O,27.662,29.731,-29.805
Thermal Noise,RED,2.967,3.867,False,B,SER177,OG,30.416,30.126,-27.225,B,GLU225,OE1,27.606,32.248,-25.627
Phase Boundary,YELLOW,5.115,2.799,False,B,SER177,OG,30.416,30.126,-27.225,B,GLU225,OE2,28.857,32.447,-27.356
Phase Boundary,YELLOW,4.236,3.075,False,B,SER177,OG,30.416,30.126,-27.225,B,HOH694,O,31.783,32.878,-27.337
Thermal Noise,RED,3.015,3.712,False,B,GLY178,N,28.674,29.878,-24.161,B,SER179,N,25.785,27.732,-23.25
Phase Boundary,YELLOW,5.183,2.984,False,B,GLY178,N,28.674,29.878,-24.161,B,GLU225,OE1,27.606,32.248,-25.627
Thermal Noise,RED,2.576,3.997,False,B,GLY178,N,28.674,29.878,-24.161,B,HOH530,O,26.033,32.757,-23.318
Bound Backbone,BLUE,10.7,2.254,False,B,GLY178,O,26.014,29.203,-24.943,B,SER179,N,25.785,27.732,-23.25
Bound Backbone,BLUE,6.723,2.918,False,B,GLY178,O,26.014,29.203,-24.943,B,GLU225,N,24.99,30.508,-27.344
Thermal Noise,RED,3.34,3.503,False,B,GLY178,O,26.014,29.203,-24.943,B,GLU225,OE1,27.606,32.248,-25.627
Thermal Noise,RED,2.909,3.908,False,B,GLY178,O,26.014,29.203,-24.943,B,HOH530,O,26.033,32.757,-23.318
Thermal Noise,RED,3.266,3.609,False,B,SER179,N,25.785,27.732,-23.25,B,ALA180,N,22.757,26.13,-22.113
Phase Boundary,YELLOW,5.034,3.031,False,B,SER179,N,25.785,27.732,-23.25,B,ILE190,O,28.037,26.365,-21.751
Bound Backbone,BLUE,8.55,2.232,False,B,SER179,O,24.873,26.156,-21.403,B,ALA180,N,22.757,26.13,-22.113
Phase Boundary,YELLOW,5.124,2.852,False,B,SER179,O,24.873,26.156,-21.403,B,ILE190,N,26.756,24.141,-20.677
Thermal Noise,RED,3.963,3.19,False,B,SER179,O,24.873,26.156,-21.403,B,ILE190,O,28.037,26.365,-21.751
Bound Backbone,BLUE,7.411,2.964,False,B,SER179,OG,23.035,25.9,-25.055,B,ALA180,N,22.757,26.13,-22.113
Bound Backbone,BLUE,5.411,2.789,False,B,SER179,OG,23.035,25.9,-25.055,B,SER226,O,21.669,28.198,-25.849
Thermal Noise,RED,3.857,3.222,False,B,SER179,OG,23.035,25.9,-25.055,B,CYS228,N,19.896,25.18,-25.163
Thermal Noise,RED,3.226,3.657,False,B,SER179,OG,23.035,25.9,-25.055,B,CYS228,SG,21.407,22.887,-23.771
Thermal Noise,RED,3.438,3.569,False,B,ALA180,N,22.757,26.13,-22.113,B,CYS181,N,20.298,23.937,-20.742
Thermal Noise,RED,2.96,3.884,False,B,ALA180,N,22.757,26.13,-22.113,B,CYS228,SG,21.407,22.887,-23.771
Bound Backbone,BLUE,9.831,2.252,False,B,ALA180,O,20.171,25.697,-22.141,B,CYS181,N,20.298,23.937,-20.742
Thermal Noise,RED,2.619,3.962,False,B,ALA180,O,20.171,25.697,-22.141,B,CYS181,SG,19.896,21.83,-22.958
Bound Backbone,BLUE,6.814,3.078,False,B,ALA180,O,20.171,25.697,-22.141,B,CYS228,N,19.896,25.18,-25.163
Thermal Noise,RED,3.776,3.476,False,B,ALA180,O,20.171,25.697,-22.141,B,CYS228,SG,21.407,22.887,-23.771
Thermal Noise,RED,3.283,3.582,False,B,CYS181,N,20.298,23.937,-20.742,B,HIS182,N,17.333,22.212,-19.709
Phase Boundary,YELLOW,5.047,3.009,False,B,CYS181,N,20.298,23.937,-20.742,B,THR188,O,22.674,22.757,-19.322
Phase Boundary,YELLOW,5.242,3.392,False,B,CYS181,N,20.298,23.937,-20.742,B,CYS228,SG,21.407,22.887,-23.771
Bound Backbone,BLUE,8.0,2.251,False,B,CYS181,O,19.519,21.78,-19.391,B,HIS182,N,17.333,22.212,-19.709
Bound Backbone,BLUE,5.627,2.902,False,B,CYS181,O,19.519,21.78,-19.391,B,THR188,N,21.754,20.787,-17.828
Thermal Noise,RED,3.668,3.304,False,B,CYS181,O,19.519,21.78,-19.391,B,THR188,O,22.674,22.757,-19.322
Phase Boundary,YELLOW,4.476,2.992,False,B,CYS181,O,19.519,21.78,-19.391,B,HOH522,O,19.402,18.793,-19.513
Thermal Noise,RED,3.517,3.722,False,B,CYS181,SG,19.896,21.83,-22.958,B,CYS228,O,17.68,23.883,-25.132
Bound Backbone,BLUE,10.875,2.015,False,B,CYS181,SG,19.896,21.83,-22.958,B,CYS228,SG,21.407,22.887,-23.771
Thermal Noise,RED,3.257,3.506,False,B,CYS181,SG,19.896,21.83,-22.958,B,CYS230,SG,17.669,19.123,-23.0
Thermal Noise,RED,3.374,3.464,False,B,HIS182,N,17.333,22.212,-19.709,B,ASP183,N,16.314,18.934,-19.246
Bound Backbone,BLUE,5.348,2.859,False,B,HIS182,N,17.333,22.212,-19.709,B,HOH704,O,15.696,24.288,-20.796
Bound Backbone,BLUE,9.312,2.245,False,B,HIS182,O,15.287,20.552,-20.415,B,ASP183,N,16.314,18.934,-19.246
Thermal Noise,RED,3.455,3.767,False,B,HIS182,O,15.287,20.552,-20.415,B,GLY184,N,13.934,17.843,-18.174
Thermal Noise,RED,3.6,3.794,False,B,HIS182,O,15.287,20.552,-20.415,B,CYS230,SG,17.669,19.123,-23.0
Bound Backbone,BLUE,6.841,3.0,False,B,HIS182,O,15.287,20.552,-20.415,B,HOH504,O,15.094,21.712,-23.175
Phase Boundary,YELLOW,4.113,3.409,False,B,HIS182,O,15.287,20.552,-20.415,B,HOH603,O,12.447,20.649,-18.532
Thermal Noise,RED,2.568,3.951,False,B,HIS182,O,15.287,20.552,-20.415,B,HOH620,O,12.051,22.809,-20.627
Thermal Noise,RED,2.823,3.778,False,B,HIS182,O,15.287,20.552,-20.415,B,HOH704,O,15.696,24.288,-20.796
Thermal Noise,RED,3.744,3.813,False,B,HIS182,ND1,14.369,20.526,-16.379,B,ASP183,N,16.314,18.934,-19.246
Phase Boundary,YELLOW,4.501,3.257,False,B,HIS182,ND1,14.369,20.526,-16.379,B,GLY184,N,13.934,17.843,-18.174
Bound Backbone,BLUE,6.491,2.889,False,B,HIS182,ND1,14.369,20.526,-16.379,B,HOH603,O,12.447,20.649,-18.532
Thermal Noise,RED,3.189,3.736,False,B,HIS182,NE2,15.359,20.517,-14.525,B,ARG185,O,16.083,17.205,-12.955
Thermal Noise,RED,2.719,3.848,False,B,HIS182,NE2,15.359,20.517,-14.525,B,GLU186,N,17.151,17.132,-14.9
Thermal Noise,RED,3.299,3.798,False,B,HIS182,NE2,15.359,20.517,-14.525,B,GLU186,O,18.134,18.955,-16.595
Bound Backbone,BLUE,7.758,2.878,False,B,HIS182,NE2,15.359,20.517,-14.525,B,HOH642,O,15.664,19.964,-11.717
Bound Backbone,BLUE,5.457,2.829,False,B,ASP183,N,16.314,18.934,-19.246,B,GLY184,N,13.934,17.843,-18.174
Bound Backbone,BLUE,5.544,3.216,False,B,ASP183,N,16.314,18.934,-19.246,B,GLU186,O,18.134,18.955,-16.595
Thermal Noise,RED,3.915,3.996,False,B,ASP183,N,16.314,18.934,-19.246,B,CYS230,SG,17.669,19.123,-23.0
Phase Boundary,YELLOW,4.177,3.103,False,B,ASP183,N,16.314,18.934,-19.246,B,HOH522,O,19.402,18.793,-19.513
Bound Backbone,BLUE,10.276,2.23,False,B,ASP183,O,13.892,16.168,-19.646,B,GLY184,N,13.934,17.843,-18.174
Phase Boundary,YELLOW,4.621,3.745,False,B,ASP183,O,13.892,16.168,-19.646,B,ARG185,N,14.475,16.36,-15.952
Bound Backbone,BLUE,8.027,2.852,False,B,ASP183,O,13.892,16.168,-19.646,B,HOH526,O,13.9,15.917,-22.487
Thermal Noise,RED,3.795,3.266,False,B,ASP183,OD1,16.813,16.365,-17.732,B,GLY184,N,13.934,17.843,-18.174
Bound Backbone,BLUE,5.717,2.938,False,B,ASP183,OD1,16.813,16.365,-17.732,B,ARG185,N,14.475,16.36,-15.952
Bound Backbone,BLUE,7.273,2.953,False,B,ASP183,OD1,16.813,16.365,-17.732,B,GLU186,N,17.151,17.132,-14.9
Phase Boundary,YELLOW,4.453,3.122,False,B,ASP183,OD1,16.813,16.365,-17.732,B,GLU186,O,18.134,18.955,-16.595
Thermal Noise,RED,3.226,3.634,False,B,ASP183,OD1,16.813,16.365,-17.732,B,TYR205,OH,19.62,14.367,-16.578
Thermal Noise,RED,2.863,3.971,False,B,ASP183,OD1,16.813,16.365,-17.732,B,HOH522,O,19.402,18.793,-19.513
Bound Backbone,BLUE,6.838,2.874,False,B,ASP183,OD2,18.418,15.584,-18.887,B,TYR205,OH,19.62,14.367,-16.578
Thermal Noise,RED,3.506,3.414,False,B,ASP183,OD2,18.418,15.584,-18.887,B,HOH522,O,19.402,18.793,-19.513
Bound Backbone,BLUE,7.328,2.763,False,B,ASP183,OD2,18.418,15.584,-18.887,B,HOH684,O,19.928,14.822,-21.072
Bound Backbone,BLUE,7.665,2.726,False,B,GLY184,N,13.934,17.843,-18.174,B,ARG185,N,14.475,16.36,-15.952
Thermal Noise,RED,3.95,3.196,False,B,GLY184,N,13.934,17.843,-18.174,B,HOH603,O,12.447,20.649,-18.532
Bound Backbone,BLUE,8.695,2.243,False,B,GLY184,O,12.545,17.114,-15.092,B,ARG185,N,14.475,16.36,-15.952
Thermal Noise,RED,3.644,3.322,False,B,GLY184,O,12.545,17.114,-15.092,B,HOH487,O,9.285,16.543,-15.375
Phase Boundary,YELLOW,4.874,2.977,False,B,ARG185,N,14.475,16.36,-15.952,B,GLU186,N,17.151,17.132,-14.9
Bound Backbone,BLUE,12.085,2.22,False,B,ARG185,O,16.083,17.205,-12.955,B,GLU186,N,17.151,17.132,-14.9
Phase Boundary,YELLOW,4.743,3.053,False,B,ARG185,O,16.083,17.205,-12.955,B,HOH642,O,15.664,19.964,-11.717
Thermal Noise,RED,2.991,3.662,False,B,GLU186,N,17.151,17.132,-14.9,B,TRP187,N,19.607,19.839,-15.132
Bound Backbone,BLUE,9.963,2.256,False,B,GLU186,O,18.134,18.955,-16.595,B,TRP187,N,19.607,19.839,-15.132
Bound Backbone,BLUE,6.049,3.186,False,B,GLU186,O,18.134,18.955,-16.595,B,HOH522,O,19.402,18.793,-19.513
Bound Backbone,BLUE,5.427,3.201,False,B,GLU186,OE1,20.452,17.508,-11.174,B,HOH652,O,22.141,18.568,-8.67
Bound Backbone,BLUE,6.99,3.018,False,B,GLU186,OE2,20.271,19.38,-12.224,B,TRP187,N,19.607,19.839,-15.132
Phase Boundary,YELLOW,4.46,3.052,False,B,GLU186,OE2,20.271,19.38,-12.224,B,HOH515,O,21.655,21.996,-11.479
Phase Boundary,YELLOW,4.266,3.574,False,B,TRP187,N,19.607,19.839,-15.132,B,THR188,N,21.754,20.787,-17.828
Bound Backbone,BLUE,11.454,2.264,False,B,TRP187,O,22.248,19.728,-15.889,B,THR188,N,21.754,20.787,-17.828
Thermal Noise,RED,3.988,3.982,False,B,TRP187,O,22.248,19.728,-15.889,B,THR188,OG1,22.136,18.547,-19.69
Thermal Noise,RED,2.833,3.914,False,B,TRP187,O,22.248,19.728,-15.889,B,LYS204,O,25.89,19.856,-17.318
Bound Backbone,BLUE,6.337,2.882,False,B,TRP187,O,22.248,19.728,-15.889,B,GLY206,N,24.094,18.845,-13.859
Thermal Noise,RED,3.579,3.393,False,B,THR188,N,21.754,20.787,-17.828,B,TYR189,N,24.74,22.223,-18.56
Thermal Noise,RED,3.716,3.514,False,B,THR188,N,21.754,20.787,-17.828,B,HOH522,O,19.402,18.793,-19.513
Bound Backbone,BLUE,8.356,2.266,False,B,THR188,O,22.674,22.757,-19.322,B,TYR189,N,24.74,22.223,-18.56
Bound Backbone,BLUE,5.303,2.751,False,B,THR188,OG1,22.136,18.547,-19.69,B,HOH522,O,19.402,18.793,-19.513
Bound Backbone,BLUE,5.709,2.838,False,B,THR188,OG1,22.136,18.547,-19.69,B,HOH524,O,22.518,16.093,-21.064
Thermal Noise,RED,4.037,3.496,False,B,TYR189,N,24.74,22.223,-18.56,B,ILE190,N,26.756,24.141,-20.677
Bound Backbone,BLUE,5.274,2.91,False,B,TYR189,N,24.74,22.223,-18.56,B,LYS204,O,25.89,19.856,-17.318
Bound Backbone,BLUE,9.084,2.261,False,B,TYR189,O,27.237,22.245,-19.544,B,ILE190,N,26.756,24.141,-20.677
Thermal Noise,RED,3.275,3.72,False,B,TYR189,O,27.237,22.245,-19.544,B,LYS202,O,30.546,22.163,-21.242
Phase Boundary,YELLOW,5.137,2.952,False,B,TYR189,O,27.237,22.245,-19.544,B,LYS204,N,28.442,19.871,-18.268
Thermal Noise,RED,4.018,3.532,False,B,TYR189,O,27.237,22.245,-19.544,B,LYS204,O,25.89,19.856,-17.318
Thermal Noise,RED,3.31,3.856,False,B,TYR189,OH,22.175,24.196,-13.22,B,HOH495,O,21.77,27.252,-10.904
Bound Backbone,BLUE,6.08,2.853,False,B,TYR189,OH,22.175,24.196,-13.22,B,HOH515,O,21.655,21.996,-11.479
Thermal Noise,RED,3.523,3.444,False,B,ILE190,N,26.756,24.141,-20.677,B,GLY191,N,29.923,25.145,-21.584
Bound Backbone,BLUE,7.916,2.252,False,B,ILE190,O,28.037,26.365,-21.751,B,GLY191,N,29.923,25.145,-21.584
Thermal Noise,RED,3.471,3.603,False,B,GLY191,N,29.923,25.145,-21.584,B,VAL192,N,32.607,26.936,-23.187
Phase Boundary,YELLOW,4.292,3.066,False,B,GLY191,N,29.923,25.145,-21.584,B,LYS202,O,30.546,22.163,-21.242
Bound Backbone,BLUE,8.296,2.222,False,B,GLY191,O,32.285,24.779,-22.763,B,VAL192,N,32.607,26.936,-23.187
Thermal Noise,RED,3.488,3.613,False,B,GLY191,O,32.285,24.779,-22.763,B,LEU200,O,35.431,24.205,-24.444
Phase Boundary,YELLOW,5.16,2.785,False,B,GLY191,O,32.285,24.779,-22.763,B,LYS202,N,32.788,22.04,-22.777
Thermal Noise,RED,3.683,3.49,False,B,GLY191,O,32.285,24.779,-22.763,B,LYS202,O,30.546,22.163,-21.242
Thermal Noise,RED,3.417,3.425,False,B,VAL192,N,32.607,26.936,-23.187,B,ASP193,N,36.02,27.161,-23.369
Bound Backbone,BLUE,7.79,2.267,False,B,VAL192,O,34.477,28.821,-23.321,B,ASP193,N,36.02,27.161,-23.369
Thermal Noise,RED,3.032,3.633,False,B,ASP193,N,36.02,27.161,-23.369,B,GLY194,N,39.598,27.792,-23.396
Phase Boundary,YELLOW,4.189,3.2,False,B,ASP193,N,36.02,27.161,-23.369,B,LEU200,O,35.431,24.205,-24.444
Bound Backbone,BLUE,9.084,2.197,False,B,ASP193,O,38.281,26.253,-24.246,B,GLY194,N,39.598,27.792,-23.396
Thermal Noise,RED,2.768,3.879,False,B,ASP193,O,38.281,26.253,-24.246,B,GLY194,O,40.654,29.16,-25.229
Bound Backbone,BLUE,6.321,2.88,False,B,ASP193,O,38.281,26.253,-24.246,B,LEU200,N,37.645,24.291,-26.256
Thermal Noise,RED,3.245,3.515,False,B,ASP193,O,38.281,26.253,-24.246,B,LEU200,O,35.431,24.205,-24.444
Phase Boundary,YELLOW,4.146,3.555,False,B,ASP193,O,38.281,26.253,-24.246,B,HOH646,O,40.217,24.594,-21.769
Thermal Noise,RED,4.045,3.576,False,B,ASP193,OD1,37.638,26.042,-20.97,B,GLY194,N,39.598,27.792,-23.396
Bound Backbone,BLUE,6.645,2.889,False,B,ASP193,OD1,37.638,26.042,-20.97,B,LYS202,NZ,35.985,25.297,-18.721
Phase Boundary,YELLOW,4.448,3.064,False,B,ASP193,OD1,37.638,26.042,-20.97,B,HOH646,O,40.217,24.594,-21.769
Thermal Noise,RED,4.013,3.223,False,B,ASP193,OD2,38.128,27.558,-19.549,B,LYS202,NZ,35.985,25.297,-18.721
Bound Backbone,BLUE,5.886,2.697,False,B,ASP193,OD2,38.128,27.558,-19.549,B,HOH648,O,38.687,30.041,-18.658
Thermal Noise,RED,3.686,3.631,False,B,GLY194,N,39.598,27.792,-23.396,B,PRO195,N,42.549,27.995,-25.501
Thermal Noise,RED,3.402,3.641,False,B,GLY194,N,39.598,27.792,-23.396,B,HOH646,O,40.217,24.594,-21.769
Bound Backbone,BLUE,8.043,2.241,False,B,GLY194,O,40.654,29.16,-25.229,B,PRO195,N,42.549,27.995,-25.501
Bound Backbone,BLUE,5.516,3.285,False,B,GLY194,O,40.654,29.16,-25.229,B,PRO195,O,41.689,27.952,-28.103
Phase Boundary,YELLOW,4.141,3.782,False,B,GLY194,O,40.654,29.16,-25.229,B,ASP196,N,42.303,30.056,-28.512
Bound Backbone,BLUE,5.377,2.835,False,B,GLY194,O,40.654,29.16,-25.229,B,HOH541,O,40.746,31.81,-26.231
Phase Boundary,YELLOW,4.283,3.657,False,B,PRO195,N,42.549,27.995,-25.501,B,ASP196,N,42.303,30.056,-28.512
Bound Backbone,BLUE,8.223,2.23,False,B,PRO195,O,41.689,27.952,-28.103,B,ASP196,N,42.303,30.056,-28.512
Bound Backbone,BLUE,5.342,3.428,False,B,PRO195,O,41.689,27.952,-28.103,B,ASP196,O,40.783,28.609,-31.343
Bound Backbone,BLUE,6.1,3.137,False,B,PRO195,O,41.689,27.952,-28.103,B,SER197,N,42.963,28.645,-30.885
Bound Backbone,BLUE,6.023,2.923,False,B,PRO195,O,41.689,27.952,-28.103,B,ASN198,N,42.713,26.04,-30.063
Thermal Noise,RED,2.851,3.806,False,B,PRO195,O,41.689,27.952,-28.103,B,ASN198,O,41.673,24.243,-27.248
Phase Boundary,YELLOW,4.8,2.907,False,B,PRO195,O,41.689,27.952,-28.103,B,ALA199,N,40.287,25.441,-28.527
Bound Backbone,BLUE,7.176,2.839,False,B,ASP196,N,42.303,30.056,-28.512,B,SER197,N,42.963,28.645,-30.885
Phase Boundary,YELLOW,4.895,3.272,False,B,ASP196,N,42.303,30.056,-28.512,B,HOH541,O,40.746,31.81,-26.231
Phase Boundary,YELLOW,4.362,3.065,False,B,ASP196,N,42.303,30.056,-28.512,B,HOH594,O,44.177,32.407,-27.914
Bound Backbone,BLUE,8.28,2.228,False,B,ASP196,O,40.783,28.609,-31.343,B,SER197,N,42.963,28.645,-30.885
Thermal Noise,RED,2.594,3.982,False,B,ASP196,O,40.783,28.609,-31.343,B,SER197,O,42.859,25.314,-32.172
Thermal Noise,RED,3.637,3.459,False,B,ASP196,O,40.783,28.609,-31.343,B,ASN198,N,42.713,26.04,-30.063
Thermal Noise,RED,4.054,3.857,False,B,ASP196,O,40.783,28.609,-31.343,B,ASN219,N,39.924,27.096,-34.785
Bound Backbone,BLUE,6.193,2.798,False,B,ASP196,O,40.783,28.609,-31.343,B,ILE220,N,38.551,29.106,-32.955
Phase Boundary,YELLOW,5.058,2.814,False,B,ASP196,O,40.783,28.609,-31.343,B,HOH527,O,39.411,26.154,-31.244
Bound Backbone,BLUE,7.939,2.815,False,B,ASP196,OD1,40.528,32.678,-28.9,B,HOH541,O,40.746,31.81,-26.231
Thermal Noise,RED,2.907,3.79,False,B,ASP196,OD1,40.528,32.678,-28.9,B,HOH594,O,44.177,32.407,-27.914
Thermal Noise,RED,3.623,3.736,False,B,ASP196,OD2,41.69,33.818,-30.318,B,HOH594,O,44.177,32.407,-27.914
Bound Backbone,BLUE,5.623,2.743,False,B,SER197,N,42.963,28.645,-30.885,B,ASN198,N,42.713,26.04,-30.063
Bound Backbone,BLUE,12.548,2.235,False,B,SER197,O,42.859,25.314,-32.172,B,ASN198,N,42.713,26.04,-30.063
Thermal Noise,RED,4.02,3.325,False,B,SER197,O,42.859,25.314,-32.172,B,ASN198,OD1,44.85,23.039,-30.789
Thermal Noise,RED,2.592,3.938,False,B,SER197,O,42.859,25.314,-32.172,B,SER215,OG,39.226,23.829,-32.49
Phase Boundary,YELLOW,4.268,3.657,False,B,SER197,O,42.859,25.314,-32.172,B,ASN218,O,42.119,27.281,-35.165
Bound Backbone,BLUE,5.853,2.803,False,B,SER197,O,42.859,25.314,-32.172,B,ASN218,ND2,43.182,22.883,-33.53
Thermal Noise,RED,3.095,3.668,False,B,SER197,O,42.859,25.314,-32.172,B,HOH527,O,39.411,26.154,-31.244
Thermal Noise,RED,3.899,3.246,False,B,SER197,OG,45.443,27.667,-30.722,B,ASN198,N,42.713,26.04,-30.063
Bound Backbone,BLUE,5.463,2.933,False,B,ASN198,N,42.713,26.04,-30.063,B,ALA199,N,40.287,25.441,-28.527
Thermal Noise,RED,3.485,3.509,False,B,ASN198,N,42.713,26.04,-30.063,B,HOH527,O,39.411,26.154,-31.244
Bound Backbone,BLUE,9.689,2.234,False,B,ASN198,O,41.673,24.243,-27.248,B,ALA199,N,40.287,25.441,-28.527
Thermal Noise,RED,4.031,3.208,False,B,ASN198,O,41.673,24.243,-27.248,B,ALA199,O,38.696,23.33,-28.021
Thermal Noise,RED,3.24,3.636,False,B,ASN198,O,41.673,24.243,-27.248,B,HOH546,O,40.277,21.111,-28.457
Thermal Noise,RED,3.609,3.437,False,B,ASN198,ND2,43.458,21.804,-29.559,B,HOH546,O,40.277,21.111,-28.457
Bound Backbone,BLUE,5.675,3.212,False,B,ASN198,OD1,44.85,23.039,-30.789,B,ASN218,ND2,43.182,22.883,-33.53
Thermal Noise,RED,3.698,3.669,False,B,ALA199,N,40.287,25.441,-28.527,B,LEU200,N,37.645,24.291,-26.256
Bound Backbone,BLUE,7.131,2.942,False,B,ALA199,N,40.287,25.441,-28.527,B,HOH527,O,39.411,26.154,-31.244
Bound Backbone,BLUE,10.78,2.268,False,B,ALA199,O,38.696,23.33,-28.021,B,LEU200,N,37.645,24.291,-26.256
Phase Boundary,YELLOW,4.374,3.48,False,B,ALA199,O,38.696,23.33,-28.021,B,SER215,N,38.028,20.984,-30.503
Bound Backbone,BLUE,5.34,2.759,False,B,ALA199,O,38.696,23.33,-28.021,B,HOH546,O,40.277,21.111,-28.457
Thermal Noise,RED,3.264,3.532,False,B,LEU200,N,37.645,24.291,-26.256,B,ILE201,N,34.69,22.447,-25.673
Bound Backbone,BLUE,9.221,2.269,False,B,LEU200,O,35.431,24.205,-24.444,B,ILE201,N,34.69,22.447,-25.673
Thermal Noise,RED,2.609,3.945,False,B,LEU200,O,35.431,24.205,-24.444,B,ILE201,O,34.047,20.56,-23.842
Thermal Noise,RED,3.108,3.802,False,B,LEU200,O,35.431,24.205,-24.444,B,LYS202,N,32.788,22.04,-22.777
Phase Boundary,YELLOW,4.731,3.489,False,B,ILE201,N,34.69,22.447,-25.673,B,LYS202,N,32.788,22.04,-22.777
Bound Backbone,BLUE,5.519,2.971,False,B,ILE201,N,34.69,22.447,-25.673,B,TYR213,O,35.455,20.16,-27.408
Bound Backbone,BLUE,9.35,2.216,False,B,ILE201,O,34.047,20.56,-23.842,B,LYS202,N,32.788,22.04,-22.777
Bound Backbone,BLUE,5.347,3.059,False,B,ILE201,O,34.047,20.56,-23.842,B,TYR213,N,34.339,18.196,-25.762
Phase Boundary,YELLOW,4.16,3.855,False,B,ILE201,O,34.047,20.56,-23.842,B,TYR213,O,35.455,20.16,-27.408
Phase Boundary,YELLOW,4.139,3.432,False,B,LYS202,N,32.788,22.04,-22.777,B,ILE203,N,30.908,19.989,-20.768
Bound Backbone,BLUE,8.096,2.254,False,B,LYS202,O,30.546,22.163,-21.242,B,ILE203,N,30.908,19.989,-20.768
Phase Boundary,YELLOW,4.286,3.514,False,B,ILE203,N,30.908,19.989,-20.768,B,LYS204,N,28.442,19.871,-18.268
Phase Boundary,YELLOW,4.841,2.888,False,B,ILE203,N,30.908,19.989,-20.768,B,ASP211,O,32.517,17.615,-21.108
Bound Backbone,BLUE,7.876,2.258,False,B,ILE203,O,30.361,18.692,-18.423,B,LYS204,N,28.442,19.871,-18.268
Bound Backbone,BLUE,5.39,2.955,False,B,ILE203,O,30.361,18.692,-18.423,B,THR210,N,30.791,16.216,-16.868
Thermal Noise,RED,3.525,3.373,False,B,ILE203,O,30.361,18.692,-18.423,B,THR210,OG1,28.505,15.882,-18.241
Thermal Noise,RED,3.39,3.562,False,B,ILE203,O,30.361,18.692,-18.423,B,ASP211,N,31.654,15.606,-19.646
Phase Boundary,YELLOW,4.158,3.608,False,B,ILE203,O,30.361,18.692,-18.423,B,ASP211,O,32.517,17.615,-21.108
Phase Boundary,YELLOW,4.238,3.475,False,B,LYS204,N,28.442,19.871,-18.268,B,TYR205,N,26.478,18.16,-15.968
Thermal Noise,RED,2.514,3.99,False,B,LYS204,N,28.442,19.871,-18.268,B,THR210,OG1,28.505,15.882,-18.241
Bound Backbone,BLUE,9.757,2.246,False,B,LYS204,O,25.89,19.856,-17.318,B,TYR205,N,26.478,18.16,-15.968
Phase Boundary,YELLOW,4.136,3.152,False,B,LYS204,NZ,29.417,23.485,-12.006,B,TYR209,OH,32.501,23.541,-12.657
Bound Backbone,BLUE,5.461,3.264,False,B,LYS204,NZ,29.417,23.485,-12.006,B,HOH481,O,29.795,21.78,-9.248
Phase Boundary,YELLOW,4.199,3.092,False,B,LYS204,NZ,29.417,23.485,-12.006,B,HOH513,O,26.347,23.786,-12.216
Phase Boundary,YELLOW,4.783,3.256,False,B,TYR205,N,26.478,18.16,-15.968,B,GLY206,N,24.094,18.845,-13.859
Bound Backbone,BLUE,6.122,2.781,False,B,TYR205,N,26.478,18.16,-15.968,B,ALA208,O,28.766,17.636,-14.477
Thermal Noise,RED,3.396,3.803,False,B,TYR205,N,26.478,18.16,-15.968,B,THR210,OG1,28.505,15.882,-18.241
Bound Backbone,BLUE,8.1,2.25,False,B,TYR205,O,25.539,17.178,-13.417,B,GLY206,N,24.094,18.845,-13.859
Thermal Noise,RED,3.17,3.616,False,B,TYR205,O,25.539,17.178,-13.417,B,GLY206,O,25.812,20.68,-12.557
Bound Backbone,BLUE,5.577,3.159,False,B,TYR205,O,25.539,17.178,-13.417,B,GLU207,N,25.775,19.125,-10.94
Phase Boundary,YELLOW,5.079,3.072,False,B,TYR205,O,25.539,17.178,-13.417,B,ALA208,N,28.014,17.796,-11.706
Thermal Noise,RED,3.614,3.427,False,B,TYR205,O,25.539,17.178,-13.417,B,ALA208,O,28.766,17.636,-14.477
Thermal Noise,RED,4.007,3.973,False,B,TYR205,O,25.539,17.178,-13.417,B,HOH549,O,24.405,16.867,-9.622
Phase Boundary,YELLOW,5.165,3.38,False,B,GLY206,N,24.094,18.845,-13.859,B,GLU207,N,25.775,19.125,-10.94
Bound Backbone,BLUE,10.578,2.244,False,B,GLY206,O,25.812,20.68,-12.557,B,GLU207,N,25.775,19.125,-10.94
Thermal Noise,RED,2.977,3.727,False,B,GLY206,O,25.812,20.68,-12.557,B,ALA208,N,28.014,17.796,-11.706
Thermal Noise,RED,4.012,3.17,False,B,GLY206,O,25.812,20.68,-12.557,B,HOH513,O,26.347,23.786,-12.216
Bound Backbone,BLUE,5.708,2.714,False,B,GLU207,N,25.775,19.125,-10.94,B,ALA208,N,28.014,17.796,-11.706
Phase Boundary,YELLOW,5.176,2.952,False,B,GLU207,N,25.775,19.125,-10.94,B,HOH549,O,24.405,16.867,-9.622
Bound Backbone,BLUE,8.713,2.25,False,B,GLU207,O,29.323,19.389,-10.806,B,ALA208,N,28.014,17.796,-11.706
Thermal Noise,RED,3.714,3.857,False,B,GLU207,O,29.323,19.389,-10.806,B,TYR209,N,30.898,17.52,-13.79
Bound Backbone,BLUE,5.666,2.893,False,B,GLU207,O,29.323,19.389,-10.806,B,HOH481,O,29.795,21.78,-9.248
Phase Boundary,YELLOW,4.74,3.057,False,B,GLU207,OE1,27.015,22.001,-7.996,B,HOH481,O,29.795,21.78,-9.248
Thermal Noise,RED,3.687,3.481,False,B,GLU207,OE1,27.015,22.001,-7.996,B,HOH675,O,25.335,24.662,-9.483
Thermal Noise,RED,2.949,3.762,False,B,GLU207,OE2,24.844,21.977,-8.01,B,HOH638,O,22.177,24.444,-8.985
Phase Boundary,YELLOW,4.757,3.102,False,B,GLU207,OE2,24.844,21.977,-8.01,B,HOH675,O,25.335,24.662,-9.483
Thermal Noise,RED,3.824,3.569,False,B,ALA208,N,28.014,17.796,-11.706,B,TYR209,N,30.898,17.52,-13.79
Bound Backbone,BLUE,8.43,2.243,False,B,ALA208,O,28.766,17.636,-14.477,B,TYR209,N,30.898,17.52,-13.79
Thermal Noise,RED,2.613,3.946,False,B,ALA208,O,28.766,17.636,-14.477,B,TYR209,O,31.99,15.452,-15.114
Phase Boundary,YELLOW,4.421,3.44,False,B,ALA208,O,28.766,17.636,-14.477,B,THR210,N,30.791,16.216,-16.868
Bound Backbone,BLUE,5.506,3.345,False,B,TYR209,N,30.898,17.52,-13.79,B,THR210,N,30.791,16.216,-16.868
Bound Backbone,BLUE,10.865,2.258,False,B,TYR209,O,31.99,15.452,-15.114,B,THR210,N,30.791,16.216,-16.868
Bound Backbone,BLUE,7.049,2.972,False,B,THR210,N,30.791,16.216,-16.868,B,ASP211,N,31.654,15.606,-19.646
Bound Backbone,BLUE,8.498,2.216,False,B,THR210,O,31.558,13.468,-19.07,B,ASP211,N,31.654,15.606,-19.646
Thermal Noise,RED,2.879,3.74,False,B,THR210,O,31.558,13.468,-19.07,B,ARG259,NE,29.626,10.288,-18.688
Thermal Noise,RED,3.695,3.459,False,B,THR210,OG1,28.505,15.882,-18.241,B,ASP211,N,31.654,15.606,-19.646
Bound Backbone,BLUE,8.324,2.719,False,B,THR210,OG1,28.505,15.882,-18.241,B,GLY258,O,27.953,14.966,-20.741
Phase Boundary,YELLOW,4.226,3.685,False,B,ASP211,N,31.654,15.606,-19.646,B,THR212,N,33.568,16.414,-22.69
Thermal Noise,RED,2.745,3.912,False,B,ASP211,N,31.654,15.606,-19.646,B,GLY258,O,27.953,14.966,-20.741
Bound Backbone,BLUE,10.425,2.247,False,B,ASP211,O,32.517,17.615,-21.108,B,THR212,N,33.568,16.414,-22.69
Phase Boundary,YELLOW,4.266,3.073,False,B,ASP211,OD1,32.87,13.438,-23.01,B,THR212,N,33.568,16.414,-22.69
Thermal Noise,RED,3.874,3.598,False,B,ASP211,OD1,32.87,13.438,-23.01,B,THR212,O,33.83,16.06,-25.279
Phase Boundary,YELLOW,4.425,3.1,False,B,ASP211,OD2,30.841,13.218,-23.676,B,ILE260,N,27.897,13.228,-24.646
Phase Boundary,YELLOW,4.408,3.634,False,B,THR212,N,33.568,16.414,-22.69,B,TYR213,N,34.339,18.196,-25.762
Bound Backbone,BLUE,8.15,2.248,False,B,THR212,O,33.83,16.06,-25.279,B,TYR213,N,34.339,18.196,-25.762
Phase Boundary,YELLOW,4.149,3.548,False,B,THR212,OG1,36.499,16.822,-23.305,B,TYR213,N,34.339,18.196,-25.762
Phase Boundary,YELLOW,4.777,3.435,False,B,TYR213,N,34.339,18.196,-25.762,B,HIS214,N,36.378,18.442,-28.516
Bound Backbone,BLUE,9.19,2.243,False,B,TYR213,O,35.455,20.16,-27.408,B,HIS214,N,36.378,18.442,-28.516
Phase Boundary,YELLOW,4.401,3.804,False,B,TYR213,O,35.455,20.16,-27.408,B,HIS214,O,36.308,19.621,-31.076
Phase Boundary,YELLOW,4.568,3.572,False,B,TYR213,OH,32.653,16.697,-33.306,B,ARG251,NE,32.089,18.511,-36.331
Bound Backbone,BLUE,7.042,2.921,False,B,TYR213,OH,32.653,16.697,-33.306,B,ARG251,NH2,33.918,17.158,-35.898
Bound Backbone,BLUE,5.683,2.684,False,B,TYR213,OH,32.653,16.697,-33.306,B,GLU263,OE2,32.345,14.08,-33.817
Thermal Noise,RED,2.848,3.873,False,B,TYR213,OH,32.653,16.697,-33.306,B,HOH491,O,36.31,16.883,-32.045
Thermal Noise,RED,3.63,3.624,False,B,HIS214,N,36.378,18.442,-28.516,B,SER215,N,38.028,20.984,-30.503
Phase Boundary,YELLOW,4.119,3.859,False,B,HIS214,N,36.378,18.442,-28.516,B,HOH491,O,36.31,16.883,-32.045
Phase Boundary,YELLOW,4.844,2.934,False,B,HIS214,N,36.378,18.442,-28.516,B,HOH502,O,36.542,15.611,-29.268
Bound Backbone,BLUE,8.095,2.268,False,B,HIS214,O,36.308,19.621,-31.076,B,SER215,N,38.028,20.984,-30.503
Thermal Noise,RED,3.557,3.609,False,B,HIS214,O,36.308,19.621,-31.076,B,SER215,O,39.386,20.187,-32.874
Phase Boundary,YELLOW,4.613,3.527,False,B,HIS214,O,36.308,19.621,-31.076,B,TYR216,N,37.658,21.083,-33.988
Phase Boundary,YELLOW,5.08,2.904,False,B,HIS214,O,36.308,19.621,-31.076,B,HOH491,O,36.31,16.883,-32.045
Phase Boundary,YELLOW,5.032,2.949,False,B,HIS214,ND1,40.217,18.388,-27.326,B,HOH546,O,40.277,21.111,-28.457
Bound Backbone,BLUE,5.303,3.506,False,B,SER215,N,38.028,20.984,-30.503,B,TYR216,N,37.658,21.083,-33.988
Bound Backbone,BLUE,5.565,3.043,False,B,SER215,N,38.028,20.984,-30.503,B,HOH546,O,40.277,21.111,-28.457
Bound Backbone,BLUE,9.206,2.243,False,B,SER215,O,39.386,20.187,-32.874,B,TYR216,N,37.658,21.083,-33.988
Thermal Noise,RED,3.65,3.499,False,B,SER215,OG,39.226,23.829,-32.49,B,TYR216,N,37.658,21.083,-33.988
Bound Backbone,BLUE,6.101,3.196,False,B,SER215,OG,39.226,23.829,-32.49,B,ASN218,N,40.285,24.219,-35.48
Thermal Noise,RED,3.616,3.69,False,B,SER215,OG,39.226,23.829,-32.49,B,ASP241,OD1,37.203,25.973,-34.71
Bound Backbone,BLUE,6.375,2.75,False,B,SER215,OG,39.226,23.829,-32.49,B,ASP241,OD2,36.964,23.948,-34.049
Bound Backbone,BLUE,6.532,2.644,False,B,SER215,OG,39.226,23.829,-32.49,B,HOH527,O,39.411,26.154,-31.244
Bound Backbone,BLUE,7.51,2.749,False,B,TYR216,N,37.658,21.083,-33.988,B,ALA217,N,38.439,22.489,-36.218
Phase Boundary,YELLOW,4.605,2.948,False,B,TYR216,N,37.658,21.083,-33.988,B,ASP241,OD2,36.964,23.948,-34.049
Bound Backbone,BLUE,9.539,2.231,False,B,TYR216,O,38.735,20.637,-37.427,B,ALA217,N,38.439,22.489,-36.218
Thermal Noise,RED,3.294,3.705,False,B,TYR216,OH,31.912,22.871,-36.037,B,ILE239,O,28.746,23.819,-34.362
Thermal Noise,RED,3.338,3.906,False,B,TYR216,OH,31.912,22.871,-36.037,B,THR240,N,30.173,25.259,-33.482
Thermal Noise,RED,3.511,3.398,False,B,TYR216,OH,31.912,22.871,-36.037,B,ASP241,N,33.0,26.054,-35.559
Bound Backbone,BLUE,8.424,2.74,False,B,TYR216,OH,31.912,22.871,-36.037,B,LYS249,O,31.296,23.404,-38.653
Thermal Noise,RED,2.767,3.814,False,B,TYR216,OH,31.912,22.871,-36.037,B,ARG251,N,28.254,21.853,-36.401
Bound Backbone,BLUE,6.05,2.635,False,B,ALA217,N,38.439,22.489,-36.218,B,ASN218,N,40.285,24.219,-35.48
Thermal Noise,RED,2.739,3.992,False,B,ALA217,N,38.439,22.489,-36.218,B,ASP241,OD1,37.203,25.973,-34.71
Bound Backbone,BLUE,5.919,3.001,False,B,ALA217,N,38.439,22.489,-36.218,B,ASP241,OD2,36.964,23.948,-34.049
Bound Backbone,BLUE,11.689,2.245,False,B,ALA217,O,40.25,25.361,-37.412,B,ASN218,N,40.285,24.219,-35.48
Phase Boundary,YELLOW,4.133,3.497,False,B,ALA217,O,40.25,25.361,-37.412,B,ASN218,O,42.119,27.281,-35.165
Bound Backbone,BLUE,5.746,3.165,False,B,ALA217,O,40.25,25.361,-37.412,B,ASN219,N,39.924,27.096,-34.785
Bound Backbone,BLUE,6.953,2.775,False,B,ALA217,O,40.25,25.361,-37.412,B,HOH567,O,39.362,27.042,-39.433
Phase Boundary,YELLOW,4.657,2.982,False,B,ASN218,N,40.285,24.219,-35.48,B,ASN219,N,39.924,27.096,-34.785
Thermal Noise,RED,3.126,3.629,False,B,ASN218,N,40.285,24.219,-35.48,B,ASP241,OD1,37.203,25.973,-34.71
Thermal Noise,RED,3.345,3.626,False,B,ASN218,N,40.285,24.219,-35.48,B,ASP241,OD2,36.964,23.948,-34.049
Bound Backbone,BLUE,8.157,2.235,False,B,ASN218,O,42.119,27.281,-35.165,B,ASN219,N,39.924,27.096,-34.785
Bound Backbone,BLUE,5.307,3.045,False,B,ASN219,N,39.924,27.096,-34.785,B,ILE220,N,38.551,29.106,-32.955
Phase Boundary,YELLOW,4.618,2.945,False,B,ASN219,N,39.924,27.096,-34.785,B,ASP241,OD1,37.203,25.973,-34.71
Phase Boundary,YELLOW,4.628,3.7,False,B,ASN219,N,39.924,27.096,-34.785,B,HOH527,O,39.411,26.154,-31.244
Bound Backbone,BLUE,11.079,2.281,False,B,ASN219,O,37.309,28.869,-34.854,B,ILE220,N,38.551,29.106,-32.955
Bound Backbone,BLUE,5.604,3.095,False,B,ASN219,O,37.309,28.869,-34.854,B,ILE220,O,35.204,28.966,-32.587
Phase Boundary,YELLOW,4.188,3.794,False,B,ASN219,O,37.309,28.869,-34.854,B,LEU221,N,36.376,27.428,-31.471
Thermal Noise,RED,3.531,3.367,False,B,ASN219,O,37.309,28.869,-34.854,B,ARG222,NH1,34.146,30.022,-34.914
Phase Boundary,YELLOW,4.761,2.902,False,B,ASN219,O,37.309,28.869,-34.854,B,ASP241,OD1,37.203,25.973,-34.71
Bound Backbone,BLUE,6.774,2.806,False,B,ASN219,O,37.309,28.869,-34.854,B,GLY242,N,35.741,27.732,-36.885
Phase Boundary,YELLOW,5.222,3.227,False,B,ASN219,O,37.309,28.869,-34.854,B,GLY242,O,35.79,30.365,-37.276
Thermal Noise,RED,3.628,3.477,False,B,ASN219,ND2,40.084,30.767,-37.869,B,SER243,N,36.915,30.29,-39.217
Phase Boundary,YELLOW,4.075,3.205,False,B,ASN219,ND2,40.084,30.767,-37.869,B,HOH572,O,39.987,33.852,-38.734
Phase Boundary,YELLOW,4.156,3.651,False,B,ASN219,OD1,39.466,31.214,-35.792,B,ILE220,N,38.551,29.106,-32.955
Thermal Noise,RED,3.393,3.986,False,B,ASN219,OD1,39.466,31.214,-35.792,B,HOH572,O,39.987,33.852,-38.734
Phase Boundary,YELLOW,4.695,3.122,False,B,ILE220,N,38.551,29.106,-32.955,B,LEU221,N,36.376,27.428,-31.471
Thermal Noise,RED,3.082,3.836,False,B,ILE220,N,38.551,29.106,-32.955,B,ASP241,OD1,37.203,25.973,-34.71
Thermal Noise,RED,3.719,3.519,False,B,ILE220,N,38.551,29.106,-32.955,B,HOH527,O,39.411,26.154,-31.244
Bound Backbone,BLUE,9.306,2.233,False,B,ILE220,O,35.204,28.966,-32.587,B,LEU221,N,36.376,27.428,-31.471
Bound Backbone,BLUE,5.625,3.333,False,B,ILE220,O,35.204,28.966,-32.587,B,LEU221,O,34.761,27.912,-29.456
Phase Boundary,YELLOW,4.295,3.35,False,B,ILE220,O,35.204,28.966,-32.587,B,ARG222,N,33.002,27.302,-30.688
Thermal Noise,RED,2.76,3.974,False,B,ILE220,O,35.204,28.966,-32.587,B,ARG222,NE,32.238,31.154,-34.072
Bound Backbone,BLUE,7.589,2.766,False,B,ILE220,O,35.204,28.966,-32.587,B,ARG222,NH1,34.146,30.022,-34.914
Thermal Noise,RED,2.622,3.951,False,B,ILE220,O,35.204,28.966,-32.587,B,THR240,O,32.639,26.055,-33.334
Thermal Noise,RED,3.44,3.466,False,B,LEU221,N,36.376,27.428,-31.471,B,ARG222,N,33.002,27.302,-30.688
Phase Boundary,YELLOW,4.523,3.646,False,B,LEU221,N,36.376,27.428,-31.471,B,ASP241,OD1,37.203,25.973,-34.71
Thermal Noise,RED,3.687,3.299,False,B,LEU221,N,36.376,27.428,-31.471,B,HOH527,O,39.411,26.154,-31.244
Bound Backbone,BLUE,9.586,2.232,False,B,LEU221,O,34.761,27.912,-29.456,B,ARG222,N,33.002,27.302,-30.688
Thermal Noise,RED,3.282,3.637,False,B,ARG222,N,33.002,27.302,-30.688,B,THR223,N,29.705,28.071,-29.358
Bound Backbone,BLUE,6.969,2.948,False,B,ARG222,N,33.002,27.302,-30.688,B,THR240,O,32.639,26.055,-33.334
Bound Backbone,BLUE,10.014,2.251,False,B,ARG222,O,30.494,26.551,-30.819,B,THR223,N,29.705,28.071,-29.358
Bound Backbone,BLUE,6.814,2.977,False,B,ARG222,O,30.494,26.551,-30.819,B,THR240,N,30.173,25.259,-33.482
Phase Boundary,YELLOW,4.873,3.342,False,B,ARG222,O,30.494,26.551,-30.819,B,THR240,O,32.639,26.055,-33.334
Bound Backbone,BLUE,5.653,2.923,False,B,ARG222,NE,32.238,31.154,-34.072,B,GLU274,OE1,30.445,32.751,-35.739
Ligand Fluctuation Noise,RED,3.397,3.535,True,B,ARG222,NE,32.238,31.154,-34.072,B,ZMR466,O9,32.563,34.501,-35.161
Phase Boundary,YELLOW,4.47,3.196,False,B,ARG222,NE,32.238,31.154,-34.072,B,HOH685,O,30.024,32.9,-32.567
Phase Boundary,YELLOW,4.155,3.417,False,B,ARG222,NH1,34.146,30.022,-34.914,B,GLY242,N,35.741,27.732,-36.885
Bound Backbone,BLUE,6.779,2.898,False,B,ARG222,NH1,34.146,30.022,-34.914,B,GLY242,O,35.79,30.365,-37.276
Thermal Noise,RED,3.715,3.36,False,B,ARG222,NH2,32.619,30.984,-36.354,B,GLY242,O,35.79,30.365,-37.276
Bound Backbone,BLUE,7.376,2.872,False,B,ARG222,NH2,32.619,30.984,-36.354,B,SER248,OG,33.286,29.953,-38.95
Phase Boundary,YELLOW,5.007,2.868,False,B,ARG222,NH2,32.619,30.984,-36.354,B,GLU274,OE1,30.445,32.751,-35.739
Ligand Fluctuation Noise,RED,3.091,3.714,True,B,ARG222,NH2,32.619,30.984,-36.354,B,ZMR466,O9,32.563,34.501,-35.161
Thermal Noise,RED,3.044,3.634,False,B,THR223,N,29.705,28.071,-29.358,B,GLN224,N,26.09,28.289,-29.062
Thermal Noise,RED,3.634,3.882,False,B,THR223,N,29.705,28.071,-29.358,B,HOH699,O,28.614,30.341,-32.312
Bound Backbone,BLUE,8.383,2.259,False,B,THR223,O,27.662,29.731,-29.805,B,GLN224,N,26.09,28.289,-29.062
Thermal Noise,RED,2.901,3.731,False,B,THR223,O,27.662,29.731,-29.805,B,GLN224,O,24.35,31.389,-29.352
Thermal Noise,RED,3.71,3.715,False,B,THR223,O,27.662,29.731,-29.805,B,GLU225,N,24.99,30.508,-27.344
Thermal Noise,RED,3.401,3.847,False,B,THR223,O,27.662,29.731,-29.805,B,GLU225,OE2,28.857,32.447,-27.356
Bound Backbone,BLUE,8.089,2.75,False,B,THR223,O,27.662,29.731,-29.805,B,HOH699,O,28.614,30.341,-32.312
Bound Backbone,BLUE,5.869,2.701,False,B,THR223,OG1,27.0,25.909,-28.165,B,GLN224,N,26.09,28.289,-29.062
Bound Backbone,BLUE,7.513,2.828,False,B,THR223,OG1,27.0,25.909,-28.165,B,MET238,O,26.283,24.823,-30.676
Bound Backbone,BLUE,5.315,3.014,False,B,GLN224,N,26.09,28.289,-29.062,B,GLU225,N,24.99,30.508,-27.344
Thermal Noise,RED,3.04,3.828,False,B,GLN224,N,26.09,28.289,-29.062,B,MET238,O,26.283,24.823,-30.676
Bound Backbone,BLUE,11.442,2.284,False,B,GLN224,O,24.35,31.389,-29.352,B,GLU225,N,24.99,30.508,-27.344
Thermal Noise,RED,3.616,3.983,False,B,GLN224,O,24.35,31.389,-29.352,B,GLU225,O,22.589,32.789,-26.065
Phase Boundary,YELLOW,4.409,3.604,False,B,GLN224,O,24.35,31.389,-29.352,B,SER226,N,22.466,30.59,-26.385
Phase Boundary,YELLOW,4.749,2.961,False,B,GLN224,O,24.35,31.389,-29.352,B,LYS348,NZ,21.591,32.165,-30.094
Bound Backbone,BLUE,5.851,3.214,False,B,GLN224,NE2,21.183,26.851,-28.726,B,SER226,O,21.669,28.198,-25.849
Thermal Noise,RED,3.679,3.306,False,B,GLN224,NE2,21.183,26.851,-28.726,B,SER226,OG,20.635,30.099,-28.447
Bound Backbone,BLUE,6.514,2.813,False,B,GLN224,NE2,21.183,26.851,-28.726,B,ALA227,O,19.13,26.504,-26.835
Phase Boundary,YELLOW,4.183,3.592,False,B,GLN224,NE2,21.183,26.851,-28.726,B,CYS276,O,21.542,29.241,-31.383
Thermal Noise,RED,3.153,3.601,False,B,GLN224,NE2,21.183,26.851,-28.726,B,HOH516,O,19.728,23.625,-29.391
Phase Boundary,YELLOW,4.3,3.053,False,B,GLN224,NE2,21.183,26.851,-28.726,B,HOH520,O,18.565,28.415,-28.868
Phase Boundary,YELLOW,4.862,3.008,False,B,GLN224,OE1,22.084,25.206,-29.904,B,MET238,N,24.036,23.25,-31.093
Thermal Noise,RED,3.549,3.889,False,B,GLN224,OE1,22.084,25.206,-29.904,B,CYS278,SG,19.475,25.665,-32.751
Phase Boundary,YELLOW,4.911,2.883,False,B,GLN224,OE1,22.084,25.206,-29.904,B,HOH516,O,19.728,23.625,-29.391
Bound Backbone,BLUE,5.924,2.701,False,B,GLU225,N,24.99,30.508,-27.344,B,SER226,N,22.466,30.59,-26.385
Bound Backbone,BLUE,8.186,2.226,False,B,GLU225,O,22.589,32.789,-26.065,B,SER226,N,22.466,30.59,-26.385
Phase Boundary,YELLOW,4.504,2.981,False,B,GLU225,O,22.589,32.789,-26.065,B,HOH539,O,22.988,35.743,-26.054
Bound Backbone,BLUE,7.05,2.84,False,B,GLU225,OE1,27.606,32.248,-25.627,B,HOH530,O,26.033,32.757,-23.318
Ligand Boundary Hotspot,ORANGE,4.266,3.078,True,B,GLU225,OE2,28.857,32.447,-27.356,B,ZMR466,NH1,30.272,35.153,-26.966
Bound Backbone,BLUE,7.998,2.712,False,B,GLU225,OE2,28.857,32.447,-27.356,B,HOH686,O,29.588,33.625,-29.687
Phase Boundary,YELLOW,4.575,2.958,False,B,GLU225,OE2,28.857,32.447,-27.356,B,HOH694,O,31.783,32.878,-27.337
Thermal Noise,RED,3.312,3.599,False,B,SER226,N,22.466,30.59,-26.385,B,ALA227,N,19.609,28.767,-25.173
Bound Backbone,BLUE,8.426,2.242,False,B,SER226,O,21.669,28.198,-25.849,B,ALA227,N,19.609,28.767,-25.173
Phase Boundary,YELLOW,4.124,3.208,False,B,SER226,O,21.669,28.198,-25.849,B,ALA227,O,19.13,26.504,-26.835
Thermal Noise,RED,3.22,3.567,False,B,SER226,O,21.669,28.198,-25.849,B,CYS228,N,19.896,25.18,-25.163
Phase Boundary,YELLOW,4.442,3.68,False,B,SER226,OG,20.635,30.099,-28.447,B,ALA227,N,19.609,28.767,-25.173
Bound Backbone,BLUE,6.051,3.19,False,B,SER226,OG,20.635,30.099,-28.447,B,CYS276,O,21.542,29.241,-31.383
Bound Backbone,BLUE,6.177,2.81,False,B,SER226,OG,20.635,30.099,-28.447,B,LYS348,NZ,21.591,32.165,-30.094
Bound Backbone,BLUE,5.568,2.701,False,B,SER226,OG,20.635,30.099,-28.447,B,HOH520,O,18.565,28.415,-28.868
Thermal Noise,RED,3.091,3.598,False,B,ALA227,N,19.609,28.767,-25.173,B,CYS228,N,19.896,25.18,-25.163
Phase Boundary,YELLOW,4.504,2.986,False,B,ALA227,N,19.609,28.767,-25.173,B,HOH518,O,17.543,30.912,-24.957
Phase Boundary,YELLOW,4.265,3.856,False,B,ALA227,N,19.609,28.767,-25.173,B,HOH520,O,18.565,28.415,-28.868
Bound Backbone,BLUE,10.493,2.266,False,B,ALA227,O,19.13,26.504,-26.835,B,CYS228,N,19.896,25.18,-25.163
Thermal Noise,RED,3.895,3.446,False,B,ALA227,O,19.13,26.504,-26.835,B,CYS228,O,17.68,23.883,-25.132
Thermal Noise,RED,3.572,3.578,False,B,ALA227,O,19.13,26.504,-26.835,B,ASN229,OD1,17.009,24.173,-28.53
Thermal Noise,RED,3.359,3.896,False,B,ALA227,O,19.13,26.504,-26.835,B,HOH516,O,19.728,23.625,-29.391
Bound Backbone,BLUE,6.541,2.847,False,B,ALA227,O,19.13,26.504,-26.835,B,HOH520,O,18.565,28.415,-28.868
Thermal Noise,RED,3.285,3.648,False,B,CYS228,N,19.896,25.18,-25.163,B,ASN229,N,18.196,22.267,-26.554
Bound Backbone,BLUE,10.313,2.214,False,B,CYS228,O,17.68,23.883,-25.132,B,ASN229,N,18.196,22.267,-26.554
Thermal Noise,RED,3.492,3.877,False,B,CYS228,O,17.68,23.883,-25.132,B,ASN229,ND2,14.923,24.152,-27.844
Bound Backbone,BLUE,5.328,3.476,False,B,CYS228,O,17.68,23.883,-25.132,B,ASN229,OD1,17.009,24.173,-28.53
Phase Boundary,YELLOW,5.137,2.958,False,B,CYS228,O,17.68,23.883,-25.132,B,HOH490,O,15.197,24.827,-23.83
Thermal Noise,RED,3.048,3.903,False,B,CYS228,O,17.68,23.883,-25.132,B,HOH504,O,15.094,21.712,-23.175
Thermal Noise,RED,3.613,3.452,False,B,ASN229,N,18.196,22.267,-26.554,B,CYS230,N,16.046,19.844,-25.36
Phase Boundary,YELLOW,4.456,3.259,False,B,ASN229,N,18.196,22.267,-26.554,B,TYR236,O,20.733,21.202,-28.301
Phase Boundary,YELLOW,4.638,3.499,False,B,ASN229,N,18.196,22.267,-26.554,B,HOH516,O,19.728,23.625,-29.391
Bound Backbone,BLUE,10.692,2.275,False,B,ASN229,O,17.454,19.563,-27.125,B,CYS230,N,16.046,19.844,-25.36
Thermal Noise,RED,3.028,3.695,False,B,ASN229,O,17.454,19.563,-27.125,B,ASP234,O,17.176,15.976,-26.285
Bound Backbone,BLUE,5.395,2.781,False,B,ASN229,O,17.454,19.563,-27.125,B,TYR236,N,19.991,18.679,-27.843
Thermal Noise,RED,2.861,3.85,False,B,ASN229,O,17.454,19.563,-27.125,B,TYR236,O,20.733,21.202,-28.301
Thermal Noise,RED,3.408,3.763,False,B,ASN229,ND2,14.923,24.152,-27.844,B,CYS278,O,15.71,27.145,-29.985
Thermal Noise,RED,3.934,3.962,False,B,ASN229,ND2,14.923,24.152,-27.844,B,GLY279,N,14.922,25.669,-31.504
Thermal Noise,RED,3.79,3.269,False,B,ASN229,ND2,14.923,24.152,-27.844,B,HOH472,O,11.806,25.029,-28.296
Phase Boundary,YELLOW,4.752,2.914,False,B,ASN229,ND2,14.923,24.152,-27.844,B,HOH503,O,14.122,26.934,-27.514
Thermal Noise,RED,3.504,3.555,False,B,ASN229,OD1,17.009,24.173,-28.53,B,CYS278,O,15.71,27.145,-29.985
Thermal Noise,RED,3.537,3.929,False,B,ASN229,OD1,17.009,24.173,-28.53,B,GLY279,N,14.922,25.669,-31.504
Phase Boundary,YELLOW,5.01,2.904,False,B,ASN229,OD1,17.009,24.173,-28.53,B,HOH516,O,19.728,23.625,-29.391
Thermal Noise,RED,3.088,3.611,False,B,CYS230,N,16.046,19.844,-25.36,B,ILE231,N,14.479,16.61,-25.716
Bound Backbone,BLUE,5.81,3.028,False,B,CYS230,N,16.046,19.844,-25.36,B,HOH504,O,15.094,21.712,-23.175
Bound Backbone,BLUE,8.064,2.268,False,B,CYS230,O,13.515,18.59,-25.174,B,ILE231,N,14.479,16.61,-25.716
Thermal Noise,RED,3.63,3.81,False,B,CYS230,O,13.515,18.59,-25.174,B,HOH526,O,13.9,15.917,-22.487
Thermal Noise,RED,2.839,3.802,False,B,CYS230,O,13.515,18.59,-25.174,B,HOH627,O,10.794,21.134,-24.415
Bound Backbone,BLUE,9.804,2.021,False,B,CYS230,SG,17.669,19.123,-23.0,B,CYS235,SG,19.059,17.657,-22.958
Thermal Noise,RED,2.999,3.656,False,B,CYS230,SG,17.669,19.123,-23.0,B,HOH504,O,15.094,21.712,-23.175
Thermal Noise,RED,3.948,3.908,False,B,CYS230,SG,17.669,19.123,-23.0,B,HOH522,O,19.402,18.793,-19.513
Thermal Noise,RED,3.744,3.368,False,B,ILE231,N,14.479,16.61,-25.716,B,GLY232,N,12.745,13.918,-24.672
Phase Boundary,YELLOW,5.132,2.828,False,B,ILE231,N,14.479,16.61,-25.716,B,ASP234,O,17.176,15.976,-26.285
Bound Backbone,BLUE,5.661,3.353,False,B,ILE231,N,14.479,16.61,-25.716,B,HOH526,O,13.9,15.917,-22.487
Bound Backbone,BLUE,9.878,2.232,False,B,ILE231,O,14.527,13.812,-26.011,B,GLY232,N,12.745,13.918,-24.672
Thermal Noise,RED,3.986,3.572,False,B,ILE231,O,14.527,13.812,-26.011,B,GLY232,O,14.717,11.111,-23.682
Bound Backbone,BLUE,7.087,3.008,False,B,ILE231,O,14.527,13.812,-26.011,B,GLY233,N,14.944,13.261,-23.083
Phase Boundary,YELLOW,5.202,2.933,False,B,ILE231,O,14.527,13.812,-26.011,B,ASP234,N,17.167,13.632,-24.745
Thermal Noise,RED,3.412,3.431,False,B,ILE231,O,14.527,13.812,-26.011,B,ASP234,O,17.176,15.976,-26.285
Thermal Noise,RED,3.167,3.729,False,B,ILE231,O,14.527,13.812,-26.011,B,ASP234,OD2,16.845,11.295,-27.493
Bound Backbone,BLUE,6.195,2.791,False,B,GLY232,N,12.745,13.918,-24.672,B,GLY233,N,14.944,13.261,-23.083
Phase Boundary,YELLOW,5.152,3.179,False,B,GLY232,N,12.745,13.918,-24.672,B,HOH526,O,13.9,15.917,-22.487
Bound Backbone,BLUE,8.313,2.243,False,B,GLY232,O,14.717,11.111,-23.682,B,GLY233,N,14.944,13.261,-23.083
Thermal Noise,RED,3.125,3.673,False,B,GLY232,O,14.717,11.111,-23.682,B,ASP234,N,17.167,13.632,-24.745
Phase Boundary,YELLOW,4.622,2.945,False,B,GLY232,O,14.717,11.111,-23.682,B,ARG256,NH1,17.454,10.034,-23.82
Thermal Noise,RED,3.276,3.668,False,B,GLY232,O,14.717,11.111,-23.682,B,ARG256,NH2,16.802,8.472,-22.219
Phase Boundary,YELLOW,4.62,2.946,False,B,GLY232,O,14.717,11.111,-23.682,B,HOH613,O,14.264,8.204,-23.539
Bound Backbone,BLUE,6.248,2.8,False,B,GLY233,N,14.944,13.261,-23.083,B,ASP234,N,17.167,13.632,-24.745
Phase Boundary,YELLOW,4.834,2.915,False,B,GLY233,N,14.944,13.261,-23.083,B,HOH526,O,13.9,15.917,-22.487
Bound Backbone,BLUE,11.042,2.243,False,B,GLY233,O,18.546,13.391,-22.992,B,ASP234,N,17.167,13.632,-24.745
Thermal Noise,RED,3.526,3.838,False,B,GLY233,O,18.546,13.391,-22.992,B,CYS235,N,19.34,16.076,-25.617
Thermal Noise,RED,3.129,3.755,False,B,GLY233,O,18.546,13.391,-22.992,B,ILE255,O,21.666,14.837,-24.501
Thermal Noise,RED,3.145,3.626,False,B,GLY233,O,18.546,13.391,-22.992,B,ARG256,NH1,17.454,10.034,-23.82
Bound Backbone,BLUE,6.842,2.765,False,B,GLY233,O,18.546,13.391,-22.992,B,HOH684,O,19.928,14.822,-21.072
Thermal Noise,RED,3.641,3.385,False,B,ASP234,N,17.167,13.632,-24.745,B,CYS235,N,19.34,16.076,-25.617
Thermal Noise,RED,2.996,3.726,False,B,ASP234,N,17.167,13.632,-24.745,B,ARG256,NH1,17.454,10.034,-23.82
Bound Backbone,BLUE,8.218,2.267,False,B,ASP234,O,17.176,15.976,-26.285,B,CYS235,N,19.34,16.076,-25.617
Bound Backbone,BLUE,6.725,2.936,False,B,ASP234,OD1,18.639,11.1,-26.286,B,ARG256,NH1,17.454,10.034,-23.82
Thermal Noise,RED,4.029,3.931,False,B,ASP234,OD2,16.845,11.295,-27.493,B,ARG256,NH1,17.454,10.034,-23.82
Thermal Noise,RED,3.279,3.801,False,B,ASP234,OD2,16.845,11.295,-27.493,B,HOH600,O,17.548,8.167,-29.534
Thermal Noise,RED,3.008,3.664,False,B,ASP234,OD2,16.845,11.295,-27.493,B,HOH605,O,13.416,10.078,-27.92
Phase Boundary,YELLOW,4.147,3.486,False,B,CYS235,N,19.34,16.076,-25.617,B,TYR236,N,19.991,18.679,-27.843
Bound Backbone,BLUE,5.359,2.862,False,B,CYS235,N,19.34,16.076,-25.617,B,ILE255,O,21.666,14.837,-24.501
Bound Backbone,BLUE,8.789,2.223,False,B,CYS235,O,21.451,17.214,-27.027,B,TYR236,N,19.991,18.679,-27.843
Phase Boundary,YELLOW,4.348,3.554,False,B,CYS235,O,21.451,17.214,-27.027,B,LEU253,O,23.653,17.841,-29.745
Phase Boundary,YELLOW,5.133,2.805,False,B,CYS235,O,21.451,17.214,-27.027,B,ILE255,N,23.355,15.182,-26.69
Phase Boundary,YELLOW,4.428,3.475,False,B,CYS235,O,21.451,17.214,-27.027,B,ILE255,O,21.666,14.837,-24.501
Phase Boundary,YELLOW,4.729,3.644,False,B,CYS235,SG,19.059,17.657,-22.958,B,HOH522,O,19.402,18.793,-19.513
Thermal Noise,RED,3.835,3.514,False,B,CYS235,SG,19.059,17.657,-22.958,B,HOH684,O,19.928,14.822,-21.072
Thermal Noise,RED,3.611,3.535,False,B,TYR236,N,19.991,18.679,-27.843,B,LEU237,N,22.565,20.514,-29.426
Bound Backbone,BLUE,9.096,2.257,False,B,TYR236,O,20.733,21.202,-28.301,B,LEU237,N,22.565,20.514,-29.426
Bound Backbone,BLUE,5.424,2.841,False,B,TYR236,O,20.733,21.202,-28.301,B,HOH516,O,19.728,23.625,-29.391
Phase Boundary,YELLOW,4.385,3.441,False,B,TYR236,OH,17.846,13.661,-31.325,B,VAL306,O,15.866,12.117,-33.678
Bound Backbone,BLUE,7.759,2.665,False,B,TYR236,OH,17.846,13.661,-31.325,B,ASP309,OD1,19.182,12.607,-33.376
Thermal Noise,RED,3.678,3.525,False,B,LEU237,N,22.565,20.514,-29.426,B,MET238,N,24.036,23.25,-31.093
Phase Boundary,YELLOW,4.784,2.904,False,B,LEU237,N,22.565,20.514,-29.426,B,LEU253,O,23.653,17.841,-29.745
Bound Backbone,BLUE,7.863,2.256,False,B,LEU237,O,24.779,21.12,-31.056,B,MET238,N,24.036,23.25,-31.093
Thermal Noise,RED,3.108,3.705,False,B,LEU237,O,24.779,21.12,-31.056,B,ILE239,N,27.291,23.567,-32.252
Thermal Noise,RED,3.912,3.839,False,B,LEU237,O,24.779,21.12,-31.056,B,ARG251,O,26.868,21.522,-34.252
Phase Boundary,YELLOW,5.104,2.822,False,B,LEU237,O,24.779,21.12,-31.056,B,LEU253,N,25.635,18.468,-31.503
Thermal Noise,RED,3.145,3.707,False,B,LEU237,O,24.779,21.12,-31.056,B,LEU253,O,23.653,17.841,-29.745
Thermal Noise,RED,3.56,3.47,False,B,MET238,N,24.036,23.25,-31.093,B,ILE239,N,27.291,23.567,-32.252
Bound Backbone,BLUE,10.336,2.253,False,B,MET238,O,26.283,24.823,-30.676,B,ILE239,N,27.291,23.567,-32.252
Thermal Noise,RED,2.952,3.702,False,B,MET238,SD,25.675,27.041,-34.25,B,GLU275,N,26.08,30.689,-33.768
Thermal Noise,RED,3.198,3.598,False,B,MET238,SD,25.675,27.041,-34.25,B,CYS276,N,23.399,29.699,-33.412
Phase Boundary,YELLOW,4.115,3.322,False,B,MET238,SD,25.675,27.041,-34.25,B,CYS276,SG,22.77,27.553,-35.777
Thermal Noise,RED,3.395,3.561,False,B,ILE239,N,27.291,23.567,-32.252,B,THR240,N,30.173,25.259,-33.482
Bound Backbone,BLUE,6.244,2.892,False,B,ILE239,N,27.291,23.567,-32.252,B,ARG251,O,26.868,21.522,-34.252
Bound Backbone,BLUE,9.02,2.21,False,B,ILE239,O,28.746,23.819,-34.362,B,THR240,N,30.173,25.259,-33.482
Bound Backbone,BLUE,6.392,2.875,False,B,ILE239,O,28.746,23.819,-34.362,B,ARG251,N,28.254,21.853,-36.401
Phase Boundary,YELLOW,4.544,2.969,False,B,ILE239,O,28.746,23.819,-34.362,B,ARG251,O,26.868,21.522,-34.252
Thermal Noise,RED,3.75,3.597,False,B,THR240,N,30.173,25.259,-33.482,B,ASP241,N,33.0,26.054,-35.559
Bound Backbone,BLUE,12.76,2.254,False,B,THR240,O,32.639,26.055,-33.334,B,ASP241,N,33.0,26.054,-35.559
Phase Boundary,YELLOW,4.813,3.034,False,B,THR240,OG1,30.346,26.838,-36.802,B,ASP241,N,33.0,26.054,-35.559
Bound Backbone,BLUE,5.376,3.479,False,B,THR240,OG1,30.346,26.838,-36.802,B,SER248,O,30.379,27.273,-40.254
Thermal Noise,RED,4.062,3.487,False,B,THR240,OG1,30.346,26.838,-36.802,B,CYS250,N,29.247,24.293,-38.917
Bound Backbone,BLUE,5.363,2.821,False,B,THR240,OG1,30.346,26.838,-36.802,B,THR273,O,28.046,28.193,-37.715
Thermal Noise,RED,3.618,3.477,False,B,ASP241,N,33.0,26.054,-35.559,B,GLY242,N,35.741,27.732,-36.885
Bound Backbone,BLUE,9.016,2.223,False,B,ASP241,O,34.502,26.143,-37.825,B,GLY242,N,35.741,27.732,-36.885
Thermal Noise,RED,3.668,3.783,False,B,ASP241,O,34.502,26.143,-37.825,B,LYS249,N,31.857,25.591,-40.473
Bound Backbone,BLUE,7.465,2.835,False,B,ASP241,O,34.502,26.143,-37.825,B,HOH556,O,34.916,24.895,-40.337
Phase Boundary,YELLOW,5.231,3.156,False,B,ASP241,OD1,37.203,25.973,-34.71,B,GLY242,N,35.741,27.732,-36.885
Thermal Noise,RED,3.772,3.655,False,B,GLY242,N,35.741,27.732,-36.885,B,SER243,N,36.915,30.29,-39.217
Thermal Noise,RED,3.097,3.902,False,B,GLY242,N,35.741,27.732,-36.885,B,SER248,OG,33.286,29.953,-38.95
Bound Backbone,BLUE,11.722,2.245,False,B,GLY242,O,35.79,30.365,-37.276,B,SER243,N,36.915,30.29,-39.217
Phase Boundary,YELLOW,4.595,3.486,False,B,GLY242,O,35.79,30.365,-37.276,B,SER243,O,34.804,32.272,-40.022
Thermal Noise,RED,3.566,3.493,False,B,GLY242,O,35.79,30.365,-37.276,B,ALA244,N,35.856,33.61,-38.566
Phase Boundary,YELLOW,5.166,3.04,False,B,GLY242,O,35.79,30.365,-37.276,B,SER248,OG,33.286,29.953,-38.95
Thermal Noise,RED,3.253,3.545,False,B,SER243,N,36.915,30.29,-39.217,B,ALA244,N,35.856,33.61,-38.566
Phase Boundary,YELLOW,5.132,3.136,False,B,SER243,N,36.915,30.29,-39.217,B,ILE247,O,35.293,28.511,-41.227
Thermal Noise,RED,3.007,3.654,False,B,SER243,N,36.915,30.29,-39.217,B,SER248,OG,33.286,29.953,-38.95
Bound Backbone,BLUE,10.122,2.24,False,B,SER243,O,34.804,32.272,-40.022,B,ALA244,N,35.856,33.61,-38.566
Thermal Noise,RED,2.733,3.827,False,B,SER243,O,34.804,32.272,-40.022,B,ALA244,O,33.44,35.847,-39.955
Thermal Noise,RED,3.943,3.227,False,B,SER243,O,34.804,32.272,-40.022,B,SER245,N,35.504,35.354,-40.672
Bound Backbone,BLUE,6.168,3.11,False,B,SER243,O,34.804,32.272,-40.022,B,GLY246,N,35.314,33.671,-42.752
Bound Backbone,BLUE,5.507,3.3,False,B,SER243,O,34.804,32.272,-40.022,B,GLY246,O,33.394,31.664,-42.943
Thermal Noise,RED,2.675,3.979,False,B,SER243,O,34.804,32.272,-40.022,B,ILE247,O,35.293,28.511,-41.227
Phase Boundary,YELLOW,4.907,2.972,False,B,SER243,O,34.804,32.272,-40.022,B,SER248,OG,33.286,29.953,-38.95
Thermal Noise,RED,3.295,3.585,False,B,SER243,O,34.804,32.272,-40.022,B,HIS272,ND1,31.404,31.929,-41.107
Phase Boundary,YELLOW,5.264,3.185,False,B,SER243,OG,38.04,33.401,-40.875,B,ALA244,N,35.856,33.61,-38.566
Thermal Noise,RED,3.9,3.207,False,B,SER243,OG,38.04,33.401,-40.875,B,SER245,N,35.504,35.354,-40.672
Thermal Noise,RED,3.101,3.686,False,B,SER243,OG,38.04,33.401,-40.875,B,SER245,OG,37.662,36.91,-41.94
Phase Boundary,YELLOW,4.367,3.321,False,B,SER243,OG,38.04,33.401,-40.875,B,GLY246,N,35.314,33.671,-42.752
Bound Backbone,BLUE,6.252,2.929,False,B,SER243,OG,38.04,33.401,-40.875,B,HOH572,O,39.987,33.852,-38.734
Bound Backbone,BLUE,7.221,2.757,False,B,ALA244,N,35.856,33.61,-38.566,B,SER245,N,35.504,35.354,-40.672
Bound Backbone,BLUE,8.497,2.24,False,B,ALA244,O,33.44,35.847,-39.955,B,SER245,N,35.504,35.354,-40.672
Thermal Noise,RED,3.308,3.617,False,B,ALA244,O,33.44,35.847,-39.955,B,ASN293,O,30.734,37.869,-41.247
Bound Backbone,BLUE,5.528,2.974,False,B,ALA244,O,33.44,35.847,-39.955,B,ASN293,ND2,31.978,37.751,-38.199
Thermal Noise,RED,3.146,3.925,False,B,ALA244,O,33.44,35.847,-39.955,B,SER294,N,30.233,35.934,-42.217
Bound Backbone,BLUE,7.691,2.682,False,B,SER245,N,35.504,35.354,-40.672,B,GLY246,N,35.314,33.671,-42.752
Bound Backbone,BLUE,9.923,2.254,False,B,SER245,O,35.939,35.289,-44.191,B,GLY246,N,35.314,33.671,-42.752
Phase Boundary,YELLOW,4.167,3.116,False,B,SER245,O,35.939,35.289,-44.191,B,SER294,OG,32.863,35.01,-44.606
Thermal Noise,RED,3.266,3.56,False,B,GLY246,N,35.314,33.671,-42.752,B,ILE247,N,35.016,30.221,-43.579
Phase Boundary,YELLOW,4.254,3.352,False,B,GLY246,N,35.314,33.671,-42.752,B,SER294,OG,32.863,35.01,-44.606
Bound Backbone,BLUE,8.213,2.262,False,B,GLY246,O,33.394,31.664,-42.943,B,ILE247,N,35.016,30.221,-43.579
Thermal Noise,RED,3.277,3.683,False,B,GLY246,O,33.394,31.664,-42.943,B,SER248,N,33.02,28.338,-41.405
Bound Backbone,BLUE,6.974,2.721,False,B,GLY246,O,33.394,31.664,-42.943,B,HIS272,ND1,31.404,31.929,-41.107
Thermal Noise,RED,3.157,3.774,False,B,GLY246,O,33.394,31.664,-42.943,B,SER294,OG,32.863,35.01,-44.606
Phase Boundary,YELLOW,4.752,3.705,False,B,GLY246,O,33.394,31.664,-42.943,B,TYR295,OH,33.763,31.571,-46.628
Thermal Noise,RED,4.067,3.501,False,B,ILE247,N,35.016,30.221,-43.579,B,SER248,N,33.02,28.338,-41.405
Phase Boundary,YELLOW,4.624,3.562,False,B,ILE247,N,35.016,30.221,-43.579,B,TYR295,OH,33.763,31.571,-46.628
Bound Backbone,BLUE,7.684,2.287,False,B,ILE247,O,35.293,28.511,-41.227,B,SER248,N,33.02,28.338,-41.405
Phase Boundary,YELLOW,4.58,3.36,False,B,ILE247,O,35.293,28.511,-41.227,B,SER248,OG,33.286,29.953,-38.95
Thermal Noise,RED,2.959,3.743,False,B,ILE247,O,35.293,28.511,-41.227,B,HOH556,O,34.916,24.895,-40.337
Phase Boundary,YELLOW,4.329,3.125,False,B,SER248,N,33.02,28.338,-41.405,B,LYS249,N,31.857,25.591,-40.473
Bound Backbone,BLUE,5.984,3.048,False,B,SER248,N,33.02,28.338,-41.405,B,GLU271,O,31.123,28.434,-43.789
Thermal Noise,RED,2.575,3.949,False,B,SER248,N,33.02,28.338,-41.405,B,HIS272,ND1,31.404,31.929,-41.107
Bound Backbone,BLUE,7.954,2.25,False,B,SER248,O,30.379,27.273,-40.254,B,LYS249,N,31.857,25.591,-40.473
Thermal Noise,RED,3.668,3.457,False,B,SER248,O,30.379,27.273,-40.254,B,CYS250,N,29.247,24.293,-38.917
Phase Boundary,YELLOW,4.315,3.794,False,B,SER248,O,30.379,27.273,-40.254,B,GLU271,O,31.123,28.434,-43.789
Thermal Noise,RED,4.06,3.794,False,B,SER248,O,30.379,27.273,-40.254,B,HIS272,N,28.924,28.638,-43.481
Phase Boundary,YELLOW,4.192,3.091,False,B,SER248,O,30.379,27.273,-40.254,B,THR273,N,27.706,28.821,-40.372
Phase Boundary,YELLOW,4.155,3.569,False,B,SER248,O,30.379,27.273,-40.254,B,THR273,O,28.046,28.193,-37.715
Thermal Noise,RED,2.983,3.746,False,B,SER248,O,30.379,27.273,-40.254,B,HOH558,O,27.442,25.176,-41.257
Phase Boundary,YELLOW,4.117,3.478,False,B,SER248,OG,33.286,29.953,-38.95,B,HIS272,ND1,31.404,31.929,-41.107
Thermal Noise,RED,2.615,3.927,False,B,SER248,OG,33.286,29.953,-38.95,B,HIS272,NE2,30.392,32.572,-39.378
Phase Boundary,YELLOW,4.183,3.304,False,B,LYS249,N,31.857,25.591,-40.473,B,CYS250,N,29.247,24.293,-38.917
Thermal Noise,RED,4.064,3.14,False,B,LYS249,N,31.857,25.591,-40.473,B,HOH556,O,34.916,24.895,-40.337
Bound Backbone,BLUE,7.981,2.249,False,B,LYS249,O,31.296,23.404,-38.653,B,CYS250,N,29.247,24.293,-38.917
Thermal Noise,RED,3.611,3.329,False,B,LYS249,O,31.296,23.404,-38.653,B,CYS250,O,28.423,21.722,-38.657
Thermal Noise,RED,3.199,3.685,False,B,LYS249,O,31.296,23.404,-38.653,B,HOH598,O,33.13,20.507,-40.003
Thermal Noise,RED,3.931,3.643,False,B,CYS250,N,29.247,24.293,-38.917,B,ARG251,N,28.254,21.853,-36.401
Phase Boundary,YELLOW,4.488,3.384,False,B,CYS250,N,29.247,24.293,-38.917,B,HOH550,O,27.491,22.489,-41.178
Bound Backbone,BLUE,5.748,3.084,False,B,CYS250,N,29.247,24.293,-38.917,B,HOH558,O,27.442,25.176,-41.257
Bound Backbone,BLUE,12.708,2.266,False,B,CYS250,O,28.423,21.722,-38.657,B,ARG251,N,28.254,21.853,-36.401
Bound Backbone,BLUE,7.775,2.795,False,B,CYS250,O,28.423,21.722,-38.657,B,HOH550,O,27.491,22.489,-41.178
Thermal Noise,RED,3.579,3.607,False,B,CYS250,O,28.423,21.722,-38.657,B,HOH584,O,29.811,18.94,-40.486
Thermal Noise,RED,3.41,3.647,False,B,CYS250,SG,25.951,24.135,-38.072,B,ARG251,N,28.254,21.853,-36.401
Thermal Noise,RED,3.85,3.838,False,B,CYS250,SG,25.951,24.135,-38.072,B,HOH550,O,27.491,22.489,-41.178
Phase Boundary,YELLOW,4.403,3.668,False,B,CYS250,SG,25.951,24.135,-38.072,B,HOH558,O,27.442,25.176,-41.257
Thermal Noise,RED,3.561,3.564,False,B,ARG251,N,28.254,21.853,-36.401,B,PHE252,N,26.16,19.463,-34.786
Bound Backbone,BLUE,8.25,2.242,False,B,ARG251,O,26.868,21.522,-34.252,B,PHE252,N,26.16,19.463,-34.786
Bound Backbone,BLUE,5.335,3.099,False,B,ARG251,NH1,33.78,18.282,-37.946,B,HOH598,O,33.13,20.507,-40.003
Phase Boundary,YELLOW,5.215,3.47,False,B,PHE252,N,26.16,19.463,-34.786,B,LEU253,N,25.635,18.468,-31.503
Bound Backbone,BLUE,5.953,2.986,False,B,PHE252,N,26.16,19.463,-34.786,B,ILE264,O,26.204,17.379,-36.924
Bound Backbone,BLUE,10.942,2.271,False,B,PHE252,O,26.041,17.176,-33.326,B,LEU253,N,25.635,18.468,-31.503
Bound Backbone,BLUE,6.325,2.864,False,B,PHE252,O,26.041,17.176,-33.326,B,ILE264,N,26.26,15.095,-35.282
Phase Boundary,YELLOW,5.022,3.607,False,B,PHE252,O,26.041,17.176,-33.326,B,ILE264,O,26.204,17.379,-36.924
Thermal Noise,RED,3.794,3.501,False,B,LEU253,N,25.635,18.468,-31.503,B,LYS254,N,24.415,15.703,-29.735
Bound Backbone,BLUE,7.768,2.27,False,B,LEU253,O,23.653,17.841,-29.745,B,LYS254,N,24.415,15.703,-29.735
Bound Backbone,BLUE,5.827,3.266,False,B,LYS254,N,24.415,15.703,-29.735,B,ILE255,N,23.355,15.182,-26.69
Phase Boundary,YELLOW,5.253,2.946,False,B,LYS254,N,24.415,15.703,-29.735,B,LYS262,O,26.241,13.846,-31.111
Bound Backbone,BLUE,9.098,2.246,False,B,LYS254,O,24.743,13.785,-27.771,B,ILE255,N,23.355,15.182,-26.69
Phase Boundary,YELLOW,5.23,2.812,False,B,LYS254,O,24.743,13.785,-27.771,B,ILE261,N,26.328,11.553,-27.129
Phase Boundary,YELLOW,4.12,3.463,False,B,LYS254,O,24.743,13.785,-27.771,B,LYS262,N,26.13,11.408,-29.873
Phase Boundary,YELLOW,4.567,3.661,False,B,LYS254,O,24.743,13.785,-27.771,B,LYS262,O,26.241,13.846,-31.111
Thermal Noise,RED,3.58,3.913,False,B,LYS254,NZ,19.652,10.118,-30.393,B,ASP309,OD1,19.182,12.607,-33.376
Bound Backbone,BLUE,7.588,2.919,False,B,LYS254,NZ,19.652,10.118,-30.393,B,ASP309,OD2,19.89,10.584,-33.265
Phase Boundary,YELLOW,4.695,2.995,False,B,LYS254,NZ,19.652,10.118,-30.393,B,HOH600,O,17.548,8.167,-29.534
Thermal Noise,RED,3.288,3.8,False,B,LYS254,NZ,19.652,10.118,-30.393,B,HOH612,O,16.497,9.607,-32.448
Phase Boundary,YELLOW,4.686,3.512,False,B,ILE255,N,23.355,15.182,-26.69,B,ARG256,N,23.063,13.274,-23.756
Bound Backbone,BLUE,8.663,2.225,False,B,ILE255,O,21.666,14.837,-24.501,B,ARG256,N,23.063,13.274,-23.756
Phase Boundary,YELLOW,4.345,3.757,False,B,ILE255,O,21.666,14.837,-24.501,B,HOH524,O,22.518,16.093,-21.064
Phase Boundary,YELLOW,4.079,3.844,False,B,ILE255,O,21.666,14.837,-24.501,B,HOH684,O,19.928,14.822,-21.072
Bound Backbone,BLUE,5.744,3.336,False,B,ARG256,N,23.063,13.274,-23.756,B,GLU257,N,22.248,13.122,-20.525
Phase Boundary,YELLOW,4.999,2.837,False,B,ARG256,N,23.063,13.274,-23.756,B,ARG259,O,25.817,12.644,-24.01
Thermal Noise,RED,3.353,3.936,False,B,ARG256,N,23.063,13.274,-23.756,B,HOH524,O,22.518,16.093,-21.064
Bound Backbone,BLUE,8.884,2.241,False,B,ARG256,O,23.924,11.978,-21.475,B,GLU257,N,22.248,13.122,-20.525
Phase Boundary,YELLOW,5.103,3.454,False,B,ARG256,O,23.924,11.978,-21.475,B,GLU257,O,25.03,12.943,-18.348
Phase Boundary,YELLOW,4.958,3.077,False,B,ARG256,O,23.924,11.978,-21.475,B,GLY258,N,24.502,14.539,-19.87
Phase Boundary,YELLOW,4.487,2.986,False,B,ARG256,O,23.924,11.978,-21.475,B,ARG259,N,26.507,13.477,-21.49
Bound Backbone,BLUE,5.326,3.233,False,B,ARG256,O,23.924,11.978,-21.475,B,ARG259,O,25.817,12.644,-24.01
Thermal Noise,RED,2.953,3.688,False,B,ARG256,NH1,17.454,10.034,-23.82,B,HOH613,O,14.264,8.204,-23.539
Bound Backbone,BLUE,5.499,2.873,False,B,ARG256,NH2,16.802,8.472,-22.219,B,HOH613,O,14.264,8.204,-23.539
Bound Backbone,BLUE,5.517,2.742,False,B,GLU257,N,22.248,13.122,-20.525,B,GLY258,N,24.502,14.539,-19.87
Phase Boundary,YELLOW,4.442,3.032,False,B,GLU257,N,22.248,13.122,-20.525,B,HOH524,O,22.518,16.093,-21.064
Phase Boundary,YELLOW,4.773,2.928,False,B,GLU257,N,22.248,13.122,-20.525,B,HOH684,O,19.928,14.822,-21.072
Bound Backbone,BLUE,10.013,2.268,False,B,GLU257,O,25.03,12.943,-18.348,B,GLY258,N,24.502,14.539,-19.87
Phase Boundary,YELLOW,4.895,3.513,False,B,GLU257,O,25.03,12.943,-18.348,B,ARG259,N,26.507,13.477,-21.49
Thermal Noise,RED,2.971,3.77,False,B,GLU257,O,25.03,12.943,-18.348,B,ARG259,NH1,27.825,10.669,-17.239
Bound Backbone,BLUE,6.256,2.788,False,B,GLY258,N,24.502,14.539,-19.87,B,ARG259,N,26.507,13.477,-21.49
Bound Backbone,BLUE,5.746,2.789,False,B,GLY258,N,24.502,14.539,-19.87,B,HOH524,O,22.518,16.093,-21.064
Bound Backbone,BLUE,8.822,2.207,False,B,GLY258,O,27.953,14.966,-20.741,B,ARG259,N,26.507,13.477,-21.49
Phase Boundary,YELLOW,5.123,3.458,False,B,ARG259,N,26.507,13.477,-21.49,B,ILE260,N,27.897,13.228,-24.646
Bound Backbone,BLUE,8.291,2.252,False,B,ARG259,O,25.817,12.644,-24.01,B,ILE260,N,27.897,13.228,-24.646
Thermal Noise,RED,3.445,3.785,False,B,ARG259,O,25.817,12.644,-24.01,B,ILE260,O,28.348,11.01,-26.301
Bound Backbone,BLUE,5.562,3.344,False,B,ARG259,O,25.817,12.644,-24.01,B,ILE261,N,26.328,11.553,-27.129
Phase Boundary,YELLOW,4.702,3.381,False,B,ILE260,N,27.897,13.228,-24.646,B,ILE261,N,26.328,11.553,-27.129
Bound Backbone,BLUE,8.59,2.25,False,B,ILE260,O,28.348,11.01,-26.301,B,ILE261,N,26.328,11.553,-27.129
Bound Backbone,BLUE,8.602,2.755,False,B,ILE261,N,26.328,11.553,-27.129,B,LYS262,N,26.13,11.408,-29.873
Bound Backbone,BLUE,8.074,2.227,False,B,ILE261,O,25.881,9.196,-29.798,B,LYS262,N,26.13,11.408,-29.873
Phase Boundary,YELLOW,4.711,3.526,False,B,LYS262,N,26.13,11.408,-29.873,B,GLU263,N,27.276,12.845,-32.882
Bound Backbone,BLUE,10.625,2.282,False,B,LYS262,O,26.241,13.846,-31.111,B,GLU263,N,27.276,12.845,-32.882
Phase Boundary,YELLOW,4.613,3.077,False,B,LYS262,NZ,21.904,8.571,-34.432,B,ASP309,OD2,19.89,10.584,-33.265
Phase Boundary,YELLOW,4.42,3.443,False,B,GLU263,N,27.276,12.845,-32.882,B,ILE264,N,26.26,15.095,-35.282
Thermal Noise,RED,3.324,3.582,False,B,GLU263,N,27.276,12.845,-32.882,B,HOH593,O,29.598,10.372,-31.732
Bound Backbone,BLUE,7.959,2.246,False,B,GLU263,O,26.629,12.885,-35.432,B,ILE264,N,26.26,15.095,-35.282
Phase Boundary,YELLOW,4.513,3.303,False,B,GLU263,OE1,31.632,12.052,-33.72,B,HOH593,O,29.598,10.372,-31.732
Bound Backbone,BLUE,5.801,3.326,False,B,ILE264,N,26.26,15.095,-35.282,B,PHE265,N,26.476,15.819,-38.521
Bound Backbone,BLUE,10.451,2.249,False,B,ILE264,O,26.204,17.379,-36.924,B,PHE265,N,26.476,15.819,-38.521
Phase Boundary,YELLOW,4.426,3.772,False,B,ILE264,O,26.204,17.379,-36.924,B,PRO266,N,25.748,18.475,-40.504
Phase Boundary,YELLOW,4.23,3.394,False,B,PHE265,N,26.476,15.819,-38.521,B,PRO266,N,25.748,18.475,-40.504
Phase Boundary,YELLOW,4.646,3.036,False,B,PHE265,N,26.476,15.819,-38.521,B,HOH571,O,25.233,13.239,-39.53
Bound Backbone,BLUE,8.79,2.213,False,B,PHE265,O,25.636,16.401,-41.269,B,PRO266,N,25.748,18.475,-40.504
Phase Boundary,YELLOW,4.752,3.242,False,B,PHE265,O,25.636,16.401,-41.269,B,PRO266,O,26.303,18.844,-43.293
Thermal Noise,RED,3.37,3.868,False,B,PHE265,O,25.636,16.401,-41.269,B,THR267,N,24.094,18.944,-43.743
Phase Boundary,YELLOW,5.052,2.815,False,B,PHE265,O,25.636,16.401,-41.269,B,HOH552,O,23.033,15.331,-41.22
Thermal Noise,RED,3.478,3.631,False,B,PHE265,O,25.636,16.401,-41.269,B,HOH571,O,25.233,13.239,-39.53
Phase Boundary,YELLOW,4.454,3.667,False,B,PRO266,N,25.748,18.475,-40.504,B,THR267,N,24.094,18.944,-43.743
Bound Backbone,BLUE,8.058,2.257,False,B,PRO266,O,26.303,18.844,-43.293,B,THR267,N,24.094,18.944,-43.743
Thermal Noise,RED,3.039,3.997,False,B,PRO266,O,26.303,18.844,-43.293,B,THR267,OG1,24.038,16.501,-45.608
Bound Backbone,BLUE,5.296,2.783,False,B,PRO266,O,26.303,18.844,-43.293,B,HOH690,O,28.647,20.239,-42.739
Phase Boundary,YELLOW,4.532,3.66,False,B,THR267,N,24.094,18.944,-43.743,B,GLY268,N,23.903,20.516,-47.043
Phase Boundary,YELLOW,4.732,3.091,False,B,THR267,N,24.094,18.944,-43.743,B,ALA311,O,21.466,18.106,-42.349
Bound Backbone,BLUE,11.772,2.251,False,B,THR267,O,22.89,20.881,-45.066,B,GLY268,N,23.903,20.516,-47.043
Phase Boundary,YELLOW,5.209,2.927,False,B,THR267,O,22.89,20.881,-45.066,B,ILE313,N,20.867,22.591,-43.82
Thermal Noise,RED,2.909,3.78,False,B,THR267,O,22.89,20.881,-45.066,B,ILE313,O,21.315,24.188,-46.001
Thermal Noise,RED,3.909,3.465,False,B,THR267,OG1,24.038,16.501,-45.608,B,HOH578,O,21.329,15.314,-43.803
Thermal Noise,RED,3.078,3.623,False,B,GLY268,N,23.903,20.516,-47.043,B,ARG269,N,23.689,24.105,-47.493
Bound Backbone,BLUE,8.451,2.219,False,B,GLY268,O,25.4,22.806,-48.05,B,ARG269,N,23.689,24.105,-47.493
Bound Backbone,BLUE,5.638,2.994,False,B,GLY268,O,25.4,22.806,-48.05,B,VAL270,N,26.32,24.908,-46.127
Thermal Noise,RED,2.636,3.902,False,B,GLY268,O,25.4,22.806,-48.05,B,HOH615,O,28.834,24.64,-48.307
Phase Boundary,YELLOW,4.777,3.071,False,B,ARG269,N,23.689,24.105,-47.493,B,VAL270,N,26.32,24.908,-46.127
Bound Backbone,BLUE,6.002,2.805,False,B,ARG269,N,23.689,24.105,-47.493,B,ILE313,O,21.315,24.188,-46.001
Phase Boundary,YELLOW,4.224,3.642,False,B,ARG269,N,23.689,24.105,-47.493,B,ARG314,NH1,21.637,23.262,-50.382
Bound Backbone,BLUE,8.903,2.243,False,B,ARG269,O,24.544,25.874,-45.155,B,VAL270,N,26.32,24.908,-46.127
Thermal Noise,RED,2.955,3.74,False,B,ARG269,O,24.544,25.874,-45.155,B,ILE313,O,21.315,24.188,-46.001
Bound Backbone,BLUE,5.683,2.868,False,B,ARG269,O,24.544,25.874,-45.155,B,HOH560,O,25.928,27.909,-43.683
Thermal Noise,RED,3.183,3.615,False,B,ARG269,NE,25.053,29.893,-47.16,B,GLU271,OE1,27.536,27.424,-48.059
Thermal Noise,RED,3.396,3.764,False,B,ARG269,NE,25.053,29.893,-47.16,B,GLU271,OE2,28.06,29.107,-49.284
Bound Backbone,BLUE,6.7,3.078,False,B,ARG269,NE,25.053,29.893,-47.16,B,HOH568,O,24.663,30.668,-50.113
Thermal Noise,RED,3.12,3.78,False,B,ARG269,NH1,25.979,30.386,-45.082,B,HIS272,N,28.924,28.638,-43.481
Bound Backbone,BLUE,5.663,3.347,False,B,ARG269,NH1,25.979,30.386,-45.082,B,HIS272,O,26.928,30.337,-41.873
Phase Boundary,YELLOW,5.015,2.87,False,B,ARG269,NH1,25.979,30.386,-45.082,B,ASP292,OD2,27.001,32.989,-44.435
Bound Backbone,BLUE,5.704,2.845,False,B,ARG269,NH1,25.979,30.386,-45.082,B,HOH560,O,25.928,27.909,-43.683
Bound Backbone,BLUE,7.563,2.797,False,B,ARG269,NH2,26.11,31.919,-46.861,B,ASP292,OD2,27.001,32.989,-44.435
Bound Backbone,BLUE,6.502,3.007,False,B,ARG269,NH2,26.11,31.919,-46.861,B,ASN339,OD1,25.634,33.385,-49.443
Phase Boundary,YELLOW,4.141,3.773,False,B,ARG269,NH2,26.11,31.919,-46.861,B,HOH568,O,24.663,30.668,-50.113
Phase Boundary,YELLOW,5.11,2.841,False,B,VAL270,N,26.32,24.908,-46.127,B,GLU271,N,28.604,26.478,-45.502
Phase Boundary,YELLOW,4.181,3.397,False,B,VAL270,N,26.32,24.908,-46.127,B,GLU271,OE1,27.536,27.424,-48.059
Thermal Noise,RED,3.309,3.89,False,B,VAL270,N,26.32,24.908,-46.127,B,HOH560,O,25.928,27.909,-43.683
Phase Boundary,YELLOW,4.566,3.338,False,B,VAL270,N,26.32,24.908,-46.127,B,HOH615,O,28.834,24.64,-48.307
Bound Backbone,BLUE,11.868,2.221,False,B,VAL270,O,28.927,25.364,-43.608,B,GLU271,N,28.604,26.478,-45.502
Thermal Noise,RED,2.807,3.779,False,B,VAL270,O,28.927,25.364,-43.608,B,GLU271,O,31.123,28.434,-43.789
Thermal Noise,RED,3.732,3.276,False,B,VAL270,O,28.927,25.364,-43.608,B,HIS272,N,28.924,28.638,-43.481
Bound Backbone,BLUE,7.485,2.787,False,B,VAL270,O,28.927,25.364,-43.608,B,HOH558,O,27.442,25.176,-41.257
Thermal Noise,RED,2.586,3.934,False,B,VAL270,O,28.927,25.364,-43.608,B,HOH560,O,25.928,27.909,-43.683
Bound Backbone,BLUE,5.848,2.975,False,B,GLU271,N,28.604,26.478,-45.502,B,HIS272,N,28.924,28.638,-43.481
Thermal Noise,RED,3.735,3.538,False,B,GLU271,N,28.604,26.478,-45.502,B,HOH560,O,25.928,27.909,-43.683
Phase Boundary,YELLOW,5.111,3.361,False,B,GLU271,N,28.604,26.478,-45.502,B,HOH615,O,28.834,24.64,-48.307
Bound Backbone,BLUE,8.147,2.23,False,B,GLU271,O,31.123,28.434,-43.789,B,HIS272,N,28.924,28.638,-43.481
Phase Boundary,YELLOW,4.231,3.082,False,B,GLU271,OE1,27.536,27.424,-48.059,B,HOH615,O,28.834,24.64,-48.307
Thermal Noise,RED,2.811,3.829,False,B,GLU271,OE2,28.06,29.107,-49.284,B,HOH568,O,24.663,30.668,-50.113
Bound Backbone,BLUE,5.547,3.344,False,B,HIS272,N,28.924,28.638,-43.481,B,THR273,N,27.706,28.821,-40.372
Phase Boundary,YELLOW,4.203,3.09,False,B,HIS272,N,28.924,28.638,-43.481,B,HOH560,O,25.928,27.909,-43.683
Bound Backbone,BLUE,9.919,2.271,False,B,HIS272,O,26.928,30.337,-41.873,B,THR273,N,27.706,28.821,-40.372
Thermal Noise,RED,3.404,3.501,False,B,HIS272,O,26.928,30.337,-41.873,B,THR273,OG1,25.708,27.182,-40.972
Thermal Noise,RED,3.706,3.922,False,B,HIS272,O,26.928,30.337,-41.873,B,ARG291,O,26.056,32.427,-38.671
Thermal Noise,RED,3.846,3.688,False,B,HIS272,O,26.928,30.337,-41.873,B,ASP292,OD2,27.001,32.989,-44.435
Phase Boundary,YELLOW,4.741,3.189,False,B,HIS272,O,26.928,30.337,-41.873,B,HOH560,O,25.928,27.909,-43.683
Phase Boundary,YELLOW,4.927,3.644,False,B,HIS272,NE2,30.392,32.572,-39.378,B,GLU274,OE1,30.445,32.751,-35.739
Thermal Noise,RED,3.869,3.845,False,B,HIS272,NE2,30.392,32.572,-39.378,B,GLU274,OE2,29.233,34.435,-36.221
Thermal Noise,RED,3.803,3.305,False,B,HIS272,NE2,30.392,32.572,-39.378,B,ASN293,N,28.539,35.187,-40.183
Phase Boundary,YELLOW,5.149,3.433,False,B,THR273,N,27.706,28.821,-40.372,B,GLU274,N,26.692,29.913,-37.279
Thermal Noise,RED,2.93,3.76,False,B,THR273,N,27.706,28.821,-40.372,B,HOH558,O,27.442,25.176,-41.257
Thermal Noise,RED,3.924,3.867,False,B,THR273,N,27.706,28.821,-40.372,B,HOH560,O,25.928,27.909,-43.683
Bound Backbone,BLUE,8.228,2.232,False,B,THR273,O,28.046,28.193,-37.715,B,GLU274,N,26.692,29.913,-37.279
Bound Backbone,BLUE,5.668,2.667,False,B,THR273,OG1,25.708,27.182,-40.972,B,HOH558,O,27.442,25.176,-41.257
Bound Backbone,BLUE,8.028,2.815,False,B,THR273,OG1,25.708,27.182,-40.972,B,HOH560,O,25.928,27.909,-43.683
Phase Boundary,YELLOW,4.782,3.647,False,B,GLU274,N,26.692,29.913,-37.279,B,GLU275,N,26.08,30.689,-33.768
Bound Backbone,BLUE,5.278,2.943,False,B,GLU274,N,26.692,29.913,-37.279,B,ARG291,O,26.056,32.427,-38.671
Bound Backbone,BLUE,11.312,2.273,False,B,GLU274,O,24.994,31.192,-35.7,B,GLU275,N,26.08,30.689,-33.768
Phase Boundary,YELLOW,4.669,3.401,False,B,GLU274,O,24.994,31.192,-35.7,B,GLU275,O,22.807,31.852,-33.181
Bound Backbone,BLUE,5.33,3.164,False,B,GLU274,O,24.994,31.192,-35.7,B,CYS276,N,23.399,29.699,-33.412
Bound Backbone,BLUE,6.451,2.793,False,B,GLU274,O,24.994,31.192,-35.7,B,ARG291,N,23.549,32.792,-37.475
Phase Boundary,YELLOW,5.192,3.388,False,B,GLU274,O,24.994,31.192,-35.7,B,ARG291,O,26.056,32.427,-38.671
Ligand Boundary Hotspot,ORANGE,4.149,3.386,True,B,GLU274,OE1,30.445,32.751,-35.739,B,ZMR466,O8,30.283,35.586,-33.894
Ligand Boundary Hotspot,ORANGE,5.214,2.808,True,B,GLU274,OE1,30.445,32.751,-35.739,B,ZMR466,O9,32.563,34.501,-35.161
Bound Backbone,BLUE,6.334,3.203,False,B,GLU274,OE1,30.445,32.751,-35.739,B,HOH685,O,30.024,32.9,-32.567
Thermal Noise,RED,3.857,3.234,False,B,GLU274,OE2,29.233,34.435,-36.221,B,ARG291,NE,27.648,37.231,-35.864
Ligand Bound Core,BLUE,7.346,2.8,True,B,GLU274,OE2,29.233,34.435,-36.221,B,ZMR466,O8,30.283,35.586,-33.894
Ligand Fluctuation Noise,RED,3.468,3.495,True,B,GLU274,OE2,29.233,34.435,-36.221,B,ZMR466,O9,32.563,34.501,-35.161
Phase Boundary,YELLOW,4.872,2.88,False,B,GLU275,N,26.08,30.689,-33.768,B,CYS276,N,23.399,29.699,-33.412
Bound Backbone,BLUE,5.34,2.943,False,B,GLU275,N,26.08,30.689,-33.768,B,HOH699,O,28.614,30.341,-32.312
Bound Backbone,BLUE,7.995,2.245,False,B,GLU275,O,22.807,31.852,-33.181,B,CYS276,N,23.399,29.699,-33.412
Thermal Noise,RED,4.042,3.413,False,B,GLU275,O,22.807,31.852,-33.181,B,CYS276,O,21.542,29.241,-31.383
Thermal Noise,RED,3.398,3.443,False,B,GLU275,O,22.807,31.852,-33.181,B,THR277,N,19.942,29.975,-32.83
Thermal Noise,RED,3.004,3.786,False,B,GLU275,O,22.807,31.852,-33.181,B,THR277,OG1,19.302,32.436,-31.874
Bound Backbone,BLUE,5.571,3.333,False,B,GLU275,O,22.807,31.852,-33.181,B,LYS348,NZ,21.591,32.165,-30.094
Bound Backbone,BLUE,5.819,2.836,False,B,GLU275,O,22.807,31.852,-33.181,B,HOH510,O,21.151,33.629,-34.645
Thermal Noise,RED,3.716,3.912,False,B,GLU275,OE1,26.235,35.448,-32.681,B,ARG291,NE,27.648,37.231,-35.864
Phase Boundary,YELLOW,5.172,2.867,False,B,GLU275,OE1,26.235,35.448,-32.681,B,ARG291,NH1,27.654,37.772,-33.579
Thermal Noise,RED,3.036,3.666,False,B,GLU275,OE1,26.235,35.448,-32.681,B,LYS348,N,23.461,37.758,-33.318
Phase Boundary,YELLOW,4.797,3.201,False,B,GLU275,OE1,26.235,35.448,-32.681,B,TYR408,OH,27.624,37.602,-30.763
Thermal Noise,RED,3.853,3.611,False,B,GLU275,OE2,27.806,34.982,-31.292,B,ARG291,NH1,27.654,37.772,-33.579
Bound Backbone,BLUE,5.714,2.679,False,B,GLU275,OE2,27.806,34.982,-31.292,B,TYR408,OH,27.624,37.602,-30.763
Ligand Fluctuation Noise,RED,3.995,3.643,True,B,GLU275,OE2,27.806,34.982,-31.292,B,ZMR466,O8,30.283,35.586,-33.894
Thermal Noise,RED,4.028,3.298,False,B,GLU275,OE2,27.806,34.982,-31.292,B,HOH685,O,30.024,32.9,-32.567
Bound Backbone,BLUE,6.409,2.756,False,B,GLU275,OE2,27.806,34.982,-31.292,B,HOH686,O,29.588,33.625,-29.687
Thermal Noise,RED,3.293,3.516,False,B,CYS276,N,23.399,29.699,-33.412,B,THR277,N,19.942,29.975,-32.83
Bound Backbone,BLUE,9.685,2.279,False,B,CYS276,O,21.542,29.241,-31.383,B,THR277,N,19.942,29.975,-32.83
Thermal Noise,RED,2.613,3.933,False,B,CYS276,O,21.542,29.241,-31.383,B,THR277,OG1,19.302,32.436,-31.874
Thermal Noise,RED,2.535,3.977,False,B,CYS276,O,21.542,29.241,-31.383,B,CYS278,N,17.796,27.921,-31.587
Phase Boundary,YELLOW,4.324,3.196,False,B,CYS276,O,21.542,29.241,-31.383,B,LYS348,NZ,21.591,32.165,-30.094
Thermal Noise,RED,3.161,3.984,False,B,CYS276,O,21.542,29.241,-31.383,B,HOH520,O,18.565,28.415,-28.868
Bound Backbone,BLUE,12.374,2.033,False,B,CYS276,SG,22.77,27.553,-35.777,B,CYS290,SG,21.611,28.545,-37.121
Phase Boundary,YELLOW,4.225,3.22,False,B,THR277,N,19.942,29.975,-32.83,B,CYS278,N,17.796,27.921,-31.587
Bound Backbone,BLUE,6.718,2.98,False,B,THR277,N,19.942,29.975,-32.83,B,ALA289,O,19.44,31.312,-35.445
Thermal Noise,RED,3.515,3.873,False,B,THR277,N,19.942,29.975,-32.83,B,LYS348,NZ,21.591,32.165,-30.094
Bound Backbone,BLUE,11.498,2.246,False,B,THR277,O,17.337,29.048,-33.475,B,CYS278,N,17.796,27.921,-31.587
Thermal Noise,RED,2.728,3.924,False,B,THR277,O,17.337,29.048,-33.475,B,GLU287,O,15.333,25.858,-34.574
Bound Backbone,BLUE,7.48,2.937,False,B,THR277,O,17.337,29.048,-33.475,B,ALA289,N,17.647,29.523,-36.357
Thermal Noise,RED,3.528,3.665,False,B,THR277,O,17.337,29.048,-33.475,B,ALA289,O,19.44,31.312,-35.445
Phase Boundary,YELLOW,4.5,3.746,False,B,THR277,OG1,19.302,32.436,-31.874,B,ALA289,O,19.44,31.312,-35.445
Bound Backbone,BLUE,5.84,2.912,False,B,THR277,OG1,19.302,32.436,-31.874,B,LYS348,NZ,21.591,32.165,-30.094
Bound Backbone,BLUE,5.758,2.763,False,B,THR277,OG1,19.302,32.436,-31.874,B,GLY349,O,18.026,34.633,-32.959
Phase Boundary,YELLOW,4.444,3.538,False,B,THR277,OG1,19.302,32.436,-31.874,B,HOH510,O,21.151,33.629,-34.645
Thermal Noise,RED,3.001,3.652,False,B,CYS278,N,17.796,27.921,-31.587,B,GLY279,N,14.922,25.669,-31.504
Thermal Noise,RED,3.743,3.846,False,B,CYS278,N,17.796,27.921,-31.587,B,HOH500,O,16.134,29.688,-28.603
Bound Backbone,BLUE,7.645,2.869,False,B,CYS278,N,17.796,27.921,-31.587,B,HOH520,O,18.565,28.415,-28.868
Bound Backbone,BLUE,10.09,2.26,False,B,CYS278,O,15.71,27.145,-29.985,B,GLY279,N,14.922,25.669,-31.504
Bound Backbone,BLUE,5.342,2.925,False,B,CYS278,O,15.71,27.145,-29.985,B,HOH500,O,16.134,29.688,-28.603
Bound Backbone,BLUE,6.683,2.945,False,B,CYS278,O,15.71,27.145,-29.985,B,HOH503,O,14.122,26.934,-27.514
Thermal Noise,RED,3.896,3.318,False,B,CYS278,O,15.71,27.145,-29.985,B,HOH520,O,18.565,28.415,-28.868
Phase Boundary,YELLOW,5.002,2.839,False,B,CYS278,O,15.71,27.145,-29.985,B,HOH537,O,13.558,28.971,-29.678
Bound Backbone,BLUE,14.888,2.034,False,B,CYS278,SG,19.475,25.665,-32.751,B,CYS288,SG,18.931,25.087,-34.624
Thermal Noise,RED,3.774,3.939,False,B,CYS278,SG,19.475,25.665,-32.751,B,HOH516,O,19.728,23.625,-29.391
Thermal Noise,RED,3.089,3.623,False,B,GLY279,N,14.922,25.669,-31.504,B,PHE280,N,11.903,23.734,-30.99
Bound Backbone,BLUE,6.745,3.103,False,B,GLY279,N,14.922,25.669,-31.504,B,GLU287,O,15.333,25.858,-34.574
Bound Backbone,BLUE,10.787,2.246,False,B,GLY279,O,13.366,23.962,-32.679,B,PHE280,N,11.903,23.734,-30.99
Thermal Noise,RED,2.777,3.867,False,B,GLY279,O,13.366,23.962,-32.679,B,ALA281,N,9.857,22.638,-33.621
Bound Backbone,BLUE,7.385,2.895,False,B,GLY279,O,13.366,23.962,-32.679,B,GLU287,N,14.356,23.516,-35.363
Phase Boundary,YELLOW,4.368,3.325,False,B,GLY279,O,13.366,23.962,-32.679,B,GLU287,O,15.333,25.858,-34.574
Thermal Noise,RED,2.771,3.806,False,B,GLY279,O,13.366,23.962,-32.679,B,HIS353,ND1,10.589,26.551,-32.952
Phase Boundary,YELLOW,4.415,3.508,False,B,PHE280,N,11.903,23.734,-30.99,B,ALA281,N,9.857,22.638,-33.621
Thermal Noise,RED,3.499,3.676,False,B,PHE280,N,11.903,23.734,-30.99,B,HIS353,ND1,10.589,26.551,-32.952
Thermal Noise,RED,2.884,3.98,False,B,PHE280,N,11.903,23.734,-30.99,B,ARG355,NH2,8.448,24.357,-29.116
Bound Backbone,BLUE,6.785,2.991,False,B,PHE280,N,11.903,23.734,-30.99,B,HOH472,O,11.806,25.029,-28.296
Thermal Noise,RED,2.655,3.909,False,B,PHE280,N,11.903,23.734,-30.99,B,HOH523,O,11.075,27.511,-30.415
Bound Backbone,BLUE,10.449,2.252,False,B,PHE280,O,9.245,24.092,-32.014,B,ALA281,N,9.857,22.638,-33.621
Thermal Noise,RED,2.852,3.977,False,B,PHE280,O,9.245,24.092,-32.014,B,SER282,N,8.089,20.727,-33.791
Phase Boundary,YELLOW,4.877,2.955,False,B,PHE280,O,9.245,24.092,-32.014,B,HIS353,ND1,10.589,26.551,-32.952
Bound Backbone,BLUE,5.425,2.963,False,B,PHE280,O,9.245,24.092,-32.014,B,ARG355,NE,6.887,23.321,-30.393
Bound Backbone,BLUE,6.977,3.017,False,B,PHE280,O,9.245,24.092,-32.014,B,ARG355,NH2,8.448,24.357,-29.116
Bound Backbone,BLUE,5.895,2.609,False,B,ALA281,N,9.857,22.638,-33.621,B,SER282,N,8.089,20.727,-33.791
Thermal Noise,RED,2.685,3.981,False,B,ALA281,N,9.857,22.638,-33.621,B,SER282,O,9.231,18.912,-32.367
Phase Boundary,YELLOW,5.177,2.856,False,B,ALA281,N,9.857,22.638,-33.621,B,THR285,O,11.545,20.493,-34.462
Bound Backbone,BLUE,8.571,2.252,False,B,ALA281,O,6.538,22.134,-34.619,B,SER282,N,8.089,20.727,-33.791
Thermal Noise,RED,2.708,3.898,False,B,ALA281,O,6.538,22.134,-34.619,B,SER282,OG,7.837,18.551,-35.438
Thermal Noise,RED,3.41,3.493,False,B,ALA281,O,6.538,22.134,-34.619,B,HOH663,O,3.708,20.281,-33.748
Thermal Noise,RED,3.341,3.62,False,B,SER282,N,8.089,20.727,-33.791,B,ASN283,N,7.561,17.427,-32.4
Thermal Noise,RED,3.289,3.528,False,B,SER282,N,8.089,20.727,-33.791,B,THR285,O,11.545,20.493,-34.462
Bound Backbone,BLUE,8.013,2.235,False,B,SER282,O,9.231,18.912,-32.367,B,ASN283,N,7.561,17.427,-32.4
Phase Boundary,YELLOW,4.173,3.325,False,B,SER282,O,9.231,18.912,-32.367,B,LYS284,N,9.328,16.015,-33.996
Phase Boundary,YELLOW,4.096,3.711,False,B,SER282,O,9.231,18.912,-32.367,B,THR285,N,11.09,17.706,-35.344
Thermal Noise,RED,4.014,3.499,False,B,SER282,O,9.231,18.912,-32.367,B,THR285,O,11.545,20.493,-34.462
Bound Backbone,BLUE,5.891,3.251,False,B,SER282,OG,7.837,18.551,-35.438,B,ASN283,N,7.561,17.427,-32.4
Phase Boundary,YELLOW,4.188,3.276,False,B,SER282,OG,7.837,18.551,-35.438,B,LYS284,N,9.328,16.015,-33.996
Thermal Noise,RED,3.542,3.362,False,B,SER282,OG,7.837,18.551,-35.438,B,THR285,N,11.09,17.706,-35.344
Bound Backbone,BLUE,7.904,2.876,False,B,SER282,OG,7.837,18.551,-35.438,B,HOH691,O,8.009,18.624,-38.308
Bound Backbone,BLUE,6.327,2.768,False,B,ASN283,N,7.561,17.427,-32.4,B,LYS284,N,9.328,16.015,-33.996
Phase Boundary,YELLOW,4.67,2.966,False,B,ASN283,N,7.561,17.427,-32.4,B,HOH628,O,4.69,16.994,-33.005
Bound Backbone,BLUE,11.347,2.226,False,B,ASN283,O,10.228,15.017,-32.222,B,LYS284,N,9.328,16.015,-33.996
Phase Boundary,YELLOW,5.113,2.882,False,B,ASN283,O,10.228,15.017,-32.222,B,HOH498,O,10.934,12.37,-31.326
Ligand Boundary Hotspot,ORANGE,4.077,3.208,True,B,ASN283,ND2,5.767,15.091,-29.428,B,NAG1,N2,3.743,17.417,-28.542
Ligand Bound Core,BLUE,10.472,2.244,True,B,ASN283,ND2,5.767,15.091,-29.428,B,NAG1,O5,4.688,13.927,-27.841
Ligand Boundary Hotspot,ORANGE,4.159,3.245,True,B,ASN283,ND2,5.767,15.091,-29.428,B,NAG1,O7,3.37,16.886,-30.679
Thermal Noise,RED,3.815,3.579,False,B,ASN283,ND2,5.767,15.091,-29.428,B,HOH581,O,3.001,14.25,-31.538
Thermal Noise,RED,2.98,3.665,False,B,ASN283,ND2,5.767,15.091,-29.428,B,HOH601,O,6.955,11.625,-29.336
Ligand Fluctuation Noise,RED,2.808,3.879,True,B,ASN283,OD1,7.783,15.964,-28.99,B,NAG1,O5,4.688,13.927,-27.841
Bound Backbone,BLUE,5.907,2.789,False,B,LYS284,N,9.328,16.015,-33.996,B,THR285,N,11.09,17.706,-35.344
Bound Backbone,BLUE,8.295,2.229,False,B,LYS284,O,12.39,15.961,-35.828,B,THR285,N,11.09,17.706,-35.344
Phase Boundary,YELLOW,4.382,3.406,False,B,LYS284,O,12.39,15.961,-35.828,B,THR285,OG1,10.928,18.092,-38.046
Thermal Noise,RED,2.845,3.82,False,B,LYS284,O,12.39,15.961,-35.828,B,LEU304,O,15.182,18.398,-36.753
Thermal Noise,RED,2.976,3.981,False,B,LYS284,O,12.39,15.961,-35.828,B,ASN305,OD1,14.058,13.025,-37.937
Phase Boundary,YELLOW,5.153,2.793,False,B,LYS284,O,12.39,15.961,-35.828,B,VAL306,N,14.999,14.992,-35.59
Thermal Noise,RED,3.201,3.549,False,B,THR285,N,11.09,17.706,-35.344,B,ILE286,N,13.698,20.082,-34.958
Bound Backbone,BLUE,8.17,2.247,False,B,THR285,O,11.545,20.493,-34.462,B,ILE286,N,13.698,20.082,-34.958
Phase Boundary,YELLOW,4.533,2.979,False,B,THR285,OG1,10.928,18.092,-38.046,B,HOH691,O,8.009,18.624,-38.308
Thermal Noise,RED,3.257,3.52,False,B,ILE286,N,13.698,20.082,-34.958,B,GLU287,N,14.356,23.516,-35.363
Bound Backbone,BLUE,6.048,2.874,False,B,ILE286,N,13.698,20.082,-34.958,B,LEU304,O,15.182,18.398,-36.753
Bound Backbone,BLUE,9.445,2.223,False,B,ILE286,O,15.11,21.761,-36.501,B,GLU287,N,14.356,23.516,-35.363
Thermal Noise,RED,3.293,3.872,False,B,ILE286,O,15.11,21.761,-36.501,B,VAL302,O,16.575,24.471,-38.846
Bound Backbone,BLUE,6.24,2.829,False,B,ILE286,O,15.11,21.761,-36.501,B,LEU304,N,16.622,20.149,-38.267
Thermal Noise,RED,3.53,3.373,False,B,ILE286,O,15.11,21.761,-36.501,B,LEU304,O,15.182,18.398,-36.753
Thermal Noise,RED,3.348,3.565,False,B,GLU287,N,14.356,23.516,-35.363,B,CYS288,N,16.515,26.12,-36.49
Bound Backbone,BLUE,11.334,2.266,False,B,GLU287,O,15.333,25.858,-34.574,B,CYS288,N,16.515,26.12,-36.49
Thermal Noise,RED,2.956,3.68,False,B,GLU287,O,15.333,25.858,-34.574,B,CYS288,SG,18.931,25.087,-34.624
Bound Backbone,BLUE,7.933,2.86,False,B,GLU287,OE1,11.0,26.019,-37.845,B,HIS353,NE2,10.911,26.454,-35.02
Bound Backbone,BLUE,5.712,2.871,False,B,GLU287,OE1,11.0,26.019,-37.845,B,ARG362,NE,9.263,27.733,-39.358
Phase Boundary,YELLOW,4.201,3.532,False,B,GLU287,OE1,11.0,26.019,-37.845,B,ARG362,NH2,8.481,25.755,-40.306
Thermal Noise,RED,3.145,3.568,False,B,GLU287,OE2,10.931,24.58,-39.445,B,ARG362,NE,9.263,27.733,-39.358
Phase Boundary,YELLOW,5.212,2.85,False,B,GLU287,OE2,10.931,24.58,-39.445,B,ARG362,NH2,8.481,25.755,-40.306
Thermal Noise,RED,3.11,3.589,False,B,CYS288,N,16.515,26.12,-36.49,B,ALA289,N,17.647,29.523,-36.357
Bound Backbone,BLUE,6.902,2.876,False,B,CYS288,N,16.515,26.12,-36.49,B,VAL302,O,16.575,24.471,-38.846
Bound Backbone,BLUE,11.015,2.245,False,B,CYS288,O,17.554,28.122,-38.109,B,ALA289,N,17.647,29.523,-36.357
Thermal Noise,RED,3.592,3.653,False,B,CYS288,O,17.554,28.122,-38.109,B,PRO300,O,19.959,29.97,-40.145
Bound Backbone,BLUE,5.791,2.982,False,B,CYS288,O,17.554,28.122,-38.109,B,VAL302,N,18.412,26.084,-40.109
Thermal Noise,RED,2.761,3.851,False,B,CYS288,O,17.554,28.122,-38.109,B,VAL302,O,16.575,24.471,-38.846
Thermal Noise,RED,3.988,3.297,False,B,ALA289,N,17.647,29.523,-36.357,B,CYS290,N,20.232,31.186,-37.551
Bound Backbone,BLUE,12.26,2.254,False,B,ALA289,O,19.44,31.312,-35.445,B,CYS290,N,20.232,31.186,-37.551
Thermal Noise,RED,2.947,3.896,False,B,ALA289,O,19.44,31.312,-35.445,B,CYS290,SG,21.611,28.545,-37.121
Phase Boundary,YELLOW,4.683,2.989,False,B,ALA289,O,19.44,31.312,-35.445,B,HOH510,O,21.151,33.629,-34.645
Thermal Noise,RED,2.946,3.686,False,B,CYS290,N,20.232,31.186,-37.551,B,ARG291,N,23.549,32.792,-37.475
Bound Backbone,BLUE,7.331,2.878,False,B,CYS290,N,20.232,31.186,-37.551,B,PRO300,O,19.959,29.97,-40.145
Thermal Noise,RED,3.547,3.906,False,B,CYS290,N,20.232,31.186,-37.551,B,HOH510,O,21.151,33.629,-34.645
Bound Backbone,BLUE,8.968,2.237,False,B,CYS290,O,21.63,33.397,-38.453,B,ARG291,N,23.549,32.792,-37.475
Phase Boundary,YELLOW,5.14,2.929,False,B,CYS290,O,21.63,33.397,-38.453,B,ARG299,NH1,21.265,36.056,-37.279
Thermal Noise,RED,3.834,3.958,False,B,CYS290,O,21.63,33.397,-38.453,B,PRO300,N,21.226,31.615,-41.964
Phase Boundary,YELLOW,4.397,3.845,False,B,CYS290,O,21.63,33.397,-38.453,B,HOH510,O,21.151,33.629,-34.645
Thermal Noise,RED,3.418,3.876,False,B,CYS290,O,21.63,33.397,-38.453,B,HOH697,O,23.255,35.783,-41.04
Phase Boundary,YELLOW,4.083,3.729,False,B,CYS290,SG,21.611,28.545,-37.121,B,PRO300,O,19.959,29.97,-40.145
Phase Boundary,YELLOW,4.445,3.478,False,B,ARG291,N,23.549,32.792,-37.475,B,ASP292,N,25.488,34.134,-40.032
Thermal Noise,RED,2.519,3.989,False,B,ARG291,N,23.549,32.792,-37.475,B,ARG299,NH1,21.265,36.056,-37.279
Thermal Noise,RED,3.743,3.803,False,B,ARG291,N,23.549,32.792,-37.475,B,HOH510,O,21.151,33.629,-34.645
Bound Backbone,BLUE,9.686,2.256,False,B,ARG291,O,26.056,32.427,-38.671,B,ASP292,N,25.488,34.134,-40.032
Phase Boundary,YELLOW,5.219,3.078,False,B,ARG291,NE,27.648,37.231,-35.864,B,ASN293,OD1,29.864,38.259,-37.737
Thermal Noise,RED,3.057,4.0,False,B,ARG291,NE,27.648,37.231,-35.864,B,GLY346,N,27.662,40.458,-38.227
Thermal Noise,RED,2.899,3.717,False,B,ARG291,NE,27.648,37.231,-35.864,B,GLY346,O,26.692,40.821,-35.761
Thermal Noise,RED,3.313,3.48,False,B,ARG291,NE,27.648,37.231,-35.864,B,ILE347,N,24.943,39.409,-36.084
Ligand Fluctuation Noise,RED,3.498,3.678,True,B,ARG291,NE,27.648,37.231,-35.864,B,ZMR466,O8,30.283,35.586,-33.894
Thermal Noise,RED,3.211,3.871,False,B,ARG291,NH1,27.654,37.772,-33.579,B,GLY346,O,26.692,40.821,-35.761
Bound Backbone,BLUE,8.215,2.821,False,B,ARG291,NH1,27.654,37.772,-33.579,B,TYR408,OH,27.624,37.602,-30.763
Ligand Fluctuation Noise,RED,3.338,3.621,True,B,ARG291,NH1,27.654,37.772,-33.579,B,ZMR466,O1A,29.676,40.436,-32.191
Ligand Fluctuation Noise,RED,3.157,3.837,True,B,ARG291,NH1,27.654,37.772,-33.579,B,ZMR466,O6,30.95,38.128,-31.648
Ligand Fluctuation Noise,RED,3.413,3.434,True,B,ARG291,NH1,27.654,37.772,-33.579,B,ZMR466,O8,30.283,35.586,-33.894
Bound Backbone,BLUE,7.734,2.856,False,B,ARG291,NH2,29.173,38.796,-35.018,B,ASN293,OD1,29.864,38.259,-37.737
Thermal Noise,RED,3.722,3.917,False,B,ARG291,NH2,29.173,38.796,-35.018,B,GLY346,N,27.662,40.458,-38.227
Thermal Noise,RED,3.823,3.288,False,B,ARG291,NH2,29.173,38.796,-35.018,B,GLY346,O,26.692,40.821,-35.761
Thermal Noise,RED,2.915,3.951,False,B,ARG291,NH2,29.173,38.796,-35.018,B,ARG373,NH2,27.327,41.77,-33.186
Ligand Bound Core,BLUE,5.362,3.307,True,B,ARG291,NH2,29.173,38.796,-35.018,B,ZMR466,O1A,29.676,40.436,-32.191
Ligand Fluctuation Noise,RED,3.967,3.868,True,B,ARG291,NH2,29.173,38.796,-35.018,B,ZMR466,O6,30.95,38.128,-31.648
Ligand Fluctuation Noise,RED,3.323,3.578,True,B,ARG291,NH2,29.173,38.796,-35.018,B,ZMR466,O8,30.283,35.586,-33.894
Thermal Noise,RED,3.839,3.231,False,B,ASP292,N,25.488,34.134,-40.032,B,ASN293,N,28.539,35.187,-40.183
Phase Boundary,YELLOW,4.929,2.953,False,B,ASP292,N,25.488,34.134,-40.032,B,HOH697,O,23.255,35.783,-41.04
Bound Backbone,BLUE,9.336,2.209,False,B,ASP292,O,26.944,36.317,-41.211,B,ASN293,N,28.539,35.187,-40.183
Thermal Noise,RED,3.521,3.461,False,B,ASP292,O,26.944,36.317,-41.211,B,SER294,N,30.233,35.934,-42.217
Phase Boundary,YELLOW,5.015,3.309,False,B,ASP292,O,26.944,36.317,-41.211,B,THR296,O,25.132,37.44,-43.742
Thermal Noise,RED,3.061,3.69,False,B,ASP292,O,26.944,36.317,-41.211,B,ASP323,OD2,24.116,38.492,-40.269
Thermal Noise,RED,3.486,3.81,False,B,ASP292,O,26.944,36.317,-41.211,B,GLY343,O,27.944,39.053,-43.666
Thermal Noise,RED,3.447,3.487,False,B,ASP292,O,26.944,36.317,-41.211,B,GLY345,O,27.711,39.583,-40.26
Thermal Noise,RED,2.878,3.731,False,B,ASP292,O,26.944,36.317,-41.211,B,HOH697,O,23.255,35.783,-41.04
Bound Backbone,BLUE,5.808,3.266,False,B,ASP292,OD1,28.399,33.977,-43.213,B,ASN293,N,28.539,35.187,-40.183
Phase Boundary,YELLOW,5.266,2.861,False,B,ASP292,OD1,28.399,33.977,-43.213,B,SER294,N,30.233,35.934,-42.217
Bound Backbone,BLUE,6.211,2.887,False,B,ASP292,OD1,28.399,33.977,-43.213,B,TYR295,N,29.454,35.814,-45.175
Thermal Noise,RED,2.817,3.814,False,B,ASP292,OD2,27.001,32.989,-44.435,B,TYR295,N,29.454,35.814,-45.175
Thermal Noise,RED,3.071,3.768,False,B,ASP292,OD2,27.001,32.989,-44.435,B,THR296,N,26.591,36.458,-45.849
Bound Backbone,BLUE,7.131,2.75,False,B,ASN293,N,28.539,35.187,-40.183,B,SER294,N,30.233,35.934,-42.217
Bound Backbone,BLUE,9.091,2.222,False,B,ASN293,O,30.734,37.869,-41.247,B,SER294,N,30.233,35.934,-42.217
Thermal Noise,RED,3.32,3.878,False,B,ASN293,O,30.734,37.869,-41.247,B,GLY343,O,27.944,39.053,-43.666
Phase Boundary,YELLOW,5.248,2.771,False,B,ASN293,O,30.734,37.869,-41.247,B,GLY345,N,30.054,40.54,-40.963
Thermal Noise,RED,3.212,3.613,False,B,ASN293,O,30.734,37.869,-41.247,B,GLY345,O,27.711,39.583,-40.26
Thermal Noise,RED,3.641,3.956,False,B,ASN293,OD1,29.864,38.259,-37.737,B,GLY345,N,30.054,40.54,-40.963
Phase Boundary,YELLOW,4.135,3.571,False,B,ASN293,OD1,29.864,38.259,-37.737,B,GLY345,O,27.711,39.583,-40.26
Phase Boundary,YELLOW,4.095,3.15,False,B,ASN293,OD1,29.864,38.259,-37.737,B,GLY346,N,27.662,40.458,-38.227
Bound Backbone,BLUE,6.808,3.061,False,B,SER294,N,30.233,35.934,-42.217,B,TYR295,N,29.454,35.814,-45.175
Bound Backbone,BLUE,8.099,2.224,False,B,SER294,O,30.715,37.644,-45.253,B,TYR295,N,29.454,35.814,-45.175
Thermal Noise,RED,3.717,3.49,False,B,SER294,O,30.715,37.644,-45.253,B,GLY343,O,27.944,39.053,-43.666
Thermal Noise,RED,3.485,3.449,False,B,SER294,O,30.715,37.644,-45.253,B,ARG344,N,29.299,40.681,-44.438
Thermal Noise,RED,2.718,3.945,False,B,SER294,O,30.715,37.644,-45.253,B,ARG344,NH1,34.429,38.256,-46.435
Thermal Noise,RED,3.23,3.548,False,B,SER294,OG,32.863,35.01,-44.606,B,TYR295,N,29.454,35.814,-45.175
Phase Boundary,YELLOW,4.555,3.011,False,B,TYR295,N,29.454,35.814,-45.175,B,THR296,N,26.591,36.458,-45.849
Thermal Noise,RED,2.916,3.879,False,B,TYR295,N,29.454,35.814,-45.175,B,GLY343,O,27.944,39.053,-43.666
Bound Backbone,BLUE,12.03,2.229,False,B,TYR295,O,27.357,37.183,-47.813,B,THR296,N,26.591,36.458,-45.849
Thermal Noise,RED,3.341,3.973,False,B,TYR295,O,27.357,37.183,-47.813,B,GLY340,O,26.078,39.687,-50.62
Thermal Noise,RED,3.104,3.637,False,B,THR296,N,26.591,36.458,-45.849,B,ALA297,N,23.618,38.42,-45.114
Thermal Noise,RED,3.685,3.651,False,B,THR296,N,26.591,36.458,-45.849,B,GLY343,O,27.944,39.053,-43.666
Bound Backbone,BLUE,9.612,2.266,False,B,THR296,O,25.132,37.44,-43.742,B,ALA297,N,23.618,38.42,-45.114
Thermal Noise,RED,2.632,3.988,False,B,THR296,O,25.132,37.44,-43.742,B,LYS298,N,21.297,37.218,-44.812
Phase Boundary,YELLOW,4.341,3.768,False,B,THR296,O,25.132,37.44,-43.742,B,ASP323,OD2,24.116,38.492,-40.269
Thermal Noise,RED,3.807,3.243,False,B,THR296,O,25.132,37.44,-43.742,B,GLY343,O,27.944,39.053,-43.666
Thermal Noise,RED,3.245,3.697,False,B,THR296,O,25.132,37.44,-43.742,B,HOH551,O,25.397,40.798,-42.219
Thermal Noise,RED,3.959,3.684,False,B,THR296,O,25.132,37.44,-43.742,B,HOH697,O,23.255,35.783,-41.04
Bound Backbone,BLUE,6.53,2.784,False,B,THR296,OG1,23.094,36.358,-46.91,B,ALA297,N,23.618,38.42,-45.114
Bound Backbone,BLUE,6.381,2.893,False,B,THR296,OG1,23.094,36.358,-46.91,B,LYS298,N,21.297,37.218,-44.812
Thermal Noise,RED,3.994,3.88,False,B,THR296,OG1,23.094,36.358,-46.91,B,LYS298,O,21.889,35.047,-43.463
Bound Backbone,BLUE,7.516,2.821,False,B,THR296,OG1,23.094,36.358,-46.91,B,ASN339,O,23.444,37.644,-49.396
Thermal Noise,RED,3.456,3.449,False,B,THR296,OG1,23.094,36.358,-46.91,B,HOH559,O,23.664,39.684,-47.624
Bound Backbone,BLUE,5.829,2.631,False,B,ALA297,N,23.618,38.42,-45.114,B,LYS298,N,21.297,37.218,-44.812
Bound Backbone,BLUE,7.637,2.811,False,B,ALA297,N,23.618,38.42,-45.114,B,HOH559,O,23.664,39.684,-47.624
Bound Backbone,BLUE,10.951,2.231,False,B,ALA297,O,20.669,38.542,-43.13,B,LYS298,N,21.297,37.218,-44.812
Thermal Noise,RED,2.912,3.717,False,B,ALA297,O,20.669,38.542,-43.13,B,LYS298,O,21.889,35.047,-43.463
Thermal Noise,RED,2.642,3.903,False,B,ALA297,O,20.669,38.542,-43.13,B,ARG299,N,19.771,34.762,-42.754
Thermal Noise,RED,2.886,3.911,False,B,ALA297,O,20.669,38.542,-43.13,B,LEU322,N,17.141,39.151,-41.556
Bound Backbone,BLUE,5.446,3.309,False,B,ALA297,O,20.669,38.542,-43.13,B,ASP323,N,19.581,39.695,-40.225
Thermal Noise,RED,3.857,3.549,False,B,LYS298,N,21.297,37.218,-44.812,B,ARG299,N,19.771,34.762,-42.754
Bound Backbone,BLUE,8.392,2.252,False,B,LYS298,O,21.889,35.047,-43.463,B,ARG299,N,19.771,34.762,-42.754
Thermal Noise,RED,3.04,3.803,False,B,LYS298,O,21.889,35.047,-43.463,B,PRO300,N,21.226,31.615,-41.964
Bound Backbone,BLUE,7.016,2.877,False,B,LYS298,O,21.889,35.047,-43.463,B,HOH697,O,23.255,35.783,-41.04
Thermal Noise,RED,3.859,3.944,False,B,LYS298,NZ,18.718,35.284,-50.718,B,PRO335,O,18.432,33.482,-54.215
Bound Backbone,BLUE,5.534,2.69,False,B,LYS298,NZ,18.718,35.284,-50.718,B,CYS336,O,18.369,32.618,-50.799
Thermal Noise,RED,3.333,3.797,False,B,LYS298,NZ,18.718,35.284,-50.718,B,SER338,N,21.046,33.174,-52.85
Phase Boundary,YELLOW,4.741,2.918,False,B,LYS298,NZ,18.718,35.284,-50.718,B,SER338,O,21.616,35.314,-51.056
Bound Backbone,BLUE,7.008,2.943,False,B,LYS298,NZ,18.718,35.284,-50.718,B,HOH561,O,17.854,36.223,-53.37
Phase Boundary,YELLOW,4.188,3.112,False,B,LYS298,NZ,18.718,35.284,-50.718,B,HOH688,O,15.67,35.719,-51.174
Thermal Noise,RED,3.264,3.556,False,B,ARG299,N,19.771,34.762,-42.754,B,PRO300,N,21.226,31.615,-41.964
Phase Boundary,YELLOW,4.489,2.986,False,B,ARG299,N,19.771,34.762,-42.754,B,HOH553,O,17.144,36.181,-42.694
Bound Backbone,BLUE,8.83,2.247,False,B,ARG299,O,19.226,31.994,-42.916,B,PRO300,N,21.226,31.615,-41.964
Phase Boundary,YELLOW,4.54,3.509,False,B,ARG299,O,19.226,31.994,-42.916,B,PRO300,O,19.959,29.97,-40.145
Thermal Noise,RED,3.67,3.391,False,B,ARG299,O,19.226,31.994,-42.916,B,PHE301,N,19.264,28.752,-41.921
Bound Backbone,BLUE,6.537,2.927,False,B,ARG299,O,19.226,31.994,-42.916,B,MET316,N,17.52,31.465,-45.235
Thermal Noise,RED,2.967,3.715,False,B,ARG299,NE,18.953,36.322,-37.587,B,LEU322,O,18.474,39.937,-38.299
Phase Boundary,YELLOW,4.949,3.047,False,B,ARG299,NE,18.953,36.322,-37.587,B,HOH470,O,16.367,36.98,-36.115
Thermal Noise,RED,2.91,3.808,False,B,ARG299,NH1,21.265,36.056,-37.279,B,ASP323,OD1,23.245,39.113,-38.389
Bound Backbone,BLUE,5.378,3.001,False,B,ARG299,NH1,21.265,36.056,-37.279,B,ILE347,O,23.2,37.568,-35.554
Phase Boundary,YELLOW,4.132,3.934,False,B,ARG299,NH1,21.265,36.056,-37.279,B,GLY349,N,20.324,36.282,-33.466
Phase Boundary,YELLOW,4.188,3.583,False,B,ARG299,NH1,21.265,36.056,-37.279,B,HOH510,O,21.151,33.629,-34.645
Phase Boundary,YELLOW,4.713,3.198,False,B,ARG299,NH2,20.204,37.95,-36.486,B,LEU322,O,18.474,39.937,-38.299
Thermal Noise,RED,3.27,3.771,False,B,ARG299,NH2,20.204,37.95,-36.486,B,ASP323,OD1,23.245,39.113,-38.389
Phase Boundary,YELLOW,4.227,3.161,False,B,ARG299,NH2,20.204,37.95,-36.486,B,ILE347,O,23.2,37.568,-35.554
Phase Boundary,YELLOW,4.994,3.452,False,B,ARG299,NH2,20.204,37.95,-36.486,B,GLY349,N,20.324,36.282,-33.466
Thermal Noise,RED,2.547,3.975,False,B,ARG299,NH2,20.204,37.95,-36.486,B,HOH470,O,16.367,36.98,-36.115
Bound Backbone,BLUE,5.926,2.84,False,B,ARG299,NH2,20.204,37.95,-36.486,B,HOH499,O,18.522,39.616,-34.918
Thermal Noise,RED,3.322,3.471,False,B,PRO300,N,21.226,31.615,-41.964,B,PHE301,N,19.264,28.752,-41.921
Bound Backbone,BLUE,10.879,2.263,False,B,PRO300,O,19.959,29.97,-40.145,B,PHE301,N,19.264,28.752,-41.921
Phase Boundary,YELLOW,4.272,3.336,False,B,PHE301,N,19.264,28.752,-41.921,B,VAL302,N,18.412,26.084,-40.109
Bound Backbone,BLUE,8.228,2.783,False,B,PHE301,N,19.264,28.752,-41.921,B,ARG314,O,19.009,28.066,-44.606
Bound Backbone,BLUE,12.994,2.244,False,B,PHE301,O,18.367,26.018,-42.352,B,VAL302,N,18.412,26.084,-40.109
Thermal Noise,RED,2.707,3.845,False,B,PHE301,O,18.367,26.018,-42.352,B,GLU312,O,19.142,22.252,-42.401
Bound Backbone,BLUE,5.898,3.172,False,B,PHE301,O,18.367,26.018,-42.352,B,ARG314,N,19.892,25.698,-45.115
Bound Backbone,BLUE,5.51,3.112,False,B,PHE301,O,18.367,26.018,-42.352,B,ARG314,O,19.009,28.066,-44.606
Bound Backbone,BLUE,6.762,2.825,False,B,PHE301,O,18.367,26.018,-42.352,B,TRP387,NE1,16.47,25.917,-44.443
Thermal Noise,RED,3.201,3.536,False,B,VAL302,N,18.412,26.084,-40.109,B,LYS303,N,17.178,22.771,-40.199
Bound Backbone,BLUE,9.675,2.255,False,B,VAL302,O,16.575,24.471,-38.846,B,LYS303,N,17.178,22.771,-40.199
Phase Boundary,YELLOW,4.464,3.304,False,B,LYS303,N,17.178,22.771,-40.199,B,LEU304,N,16.622,20.149,-38.267
Bound Backbone,BLUE,5.992,2.996,False,B,LYS303,N,17.178,22.771,-40.199,B,GLU312,O,19.142,22.252,-42.401
Bound Backbone,BLUE,12.07,2.257,False,B,LYS303,O,17.511,20.033,-40.338,B,LEU304,N,16.622,20.149,-38.267
Bound Backbone,BLUE,5.425,3.009,False,B,LYS303,O,17.511,20.033,-40.338,B,GLU312,N,19.898,19.686,-42.137
Phase Boundary,YELLOW,4.153,3.441,False,B,LYS303,O,17.511,20.033,-40.338,B,GLU312,O,19.142,22.252,-42.401
Bound Backbone,BLUE,6.998,2.703,False,B,LYS303,NZ,12.244,23.68,-44.482,B,ASP385,OD1,11.55,25.588,-46.266
Phase Boundary,YELLOW,4.213,3.831,False,B,LYS303,NZ,12.244,23.68,-44.482,B,ASP385,OD2,11.051,24.508,-48.027
Phase Boundary,YELLOW,4.453,3.076,False,B,LYS303,NZ,12.244,23.68,-44.482,B,HOH569,O,9.327,23.269,-43.597
Thermal Noise,RED,3.609,3.335,False,B,LEU304,N,16.622,20.149,-38.267,B,ASN305,N,16.207,16.848,-38.037
Bound Backbone,BLUE,9.458,2.259,False,B,LEU304,O,15.182,18.398,-36.753,B,ASN305,N,16.207,16.848,-38.037
Thermal Noise,RED,3.286,3.604,False,B,LEU304,O,15.182,18.398,-36.753,B,VAL306,N,14.999,14.992,-35.59
Phase Boundary,YELLOW,4.96,3.3,False,B,ASN305,N,16.207,16.848,-38.037,B,VAL306,N,14.999,14.992,-35.59
Bound Backbone,BLUE,5.442,2.859,False,B,ASN305,N,16.207,16.848,-38.037,B,THR310,O,18.704,16.138,-39.236
Bound Backbone,BLUE,9.205,2.251,False,B,ASN305,O,16.824,14.345,-36.738,B,VAL306,N,14.999,14.992,-35.59
Thermal Noise,RED,3.651,3.905,False,B,ASN305,O,16.824,14.345,-36.738,B,VAL306,O,15.866,12.117,-33.678
Thermal Noise,RED,3.529,3.543,False,B,ASN305,O,16.824,14.345,-36.738,B,GLU307,N,14.325,12.297,-35.283
Thermal Noise,RED,2.967,3.685,False,B,ASN305,O,16.824,14.345,-36.738,B,THR308,N,15.829,10.817,-37.118
Thermal Noise,RED,3.734,3.823,False,B,ASN305,O,16.824,14.345,-36.738,B,THR308,OG1,16.334,11.89,-39.627
Phase Boundary,YELLOW,5.083,2.806,False,B,ASN305,O,16.824,14.345,-36.738,B,ASP309,N,18.256,11.932,-36.718
Phase Boundary,YELLOW,4.34,3.26,False,B,ASN305,O,16.824,14.345,-36.738,B,THR310,N,19.615,13.805,-38.334
Thermal Noise,RED,4.023,3.604,False,B,ASN305,O,16.824,14.345,-36.738,B,THR310,O,18.704,16.138,-39.236
Thermal Noise,RED,3.503,3.391,False,B,ASN305,ND2,13.361,13.485,-39.966,B,THR308,OG1,16.334,11.89,-39.627
Phase Boundary,YELLOW,5.231,3.204,False,B,ASN305,OD1,14.058,13.025,-37.937,B,VAL306,N,14.999,14.992,-35.59
Bound Backbone,BLUE,8.304,2.765,False,B,ASN305,OD1,14.058,13.025,-37.937,B,GLU307,N,14.325,12.297,-35.283
Phase Boundary,YELLOW,4.836,2.947,False,B,ASN305,OD1,14.058,13.025,-37.937,B,THR308,N,15.829,10.817,-37.118
Phase Boundary,YELLOW,5.129,3.054,False,B,ASN305,OD1,14.058,13.025,-37.937,B,THR308,OG1,16.334,11.89,-39.627
Phase Boundary,YELLOW,5.163,2.795,False,B,VAL306,N,14.999,14.992,-35.59,B,GLU307,N,14.325,12.297,-35.283
Bound Backbone,BLUE,10.673,2.232,False,B,VAL306,O,15.866,12.117,-33.678,B,GLU307,N,14.325,12.297,-35.283
Thermal Noise,RED,3.596,3.647,False,B,VAL306,O,15.866,12.117,-33.678,B,GLU307,O,15.684,9.085,-35.696
Phase Boundary,YELLOW,4.607,3.678,False,B,VAL306,O,15.866,12.117,-33.678,B,THR308,N,15.829,10.817,-37.118
Thermal Noise,RED,3.718,3.871,False,B,VAL306,O,15.866,12.117,-33.678,B,ASP309,N,18.256,11.932,-36.718
Thermal Noise,RED,3.551,3.366,False,B,VAL306,O,15.866,12.117,-33.678,B,ASP309,OD1,19.182,12.607,-33.376
Bound Backbone,BLUE,5.445,2.866,False,B,VAL306,O,15.866,12.117,-33.678,B,HOH612,O,16.497,9.607,-32.448
Bound Backbone,BLUE,6.52,2.796,False,B,GLU307,N,14.325,12.297,-35.283,B,THR308,N,15.829,10.817,-37.118
Bound Backbone,BLUE,9.961,2.246,False,B,GLU307,O,15.684,9.085,-35.696,B,THR308,N,15.829,10.817,-37.118
Thermal Noise,RED,2.646,3.971,False,B,GLU307,O,15.684,9.085,-35.696,B,ASP309,N,18.256,11.932,-36.718
Bound Backbone,BLUE,5.523,3.389,False,B,GLU307,O,15.684,9.085,-35.696,B,HOH612,O,16.497,9.607,-32.448
Bound Backbone,BLUE,5.564,2.701,False,B,THR308,N,15.829,10.817,-37.118,B,ASP309,N,18.256,11.932,-36.718
Bound Backbone,BLUE,9.007,2.259,False,B,THR308,O,19.315,10.262,-37.811,B,ASP309,N,18.256,11.932,-36.718
Thermal Noise,RED,3.539,3.369,False,B,THR308,O,19.315,10.262,-37.811,B,ASP309,O,21.477,12.833,-37.551
Thermal Noise,RED,3.14,3.594,False,B,THR308,O,19.315,10.262,-37.811,B,THR310,N,19.615,13.805,-38.334
Phase Boundary,YELLOW,4.75,3.487,False,B,THR308,OG1,16.334,11.89,-39.627,B,ASP309,N,18.256,11.932,-36.718
Bound Backbone,BLUE,5.673,2.788,False,B,THR308,OG1,16.334,11.89,-39.627,B,THR310,OG1,18.342,13.47,-40.743
Bound Backbone,BLUE,6.072,2.822,False,B,ASP309,N,18.256,11.932,-36.718,B,THR310,N,19.615,13.805,-38.334
Bound Backbone,BLUE,8.583,2.242,False,B,ASP309,O,21.477,12.833,-37.551,B,THR310,N,19.615,13.805,-38.334
Thermal Noise,RED,3.146,3.624,False,B,ASP309,OD2,19.89,10.584,-33.265,B,HOH612,O,16.497,9.607,-32.448
Thermal Noise,RED,3.599,3.597,False,B,THR310,N,19.615,13.805,-38.334,B,ALA311,N,20.644,16.73,-40.157
Bound Backbone,BLUE,8.942,2.228,False,B,THR310,O,18.704,16.138,-39.236,B,ALA311,N,20.644,16.73,-40.157
Thermal Noise,RED,3.6,3.635,False,B,ALA311,N,20.644,16.73,-40.157,B,GLU312,N,19.898,19.686,-42.137
Phase Boundary,YELLOW,4.923,2.966,False,B,ALA311,N,20.644,16.73,-40.157,B,HOH552,O,23.033,15.331,-41.22
Thermal Noise,RED,3.9,3.971,False,B,ALA311,N,20.644,16.73,-40.157,B,HOH578,O,21.329,15.314,-43.803
Bound Backbone,BLUE,8.05,2.236,False,B,ALA311,O,21.466,18.106,-42.349,B,GLU312,N,19.898,19.686,-42.137
Thermal Noise,RED,3.75,3.381,False,B,ALA311,O,21.466,18.106,-42.349,B,HOH552,O,23.033,15.331,-41.22
Phase Boundary,YELLOW,4.577,3.151,False,B,ALA311,O,21.466,18.106,-42.349,B,HOH578,O,21.329,15.314,-43.803
Thermal Noise,RED,3.761,3.494,False,B,GLU312,N,19.898,19.686,-42.137,B,ILE313,N,20.867,22.591,-43.82
Bound Backbone,BLUE,9.809,2.259,False,B,GLU312,O,19.142,22.252,-42.401,B,ILE313,N,20.867,22.591,-43.82
Phase Boundary,YELLOW,5.088,2.926,False,B,GLU312,OE2,18.414,20.668,-47.999,B,ARG314,NE,19.689,23.065,-49.09
Bound Backbone,BLUE,5.4,3.041,False,B,GLU312,OE2,18.414,20.668,-47.999,B,ARG314,NH2,20.741,21.153,-49.895
Thermal Noise,RED,3.542,3.504,False,B,ILE313,N,20.867,22.591,-43.82,B,ARG314,N,19.892,25.698,-45.115
Bound Backbone,BLUE,8.634,2.256,False,B,ILE313,O,21.315,24.188,-46.001,B,ARG314,N,19.892,25.698,-45.115
Phase Boundary,YELLOW,4.32,3.667,False,B,ILE313,O,21.315,24.188,-46.001,B,ARG314,NE,19.689,23.065,-49.09
Thermal Noise,RED,3.464,3.561,False,B,ARG314,N,19.892,25.698,-45.115,B,LEU315,N,19.724,28.971,-46.507
Thermal Noise,RED,3.355,3.494,False,B,ARG314,N,19.892,25.698,-45.115,B,TRP387,NE1,16.47,25.917,-44.443
Bound Backbone,BLUE,11.86,2.224,False,B,ARG314,O,19.009,28.066,-44.606,B,LEU315,N,19.724,28.971,-46.507
Thermal Noise,RED,3.973,3.597,False,B,ARG314,O,19.009,28.066,-44.606,B,LEU315,O,17.254,30.084,-47.012
Thermal Noise,RED,2.875,3.764,False,B,ARG314,O,19.009,28.066,-44.606,B,MET316,N,17.52,31.465,-45.235
Thermal Noise,RED,3.614,3.33,False,B,ARG314,O,19.009,28.066,-44.606,B,TRP387,NE1,16.47,25.917,-44.443
Phase Boundary,YELLOW,4.557,2.977,False,B,ARG314,NH1,21.637,23.262,-50.382,B,HOH570,O,21.801,26.213,-50.735
Thermal Noise,RED,3.408,3.563,False,B,LEU315,N,19.724,28.971,-46.507,B,MET316,N,17.52,31.465,-45.235
Bound Backbone,BLUE,7.669,2.864,False,B,LEU315,N,19.724,28.971,-46.507,B,HOH565,O,20.457,28.432,-49.223
Bound Backbone,BLUE,10.842,2.266,False,B,LEU315,O,17.254,30.084,-47.012,B,MET316,N,17.52,31.465,-45.235
Thermal Noise,RED,3.162,3.566,False,B,LEU315,O,17.254,30.084,-47.012,B,MET316,O,16.758,33.602,-46.711
Thermal Noise,RED,3.468,3.399,False,B,LEU315,O,17.254,30.084,-47.012,B,CYS317,N,14.866,32.498,-47.165
Thermal Noise,RED,3.153,3.994,False,B,LEU315,O,17.254,30.084,-47.012,B,TRP387,O,14.422,28.86,-49.548
Thermal Noise,RED,4.059,3.44,False,B,MET316,N,17.52,31.465,-45.235,B,CYS317,N,14.866,32.498,-47.165
Bound Backbone,BLUE,8.206,2.237,False,B,MET316,O,16.758,33.602,-46.711,B,CYS317,N,14.866,32.498,-47.165
Thermal Noise,RED,2.969,3.68,False,B,MET316,O,16.758,33.602,-46.711,B,THR318,N,13.29,34.793,-47.025
Bound Backbone,BLUE,5.573,2.837,False,B,MET316,O,16.758,33.602,-46.711,B,HOH555,O,16.543,36.147,-45.477
Thermal Noise,RED,3.31,3.64,False,B,MET316,SD,15.423,33.301,-41.283,B,HOH553,O,17.144,36.181,-42.694
Phase Boundary,YELLOW,5.159,2.788,False,B,CYS317,N,14.866,32.498,-47.165,B,THR318,N,13.29,34.793,-47.025
Bound Backbone,BLUE,5.492,2.819,False,B,CYS317,N,14.866,32.498,-47.165,B,PRO386,O,13.196,30.492,-46.099
Phase Boundary,YELLOW,4.652,3.351,False,B,CYS317,N,14.866,32.498,-47.165,B,HOH566,O,12.481,32.894,-44.845
Bound Backbone,BLUE,12.379,2.249,False,B,CYS317,O,13.83,35.325,-49.142,B,THR318,N,13.29,34.793,-47.025
Bound Backbone,BLUE,5.524,3.109,False,B,CYS317,O,13.83,35.325,-49.142,B,THR318,O,14.506,37.358,-46.889
Thermal Noise,RED,3.825,3.395,False,B,CYS317,O,13.83,35.325,-49.142,B,GLU319,N,12.579,38.175,-47.786
Thermal Noise,RED,2.905,3.781,False,B,CYS317,O,13.83,35.325,-49.142,B,ASP389,O,10.72,33.38,-48.227
Bound Backbone,BLUE,7.005,2.769,False,B,CYS317,O,13.83,35.325,-49.142,B,HOH688,O,15.67,35.719,-51.174
Bound Backbone,BLUE,11.503,2.02,False,B,CYS317,SG,13.787,32.991,-51.096,B,CYS336,SG,14.203,31.318,-52.149
Thermal Noise,RED,2.567,3.956,False,B,CYS317,SG,13.787,32.991,-51.096,B,THR388,O,10.509,30.798,-51.407
Thermal Noise,RED,2.584,3.987,False,B,CYS317,SG,13.787,32.991,-51.096,B,SER390,N,9.969,33.802,-50.285
Phase Boundary,YELLOW,4.549,3.619,False,B,CYS317,SG,13.787,32.991,-51.096,B,HOH614,O,14.76,34.438,-54.267
Thermal Noise,RED,3.642,3.316,False,B,CYS317,SG,13.787,32.991,-51.096,B,HOH688,O,15.67,35.719,-51.174
Thermal Noise,RED,3.29,3.539,False,B,THR318,N,13.29,34.793,-47.025,B,GLU319,N,12.579,38.175,-47.786
Phase Boundary,YELLOW,4.348,3.17,False,B,THR318,N,13.29,34.793,-47.025,B,ASP389,O,10.72,33.38,-48.227
Thermal Noise,RED,2.98,3.849,False,B,THR318,N,13.29,34.793,-47.025,B,HOH555,O,16.543,36.147,-45.477
Bound Backbone,BLUE,5.93,3.002,False,B,THR318,N,13.29,34.793,-47.025,B,HOH566,O,12.481,32.894,-44.845
Bound Backbone,BLUE,8.48,2.277,False,B,THR318,O,14.506,37.358,-46.889,B,GLU319,N,12.579,38.175,-47.786
Thermal Noise,RED,2.629,3.902,False,B,THR318,O,14.506,37.358,-46.889,B,GLU319,O,14.157,41.244,-46.898
Thermal Noise,RED,4.026,3.283,False,B,THR318,O,14.506,37.358,-46.889,B,THR320,N,12.819,39.908,-45.693
Bound Backbone,BLUE,6.136,2.759,False,B,THR318,O,14.506,37.358,-46.889,B,HOH555,O,16.543,36.147,-45.477
Bound Backbone,BLUE,6.424,3.002,False,B,THR318,OG1,11.198,37.288,-45.273,B,GLU319,N,12.579,38.175,-47.786
Phase Boundary,YELLOW,4.187,3.109,False,B,THR318,OG1,11.198,37.288,-45.273,B,THR320,N,12.819,39.908,-45.693
Thermal Noise,RED,3.665,3.409,False,B,THR318,OG1,11.198,37.288,-45.273,B,THR320,OG1,10.665,40.476,-44.19
Bound Backbone,BLUE,5.942,2.814,False,B,THR318,OG1,11.198,37.288,-45.273,B,ASP391,O,8.828,36.952,-46.753
Thermal Noise,RED,3.042,3.793,False,B,THR318,OG1,11.198,37.288,-45.273,B,LEU393,N,8.148,39.011,-43.819
Thermal Noise,RED,2.648,3.943,False,B,THR318,OG1,11.198,37.288,-45.273,B,HOH576,O,8.909,34.188,-46.106
Bound Backbone,BLUE,7.393,2.728,False,B,GLU319,N,12.579,38.175,-47.786,B,THR320,N,12.819,39.908,-45.693
Bound Backbone,BLUE,5.493,2.924,False,B,GLU319,N,12.579,38.175,-47.786,B,SER390,O,10.259,37.261,-49.313
Bound Backbone,BLUE,9.424,2.242,False,B,GLU319,O,14.157,41.244,-46.898,B,THR320,N,12.819,39.908,-45.693
Bound Backbone,BLUE,6.338,3.045,False,B,GLU319,O,14.157,41.244,-46.898,B,TYR321,N,15.516,40.466,-44.287
Thermal Noise,RED,3.51,3.997,False,B,GLU319,O,14.157,41.244,-46.898,B,TYR321,OH,16.545,40.788,-50.07
Thermal Noise,RED,3.793,3.58,False,B,GLU319,O,14.157,41.244,-46.898,B,ASP329,OD1,14.542,44.132,-44.817
Bound Backbone,BLUE,5.576,3.215,False,B,GLU319,O,14.157,41.244,-46.898,B,GLY330,N,14.503,42.996,-49.571
Bound Backbone,BLUE,5.275,3.505,False,B,GLU319,OE2,9.823,42.689,-48.749,B,HOH563,O,10.278,43.052,-45.293
Phase Boundary,YELLOW,4.736,3.092,False,B,THR320,N,12.819,39.908,-45.693,B,TYR321,N,15.516,40.466,-44.287
Bound Backbone,BLUE,9.527,2.229,False,B,THR320,O,14.335,39.001,-43.092,B,TYR321,N,15.516,40.466,-44.287
Thermal Noise,RED,3.588,3.468,False,B,THR320,O,14.335,39.001,-43.092,B,TYR321,O,16.642,41.287,-41.877
Phase Boundary,YELLOW,4.474,3.202,False,B,THR320,O,14.335,39.001,-43.092,B,LEU322,N,17.141,39.151,-41.556
Phase Boundary,YELLOW,4.69,2.936,False,B,THR320,OG1,10.665,40.476,-44.19,B,LEU393,N,8.148,39.011,-43.819
Bound Backbone,BLUE,5.485,2.829,False,B,THR320,OG1,10.665,40.476,-44.19,B,HOH563,O,10.278,43.052,-45.293
Phase Boundary,YELLOW,4.741,3.439,False,B,TYR321,N,15.516,40.466,-44.287,B,LEU322,N,17.141,39.151,-41.556
Thermal Noise,RED,2.761,3.83,False,B,TYR321,N,15.516,40.466,-44.287,B,ASP329,OD1,14.542,44.132,-44.817
Thermal Noise,RED,3.623,3.676,False,B,TYR321,N,15.516,40.466,-44.287,B,ARG366,NH1,14.897,43.362,-42.109
Bound Backbone,BLUE,8.252,2.217,False,B,TYR321,O,16.642,41.287,-41.877,B,LEU322,N,17.141,39.151,-41.556
Thermal Noise,RED,3.239,3.728,False,B,TYR321,O,16.642,41.287,-41.877,B,ASP323,N,19.581,39.695,-40.225
Thermal Noise,RED,2.781,3.807,False,B,TYR321,O,16.642,41.287,-41.877,B,ARG326,NE,17.678,44.928,-41.471
Bound Backbone,BLUE,5.43,2.721,False,B,TYR321,O,16.642,41.287,-41.877,B,ARG366,NH1,14.897,43.362,-42.109
Phase Boundary,YELLOW,4.379,3.049,False,B,TYR321,OH,16.545,40.788,-50.07,B,GLY330,N,14.503,42.996,-49.571
Phase Boundary,YELLOW,4.324,3.238,False,B,TYR321,OH,16.545,40.788,-50.07,B,SER331,N,16.393,43.664,-51.551
Bound Backbone,BLUE,5.992,3.015,False,B,TYR321,OH,16.545,40.788,-50.07,B,ILE332,N,18.265,41.775,-52.341
Phase Boundary,YELLOW,4.08,3.836,False,B,TYR321,OH,16.545,40.788,-50.07,B,ILE332,O,17.296,39.182,-53.472
Bound Backbone,BLUE,5.843,2.814,False,B,TYR321,OH,16.545,40.788,-50.07,B,HOH587,O,15.564,38.549,-51.464
Bound Backbone,BLUE,5.691,2.832,False,B,LEU322,N,17.141,39.151,-41.556,B,ASP323,N,19.581,39.695,-40.225
Phase Boundary,YELLOW,4.278,3.181,False,B,LEU322,N,17.141,39.151,-41.556,B,HOH553,O,17.144,36.181,-42.694
Bound Backbone,BLUE,11.803,2.235,False,B,LEU322,O,18.474,39.937,-38.299,B,ASP323,N,19.581,39.695,-40.225
Thermal Noise,RED,3.489,3.684,False,B,LEU322,O,18.474,39.937,-38.299,B,ASP323,O,20.542,42.258,-40.276
Bound Backbone,BLUE,5.656,3.397,False,B,LEU322,O,18.474,39.937,-38.299,B,HOH499,O,18.522,39.616,-34.918
Bound Backbone,BLUE,6.004,2.89,False,B,LEU322,O,18.474,39.937,-38.299,B,HOH512,O,19.117,42.085,-36.475
Thermal Noise,RED,3.139,3.71,False,B,ASP323,N,19.581,39.695,-40.225,B,THR324,N,22.268,41.891,-38.913
Bound Backbone,BLUE,9.964,2.23,False,B,ASP323,O,20.542,42.258,-40.276,B,THR324,N,22.268,41.891,-38.913
Phase Boundary,YELLOW,5.215,3.41,False,B,ASP323,O,20.542,42.258,-40.276,B,THR324,OG1,21.122,43.627,-37.207
Thermal Noise,RED,3.475,3.652,False,B,ASP323,O,20.542,42.258,-40.276,B,PRO325,O,23.673,42.73,-42.095
Phase Boundary,YELLOW,4.373,3.106,False,B,ASP323,O,20.542,42.258,-40.276,B,ARG326,NH1,18.674,44.568,-39.368
Phase Boundary,YELLOW,4.561,2.991,False,B,ASP323,OD1,23.245,39.113,-38.389,B,THR324,N,22.268,41.891,-38.913
Thermal Noise,RED,3.138,3.572,False,B,ASP323,OD1,23.245,39.113,-38.389,B,THR324,O,24.838,42.309,-38.299
Bound Backbone,BLUE,6.803,2.878,False,B,ASP323,OD1,23.245,39.113,-38.389,B,ILE347,N,24.943,39.409,-36.084
Bound Backbone,BLUE,5.721,3.229,False,B,ASP323,OD1,23.245,39.113,-38.389,B,ILE347,O,23.2,37.568,-35.554
Thermal Noise,RED,2.835,3.757,False,B,ASP323,OD2,24.116,38.492,-40.269,B,GLY345,O,27.711,39.583,-40.26
Phase Boundary,YELLOW,4.555,3.28,False,B,ASP323,OD2,24.116,38.492,-40.269,B,HOH551,O,25.397,40.798,-42.219
Phase Boundary,YELLOW,4.815,2.945,False,B,ASP323,OD2,24.116,38.492,-40.269,B,HOH697,O,23.255,35.783,-41.04
Thermal Noise,RED,3.462,3.49,False,B,THR324,N,22.268,41.891,-38.913,B,PRO325,N,25.002,43.808,-39.929
Phase Boundary,YELLOW,4.699,3.578,False,B,THR324,N,22.268,41.891,-38.913,B,PRO325,O,23.673,42.73,-42.095
Thermal Noise,RED,3.113,3.989,False,B,THR324,N,22.268,41.891,-38.913,B,HOH512,O,19.117,42.085,-36.475
Bound Backbone,BLUE,10.899,2.221,False,B,THR324,O,24.838,42.309,-38.299,B,PRO325,N,25.002,43.808,-39.929
Thermal Noise,RED,3.954,3.993,False,B,THR324,O,24.838,42.309,-38.299,B,PRO325,O,23.673,42.73,-42.095
Thermal Noise,RED,3.51,3.377,False,B,THR324,O,24.838,42.309,-38.299,B,GLY346,N,27.662,40.458,-38.227
Phase Boundary,YELLOW,4.431,3.477,False,B,THR324,O,24.838,42.309,-38.299,B,GLY346,O,26.692,40.821,-35.761
Thermal Noise,RED,3.706,3.651,False,B,THR324,O,24.838,42.309,-38.299,B,ILE347,N,24.943,39.409,-36.084
Phase Boundary,YELLOW,4.357,3.398,False,B,THR324,OG1,21.122,43.627,-37.207,B,ARG326,NH1,18.674,44.568,-39.368
Bound Backbone,BLUE,6.145,2.64,False,B,THR324,OG1,21.122,43.627,-37.207,B,THR367,OG1,19.472,45.492,-36.33
Bound Backbone,BLUE,6.056,2.633,False,B,THR324,OG1,21.122,43.627,-37.207,B,HOH512,O,19.117,42.085,-36.475
Thermal Noise,RED,3.979,3.726,False,B,PRO325,N,25.002,43.808,-39.929,B,ARG326,N,22.791,44.644,-42.809
Thermal Noise,RED,3.406,3.803,False,B,PRO325,N,25.002,43.808,-39.929,B,HOH551,O,25.397,40.798,-42.219
Bound Backbone,BLUE,8.613,2.225,False,B,PRO325,O,23.673,42.73,-42.095,B,ARG326,N,22.791,44.644,-42.809
Phase Boundary,YELLOW,4.479,3.463,False,B,PRO325,O,23.673,42.73,-42.095,B,LYS342,O,25.997,42.347,-44.633
Bound Backbone,BLUE,5.964,2.592,False,B,PRO325,O,23.673,42.73,-42.095,B,HOH551,O,25.397,40.798,-42.219
Phase Boundary,YELLOW,4.633,3.656,False,B,ARG326,N,22.791,44.644,-42.809,B,PRO327,N,21.427,44.778,-46.198
Bound Backbone,BLUE,5.861,2.95,False,B,ARG326,N,22.791,44.644,-42.809,B,LYS370,O,22.124,46.767,-40.873
Bound Backbone,BLUE,10.695,2.226,False,B,ARG326,O,21.749,46.304,-44.61,B,PRO327,N,21.427,44.778,-46.198
Thermal Noise,RED,3.68,3.493,False,B,ARG326,O,21.749,46.304,-44.61,B,PRO327,O,18.797,45.234,-46.141
Phase Boundary,YELLOW,4.645,3.002,False,B,ARG326,O,21.749,46.304,-44.61,B,LYS342,NZ,23.529,48.583,-45.415
Phase Boundary,YELLOW,4.529,3.784,False,B,ARG326,O,21.749,46.304,-44.61,B,LYS370,O,22.124,46.767,-40.873
Thermal Noise,RED,3.87,3.255,False,B,ARG326,NE,17.678,44.928,-41.471,B,ARG366,NH1,14.897,43.362,-42.109
Bound Backbone,BLUE,6.378,3.094,False,B,ARG326,NE,17.678,44.928,-41.471,B,HOH557,O,16.731,45.805,-44.283
Thermal Noise,RED,3.778,3.679,False,B,ARG326,NH1,18.674,44.568,-39.368,B,THR367,O,16.36,46.076,-36.938
Bound Backbone,BLUE,5.779,3.274,False,B,ARG326,NH1,18.674,44.568,-39.368,B,THR367,OG1,19.472,45.492,-36.33
Thermal Noise,RED,3.715,3.433,False,B,ARG326,NH1,18.674,44.568,-39.368,B,SER369,O,19.506,47.626,-38.049
Thermal Noise,RED,3.699,3.838,False,B,ARG326,NH1,18.674,44.568,-39.368,B,HOH512,O,19.117,42.085,-36.475
Thermal Noise,RED,2.53,3.986,False,B,ARG326,NH2,17.058,46.229,-39.652,B,ARG366,NE,14.028,43.66,-39.983
Bound Backbone,BLUE,8.105,2.806,False,B,ARG326,NH2,17.058,46.229,-39.652,B,THR367,O,16.36,46.076,-36.938
Thermal Noise,RED,3.279,3.648,False,B,ARG326,NH2,17.058,46.229,-39.652,B,MET368,O,16.427,49.548,-38.275
Phase Boundary,YELLOW,4.398,3.243,False,B,ARG326,NH2,17.058,46.229,-39.652,B,SER369,O,19.506,47.626,-38.049
Thermal Noise,RED,2.608,3.918,False,B,ARG326,NH2,17.058,46.229,-39.652,B,LYS370,N,19.721,49.101,-39.744
Thermal Noise,RED,3.498,3.54,False,B,ARG326,NH2,17.058,46.229,-39.652,B,HOH604,O,13.811,45.891,-38.283
Thermal Noise,RED,3.298,3.677,False,B,PRO327,N,21.427,44.778,-46.198,B,ASP328,N,18.772,46.788,-47.758
Bound Backbone,BLUE,10.588,2.243,False,B,PRO327,O,18.797,45.234,-46.141,B,ASP328,N,18.772,46.788,-47.758
Bound Backbone,BLUE,5.632,3.207,False,B,PRO327,O,18.797,45.234,-46.141,B,ASP328,O,17.073,44.942,-48.829
Thermal Noise,RED,3.337,3.597,False,B,PRO327,O,18.797,45.234,-46.141,B,ASP329,N,15.445,45.547,-47.407
Bound Backbone,BLUE,6.331,2.837,False,B,PRO327,O,18.797,45.234,-46.141,B,HOH557,O,16.731,45.805,-44.283
Thermal Noise,RED,3.163,3.568,False,B,ASP328,N,18.772,46.788,-47.758,B,ASP329,N,15.445,45.547,-47.407
Phase Boundary,YELLOW,4.647,3.561,False,B,ASP328,N,18.772,46.788,-47.758,B,SER331,OG,18.903,44.984,-50.825
Bound Backbone,BLUE,9.971,2.245,False,B,ASP328,O,17.073,44.942,-48.829,B,ASP329,N,15.445,45.547,-47.407
Thermal Noise,RED,3.917,3.277,False,B,ASP328,O,17.073,44.942,-48.829,B,ASP329,O,13.938,45.166,-49.755
Thermal Noise,RED,3.774,3.308,False,B,ASP328,O,17.073,44.942,-48.829,B,GLY330,N,14.503,42.996,-49.571
Bound Backbone,BLUE,6.299,3.083,False,B,ASP328,O,17.073,44.942,-48.829,B,SER331,N,16.393,43.664,-51.551
Bound Backbone,BLUE,7.342,2.708,False,B,ASP328,O,17.073,44.942,-48.829,B,SER331,OG,18.903,44.984,-50.825
Bound Backbone,BLUE,7.039,2.833,False,B,ASP328,OD1,17.986,49.795,-47.466,B,LYS370,NZ,16.331,50.097,-45.186
Phase Boundary,YELLOW,4.131,3.475,False,B,ASP329,N,15.445,45.547,-47.407,B,GLY330,N,14.503,42.996,-49.571
Bound Backbone,BLUE,5.372,3.388,False,B,ASP329,N,15.445,45.547,-47.407,B,HOH557,O,16.731,45.805,-44.283
Phase Boundary,YELLOW,4.825,3.065,False,B,ASP329,N,15.445,45.547,-47.407,B,HOH596,O,14.258,48.002,-46.008
Bound Backbone,BLUE,7.94,2.25,False,B,ASP329,O,13.938,45.166,-49.755,B,GLY330,N,14.503,42.996,-49.571
Phase Boundary,YELLOW,4.098,3.392,False,B,ASP329,O,13.938,45.166,-49.755,B,SER331,N,16.393,43.664,-51.551
Bound Backbone,BLUE,7.851,2.838,False,B,ASP329,OD1,14.542,44.132,-44.817,B,ARG366,NH1,14.897,43.362,-42.109
Phase Boundary,YELLOW,5.009,3.458,False,B,ASP329,OD1,14.542,44.132,-44.817,B,ARG366,NH2,13.069,44.81,-41.763
Phase Boundary,YELLOW,5.198,2.806,False,B,ASP329,OD1,14.542,44.132,-44.817,B,HOH557,O,16.731,45.805,-44.283
Thermal Noise,RED,3.519,3.835,False,B,ASP329,OD2,12.529,44.886,-44.712,B,ARG366,NH1,14.897,43.362,-42.109
Bound Backbone,BLUE,7.188,2.999,False,B,ASP329,OD2,12.529,44.886,-44.712,B,ARG366,NH2,13.069,44.81,-41.763
Phase Boundary,YELLOW,4.676,2.961,False,B,ASP329,OD2,12.529,44.886,-44.712,B,HOH563,O,10.278,43.052,-45.293
Thermal Noise,RED,2.99,3.792,False,B,ASP329,OD2,12.529,44.886,-44.712,B,HOH596,O,14.258,48.002,-46.008
Bound Backbone,BLUE,6.625,2.818,False,B,GLY330,N,14.503,42.996,-49.571,B,SER331,N,16.393,43.664,-51.551
Bound Backbone,BLUE,10.48,2.236,False,B,GLY330,O,14.958,42.947,-53.108,B,SER331,N,16.393,43.664,-51.551
Thermal Noise,RED,3.193,3.591,False,B,GLY330,O,14.958,42.947,-53.108,B,ILE332,N,18.265,41.775,-52.341
Bound Backbone,BLUE,5.468,2.774,False,B,SER331,N,16.393,43.664,-51.551,B,ILE332,N,18.265,41.775,-52.341
Bound Backbone,BLUE,10.892,2.228,False,B,SER331,O,19.018,43.062,-53.997,B,ILE332,N,18.265,41.775,-52.341
Phase Boundary,YELLOW,4.602,3.048,False,B,SER331,O,19.018,43.062,-53.997,B,THR333,N,18.6,40.213,-54.997
Thermal Noise,RED,3.424,3.606,False,B,SER331,OG,18.903,44.984,-50.825,B,ILE332,N,18.265,41.775,-52.341
Bound Backbone,BLUE,6.113,3.099,False,B,ILE332,N,18.265,41.775,-52.341,B,THR333,N,18.6,40.213,-54.997
Bound Backbone,BLUE,10.151,2.256,False,B,ILE332,O,17.296,39.182,-53.472,B,THR333,N,18.6,40.213,-54.997
Thermal Noise,RED,3.866,3.638,False,B,ILE332,O,17.296,39.182,-53.472,B,THR333,O,19.596,37.715,-55.879
Phase Boundary,YELLOW,4.412,3.013,False,B,ILE332,O,17.296,39.182,-53.472,B,HOH561,O,17.854,36.223,-53.37
Bound Backbone,BLUE,7.243,2.726,False,B,ILE332,O,17.296,39.182,-53.472,B,HOH587,O,15.564,38.549,-51.464
Thermal Noise,RED,3.715,3.691,False,B,THR333,N,18.6,40.213,-54.997,B,GLY334,N,17.946,37.468,-57.376
Bound Backbone,BLUE,10.226,2.242,False,B,THR333,O,19.596,37.715,-55.879,B,GLY334,N,17.946,37.468,-57.376
Thermal Noise,RED,3.029,3.64,False,B,THR333,O,19.596,37.715,-55.879,B,GLY334,O,16.786,35.413,-56.105
Thermal Noise,RED,3.818,3.279,False,B,THR333,O,19.596,37.715,-55.879,B,SER338,OG,20.793,34.734,-55.223
Phase Boundary,YELLOW,4.664,3.399,False,B,THR333,O,19.596,37.715,-55.879,B,HOH561,O,17.854,36.223,-53.37
Thermal Noise,RED,2.922,3.715,False,B,GLY334,N,17.946,37.468,-57.376,B,PRO335,N,18.034,33.777,-56.962
Bound Backbone,BLUE,8.813,2.229,False,B,GLY334,O,16.786,35.413,-56.105,B,PRO335,N,18.034,33.777,-56.962
Phase Boundary,YELLOW,4.906,3.164,False,B,GLY334,O,16.786,35.413,-56.105,B,PRO335,O,18.432,33.482,-54.215
Thermal Noise,RED,3.073,3.946,False,B,GLY334,O,16.786,35.413,-56.105,B,CYS336,N,16.671,32.131,-53.917
Bound Backbone,BLUE,6.528,3.046,False,B,GLY334,O,16.786,35.413,-56.105,B,HOH561,O,17.854,36.223,-53.37
Bound Backbone,BLUE,5.955,2.904,False,B,GLY334,O,16.786,35.413,-56.105,B,HOH614,O,14.76,34.438,-54.267
Phase Boundary,YELLOW,4.125,3.72,False,B,PRO335,N,18.034,33.777,-56.962,B,CYS336,N,16.671,32.131,-53.917
Thermal Noise,RED,4.041,3.399,False,B,PRO335,N,18.034,33.777,-56.962,B,SER338,OG,20.793,34.734,-55.223
Bound Backbone,BLUE,8.07,2.239,False,B,PRO335,O,18.432,33.482,-54.215,B,CYS336,N,16.671,32.131,-53.917
Phase Boundary,YELLOW,5.149,3.524,False,B,PRO335,O,18.432,33.482,-54.215,B,CYS336,O,18.369,32.618,-50.799
Bound Backbone,BLUE,5.83,2.913,False,B,PRO335,O,18.432,33.482,-54.215,B,GLU337,N,19.051,31.256,-52.441
Phase Boundary,YELLOW,5.166,2.965,False,B,PRO335,O,18.432,33.482,-54.215,B,SER338,N,21.046,33.174,-52.85
Bound Backbone,BLUE,5.295,2.856,False,B,PRO335,O,18.432,33.482,-54.215,B,SER338,OG,20.793,34.734,-55.223
Phase Boundary,YELLOW,4.923,2.926,False,B,PRO335,O,18.432,33.482,-54.215,B,HOH561,O,17.854,36.223,-53.37
Thermal Noise,RED,2.779,3.795,False,B,PRO335,O,18.432,33.482,-54.215,B,HOH614,O,14.76,34.438,-54.267
Bound Backbone,BLUE,5.398,2.934,False,B,CYS336,N,16.671,32.131,-53.917,B,GLU337,N,19.051,31.256,-52.441
Thermal Noise,RED,2.719,3.86,False,B,CYS336,N,16.671,32.131,-53.917,B,GLU337,OE1,19.126,29.202,-54.462
Phase Boundary,YELLOW,4.437,3.016,False,B,CYS336,N,16.671,32.131,-53.917,B,HOH614,O,14.76,34.438,-54.267
Bound Backbone,BLUE,10.707,2.24,False,B,CYS336,O,18.369,32.618,-50.799,B,GLU337,N,19.051,31.256,-52.441
Phase Boundary,YELLOW,4.211,3.418,False,B,CYS336,O,18.369,32.618,-50.799,B,SER338,N,21.046,33.174,-52.85
Phase Boundary,YELLOW,4.156,3.585,False,B,CYS336,SG,14.203,31.318,-52.149,B,TRP387,O,14.422,28.86,-49.548
Thermal Noise,RED,2.833,3.803,False,B,CYS336,SG,14.203,31.318,-52.149,B,THR388,O,10.509,30.798,-51.407
Thermal Noise,RED,3.295,3.812,False,B,CYS336,SG,14.203,31.318,-52.149,B,HOH614,O,14.76,34.438,-54.267
Phase Boundary,YELLOW,5.183,2.798,False,B,GLU337,N,19.051,31.256,-52.441,B,SER338,N,21.046,33.174,-52.85
Bound Backbone,BLUE,9.624,2.236,False,B,GLU337,O,22.484,32.015,-51.59,B,SER338,N,21.046,33.174,-52.85
Thermal Noise,RED,3.408,3.453,False,B,GLU337,O,22.484,32.015,-51.59,B,SER338,O,21.616,35.314,-51.056
Thermal Noise,RED,3.69,3.294,False,B,GLU337,O,22.484,32.015,-51.59,B,ASN339,N,23.747,35.056,-51.671
Bound Backbone,BLUE,5.304,2.957,False,B,GLU337,O,22.484,32.015,-51.59,B,HOH568,O,24.663,30.668,-50.113
Thermal Noise,RED,3.51,3.497,False,B,SER338,N,21.046,33.174,-52.85,B,ASN339,N,23.747,35.056,-51.671
Bound Backbone,BLUE,8.414,2.233,False,B,SER338,O,21.616,35.314,-51.056,B,ASN339,N,23.747,35.056,-51.671
Thermal Noise,RED,4.0,3.395,False,B,SER338,O,21.616,35.314,-51.056,B,ASN339,O,23.444,37.644,-49.396
Thermal Noise,RED,3.062,3.633,False,B,SER338,O,21.616,35.314,-51.056,B,GLY340,N,24.146,37.882,-51.509
Thermal Noise,RED,3.229,3.78,False,B,SER338,OG,20.793,34.734,-55.223,B,HOH561,O,17.854,36.223,-53.37
Phase Boundary,YELLOW,4.907,2.859,False,B,ASN339,N,23.747,35.056,-51.671,B,GLY340,N,24.146,37.882,-51.509
Bound Backbone,BLUE,12.504,2.239,False,B,ASN339,O,23.444,37.644,-49.396,B,GLY340,N,24.146,37.882,-51.509
Thermal Noise,RED,3.414,3.551,False,B,ASN339,O,23.444,37.644,-49.396,B,GLY340,O,26.078,39.687,-50.62
Bound Backbone,BLUE,6.925,2.711,False,B,ASN339,O,23.444,37.644,-49.396,B,HOH559,O,23.664,39.684,-47.624
Phase Boundary,YELLOW,4.71,2.962,False,B,ASN339,OD1,25.634,33.385,-49.443,B,HOH568,O,24.663,30.668,-50.113
Thermal Noise,RED,3.176,3.616,False,B,GLY340,N,24.146,37.882,-51.509,B,ASP341,N,24.577,41.363,-50.629
Bound Backbone,BLUE,7.906,2.25,False,B,GLY340,O,26.078,39.687,-50.62,B,ASP341,N,24.577,41.363,-50.629
Thermal Noise,RED,3.747,3.848,False,B,GLY340,O,26.078,39.687,-50.62,B,HOH559,O,23.664,39.684,-47.624
Thermal Noise,RED,3.747,3.719,False,B,ASP341,N,24.577,41.363,-50.629,B,LYS342,N,26.488,43.305,-48.098
Phase Boundary,YELLOW,4.585,3.561,False,B,ASP341,N,24.577,41.363,-50.629,B,HOH559,O,23.664,39.684,-47.624
Bound Backbone,BLUE,8.026,2.234,False,B,ASP341,O,24.475,42.34,-48.01,B,LYS342,N,26.488,43.305,-48.098
Phase Boundary,YELLOW,4.46,3.704,False,B,ASP341,O,24.475,42.34,-48.01,B,LYS342,O,25.997,42.347,-44.633
Thermal Noise,RED,4.003,3.419,False,B,ASP341,O,24.475,42.34,-48.01,B,GLY343,N,27.25,41.401,-46.247
Phase Boundary,YELLOW,5.152,2.804,False,B,ASP341,O,24.475,42.34,-48.01,B,HOH559,O,23.664,39.684,-47.624
Bound Backbone,BLUE,5.363,3.293,False,B,ASP341,OD1,26.585,45.069,-50.877,B,LYS342,N,26.488,43.305,-48.098
Phase Boundary,YELLOW,4.682,3.179,False,B,ASP341,OD1,26.585,45.069,-50.877,B,HOH573,O,29.169,44.338,-49.176
Bound Backbone,BLUE,6.742,2.763,False,B,LYS342,N,26.488,43.305,-48.098,B,GLY343,N,27.25,41.401,-46.247
Phase Boundary,YELLOW,4.584,3.069,False,B,LYS342,N,26.488,43.305,-48.098,B,HOH573,O,29.169,44.338,-49.176
Thermal Noise,RED,2.804,3.928,False,B,LYS342,N,26.488,43.305,-48.098,B,HOH590,O,30.139,42.938,-46.696
Bound Backbone,BLUE,10.475,2.252,False,B,LYS342,O,25.997,42.347,-44.633,B,GLY343,N,27.25,41.401,-46.247
Thermal Noise,RED,2.667,3.947,False,B,LYS342,O,25.997,42.347,-44.633,B,GLY343,O,27.944,39.053,-43.666
Thermal Noise,RED,2.923,3.704,False,B,LYS342,O,25.997,42.347,-44.633,B,ARG344,N,29.299,40.681,-44.438
Thermal Noise,RED,3.18,3.966,False,B,LYS342,O,25.997,42.347,-44.633,B,ARG344,O,29.082,42.168,-42.147
Bound Backbone,BLUE,6.673,2.93,False,B,LYS342,O,25.997,42.347,-44.633,B,HOH551,O,25.397,40.798,-42.219
Bound Backbone,BLUE,6.315,2.827,False,B,GLY343,N,27.25,41.401,-46.247,B,ARG344,N,29.299,40.681,-44.438
Thermal Noise,RED,3.711,3.303,False,B,GLY343,N,27.25,41.401,-46.247,B,HOH590,O,30.139,42.938,-46.696
Bound Backbone,BLUE,8.462,2.254,False,B,GLY343,O,27.944,39.053,-43.666,B,ARG344,N,29.299,40.681,-44.438
Thermal Noise,RED,3.34,3.648,False,B,GLY343,O,27.944,39.053,-43.666,B,ARG344,O,29.082,42.168,-42.147
Thermal Noise,RED,3.818,3.738,False,B,GLY343,O,27.944,39.053,-43.666,B,GLY345,N,30.054,40.54,-40.963
Bound Backbone,BLUE,5.427,3.455,False,B,GLY343,O,27.944,39.053,-43.666,B,GLY345,O,27.711,39.583,-40.26
Thermal Noise,RED,3.837,3.41,False,B,GLY343,O,27.944,39.053,-43.666,B,HOH551,O,25.397,40.798,-42.219
Phase Boundary,YELLOW,5.077,3.559,False,B,ARG344,N,29.299,40.681,-44.438,B,GLY345,N,30.054,40.54,-40.963
Phase Boundary,YELLOW,4.765,3.301,False,B,ARG344,N,29.299,40.681,-44.438,B,HOH590,O,30.139,42.938,-46.696
Bound Backbone,BLUE,9.439,2.235,False,B,ARG344,O,29.082,42.168,-42.147,B,GLY345,N,30.054,40.54,-40.963
Thermal Noise,RED,3.918,3.482,False,B,ARG344,O,29.082,42.168,-42.147,B,GLY345,O,27.711,39.583,-40.26
Thermal Noise,RED,2.589,3.932,False,B,ARG344,O,29.082,42.168,-42.147,B,HOH551,O,25.397,40.798,-42.219
Phase Boundary,YELLOW,4.12,3.635,False,B,GLY345,N,30.054,40.54,-40.963,B,GLY346,N,27.662,40.458,-38.227
Bound Backbone,BLUE,12.548,2.214,False,B,GLY345,O,27.711,39.583,-40.26,B,GLY346,N,27.662,40.458,-38.227
Phase Boundary,YELLOW,4.61,3.266,False,B,GLY345,O,27.711,39.583,-40.26,B,HOH551,O,25.397,40.798,-42.219
Thermal Noise,RED,3.741,3.617,False,B,GLY346,N,27.662,40.458,-38.227,B,ILE347,N,24.943,39.409,-36.084
Bound Backbone,BLUE,5.291,2.919,False,B,GLY346,N,27.662,40.458,-38.227,B,HOH579,O,28.647,42.878,-36.925
Bound Backbone,BLUE,7.86,2.271,False,B,GLY346,O,26.692,40.821,-35.761,B,ILE347,N,24.943,39.409,-36.084
Bound Backbone,BLUE,7.726,2.817,False,B,GLY346,O,26.692,40.821,-35.761,B,ARG373,NH2,27.327,41.77,-33.186
Phase Boundary,YELLOW,4.644,3.067,False,B,GLY346,O,26.692,40.821,-35.761,B,HOH579,O,28.647,42.878,-36.925
Phase Boundary,YELLOW,4.416,3.546,False,B,ILE347,N,24.943,39.409,-36.084,B,LYS348,N,23.461,37.758,-33.318
Bound Backbone,BLUE,12.729,2.259,False,B,ILE347,O,23.2,37.568,-35.554,B,LYS348,N,23.461,37.758,-33.318
Thermal Noise,RED,3.841,3.855,False,B,ILE347,O,23.2,37.568,-35.554,B,LYS348,O,21.053,38.104,-32.397
Thermal Noise,RED,3.346,3.78,False,B,ILE347,O,23.2,37.568,-35.554,B,GLY349,N,20.324,36.282,-33.466
Thermal Noise,RED,3.327,3.47,False,B,LYS348,N,23.461,37.758,-33.318,B,GLY349,N,20.324,36.282,-33.466
Bound Backbone,BLUE,9.181,2.235,False,B,LYS348,O,21.053,38.104,-32.397,B,GLY349,N,20.324,36.282,-33.466
Bound Backbone,BLUE,5.661,3.239,False,B,LYS348,O,21.053,38.104,-32.397,B,SER409,N,19.575,38.679,-29.573
Thermal Noise,RED,3.463,3.824,False,B,LYS348,O,21.053,38.104,-32.397,B,SER409,O,18.883,36.152,-29.926
Thermal Noise,RED,2.719,3.912,False,B,LYS348,O,21.053,38.104,-32.397,B,SER409,OG,17.377,39.017,-31.417
Thermal Noise,RED,3.374,3.879,False,B,LYS348,O,21.053,38.104,-32.397,B,HOH499,O,18.522,39.616,-34.918
Phase Boundary,YELLOW,4.168,3.099,False,B,LYS348,O,21.053,38.104,-32.397,B,HOH543,O,19.367,40.704,-32.372
Thermal Noise,RED,3.218,3.619,False,B,GLY349,N,20.324,36.282,-33.466,B,GLY350,N,16.866,36.493,-32.42
Phase Boundary,YELLOW,4.229,3.824,False,B,GLY349,N,20.324,36.282,-33.466,B,SER409,O,18.883,36.152,-29.926
Phase Boundary,YELLOW,4.818,3.019,False,B,GLY349,N,20.324,36.282,-33.466,B,HOH510,O,21.151,33.629,-34.645
Bound Backbone,BLUE,8.139,2.257,False,B,GLY349,O,18.026,34.633,-32.959,B,GLY350,N,16.866,36.493,-32.42
Thermal Noise,RED,3.262,3.579,False,B,GLY349,O,18.026,34.633,-32.959,B,GLY350,O,14.674,35.462,-33.9
Thermal Noise,RED,2.903,3.753,False,B,GLY349,O,18.026,34.633,-32.959,B,PHE351,N,14.409,33.909,-32.266
Phase Boundary,YELLOW,4.833,3.499,False,B,GLY349,O,18.026,34.633,-32.959,B,SER409,O,18.883,36.152,-29.926
Thermal Noise,RED,3.33,3.69,False,B,GLY349,O,18.026,34.633,-32.959,B,HOH510,O,21.151,33.629,-34.645
Thermal Noise,RED,3.146,3.569,False,B,GLY350,N,16.866,36.493,-32.42,B,PHE351,N,14.409,33.909,-32.266
Thermal Noise,RED,3.614,3.347,False,B,GLY350,N,16.866,36.493,-32.42,B,SER365,OG,14.597,38.911,-31.963
Bound Backbone,BLUE,5.31,3.226,False,B,GLY350,N,16.866,36.493,-32.42,B,SER409,O,18.883,36.152,-29.926
Bound Backbone,BLUE,5.679,2.764,False,B,GLY350,N,16.866,36.493,-32.42,B,SER409,OG,17.377,39.017,-31.417
Phase Boundary,YELLOW,4.19,3.943,False,B,GLY350,N,16.866,36.493,-32.42,B,PHE410,N,17.195,36.18,-28.503
Phase Boundary,YELLOW,4.57,3.76,False,B,GLY350,N,16.866,36.493,-32.42,B,HOH470,O,16.367,36.98,-36.115
Bound Backbone,BLUE,10.33,2.27,False,B,GLY350,O,14.674,35.462,-33.9,B,PHE351,N,14.409,33.909,-32.266
Thermal Noise,RED,3.74,3.292,False,B,GLY350,O,14.674,35.462,-33.9,B,SER365,N,13.194,38.366,-34.359
Thermal Noise,RED,2.947,3.956,False,B,GLY350,O,14.674,35.462,-33.9,B,SER365,OG,14.597,38.911,-31.963
Phase Boundary,YELLOW,5.202,3.174,False,B,GLY350,O,14.674,35.462,-33.9,B,HOH470,O,16.367,36.98,-36.115
Thermal Noise,RED,3.249,3.511,False,B,PHE351,N,14.409,33.909,-32.266,B,VAL352,N,11.512,31.929,-32.15
Bound Backbone,BLUE,8.748,2.246,False,B,PHE351,O,13.512,31.448,-31.249,B,VAL352,N,11.512,31.929,-32.15
Thermal Noise,RED,3.846,3.777,False,B,PHE351,O,13.512,31.448,-31.249,B,GLY411,N,15.348,33.055,-28.366
Bound Backbone,BLUE,5.499,2.934,False,B,PHE351,O,13.512,31.448,-31.249,B,HOH537,O,13.558,28.971,-29.678
Thermal Noise,RED,3.152,3.578,False,B,VAL352,N,11.512,31.929,-32.15,B,HIS353,N,9.118,29.302,-31.734
Bound Backbone,BLUE,5.55,3.02,False,B,VAL352,N,11.512,31.929,-32.15,B,TRP363,O,10.788,34.119,-34.1
Bound Backbone,BLUE,9.227,2.243,False,B,VAL352,O,9.005,31.239,-32.86,B,HIS353,N,9.118,29.302,-31.734
Thermal Noise,RED,3.176,3.866,False,B,VAL352,O,9.005,31.239,-32.86,B,GLY361,O,6.108,29.764,-34.953
Bound Backbone,BLUE,5.782,3.022,False,B,VAL352,O,9.005,31.239,-32.86,B,TRP363,N,8.375,33.276,-35.002
Thermal Noise,RED,3.307,3.607,False,B,VAL352,O,9.005,31.239,-32.86,B,TRP363,O,10.788,34.119,-34.1
Thermal Noise,RED,3.129,3.598,False,B,HIS353,N,9.118,29.302,-31.734,B,GLN354,N,5.579,28.884,-32.23
Phase Boundary,YELLOW,5.135,2.963,False,B,HIS353,N,9.118,29.302,-31.734,B,HOH523,O,11.075,27.511,-30.415
Bound Backbone,BLUE,11.302,2.271,False,B,HIS353,O,6.772,28.688,-30.308,B,GLN354,N,5.579,28.884,-32.23
Bound Backbone,BLUE,7.34,2.893,False,B,HIS353,O,6.772,28.688,-30.308,B,HOH517,O,5.945,27.883,-27.655
Bound Backbone,BLUE,8.112,2.756,False,B,HIS353,ND1,10.589,26.551,-32.952,B,HOH523,O,11.075,27.511,-30.415
Phase Boundary,YELLOW,4.18,3.125,False,B,GLN354,N,5.579,28.884,-32.23,B,ARG355,N,3.58,26.547,-31.674
Bound Backbone,BLUE,7.358,2.91,False,B,GLN354,N,5.579,28.884,-32.23,B,GLY361,O,6.108,29.764,-34.953
Bound Backbone,BLUE,11.416,2.239,False,B,GLN354,O,3.246,27.779,-33.513,B,ARG355,N,3.58,26.547,-31.674
Thermal Noise,RED,3.032,3.655,False,B,GLN354,O,3.246,27.779,-33.513,B,MET356,N,0.769,25.139,-33.012
Bound Backbone,BLUE,7.516,2.828,False,B,GLN354,O,3.246,27.779,-33.513,B,GLY361,N,3.756,28.974,-36.025
Thermal Noise,RED,3.079,3.769,False,B,GLN354,O,3.246,27.779,-33.513,B,GLY361,O,6.108,29.764,-34.953
Phase Boundary,YELLOW,5.021,3.082,False,B,GLN354,NE2,0.184,31.715,-31.467,B,HOH535,O,-1.015,29.434,-29.777
Phase Boundary,YELLOW,4.708,2.915,False,B,GLN354,OE1,1.906,32.261,-32.765,B,TRP363,NE1,4.466,33.656,-32.771
Phase Boundary,YELLOW,4.779,3.237,False,B,GLN354,OE1,1.906,32.261,-32.765,B,TYR382,OH,0.525,34.366,-34.8
Thermal Noise,RED,3.763,3.417,False,B,ARG355,N,3.58,26.547,-31.674,B,MET356,N,0.769,25.139,-33.012
Bound Backbone,BLUE,12.688,2.259,False,B,ARG355,O,1.075,25.379,-30.787,B,MET356,N,0.769,25.139,-33.012
Phase Boundary,YELLOW,4.555,3.072,False,B,ARG355,O,1.075,25.379,-30.787,B,HOH492,O,-1.568,26.543,-29.741
Phase Boundary,YELLOW,5.076,3.062,False,B,ARG355,NH1,6.311,24.063,-28.235,B,GLU413,OE1,7.962,26.028,-26.565
Bound Backbone,BLUE,5.329,3.474,False,B,ARG355,NH1,6.311,24.063,-28.235,B,ASP420,OD2,6.34,23.318,-24.842
Thermal Noise,RED,2.695,3.881,False,B,ARG355,NH1,6.311,24.063,-28.235,B,HOH517,O,5.945,27.883,-27.655
Bound Backbone,BLUE,6.019,3.088,False,B,ARG355,NH2,8.448,24.357,-29.116,B,GLU413,OE1,7.962,26.028,-26.565
Bound Backbone,BLUE,5.779,2.773,False,B,ARG355,NH2,8.448,24.357,-29.116,B,GLU413,OE2,9.452,26.67,-27.963
Thermal Noise,RED,3.339,3.521,False,B,ARG355,NH2,8.448,24.357,-29.116,B,HOH472,O,11.806,25.029,-28.296
Thermal Noise,RED,3.081,3.624,False,B,MET356,N,0.769,25.139,-33.012,B,ALA357,N,-2.231,23.164,-33.498
Bound Backbone,BLUE,7.087,3.03,False,B,MET356,N,0.769,25.139,-33.012,B,LYS359,O,0.802,25.526,-36.017
Thermal Noise,RED,3.614,3.621,False,B,MET356,N,0.769,25.139,-33.012,B,HOH651,O,2.449,22.59,-34.959
Bound Backbone,BLUE,8.721,2.22,False,B,MET356,O,-0.146,23.076,-34.256,B,ALA357,N,-2.231,23.164,-33.498
Thermal Noise,RED,3.867,3.468,False,B,MET356,O,-0.146,23.076,-34.256,B,ALA357,O,-1.909,20.656,-36.005
Phase Boundary,YELLOW,4.583,3.309,False,B,MET356,O,-0.146,23.076,-34.256,B,SER358,N,-2.687,22.722,-36.346
Phase Boundary,YELLOW,4.122,3.806,False,B,MET356,O,-0.146,23.076,-34.256,B,LYS359,N,-1.057,24.644,-37.602
Phase Boundary,YELLOW,4.791,3.163,False,B,MET356,O,-0.146,23.076,-34.256,B,LYS359,O,0.802,25.526,-36.017
Bound Backbone,BLUE,5.587,2.732,False,B,MET356,O,-0.146,23.076,-34.256,B,HOH651,O,2.449,22.59,-34.959
Bound Backbone,BLUE,7.55,2.918,False,B,ALA357,N,-2.231,23.164,-33.498,B,SER358,N,-2.687,22.722,-36.346
Bound Backbone,BLUE,8.139,2.234,False,B,ALA357,O,-1.909,20.656,-36.005,B,SER358,N,-2.687,22.722,-36.346
Bound Backbone,BLUE,5.687,2.816,False,B,SER358,N,-2.687,22.722,-36.346,B,LYS359,N,-1.057,24.644,-37.602
Bound Backbone,BLUE,12.235,2.22,False,B,SER358,O,-1.907,24.116,-39.584,B,LYS359,N,-1.057,24.644,-37.602
Thermal Noise,RED,3.169,3.554,False,B,LYS359,N,-1.057,24.644,-37.602,B,ILE360,N,1.934,26.563,-37.638
Bound Backbone,BLUE,10.723,2.233,False,B,LYS359,O,0.802,25.526,-36.017,B,ILE360,N,1.934,26.563,-37.638
Thermal Noise,RED,3.398,3.529,False,B,LYS359,O,0.802,25.526,-36.017,B,HOH651,O,2.449,22.59,-34.959
Thermal Noise,RED,3.569,3.927,False,B,LYS359,NZ,-2.681,30.907,-37.25,B,HOH507,O,-2.572,33.419,-40.267
Thermal Noise,RED,3.667,3.88,False,B,LYS359,NZ,-2.681,30.907,-37.25,B,HOH629,O,-2.684,33.373,-34.255
Thermal Noise,RED,3.892,3.426,False,B,ILE360,N,1.934,26.563,-37.638,B,GLY361,N,3.756,28.974,-36.025
Bound Backbone,BLUE,6.228,3.233,False,B,ILE360,N,1.934,26.563,-37.638,B,ASP383,OD1,1.636,26.303,-40.847
Bound Backbone,BLUE,12.798,2.245,False,B,ILE360,O,3.416,28.703,-38.228,B,GLY361,N,3.756,28.974,-36.025
Bound Backbone,BLUE,7.912,2.861,False,B,ILE360,O,3.416,28.703,-38.228,B,ASP383,N,3.375,29.18,-41.049
Thermal Noise,RED,3.236,3.973,False,B,ILE360,O,3.416,28.703,-38.228,B,ASP383,OD1,1.636,26.303,-40.847
Thermal Noise,RED,3.32,3.501,False,B,GLY361,N,3.756,28.974,-36.025,B,ARG362,N,6.341,31.265,-36.597
Bound Backbone,BLUE,10.73,2.238,False,B,GLY361,O,6.108,29.764,-34.953,B,ARG362,N,6.341,31.265,-36.597
Phase Boundary,YELLOW,4.295,3.275,False,B,ARG362,N,6.341,31.265,-36.597,B,TRP363,N,8.375,33.276,-35.002
Bound Backbone,BLUE,6.979,2.9,False,B,ARG362,N,6.341,31.265,-36.597,B,ARG381,O,5.181,32.213,-39.08
Bound Backbone,BLUE,11.807,2.265,False,B,ARG362,O,7.492,33.737,-37.036,B,TRP363,N,8.375,33.276,-35.002
Bound Backbone,BLUE,5.892,2.985,False,B,ARG362,O,7.492,33.737,-37.036,B,ARG381,N,5.683,34.863,-39.127
Phase Boundary,YELLOW,4.139,3.441,False,B,ARG362,O,7.492,33.737,-37.036,B,ARG381,O,5.181,32.213,-39.08
Phase Boundary,YELLOW,4.505,3.32,False,B,ARG362,NH1,7.522,27.81,-40.92,B,ASP383,O,5.408,29.353,-42.963
Bound Backbone,BLUE,5.372,3.401,False,B,ARG362,NH1,7.522,27.81,-40.92,B,GLY384,O,6.988,26.699,-44.09
Phase Boundary,YELLOW,4.766,2.899,False,B,ARG362,NH1,7.522,27.81,-40.92,B,HOH554,O,6.714,30.592,-40.806
Thermal Noise,RED,4.043,3.264,False,B,ARG362,NH1,7.522,27.81,-40.92,B,HOH616,O,6.075,25.111,-42.048
Phase Boundary,YELLOW,5.238,3.039,False,B,ARG362,NH2,8.481,25.755,-40.306,B,HOH616,O,6.075,25.111,-42.048
Thermal Noise,RED,3.238,3.516,False,B,TRP363,N,8.375,33.276,-35.002,B,TYR364,N,10.421,36.135,-35.016
Bound Backbone,BLUE,8.786,2.245,False,B,TRP363,O,10.788,34.119,-34.1,B,TYR364,N,10.421,36.135,-35.016
Thermal Noise,RED,3.119,3.619,False,B,TYR364,N,10.421,36.135,-35.016,B,SER365,N,13.194,38.366,-34.359
Bound Backbone,BLUE,5.447,2.815,False,B,TYR364,N,10.421,36.135,-35.016,B,TYR379,O,8.226,37.594,-36.004
Bound Backbone,BLUE,8.219,2.239,False,B,TYR364,O,11.041,38.746,-34.843,B,SER365,N,13.194,38.366,-34.359
Thermal Noise,RED,2.608,3.952,False,B,TYR364,O,11.041,38.746,-34.843,B,GLU377,O,11.997,42.523,-34.178
Bound Backbone,BLUE,5.466,2.778,False,B,TYR364,O,11.041,38.746,-34.843,B,TYR379,N,8.808,40.186,-35.655
Phase Boundary,YELLOW,4.081,3.256,False,B,TYR364,O,11.041,38.746,-34.843,B,TYR379,O,8.226,37.594,-36.004
Bound Backbone,BLUE,5.724,2.947,False,B,TYR364,OH,11.318,31.667,-39.586,B,HOH562,O,9.018,31.967,-41.404
Thermal Noise,RED,3.118,3.627,False,B,SER365,N,13.194,38.366,-34.359,B,ARG366,N,14.803,41.536,-35.08
Thermal Noise,RED,3.001,3.882,False,B,SER365,N,13.194,38.366,-34.359,B,HOH470,O,16.367,36.98,-36.115
Bound Backbone,BLUE,7.987,2.239,False,B,SER365,O,15.57,39.433,-35.071,B,ARG366,N,14.803,41.536,-35.08
Bound Backbone,BLUE,5.632,2.783,False,B,SER365,O,15.57,39.433,-35.071,B,HOH470,O,16.367,36.98,-36.115
Phase Boundary,YELLOW,4.57,2.962,False,B,SER365,O,15.57,39.433,-35.071,B,HOH499,O,18.522,39.616,-34.918
Phase Boundary,YELLOW,5.097,2.835,False,B,SER365,OG,14.597,38.911,-31.963,B,SER409,OG,17.377,39.017,-31.417
Thermal Noise,RED,3.073,3.615,False,B,ARG366,N,14.803,41.536,-35.08,B,THR367,N,17.297,44.139,-35.351
Phase Boundary,YELLOW,4.66,3.545,False,B,ARG366,N,14.803,41.536,-35.08,B,MET376,SD,16.184,42.763,-32.054
Phase Boundary,YELLOW,4.364,3.108,False,B,ARG366,N,14.803,41.536,-35.08,B,GLU377,O,11.997,42.523,-34.178
Bound Backbone,BLUE,8.089,2.255,False,B,ARG366,O,15.092,44.099,-34.881,B,THR367,N,17.297,44.139,-35.351
Phase Boundary,YELLOW,5.24,3.122,False,B,ARG366,O,15.092,44.099,-34.881,B,THR367,O,16.36,46.076,-36.938
Thermal Noise,RED,2.739,3.842,False,B,ARG366,O,15.092,44.099,-34.881,B,MET368,N,16.429,47.668,-35.364
Bound Backbone,BLUE,5.34,3.312,False,B,ARG366,O,15.092,44.099,-34.881,B,MET376,SD,16.184,42.763,-32.054
Bound Backbone,BLUE,5.718,2.868,False,B,ARG366,O,15.092,44.099,-34.881,B,GLU377,N,12.809,44.965,-33.377
Thermal Noise,RED,3.267,3.544,False,B,ARG366,O,15.092,44.099,-34.881,B,GLU377,O,11.997,42.523,-34.178
Thermal Noise,RED,3.035,3.632,False,B,ARG366,NE,14.028,43.66,-39.983,B,TYR379,OH,10.627,44.931,-39.907
Bound Backbone,BLUE,6.232,2.813,False,B,ARG366,NE,14.028,43.66,-39.983,B,HOH604,O,13.811,45.891,-38.283
Thermal Noise,RED,3.456,3.749,False,B,ARG366,NH1,14.897,43.362,-42.109,B,HOH557,O,16.731,45.805,-44.283
Phase Boundary,YELLOW,5.235,3.07,False,B,ARG366,NH2,13.069,44.81,-41.763,B,TYR379,OH,10.627,44.931,-39.907
Phase Boundary,YELLOW,4.506,3.719,False,B,ARG366,NH2,13.069,44.81,-41.763,B,HOH604,O,13.811,45.891,-38.283
Thermal Noise,RED,3.03,3.634,False,B,THR367,N,17.297,44.139,-35.351,B,MET368,N,16.429,47.668,-35.364
Phase Boundary,YELLOW,4.27,3.742,False,B,THR367,N,17.297,44.139,-35.351,B,MET376,SD,16.184,42.763,-32.054
Phase Boundary,YELLOW,4.966,2.966,False,B,THR367,N,17.297,44.139,-35.351,B,HOH512,O,19.117,42.085,-36.475
Bound Backbone,BLUE,10.484,2.24,False,B,THR367,O,16.36,46.076,-36.938,B,MET368,N,16.429,47.668,-35.364
Thermal Noise,RED,3.128,3.721,False,B,THR367,O,16.36,46.076,-36.938,B,MET368,O,16.427,49.548,-38.275
Thermal Noise,RED,2.869,3.739,False,B,THR367,O,16.36,46.076,-36.938,B,SER369,N,17.999,49.429,-36.709
Thermal Noise,RED,3.129,3.679,False,B,THR367,O,16.36,46.076,-36.938,B,SER369,O,19.506,47.626,-38.049
Bound Backbone,BLUE,5.46,2.888,False,B,THR367,O,16.36,46.076,-36.938,B,HOH604,O,13.811,45.891,-38.283
Thermal Noise,RED,2.788,3.864,False,B,THR367,OG1,19.472,45.492,-36.33,B,MET368,N,16.429,47.668,-35.364
Bound Backbone,BLUE,6.663,2.74,False,B,THR367,OG1,19.472,45.492,-36.33,B,SER369,O,19.506,47.626,-38.049
Thermal Noise,RED,2.722,3.902,False,B,THR367,OG1,19.472,45.492,-36.33,B,GLU372,O,22.018,48.302,-35.411
Thermal Noise,RED,3.408,3.429,False,B,THR367,OG1,19.472,45.492,-36.33,B,HOH512,O,19.117,42.085,-36.475
Bound Backbone,BLUE,6.273,2.716,False,B,MET368,N,16.429,47.668,-35.364,B,SER369,N,17.999,49.429,-36.709
Bound Backbone,BLUE,5.493,2.959,False,B,MET368,N,16.429,47.668,-35.364,B,MET374,O,18.397,49.121,-33.7
Phase Boundary,YELLOW,4.683,3.669,False,B,MET368,N,16.429,47.668,-35.364,B,GLY375,O,17.222,46.855,-31.875
Phase Boundary,YELLOW,4.107,3.87,False,B,MET368,N,16.429,47.668,-35.364,B,MET376,N,14.995,47.126,-31.811
Bound Backbone,BLUE,10.667,2.222,False,B,MET368,O,16.427,49.548,-38.275,B,SER369,N,17.999,49.429,-36.709
Thermal Noise,RED,3.033,3.637,False,B,MET368,O,16.427,49.548,-38.275,B,SER369,O,19.506,47.626,-38.049
Thermal Noise,RED,3.345,3.634,False,B,MET368,O,16.427,49.548,-38.275,B,LYS370,N,19.721,49.101,-39.744
Bound Backbone,BLUE,6.775,2.939,False,B,MET368,O,16.427,49.548,-38.275,B,HOH703,O,15.092,50.31,-40.78
Phase Boundary,YELLOW,4.12,3.74,False,B,MET368,SD,13.062,51.566,-34.937,B,MET402,N,14.689,52.856,-31.826
Phase Boundary,YELLOW,4.142,3.525,False,B,MET368,SD,13.062,51.566,-34.937,B,HOH622,O,11.971,53.942,-32.572
Phase Boundary,YELLOW,4.812,3.505,False,B,SER369,N,17.999,49.429,-36.709,B,LYS370,N,19.721,49.101,-39.744
Bound Backbone,BLUE,6.962,3.051,False,B,SER369,N,17.999,49.429,-36.709,B,MET374,O,18.397,49.121,-33.7
Thermal Noise,RED,2.913,3.845,False,B,SER369,N,17.999,49.429,-36.709,B,MET402,SD,17.495,53.002,-35.381
Bound Backbone,BLUE,10.674,2.257,False,B,SER369,O,19.506,47.626,-38.049,B,LYS370,N,19.721,49.101,-39.744
Thermal Noise,RED,3.409,3.945,False,B,SER369,O,19.506,47.626,-38.049,B,LYS370,O,22.124,46.767,-40.873
Thermal Noise,RED,3.483,3.663,False,B,SER369,O,19.506,47.626,-38.049,B,THR371,N,22.423,48.8,-39.927
Thermal Noise,RED,3.856,3.705,False,B,SER369,O,19.506,47.626,-38.049,B,GLU372,O,22.018,48.302,-35.411
Phase Boundary,YELLOW,5.041,3.175,False,B,SER369,OG,21.222,50.987,-37.678,B,LYS370,N,19.721,49.101,-39.744
Phase Boundary,YELLOW,4.559,3.359,False,B,SER369,OG,21.222,50.987,-37.678,B,THR371,N,22.423,48.8,-39.927
Thermal Noise,RED,3.851,3.659,False,B,SER369,OG,21.222,50.987,-37.678,B,THR371,OG1,23.928,51.037,-40.14
Phase Boundary,YELLOW,4.351,3.046,False,B,SER369,OG,21.222,50.987,-37.678,B,GLU372,N,23.647,49.178,-37.327
Thermal Noise,RED,3.859,3.603,False,B,SER369,OG,21.222,50.987,-37.678,B,GLU372,O,22.018,48.302,-35.411
Bound Backbone,BLUE,5.405,2.725,False,B,LYS370,N,19.721,49.101,-39.744,B,THR371,N,22.423,48.8,-39.927
Bound Backbone,BLUE,8.691,2.262,False,B,LYS370,O,22.124,46.767,-40.873,B,THR371,N,22.423,48.8,-39.927
Phase Boundary,YELLOW,4.471,3.06,False,B,LYS370,NZ,16.331,50.097,-45.186,B,HOH596,O,14.258,48.002,-46.008
Bound Backbone,BLUE,7.203,2.898,False,B,THR371,N,22.423,48.8,-39.927,B,GLU372,N,23.647,49.178,-37.327
Bound Backbone,BLUE,8.688,2.215,False,B,THR371,O,25.422,48.058,-38.034,B,GLU372,N,23.647,49.178,-37.327
Bound Backbone,BLUE,6.431,2.909,False,B,THR371,O,25.422,48.058,-38.034,B,HOH501,O,26.32,46.364,-35.846
Phase Boundary,YELLOW,5.034,3.383,False,B,THR371,OG1,23.928,51.037,-40.14,B,GLU372,N,23.647,49.178,-37.327
Phase Boundary,YELLOW,4.826,3.627,False,B,GLU372,N,23.647,49.178,-37.327,B,ARG373,N,23.654,48.165,-33.844
Bound Backbone,BLUE,10.127,2.27,False,B,GLU372,O,22.018,48.302,-35.411,B,ARG373,N,23.654,48.165,-33.844
Bound Backbone,BLUE,7.246,2.911,False,B,GLU372,O,22.018,48.302,-35.411,B,MET374,N,21.034,48.928,-32.744
Phase Boundary,YELLOW,5.034,2.942,False,B,ARG373,N,23.654,48.165,-33.844,B,MET374,N,21.034,48.928,-32.744
Phase Boundary,YELLOW,4.273,3.091,False,B,ARG373,N,23.654,48.165,-33.844,B,HOH483,O,26.469,49.317,-33.291
Thermal Noise,RED,3.282,3.789,False,B,ARG373,N,23.654,48.165,-33.844,B,HOH501,O,26.32,46.364,-35.846
Bound Backbone,BLUE,11.497,2.252,False,B,ARG373,O,22.159,48.528,-30.834,B,MET374,N,21.034,48.928,-32.744
Thermal Noise,RED,3.087,3.608,False,B,ARG373,O,22.159,48.528,-30.834,B,MET374,SD,21.93,52.117,-30.543
Bound Backbone,BLUE,5.73,2.934,False,B,ARG373,O,22.159,48.528,-30.834,B,GLY406,N,20.064,47.492,-29.06
Thermal Noise,RED,3.682,3.301,False,B,ARG373,O,22.159,48.528,-30.834,B,GLY406,O,20.956,45.461,-31.042
Phase Boundary,YELLOW,4.093,3.535,False,B,ARG373,O,22.159,48.528,-30.834,B,TRP407,NE1,24.471,47.228,-28.497
Phase Boundary,YELLOW,4.899,3.158,False,B,ARG373,O,22.159,48.528,-30.834,B,HOH488,O,24.084,50.203,-28.973
Thermal Noise,RED,3.467,3.961,False,B,ARG373,NE,26.184,43.753,-32.871,B,HOH501,O,26.32,46.364,-35.846
Ligand Fluctuation Noise,RED,3.62,3.417,True,B,ARG373,NH1,27.556,42.916,-31.175,B,ZMR466,O1A,29.676,40.436,-32.191
Ligand Boundary Hotspot,ORANGE,4.937,2.967,True,B,ARG373,NH1,27.556,42.916,-31.175,B,ZMR466,O1B,28.974,40.549,-30.084
Ligand Boundary Hotspot,ORANGE,5.196,2.879,True,B,ARG373,NH2,27.327,41.77,-33.186,B,ZMR466,O1A,29.676,40.436,-32.191
Ligand Boundary Hotspot,ORANGE,4.177,3.718,True,B,ARG373,NH2,27.327,41.77,-33.186,B,ZMR466,O1B,28.974,40.549,-30.084
Thermal Noise,RED,3.555,3.482,False,B,MET374,N,21.034,48.928,-32.744,B,GLY375,N,17.817,49.484,-31.534
Thermal Noise,RED,3.013,3.863,False,B,MET374,N,21.034,48.928,-32.744,B,GLY406,O,20.956,45.461,-31.042
Bound Backbone,BLUE,12.244,2.272,False,B,MET374,O,18.397,49.121,-33.7,B,GLY375,N,17.817,49.484,-31.534
Phase Boundary,YELLOW,4.94,3.138,False,B,MET374,O,18.397,49.121,-33.7,B,GLY375,O,17.222,46.855,-31.875
Phase Boundary,YELLOW,4.258,3.281,False,B,MET374,SD,21.93,52.117,-30.543,B,HOH488,O,24.084,50.203,-28.973
Phase Boundary,YELLOW,4.42,3.621,False,B,MET374,SD,21.93,52.117,-30.543,B,HOH668,O,23.745,52.878,-27.503
Thermal Noise,RED,2.953,3.688,False,B,GLY375,N,17.817,49.484,-31.534,B,MET376,N,14.995,47.126,-31.811
Thermal Noise,RED,3.726,3.448,False,B,GLY375,N,17.817,49.484,-31.534,B,SER401,O,15.558,51.673,-30.122
Bound Backbone,BLUE,7.27,2.851,False,B,GLY375,N,17.817,49.484,-31.534,B,GLU404,O,18.461,50.761,-29.068
Thermal Noise,RED,3.324,3.891,False,B,GLY375,N,17.817,49.484,-31.534,B,GLY406,N,20.064,47.492,-29.06
Bound Backbone,BLUE,7.949,2.244,False,B,GLY375,O,17.222,46.855,-31.875,B,MET376,N,14.995,47.126,-31.811
Thermal Noise,RED,3.804,3.45,False,B,MET376,N,14.995,47.126,-31.811,B,GLU377,N,12.809,44.965,-33.377
Bound Backbone,BLUE,5.283,2.885,False,B,MET376,N,14.995,47.126,-31.811,B,VAL400,O,13.323,49.184,-30.674
Bound Backbone,BLUE,11.343,2.249,False,B,MET376,O,12.363,46.153,-31.52,B,GLU377,N,12.809,44.965,-33.377
Bound Backbone,BLUE,5.694,2.863,False,B,MET376,O,12.363,46.153,-31.52,B,MET399,N,9.923,46.474,-30.057
Bound Backbone,BLUE,6.599,3.01,False,B,MET376,O,12.363,46.153,-31.52,B,VAL400,N,12.167,47.562,-28.867
Thermal Noise,RED,3.853,3.29,False,B,MET376,O,12.363,46.153,-31.52,B,VAL400,O,13.323,49.184,-30.674
Thermal Noise,RED,2.564,3.983,False,B,MET376,SD,16.184,42.763,-32.054,B,SER409,OG,17.377,39.017,-31.417
Thermal Noise,RED,2.778,3.804,False,B,MET376,SD,16.184,42.763,-32.054,B,HOH543,O,19.367,40.704,-32.372
Thermal Noise,RED,3.157,3.571,False,B,GLU377,N,12.809,44.965,-33.377,B,LEU378,N,9.83,43.027,-33.73
Bound Backbone,BLUE,7.963,2.269,False,B,GLU377,O,11.997,42.523,-34.178,B,LEU378,N,9.83,43.027,-33.73
Thermal Noise,RED,3.188,3.985,False,B,GLU377,OE1,12.021,47.637,-37.335,B,TYR379,OH,10.627,44.931,-39.907
Bound Backbone,BLUE,6.044,2.674,False,B,GLU377,OE1,12.021,47.637,-37.335,B,HOH604,O,13.811,45.891,-38.283
Phase Boundary,YELLOW,4.641,2.967,False,B,GLU377,OE2,10.415,48.663,-36.354,B,HIS395,NE2,8.114,46.868,-36.887
Thermal Noise,RED,3.695,3.581,False,B,LEU378,N,9.83,43.027,-33.73,B,TYR379,N,8.808,40.186,-35.655
Phase Boundary,YELLOW,4.832,2.92,False,B,LEU378,N,9.83,43.027,-33.73,B,GLY397,O,8.161,45.339,-33.099
Bound Backbone,BLUE,7.86,2.257,False,B,LEU378,O,8.13,42.338,-35.704,B,TYR379,N,8.808,40.186,-35.655
Phase Boundary,YELLOW,5.121,2.817,False,B,LEU378,O,8.13,42.338,-35.704,B,SER396,N,5.407,42.91,-36.144
Thermal Noise,RED,2.823,3.992,False,B,LEU378,O,8.13,42.338,-35.704,B,GLY397,N,5.517,44.788,-33.941
Thermal Noise,RED,3.227,3.974,False,B,LEU378,O,8.13,42.338,-35.704,B,GLY397,O,8.161,45.339,-33.099
Thermal Noise,RED,3.602,3.616,False,B,TYR379,N,8.808,40.186,-35.655,B,VAL380,N,6.663,37.986,-37.562
Bound Backbone,BLUE,10.415,2.241,False,B,TYR379,O,8.226,37.594,-36.004,B,VAL380,N,6.663,37.986,-37.562
Thermal Noise,RED,3.28,3.701,False,B,TYR379,OH,10.627,44.931,-39.907,B,HOH604,O,13.811,45.891,-38.283
Bound Backbone,BLUE,5.637,2.91,False,B,TYR379,OH,10.627,44.931,-39.907,B,HOH689,O,8.555,46.201,-41.507
Thermal Noise,RED,3.4,3.628,False,B,VAL380,N,6.663,37.986,-37.562,B,ARG381,N,5.683,34.863,-39.127
Phase Boundary,YELLOW,5.187,2.887,False,B,VAL380,N,6.663,37.986,-37.562,B,ALA394,O,5.552,40.446,-38.585
Thermal Noise,RED,3.056,3.845,False,B,VAL380,N,6.663,37.986,-37.562,B,SER396,OG,4.333,40.507,-35.829
Bound Backbone,BLUE,8.424,2.243,False,B,VAL380,O,5.424,36.984,-39.808,B,ARG381,N,5.683,34.863,-39.127
Bound Backbone,BLUE,5.637,2.884,False,B,VAL380,O,5.424,36.984,-39.808,B,ALA394,N,5.677,39.436,-41.305
Thermal Noise,RED,3.174,3.674,False,B,VAL380,O,5.424,36.984,-39.808,B,ALA394,O,5.552,40.446,-38.585
Thermal Noise,RED,3.602,3.469,False,B,ARG381,N,5.683,34.863,-39.127,B,TYR382,N,3.418,32.554,-40.381
Bound Backbone,BLUE,9.922,2.217,False,B,ARG381,O,5.181,32.213,-39.08,B,TYR382,N,3.418,32.554,-40.381
Bound Backbone,BLUE,6.228,2.821,False,B,ARG381,O,5.181,32.213,-39.08,B,HOH554,O,6.714,30.592,-40.806
Thermal Noise,RED,2.679,3.866,False,B,ARG381,NE,5.39,34.56,-44.844,B,ALA392,O,6.36,38.301,-44.955
Thermal Noise,RED,3.039,3.757,False,B,ARG381,NE,5.39,34.56,-44.844,B,HOH576,O,8.909,34.188,-46.106
Phase Boundary,YELLOW,5.14,3.032,False,B,ARG381,NH1,4.488,32.564,-45.737,B,ASP389,OD2,6.332,30.78,-47.352
Bound Backbone,BLUE,5.55,3.312,False,B,ARG381,NH2,3.691,34.657,-46.422,B,ASP391,OD2,5.092,34.489,-49.418
Thermal Noise,RED,3.464,3.44,False,B,TYR382,N,3.418,32.554,-40.381,B,ASP383,N,3.375,29.18,-41.049
Thermal Noise,RED,2.708,3.859,False,B,TYR382,N,3.418,32.554,-40.381,B,HOH554,O,6.714,30.592,-40.806
Bound Backbone,BLUE,5.358,2.939,False,B,TYR382,N,3.418,32.554,-40.381,B,HOH618,O,1.921,34.621,-41.839
Bound Backbone,BLUE,9.457,2.274,False,B,TYR382,O,2.66,30.87,-42.392,B,ASP383,N,3.375,29.18,-41.049
Thermal Noise,RED,4.012,3.19,False,B,TYR382,O,2.66,30.87,-42.392,B,ASP383,O,5.408,29.353,-42.963
Thermal Noise,RED,2.717,3.863,False,B,TYR382,O,2.66,30.87,-42.392,B,HOH618,O,1.921,34.621,-41.839
Thermal Noise,RED,3.512,3.403,False,B,TYR382,OH,0.525,34.366,-34.8,B,HOH629,O,-2.684,33.373,-34.255
Phase Boundary,YELLOW,4.289,3.717,False,B,ASP383,N,3.375,29.18,-41.049,B,GLY384,N,4.532,27.752,-44.28
Thermal Noise,RED,3.04,3.633,False,B,ASP383,N,3.375,29.18,-41.049,B,HOH554,O,6.714,30.592,-40.806
Bound Backbone,BLUE,9.623,2.251,False,B,ASP383,O,5.408,29.353,-42.963,B,GLY384,N,4.532,27.752,-44.28
Thermal Noise,RED,3.979,3.288,False,B,ASP383,O,5.408,29.353,-42.963,B,GLY384,O,6.988,26.699,-44.09
Bound Backbone,BLUE,6.972,2.81,False,B,ASP383,O,5.408,29.353,-42.963,B,HOH554,O,6.714,30.592,-40.806
Phase Boundary,YELLOW,5.158,3.03,False,B,ASP383,O,5.408,29.353,-42.963,B,HOH575,O,7.792,30.278,-44.588
Thermal Noise,RED,3.499,3.637,False,B,GLY384,N,4.532,27.752,-44.28,B,ASP385,N,7.675,27.442,-46.083
Thermal Noise,RED,3.408,3.786,False,B,GLY384,N,4.532,27.752,-44.28,B,HOH616,O,6.075,25.111,-42.048
Bound Backbone,BLUE,12.063,2.235,False,B,GLY384,O,6.988,26.699,-44.09,B,ASP385,N,7.675,27.442,-46.083
Thermal Noise,RED,2.954,3.702,False,B,GLY384,O,6.988,26.699,-44.09,B,HOH575,O,7.792,30.278,-44.588
Bound Backbone,BLUE,7.194,2.743,False,B,GLY384,O,6.988,26.699,-44.09,B,HOH616,O,6.075,25.111,-42.048
Thermal Noise,RED,4.013,3.297,False,B,ASP385,N,7.675,27.442,-46.083,B,PRO386,N,10.595,28.34,-44.844
Bound Backbone,BLUE,5.651,3.115,False,B,ASP385,N,7.675,27.442,-46.083,B,ASP389,OD1,7.648,29.457,-48.458
Thermal Noise,RED,2.943,3.815,False,B,ASP385,N,7.675,27.442,-46.083,B,ASP389,OD2,6.332,30.78,-47.352
Phase Boundary,YELLOW,4.426,3.208,False,B,ASP385,N,7.675,27.442,-46.083,B,HOH575,O,7.792,30.278,-44.588
Bound Backbone,BLUE,12.643,2.25,False,B,ASP385,O,10.149,28.652,-47.027,B,PRO386,N,10.595,28.34,-44.844
Thermal Noise,RED,3.077,3.678,False,B,ASP385,O,10.149,28.652,-47.027,B,PRO386,O,13.196,30.492,-46.099
Phase Boundary,YELLOW,4.769,2.951,False,B,ASP385,O,10.149,28.652,-47.027,B,TRP387,N,12.985,28.267,-46.306
Bound Backbone,BLUE,6.187,2.903,False,B,ASP385,O,10.149,28.652,-47.027,B,THR388,N,12.251,28.641,-49.029
Bound Backbone,BLUE,5.444,3.356,False,B,ASP385,O,10.149,28.652,-47.027,B,THR388,OG1,10.099,27.295,-50.096
Bound Backbone,BLUE,6.202,2.955,False,B,ASP385,O,10.149,28.652,-47.027,B,ASP389,N,10.243,30.622,-49.227
Phase Boundary,YELLOW,5.122,2.992,False,B,ASP385,O,10.149,28.652,-47.027,B,ASP389,OD1,7.648,29.457,-48.458
Thermal Noise,RED,3.586,3.761,False,B,ASP385,O,10.149,28.652,-47.027,B,HOH575,O,7.792,30.278,-44.588
Phase Boundary,YELLOW,4.275,3.242,False,B,ASP385,OD1,11.55,25.588,-46.266,B,PRO386,N,10.595,28.34,-44.844
Phase Boundary,YELLOW,4.333,3.039,False,B,ASP385,OD1,11.55,25.588,-46.266,B,TRP387,N,12.985,28.267,-46.306
Thermal Noise,RED,3.739,3.599,False,B,ASP385,OD2,11.051,24.508,-48.027,B,THR388,OG1,10.099,27.295,-50.096
Bound Backbone,BLUE,5.977,2.803,False,B,PRO386,N,10.595,28.34,-44.844,B,TRP387,N,12.985,28.267,-46.306
Thermal Noise,RED,3.439,3.417,False,B,PRO386,N,10.595,28.34,-44.844,B,HOH575,O,7.792,30.278,-44.588
Bound Backbone,BLUE,7.987,2.245,False,B,PRO386,O,13.196,30.492,-46.099,B,TRP387,N,12.985,28.267,-46.306
Phase Boundary,YELLOW,4.414,3.592,False,B,PRO386,O,13.196,30.492,-46.099,B,THR388,N,12.251,28.641,-49.029
Bound Backbone,BLUE,5.745,2.802,False,B,PRO386,O,13.196,30.492,-46.099,B,HOH566,O,12.481,32.894,-44.845
Bound Backbone,BLUE,7.828,2.845,False,B,TRP387,N,12.985,28.267,-46.306,B,THR388,N,12.251,28.641,-49.029
Bound Backbone,BLUE,8.227,2.243,False,B,TRP387,O,14.422,28.86,-49.548,B,THR388,N,12.251,28.641,-49.029
Phase Boundary,YELLOW,4.547,3.244,False,B,TRP387,O,14.422,28.86,-49.548,B,HOH574,O,16.753,27.498,-51.346
Phase Boundary,YELLOW,5.021,2.828,False,B,THR388,N,12.251,28.641,-49.029,B,ASP389,N,10.243,30.622,-49.227
Bound Backbone,BLUE,13.381,2.203,False,B,THR388,O,10.509,30.798,-51.407,B,ASP389,N,10.243,30.622,-49.227
Thermal Noise,RED,4.071,3.252,False,B,THR388,O,10.509,30.798,-51.407,B,SER390,N,9.969,33.802,-50.285
Thermal Noise,RED,3.516,3.442,False,B,THR388,OG1,10.099,27.295,-50.096,B,ASP389,N,10.243,30.622,-49.227
Thermal Noise,RED,3.377,3.656,False,B,THR388,OG1,10.099,27.295,-50.096,B,ASP389,OD1,7.648,29.457,-48.458
Thermal Noise,RED,3.762,3.363,False,B,ASP389,N,10.243,30.622,-49.227,B,SER390,N,9.969,33.802,-50.285
Bound Backbone,BLUE,12.394,2.231,False,B,ASP389,O,10.72,33.38,-48.227,B,SER390,N,9.969,33.802,-50.285
Thermal Noise,RED,3.296,3.593,False,B,ASP389,O,10.72,33.38,-48.227,B,ASP391,N,8.451,35.925,-49.36
Thermal Noise,RED,4.043,3.844,False,B,ASP389,O,10.72,33.38,-48.227,B,HOH566,O,12.481,32.894,-44.845
Bound Backbone,BLUE,6.358,2.904,False,B,ASP389,O,10.72,33.38,-48.227,B,HOH576,O,8.909,34.188,-46.106
Phase Boundary,YELLOW,4.107,3.959,False,B,ASP389,OD1,7.648,29.457,-48.458,B,HOH575,O,7.792,30.278,-44.588
Bound Backbone,BLUE,5.929,3.166,False,B,ASP389,OD2,6.332,30.78,-47.352,B,HOH575,O,7.792,30.278,-44.588
Bound Backbone,BLUE,5.59,2.769,False,B,SER390,N,9.969,33.802,-50.285,B,ASP391,N,8.451,35.925,-49.36
Bound Backbone,BLUE,7.918,2.249,False,B,SER390,O,10.259,37.261,-49.313,B,ASP391,N,8.451,35.925,-49.36
Bound Backbone,BLUE,6.808,2.949,False,B,SER390,O,10.259,37.261,-49.313,B,ASP391,O,8.828,36.952,-46.753
Thermal Noise,RED,3.682,3.601,False,B,SER390,O,10.259,37.261,-49.313,B,ALA392,N,7.684,38.812,-47.331
Phase Boundary,YELLOW,4.604,3.635,False,B,SER390,OG,9.802,35.154,-52.645,B,ASP391,N,8.451,35.925,-49.36
Thermal Noise,RED,3.686,3.611,False,B,ASP391,N,8.451,35.925,-49.36,B,ALA392,N,7.684,38.812,-47.331
Phase Boundary,YELLOW,4.31,3.717,False,B,ASP391,N,8.451,35.925,-49.36,B,HOH576,O,8.909,34.188,-46.106
Bound Backbone,BLUE,8.17,2.259,False,B,ASP391,O,8.828,36.952,-46.753,B,ALA392,N,7.684,38.812,-47.331
Phase Boundary,YELLOW,4.254,3.338,False,B,ASP391,O,8.828,36.952,-46.753,B,ALA392,O,6.36,38.301,-44.955
Phase Boundary,YELLOW,4.244,3.648,False,B,ASP391,O,8.828,36.952,-46.753,B,LEU393,N,8.148,39.011,-43.819
Phase Boundary,YELLOW,5.126,2.84,False,B,ASP391,O,8.828,36.952,-46.753,B,HOH576,O,8.909,34.188,-46.106
Phase Boundary,YELLOW,5.161,3.548,False,B,ALA392,N,7.684,38.812,-47.331,B,LEU393,N,8.148,39.011,-43.819
Bound Backbone,BLUE,9.337,2.234,False,B,ALA392,O,6.36,38.301,-44.955,B,LEU393,N,8.148,39.011,-43.819
Thermal Noise,RED,3.918,3.651,False,B,ALA392,O,6.36,38.301,-44.955,B,LEU393,O,6.933,40.873,-42.428
Phase Boundary,YELLOW,4.147,3.883,False,B,ALA392,O,6.36,38.301,-44.955,B,ALA394,N,5.677,39.436,-41.305
Phase Boundary,YELLOW,4.187,3.551,False,B,LEU393,N,8.148,39.011,-43.819,B,ALA394,N,5.677,39.436,-41.305
Bound Backbone,BLUE,9.497,2.214,False,B,LEU393,O,6.933,40.873,-42.428,B,ALA394,N,5.677,39.436,-41.305
Phase Boundary,YELLOW,4.491,3.531,False,B,LEU393,O,6.933,40.873,-42.428,B,HIS395,N,5.447,42.434,-39.631
Thermal Noise,RED,3.888,3.441,False,B,ALA394,N,5.677,39.436,-41.305,B,HIS395,N,5.447,42.434,-39.631
Bound Backbone,BLUE,9.003,2.249,False,B,ALA394,O,5.552,40.446,-38.585,B,HIS395,N,5.447,42.434,-39.631
Thermal Noise,RED,2.872,3.822,False,B,ALA394,O,5.552,40.446,-38.585,B,HIS395,O,3.807,43.68,-37.535
Phase Boundary,YELLOW,4.366,3.471,False,B,ALA394,O,5.552,40.446,-38.585,B,SER396,N,5.407,42.91,-36.144
Bound Backbone,BLUE,6.749,3.014,False,B,ALA394,O,5.552,40.446,-38.585,B,SER396,OG,4.333,40.507,-35.829
Phase Boundary,YELLOW,5.249,3.52,False,B,HIS395,N,5.447,42.434,-39.631,B,SER396,N,5.407,42.91,-36.144
Bound Backbone,BLUE,9.77,2.256,False,B,HIS395,O,3.807,43.68,-37.535,B,SER396,N,5.407,42.91,-36.144
Thermal Noise,RED,3.441,3.641,False,B,HIS395,O,3.807,43.68,-37.535,B,SER396,OG,4.333,40.507,-35.829
Phase Boundary,YELLOW,4.694,3.092,False,B,HIS395,O,3.807,43.68,-37.535,B,HOH617,O,3.353,46.424,-36.184
Thermal Noise,RED,3.234,3.591,False,B,HIS395,ND1,6.098,46.31,-37.072,B,SER396,N,5.407,42.91,-36.144
Phase Boundary,YELLOW,4.821,3.529,False,B,HIS395,ND1,6.098,46.31,-37.072,B,GLY397,N,5.517,44.788,-33.941
Phase Boundary,YELLOW,5.09,2.887,False,B,HIS395,ND1,6.098,46.31,-37.072,B,HOH617,O,3.353,46.424,-36.184
Bound Backbone,BLUE,6.524,2.897,False,B,SER396,N,5.407,42.91,-36.144,B,GLY397,N,5.517,44.788,-33.941
Bound Backbone,BLUE,9.613,2.254,False,B,SER396,O,4.843,43.095,-32.614,B,GLY397,N,5.517,44.788,-33.941
Thermal Noise,RED,3.504,3.388,False,B,SER396,O,4.843,43.095,-32.614,B,HOH497,O,1.48,43.372,-32.919
Phase Boundary,YELLOW,4.772,3.053,False,B,SER396,O,4.843,43.095,-32.614,B,HOH545,O,3.213,40.852,-31.335
Phase Boundary,YELLOW,4.869,2.883,False,B,SER396,OG,4.333,40.507,-35.829,B,HOH653,O,1.478,40.378,-36.205
Thermal Noise,RED,3.557,3.612,False,B,GLY397,N,5.517,44.788,-33.941,B,VAL398,N,7.467,47.232,-32.132
Thermal Noise,RED,4.065,3.52,False,B,GLY397,N,5.517,44.788,-33.941,B,HOH617,O,3.353,46.424,-36.184
Bound Backbone,BLUE,8.956,2.236,False,B,GLY397,O,8.161,45.339,-33.099,B,VAL398,N,7.467,47.232,-32.132
Phase Boundary,YELLOW,4.198,3.694,False,B,GLY397,O,8.161,45.339,-33.099,B,MET399,N,9.923,46.474,-30.057
Phase Boundary,YELLOW,4.588,3.303,False,B,VAL398,N,7.467,47.232,-32.132,B,MET399,N,9.923,46.474,-30.057
Phase Boundary,YELLOW,4.08,3.159,False,B,VAL398,N,7.467,47.232,-32.132,B,HOH701,O,4.832,48.895,-31.614
Bound Backbone,BLUE,8.38,2.231,False,B,VAL398,O,8.25,47.833,-29.48,B,MET399,N,9.923,46.474,-30.057
Thermal Noise,RED,3.31,3.93,False,B,VAL398,O,8.25,47.833,-29.48,B,MET399,O,11.157,47.321,-26.885
Thermal Noise,RED,2.573,3.974,False,B,VAL398,O,8.25,47.833,-29.48,B,VAL400,N,12.167,47.562,-28.867
Phase Boundary,YELLOW,4.946,2.872,False,B,VAL398,O,8.25,47.833,-29.48,B,HOH577,O,5.95,49.478,-28.976
Bound Backbone,BLUE,5.86,2.763,False,B,MET399,N,9.923,46.474,-30.057,B,VAL400,N,12.167,47.562,-28.867
Bound Backbone,BLUE,11.985,2.238,False,B,MET399,O,11.157,47.321,-26.885,B,VAL400,N,12.167,47.562,-28.867
Bound Backbone,BLUE,5.384,3.008,False,B,MET399,O,11.157,47.321,-26.885,B,TYR445,OH,9.079,46.039,-25.129
Bound Backbone,BLUE,7.079,2.869,False,B,MET399,O,11.157,47.321,-26.885,B,THR457,N,10.737,48.789,-24.456
Phase Boundary,YELLOW,4.319,3.852,False,B,MET399,O,11.157,47.321,-26.885,B,THR457,OG1,11.075,46.42,-23.141
Thermal Noise,RED,3.425,3.427,False,B,VAL400,N,12.167,47.562,-28.867,B,SER401,N,13.207,50.813,-29.171
Bound Backbone,BLUE,10.495,2.219,False,B,VAL400,O,13.323,49.184,-30.674,B,SER401,N,13.207,50.813,-29.171
Thermal Noise,RED,3.54,3.39,False,B,VAL400,O,13.323,49.184,-30.674,B,SER401,O,15.558,51.673,-30.122
Thermal Noise,RED,3.979,3.663,False,B,SER401,N,13.207,50.813,-29.171,B,MET402,N,14.689,52.856,-31.826
Bound Backbone,BLUE,7.492,2.913,False,B,SER401,N,13.207,50.813,-29.171,B,HOH534,O,12.918,51.561,-26.371
Bound Backbone,BLUE,10.802,2.249,False,B,SER401,O,15.558,51.673,-30.122,B,MET402,N,14.689,52.856,-31.826
Thermal Noise,RED,3.136,3.773,False,B,SER401,O,15.558,51.673,-30.122,B,MET402,O,18.139,53.906,-31.731
Phase Boundary,YELLOW,4.508,2.993,False,B,SER401,O,15.558,51.673,-30.122,B,LYS403,N,16.392,54.525,-30.48
Bound Backbone,BLUE,5.688,2.956,False,B,SER401,O,15.558,51.673,-30.122,B,GLU404,N,17.353,53.154,-28.299
Phase Boundary,YELLOW,4.122,3.22,False,B,SER401,O,15.558,51.673,-30.122,B,GLU404,O,18.461,50.761,-29.068
Phase Boundary,YELLOW,4.612,3.664,False,B,SER401,OG,13.59,53.682,-28.43,B,MET402,N,14.689,52.856,-31.826
Thermal Noise,RED,3.792,3.573,False,B,SER401,OG,13.59,53.682,-28.43,B,LYS403,N,16.392,54.525,-30.48
Thermal Noise,RED,2.77,3.802,False,B,SER401,OG,13.59,53.682,-28.43,B,GLU404,N,17.353,53.154,-28.299
Bound Backbone,BLUE,5.633,3.031,False,B,SER401,OG,13.59,53.682,-28.43,B,HOH534,O,12.918,51.561,-26.371
Thermal Noise,RED,3.204,3.976,False,B,SER401,OG,13.59,53.682,-28.43,B,HOH608,O,11.048,55.339,-25.86
Bound Backbone,BLUE,6.159,2.738,False,B,MET402,N,14.689,52.856,-31.826,B,LYS403,N,16.392,54.525,-30.48
Phase Boundary,YELLOW,4.557,3.021,False,B,MET402,N,14.689,52.856,-31.826,B,HOH622,O,11.971,53.942,-32.572
Bound Backbone,BLUE,9.598,2.236,False,B,MET402,O,18.139,53.906,-31.731,B,LYS403,N,16.392,54.525,-30.48
Thermal Noise,RED,3.981,3.993,False,B,MET402,O,18.139,53.906,-31.731,B,LYS403,O,18.841,54.785,-27.9
Phase Boundary,YELLOW,4.873,3.6,False,B,MET402,O,18.139,53.906,-31.731,B,GLU404,N,17.353,53.154,-28.299
Bound Backbone,BLUE,7.413,2.75,False,B,LYS403,N,16.392,54.525,-30.48,B,GLU404,N,17.353,53.154,-28.299
Bound Backbone,BLUE,8.111,2.244,False,B,LYS403,O,18.841,54.785,-27.9,B,GLU404,N,17.353,53.154,-28.299
Phase Boundary,YELLOW,4.927,3.514,False,B,LYS403,O,18.841,54.785,-27.9,B,HOH621,O,19.202,56.241,-24.722
Phase Boundary,YELLOW,4.415,3.024,False,B,LYS403,O,18.841,54.785,-27.9,B,HOH636,O,20.345,57.384,-28.258
Phase Boundary,YELLOW,5.043,3.118,False,B,LYS403,O,18.841,54.785,-27.9,B,HOH665,O,21.322,54.423,-26.047
Thermal Noise,RED,3.124,3.677,False,B,GLU404,N,17.353,53.154,-28.299,B,PRO405,N,19.707,50.545,-27.218
Bound Backbone,BLUE,11.426,2.241,False,B,GLU404,O,18.461,50.761,-29.068,B,PRO405,N,19.707,50.545,-27.218
Thermal Noise,RED,3.742,3.552,False,B,GLU404,O,18.461,50.761,-29.068,B,PRO405,O,18.874,47.781,-27.179
Thermal Noise,RED,3.019,3.641,False,B,GLU404,O,18.461,50.761,-29.068,B,GLY406,N,20.064,47.492,-29.06
Bound Backbone,BLUE,6.436,3.074,False,B,GLU404,OE1,17.345,51.808,-23.753,B,THR459,N,16.433,50.857,-20.976
Bound Backbone,BLUE,5.604,2.824,False,B,GLU404,OE1,17.345,51.808,-23.753,B,HOH486,O,19.788,52.546,-22.544
Thermal Noise,RED,3.686,3.794,False,B,GLU404,OE1,17.345,51.808,-23.753,B,HOH532,O,16.917,54.423,-21.037
Thermal Noise,RED,3.674,3.444,False,B,GLU404,OE2,16.901,53.912,-23.833,B,HOH486,O,19.788,52.546,-22.544
Bound Backbone,BLUE,8.004,2.842,False,B,GLU404,OE2,16.901,53.912,-23.833,B,HOH532,O,16.917,54.423,-21.037
Phase Boundary,YELLOW,4.852,2.941,False,B,GLU404,OE2,16.901,53.912,-23.833,B,HOH585,O,15.323,56.257,-24.645
Thermal Noise,RED,3.629,3.393,False,B,GLU404,OE2,16.901,53.912,-23.833,B,HOH621,O,19.202,56.241,-24.722
Thermal Noise,RED,3.641,3.583,False,B,PRO405,N,19.707,50.545,-27.218,B,GLY406,N,20.064,47.492,-29.06
Bound Backbone,BLUE,11.495,2.244,False,B,PRO405,O,18.874,47.781,-27.179,B,GLY406,N,20.064,47.492,-29.06
Thermal Noise,RED,3.962,3.178,False,B,GLY406,N,20.064,47.492,-29.06,B,TRP407,N,21.057,44.473,-29.019
Bound Backbone,BLUE,11.92,2.254,False,B,GLY406,O,20.956,45.461,-31.042,B,TRP407,N,21.057,44.473,-29.019
Thermal Noise,RED,3.346,3.5,False,B,GLY406,O,20.956,45.461,-31.042,B,TRP407,O,20.725,42.036,-30.357
Thermal Noise,RED,3.227,3.521,False,B,TRP407,N,21.057,44.473,-29.019,B,TYR408,N,22.205,41.144,-29.005
Bound Backbone,BLUE,7.5,2.884,False,B,TRP407,N,21.057,44.473,-29.019,B,GLU427,O,20.52,43.622,-26.316
Bound Backbone,BLUE,10.322,2.194,False,B,TRP407,O,20.725,42.036,-30.357,B,TYR408,N,22.205,41.144,-29.005
Bound Backbone,BLUE,5.293,3.217,False,B,TRP407,O,20.725,42.036,-30.357,B,TYR408,O,19.842,40.147,-27.907
Thermal Noise,RED,3.12,3.634,False,B,TRP407,O,20.725,42.036,-30.357,B,SER409,N,19.575,38.679,-29.573
Bound Backbone,BLUE,6.966,2.771,False,B,TRP407,O,20.725,42.036,-30.357,B,HOH543,O,19.367,40.704,-32.372
Phase Boundary,YELLOW,4.405,3.038,False,B,TRP407,NE1,24.471,47.228,-28.497,B,HOH488,O,24.084,50.203,-28.973
Thermal Noise,RED,3.052,3.649,False,B,TYR408,N,22.205,41.144,-29.005,B,SER409,N,19.575,38.679,-29.573
Bound Backbone,BLUE,5.599,3.136,False,B,TYR408,N,22.205,41.144,-29.005,B,GLU427,OE1,24.207,40.997,-26.596
Bound Backbone,BLUE,10.826,2.236,False,B,TYR408,O,19.842,40.147,-27.907,B,SER409,N,19.575,38.679,-29.573
Bound Backbone,BLUE,7.72,2.793,False,B,TYR408,O,19.842,40.147,-27.907,B,GLU427,N,19.238,41.265,-25.42
Thermal Noise,RED,2.94,3.882,False,B,TYR408,O,19.842,40.147,-27.907,B,GLU427,O,20.52,43.622,-26.316
Ligand Fluctuation Noise,RED,3.057,3.779,True,B,TYR408,OH,27.624,37.602,-30.763,B,ZMR466,O1A,29.676,40.436,-32.191
Ligand Fluctuation Noise,RED,3.746,3.312,True,B,TYR408,OH,27.624,37.602,-30.763,B,ZMR466,O1B,28.974,40.549,-30.084
Ligand Fluctuation Noise,RED,3.437,3.482,True,B,TYR408,OH,27.624,37.602,-30.763,B,ZMR466,O6,30.95,38.128,-31.648
Thermal Noise,RED,3.237,3.613,False,B,SER409,N,19.575,38.679,-29.573,B,PHE410,N,17.195,36.18,-28.503
Phase Boundary,YELLOW,4.732,3.461,False,B,SER409,N,19.575,38.679,-29.573,B,HOH543,O,19.367,40.704,-32.372
Bound Backbone,BLUE,10.379,2.208,False,B,SER409,O,18.883,36.152,-29.926,B,PHE410,N,17.195,36.18,-28.503
Phase Boundary,YELLOW,4.483,3.732,False,B,SER409,OG,17.377,39.017,-31.417,B,HOH499,O,18.522,39.616,-34.918
Bound Backbone,BLUE,5.575,2.778,False,B,SER409,OG,17.377,39.017,-31.417,B,HOH543,O,19.367,40.704,-32.372
Thermal Noise,RED,3.036,3.633,False,B,PHE410,N,17.195,36.18,-28.503,B,GLY411,N,15.348,33.055,-28.366
Bound Backbone,BLUE,5.288,3.056,False,B,PHE410,N,17.195,36.18,-28.503,B,GLY425,O,16.138,38.368,-26.65
Bound Backbone,BLUE,8.547,2.241,False,B,PHE410,O,14.966,35.13,-27.612,B,GLY411,N,15.348,33.055,-28.366
Bound Backbone,BLUE,5.809,2.94,False,B,PHE410,O,14.966,35.13,-27.612,B,GLY425,N,13.978,37.181,-25.751
Thermal Noise,RED,3.275,3.575,False,B,PHE410,O,14.966,35.13,-27.612,B,GLY425,O,16.138,38.368,-26.65
Thermal Noise,RED,3.769,3.629,False,B,GLY411,N,15.348,33.055,-28.366,B,PHE412,N,12.977,31.452,-26.134
Thermal Noise,RED,3.342,3.466,False,B,GLY411,N,15.348,33.055,-28.366,B,HOH500,O,16.134,29.688,-28.603
Bound Backbone,BLUE,8.399,2.21,False,B,GLY411,O,15.112,31.087,-26.574,B,PHE412,N,12.977,31.452,-26.134
Bound Backbone,BLUE,7.691,2.668,False,B,GLY411,O,15.112,31.087,-26.574,B,HOH500,O,16.134,29.688,-28.603
Bound Backbone,BLUE,5.588,2.925,False,B,GLY411,O,15.112,31.087,-26.574,B,HOH518,O,17.543,30.912,-24.957
Thermal Noise,RED,3.812,3.551,False,B,PHE412,N,12.977,31.452,-26.134,B,GLU413,N,11.163,29.143,-24.137
Phase Boundary,YELLOW,4.582,3.03,False,B,PHE412,N,12.977,31.452,-26.134,B,CYS423,O,11.153,33.714,-26.992
Bound Backbone,BLUE,8.946,2.254,False,B,PHE412,O,10.608,31.064,-25.177,B,GLU413,N,11.163,29.143,-24.137
Thermal Noise,RED,2.933,3.826,False,B,PHE412,O,10.608,31.064,-25.177,B,VAL421,O,7.066,30.419,-23.883
Phase Boundary,YELLOW,5.064,2.89,False,B,PHE412,O,10.608,31.064,-25.177,B,CYS423,N,8.684,33.04,-26.04
Phase Boundary,YELLOW,4.515,3.258,False,B,PHE412,O,10.608,31.064,-25.177,B,CYS423,O,11.153,33.714,-26.992
Phase Boundary,YELLOW,4.244,3.502,False,B,GLU413,N,11.163,29.143,-24.137,B,ILE414,N,8.621,29.096,-21.728
Thermal Noise,RED,3.69,3.612,False,B,GLU413,N,11.163,29.143,-24.137,B,HOH484,O,13.354,27.121,-22.098
Phase Boundary,YELLOW,4.21,3.141,False,B,GLU413,N,11.163,29.143,-24.137,B,HOH658,O,13.072,26.769,-24.901
Bound Backbone,BLUE,7.691,2.281,False,B,GLU413,O,10.585,27.936,-21.688,B,ILE414,N,8.621,29.096,-21.728
Phase Boundary,YELLOW,4.768,2.915,False,B,GLU413,O,10.585,27.936,-21.688,B,HOH484,O,13.354,27.121,-22.098
Thermal Noise,RED,3.543,3.598,False,B,GLU413,OE1,7.962,26.028,-26.565,B,ASP420,OD2,6.34,23.318,-24.842
Phase Boundary,YELLOW,4.372,3.199,False,B,GLU413,OE1,7.962,26.028,-26.565,B,HOH494,O,9.309,23.474,-25.188
Phase Boundary,YELLOW,5.001,2.949,False,B,GLU413,OE1,7.962,26.028,-26.565,B,HOH517,O,5.945,27.883,-27.655
Phase Boundary,YELLOW,4.836,2.889,False,B,GLU413,OE2,9.452,26.67,-27.963,B,HOH472,O,11.806,25.029,-28.296
Thermal Noise,RED,2.899,3.724,False,B,GLU413,OE2,9.452,26.67,-27.963,B,HOH517,O,5.945,27.883,-27.655
Bound Backbone,BLUE,6.029,3.058,False,B,GLU413,OE2,9.452,26.67,-27.963,B,HOH523,O,11.075,27.511,-30.415
Phase Boundary,YELLOW,4.215,3.523,False,B,ILE414,N,8.621,29.096,-21.728,B,LYS415,N,7.234,26.976,-19.28
Bound Backbone,BLUE,6.064,2.969,False,B,ILE414,N,8.621,29.096,-21.728,B,VAL421,O,7.066,30.419,-23.883
Bound Backbone,BLUE,11.879,2.231,False,B,ILE414,O,6.371,27.681,-21.213,B,LYS415,N,7.234,26.976,-19.28
Thermal Noise,RED,3.885,3.633,False,B,ILE414,O,6.371,27.681,-21.213,B,ASP416,N,3.989,26.381,-18.797
Bound Backbone,BLUE,6.751,2.874,False,B,ILE414,O,6.371,27.681,-21.213,B,VAL421,N,4.85,28.599,-23.472
Thermal Noise,RED,3.444,3.887,False,B,ILE414,O,6.371,27.681,-21.213,B,VAL421,O,7.066,30.419,-23.883
Thermal Noise,RED,3.648,3.334,False,B,LYS415,N,7.234,26.976,-19.28,B,ASP416,N,3.989,26.381,-18.797
Bound Backbone,BLUE,6.416,2.933,False,B,LYS415,N,7.234,26.976,-19.28,B,HOH540,O,9.094,27.117,-17.017
Bound Backbone,BLUE,11.165,2.237,False,B,LYS415,O,5.359,26.501,-17.033,B,ASP416,N,3.989,26.381,-18.797
Thermal Noise,RED,3.437,3.501,False,B,LYS415,O,5.359,26.501,-17.033,B,ASP416,O,2.945,24.174,-18.042
Thermal Noise,RED,2.793,3.785,False,B,LYS415,O,5.359,26.501,-17.033,B,HOH540,O,9.094,27.117,-17.017
Thermal Noise,RED,3.064,3.985,False,B,LYS415,O,5.359,26.501,-17.033,B,HOH633,O,4.061,23.532,-14.714
Bound Backbone,BLUE,6.88,2.798,False,B,LYS415,O,5.359,26.501,-17.033,B,HOH677,O,7.217,26.849,-14.97
Thermal Noise,RED,2.728,3.865,False,B,LYS415,NZ,8.886,22.212,-22.327,B,ASP420,OD1,5.366,23.668,-22.983
Thermal Noise,RED,3.671,3.746,False,B,LYS415,NZ,8.886,22.212,-22.327,B,ASP420,OD2,6.34,23.318,-24.842
Bound Backbone,BLUE,6.122,3.155,False,B,LYS415,NZ,8.886,22.212,-22.327,B,HOH494,O,9.309,23.474,-25.188
Thermal Noise,RED,3.436,3.642,False,B,LYS415,NZ,8.886,22.212,-22.327,B,HOH620,O,12.051,22.809,-20.627
Bound Backbone,BLUE,5.691,3.027,False,B,LYS415,NZ,8.886,22.212,-22.327,B,HOH627,O,10.794,21.134,-24.415
Bound Backbone,BLUE,5.946,2.617,False,B,LYS415,NZ,8.886,22.212,-22.327,B,HOH640,O,6.564,21.086,-22.764
Thermal Noise,RED,3.529,3.612,False,B,ASP416,N,3.989,26.381,-18.797,B,LYS417,N,1.149,25.005,-17.039
Bound Backbone,BLUE,6.338,3.048,False,B,ASP416,N,3.989,26.381,-18.797,B,CYS419,O,2.794,25.39,-21.42
Bound Backbone,BLUE,9.188,2.219,False,B,ASP416,O,2.945,24.174,-18.042,B,LYS417,N,1.149,25.005,-17.039
Thermal Noise,RED,3.751,3.272,False,B,ASP416,O,2.945,24.174,-18.042,B,LYS417,O,0.916,21.619,-17.79
Thermal Noise,RED,3.502,3.451,False,B,ASP416,O,2.945,24.174,-18.042,B,LYS418,N,-0.227,23.145,-18.93
Phase Boundary,YELLOW,4.842,3.593,False,B,ASP416,O,2.945,24.174,-18.042,B,CYS419,O,2.794,25.39,-21.42
Phase Boundary,YELLOW,4.883,3.568,False,B,ASP416,O,2.945,24.174,-18.042,B,HOH633,O,4.061,23.532,-14.714
Thermal Noise,RED,3.858,3.358,False,B,ASP416,O,2.945,24.174,-18.042,B,HOH679,O,4.966,21.797,-16.8
Phase Boundary,YELLOW,4.537,2.97,False,B,ASP416,OD1,0.401,27.879,-17.081,B,LYS417,N,1.149,25.005,-17.039
Bound Backbone,BLUE,6.901,2.883,False,B,ASP416,OD1,0.401,27.879,-17.081,A,HOH490,O,2.014,28.097,-14.701
Thermal Noise,RED,3.118,3.933,False,B,ASP416,OD1,0.401,27.879,-17.081,B,HOH528,O,-1.887,25.589,-19.315
Bound Backbone,BLUE,5.828,2.731,False,B,ASP416,OD1,0.401,27.879,-17.081,B,HOH547,O,-2.132,27.699,-16.076
Thermal Noise,RED,2.892,3.999,False,B,ASP416,OD2,-0.476,28.077,-19.017,B,LYS417,N,1.149,25.005,-17.039
Phase Boundary,YELLOW,4.415,3.709,False,B,ASP416,OD2,-0.476,28.077,-19.017,B,CYS419,SG,-0.558,26.48,-22.364
Phase Boundary,YELLOW,4.872,2.876,False,B,ASP416,OD2,-0.476,28.077,-19.017,B,HOH528,O,-1.887,25.589,-19.315
Phase Boundary,YELLOW,5.125,3.396,False,B,ASP416,OD2,-0.476,28.077,-19.017,B,HOH547,O,-2.132,27.699,-16.076
Bound Backbone,BLUE,5.624,2.988,False,B,LYS417,N,1.149,25.005,-17.039,B,LYS418,N,-0.227,23.145,-18.93
Thermal Noise,RED,3.096,3.972,False,B,LYS417,N,1.149,25.005,-17.039,A,HOH490,O,2.014,28.097,-14.701
Thermal Noise,RED,3.323,3.839,False,B,LYS417,N,1.149,25.005,-17.039,B,HOH528,O,-1.887,25.589,-19.315
Bound Backbone,BLUE,9.469,2.221,False,B,LYS417,O,0.916,21.619,-17.79,B,LYS418,N,-0.227,23.145,-18.93
Bound Backbone,BLUE,5.563,3.096,False,B,LYS417,NZ,1.71,25.978,-12.465,A,HOH490,O,2.014,28.097,-14.701
Bound Backbone,BLUE,7.817,2.808,False,B,LYS418,N,-0.227,23.145,-18.93,B,CYS419,N,0.699,23.724,-21.517
Phase Boundary,YELLOW,4.556,2.979,False,B,LYS418,N,-0.227,23.145,-18.93,B,HOH528,O,-1.887,25.589,-19.315
Bound Backbone,BLUE,8.688,2.242,False,B,LYS418,O,-0.131,21.822,-22.365,B,CYS419,N,0.699,23.724,-21.517
Bound Backbone,BLUE,7.044,3.022,False,B,LYS418,O,-0.131,21.822,-22.365,B,HOH624,O,-0.775,21.905,-25.316
Phase Boundary,YELLOW,4.161,3.102,False,B,LYS418,NZ,-4.944,22.559,-16.711,B,HOH538,O,-3.809,25.445,-16.776
Bound Backbone,BLUE,6.375,2.921,False,B,LYS418,NZ,-4.944,22.559,-16.711,B,HOH637,O,-3.145,21.869,-14.515
Thermal Noise,RED,3.624,3.669,False,B,CYS419,N,0.699,23.724,-21.517,B,ASP420,N,3.142,25.415,-23.67
Thermal Noise,RED,3.213,3.875,False,B,CYS419,N,0.699,23.724,-21.517,B,HOH528,O,-1.887,25.589,-19.315
Bound Backbone,BLUE,12.517,2.277,False,B,CYS419,O,2.794,25.39,-21.42,B,ASP420,N,3.142,25.415,-23.67
Thermal Noise,RED,3.759,3.467,False,B,CYS419,O,2.794,25.39,-21.42,B,ASP420,OD1,5.366,23.668,-22.983
Phase Boundary,YELLOW,5.06,3.443,False,B,CYS419,SG,-0.558,26.48,-22.364,B,HOH528,O,-1.887,25.589,-19.315
Thermal Noise,RED,3.251,3.548,False,B,CYS419,SG,-0.558,26.48,-22.364,B,HOH580,O,-4.013,26.03,-21.695
Thermal Noise,RED,3.062,3.619,False,B,ASP420,N,3.142,25.415,-23.67,B,VAL421,N,4.85,28.599,-23.472
Bound Backbone,BLUE,10.35,2.24,False,B,ASP420,O,3.393,27.86,-25.005,B,VAL421,N,4.85,28.599,-23.472
Thermal Noise,RED,2.597,3.974,False,B,ASP420,O,3.393,27.86,-25.005,B,PRO422,N,5.899,30.843,-25.789
Thermal Noise,RED,3.933,3.679,False,B,ASP420,O,3.393,27.86,-25.005,B,HOH517,O,5.945,27.883,-27.655
Phase Boundary,YELLOW,4.929,2.855,False,B,ASP420,OD1,5.366,23.668,-22.983,B,HOH640,O,6.564,21.086,-22.764
Phase Boundary,YELLOW,4.505,2.993,False,B,ASP420,OD2,6.34,23.318,-24.842,B,HOH494,O,9.309,23.474,-25.188
Bound Backbone,BLUE,5.538,3.058,False,B,ASP420,OD2,6.34,23.318,-24.842,B,HOH640,O,6.564,21.086,-22.764
Phase Boundary,YELLOW,4.512,3.392,False,B,VAL421,N,4.85,28.599,-23.472,B,PRO422,N,5.899,30.843,-25.789
Bound Backbone,BLUE,11.19,2.275,False,B,VAL421,O,7.066,30.419,-23.883,B,PRO422,N,5.899,30.843,-25.789
Thermal Noise,RED,3.012,3.983,False,B,VAL421,O,7.066,30.419,-23.883,B,PRO422,O,6.507,33.693,-26.081
Thermal Noise,RED,3.423,3.76,False,B,VAL421,O,7.066,30.419,-23.883,B,CYS423,N,8.684,33.04,-26.04
Thermal Noise,RED,2.768,3.86,False,B,VAL421,O,7.066,30.419,-23.883,B,CYS423,SG,8.222,34.004,-23.042
Thermal Noise,RED,3.175,3.556,False,B,PRO422,N,5.899,30.843,-25.789,B,CYS423,N,8.684,33.04,-26.04
Thermal Noise,RED,3.859,3.499,False,B,PRO422,N,5.899,30.843,-25.789,B,HOH517,O,5.945,27.883,-27.655
Bound Backbone,BLUE,7.746,2.273,False,B,PRO422,O,6.507,33.693,-26.081,B,CYS423,N,8.684,33.04,-26.04
Phase Boundary,YELLOW,4.822,3.503,False,B,PRO422,O,6.507,33.693,-26.081,B,CYS423,SG,8.222,34.004,-23.042
Phase Boundary,YELLOW,4.589,2.959,False,B,PRO422,O,6.507,33.693,-26.081,B,LEU447,N,4.409,35.766,-25.838
Thermal Noise,RED,3.04,3.646,False,B,CYS423,N,8.684,33.04,-26.04,B,ILE424,N,10.899,35.9,-26.498
Bound Backbone,BLUE,8.107,2.255,False,B,CYS423,O,11.153,33.714,-26.992,B,ILE424,N,10.899,35.9,-26.498
Bound Backbone,BLUE,10.567,2.03,False,B,CYS423,SG,8.222,34.004,-23.042,B,CYS446,SG,7.537,35.759,-22.285
Thermal Noise,RED,3.531,3.417,False,B,ILE424,N,10.899,35.9,-26.498,B,GLY425,N,13.978,37.181,-25.751
Phase Boundary,YELLOW,5.223,2.965,False,B,ILE424,N,10.899,35.9,-26.498,B,TYR445,O,8.833,37.476,-25.069
Bound Backbone,BLUE,7.959,2.252,False,B,ILE424,O,11.957,38.14,-25.495,B,GLY425,N,13.978,37.181,-25.751
Bound Backbone,BLUE,5.392,2.958,False,B,ILE424,O,11.957,38.14,-25.495,B,TYR445,N,9.936,39.625,-23.926
Thermal Noise,RED,3.898,3.222,False,B,ILE424,O,11.957,38.14,-25.495,B,TYR445,O,8.833,37.476,-25.069
Thermal Noise,RED,3.169,3.583,False,B,GLY425,N,13.978,37.181,-25.751,B,ILE426,N,16.043,40.051,-25.171
Bound Backbone,BLUE,10.161,2.243,False,B,GLY425,O,16.138,38.368,-26.65,B,ILE426,N,16.043,40.051,-25.171
Thermal Noise,RED,3.419,3.427,False,B,ILE426,N,16.043,40.051,-25.171,B,GLU427,N,19.238,41.265,-25.42
Bound Backbone,BLUE,6.948,2.755,False,B,ILE426,N,16.043,40.051,-25.171,B,ALA443,O,14.193,40.663,-23.223
Bound Backbone,BLUE,10.133,2.232,False,B,ILE426,O,17.729,42.077,-23.99,B,GLU427,N,19.238,41.265,-25.42
Thermal Noise,RED,3.135,3.948,False,B,ILE426,O,17.729,42.077,-23.99,B,GLU427,O,20.52,43.622,-26.316
Thermal Noise,RED,3.289,3.491,False,B,ILE426,O,17.729,42.077,-23.99,B,MET428,N,20.513,44.177,-24.148
Thermal Noise,RED,3.862,3.67,False,B,ILE426,O,17.729,42.077,-23.99,B,ALA441,O,20.177,43.141,-21.471
Bound Backbone,BLUE,6.078,2.962,False,B,ILE426,O,17.729,42.077,-23.99,B,ALA443,N,15.703,42.369,-21.849
Thermal Noise,RED,2.718,3.885,False,B,ILE426,O,17.729,42.077,-23.99,B,ALA443,O,14.193,40.663,-23.223
Thermal Noise,RED,3.714,3.424,False,B,GLU427,N,19.238,41.265,-25.42,B,MET428,N,20.513,44.177,-24.148
Bound Backbone,BLUE,12.763,2.238,False,B,GLU427,O,20.52,43.622,-26.316,B,MET428,N,20.513,44.177,-24.148
Thermal Noise,RED,2.983,3.892,False,B,GLU427,O,20.52,43.622,-26.316,B,VAL429,N,22.896,46.158,-24.564
Phase Boundary,YELLOW,4.14,3.127,False,B,MET428,N,20.513,44.177,-24.148,B,VAL429,N,22.896,46.158,-24.564
Bound Backbone,BLUE,7.407,2.89,False,B,MET428,N,20.513,44.177,-24.148,B,ALA441,O,20.177,43.141,-21.471
Bound Backbone,BLUE,11.806,2.259,False,B,MET428,O,21.905,46.42,-22.551,B,VAL429,N,22.896,46.158,-24.564
Thermal Noise,RED,3.348,3.796,False,B,MET428,O,21.905,46.42,-22.551,B,VAL429,O,23.93,48.799,-24.707
Thermal Noise,RED,3.005,3.654,False,B,MET428,O,21.905,46.42,-22.551,B,HIS430,N,25.037,48.287,-22.796
Bound Backbone,BLUE,6.548,2.967,False,B,MET428,O,21.905,46.42,-22.551,B,ALA441,N,21.528,44.816,-20.084
Thermal Noise,RED,2.819,3.861,False,B,MET428,O,21.905,46.42,-22.551,B,ALA441,O,20.177,43.141,-21.471
Thermal Noise,RED,3.8,3.499,False,B,VAL429,N,22.896,46.158,-24.564,B,HIS430,N,25.037,48.287,-22.796
Bound Backbone,BLUE,11.308,2.267,False,B,VAL429,O,23.93,48.799,-24.707,B,HIS430,N,25.037,48.287,-22.796
Thermal Noise,RED,3.328,3.501,False,B,VAL429,O,23.93,48.799,-24.707,B,ASP431,N,26.904,50.543,-24.097
Phase Boundary,YELLOW,4.959,2.844,False,B,VAL429,O,23.93,48.799,-24.707,B,HOH506,O,23.924,51.638,-24.869
Phase Boundary,YELLOW,4.307,3.204,False,B,HIS430,N,25.037,48.287,-22.796,B,ASP431,N,26.904,50.543,-24.097
Bound Backbone,BLUE,5.853,2.797,False,B,HIS430,N,25.037,48.287,-22.796,B,SER439,O,26.031,46.037,-21.464
Bound Backbone,BLUE,10.322,2.229,False,B,HIS430,O,27.767,49.12,-22.614,B,ASP431,N,26.904,50.543,-24.097
Thermal Noise,RED,3.273,3.669,False,B,HIS430,O,27.767,49.12,-22.614,B,HIS438,ND1,30.674,47.425,-24.077
Thermal Noise,RED,3.778,3.623,False,B,HIS430,O,27.767,49.12,-22.614,B,SER439,N,28.376,46.322,-20.395
Thermal Noise,RED,3.067,3.72,False,B,HIS430,O,27.767,49.12,-22.614,B,SER439,O,26.031,46.037,-21.464
Thermal Noise,RED,2.697,3.864,False,B,HIS430,O,27.767,49.12,-22.614,B,HOH536,O,31.455,50.206,-23.005
Thermal Noise,RED,2.777,3.798,False,B,HIS430,ND1,23.074,49.938,-20.312,B,THR459,OG1,19.454,51.077,-20.149
Bound Backbone,BLUE,5.79,2.951,False,B,HIS430,ND1,23.074,49.938,-20.312,B,HOH673,O,22.696,52.176,-22.198
Thermal Noise,RED,2.794,3.883,False,B,HIS430,NE2,22.751,48.328,-18.968,B,ALA441,N,21.528,44.816,-20.084
Bound Backbone,BLUE,6.765,2.856,False,B,HIS430,NE2,22.751,48.328,-18.968,B,HOH521,O,21.269,47.276,-16.765
Thermal Noise,RED,3.626,3.323,False,B,ASP431,N,26.904,50.543,-24.097,B,GLY432,N,29.678,52.37,-23.994
Phase Boundary,YELLOW,4.135,3.636,False,B,ASP431,N,26.904,50.543,-24.097,B,MET463,SD,27.031,52.91,-21.34
Thermal Noise,RED,3.882,3.267,False,B,ASP431,N,26.904,50.543,-24.097,B,HOH506,O,23.924,51.638,-24.869
Bound Backbone,BLUE,9.29,2.232,False,B,ASP431,O,27.851,53.019,-25.099,B,GLY432,N,29.678,52.37,-23.994
Phase Boundary,YELLOW,4.341,3.849,False,B,ASP431,O,27.851,53.019,-25.099,B,MET463,SD,27.031,52.91,-21.34
Phase Boundary,YELLOW,5.258,2.993,False,B,ASP431,O,27.851,53.019,-25.099,B,HOH681,O,27.228,55.485,-23.522
Thermal Noise,RED,3.9,3.696,False,B,ASP431,OD1,30.2,49.864,-26.66,B,GLY432,N,29.678,52.37,-23.994
Thermal Noise,RED,3.124,3.773,False,B,ASP431,OD1,30.2,49.864,-26.66,B,GLY433,N,32.006,52.777,-25.082
Phase Boundary,YELLOW,4.145,3.584,False,B,ASP431,OD1,30.2,49.864,-26.66,B,HIS438,ND1,30.674,47.425,-24.077
Phase Boundary,YELLOW,4.161,3.88,False,B,ASP431,OD1,30.2,49.864,-26.66,B,HOH536,O,31.455,50.206,-23.005
Thermal Noise,RED,3.44,3.737,False,B,ASP431,OD1,30.2,49.864,-26.66,B,HOH666,O,31.283,52.761,-28.758
Bound Backbone,BLUE,5.29,3.111,False,B,ASP431,OD2,28.995,50.477,-28.362,B,HOH632,O,26.665,50.517,-30.423
Thermal Noise,RED,3.808,3.257,False,B,ASP431,OD2,28.995,50.477,-28.362,B,HOH666,O,31.283,52.761,-28.758
Bound Backbone,BLUE,6.57,2.602,False,B,GLY432,N,29.678,52.37,-23.994,B,GLY433,N,32.006,52.777,-25.082
Thermal Noise,RED,3.663,3.787,False,B,GLY432,N,29.678,52.37,-23.994,B,MET463,SD,27.031,52.91,-21.34
Phase Boundary,YELLOW,4.858,2.97,False,B,GLY432,N,29.678,52.37,-23.994,B,HOH536,O,31.455,50.206,-23.005
Thermal Noise,RED,2.535,3.991,False,B,GLY432,N,29.678,52.37,-23.994,B,HOH681,O,27.228,55.485,-23.522
Bound Backbone,BLUE,9.016,2.262,False,B,GLY432,O,32.358,54.718,-23.976,B,GLY433,N,32.006,52.777,-25.082
Thermal Noise,RED,3.328,3.486,False,B,GLY432,O,32.358,54.718,-23.976,B,GLY433,O,33.954,51.652,-23.521
Thermal Noise,RED,3.086,3.604,False,B,GLY433,N,32.006,52.777,-25.082,B,LYS434,N,35.4,51.578,-25.268
Phase Boundary,YELLOW,4.436,3.351,False,B,GLY433,N,32.006,52.777,-25.082,B,HOH536,O,31.455,50.206,-23.005
Phase Boundary,YELLOW,4.598,3.746,False,B,GLY433,N,32.006,52.777,-25.082,B,HOH666,O,31.283,52.761,-28.758
Bound Backbone,BLUE,10.706,2.269,False,B,GLY433,O,33.954,51.652,-23.521,B,LYS434,N,35.4,51.578,-25.268
Thermal Noise,RED,2.788,3.872,False,B,GLY433,O,33.954,51.652,-23.521,B,LYS434,O,37.633,51.011,-22.498
Phase Boundary,YELLOW,4.184,3.097,False,B,GLY433,O,33.954,51.652,-23.521,B,LYS435,N,36.772,52.92,-23.314
Bound Backbone,BLUE,5.716,3.179,False,B,GLY433,O,33.954,51.652,-23.521,B,THR436,N,35.286,52.787,-20.867
Bound Backbone,BLUE,5.422,3.365,False,B,GLY433,O,33.954,51.652,-23.521,B,THR436,O,34.338,50.359,-20.438
Phase Boundary,YELLOW,4.744,2.933,False,B,GLY433,O,33.954,51.652,-23.521,B,HOH536,O,31.455,50.206,-23.005
Bound Backbone,BLUE,7.063,2.739,False,B,LYS434,N,35.4,51.578,-25.268,B,LYS435,N,36.772,52.92,-23.314
Bound Backbone,BLUE,8.587,2.248,False,B,LYS434,O,37.633,51.011,-22.498,B,LYS435,N,36.772,52.92,-23.314
Thermal Noise,RED,4.063,3.365,False,B,LYS434,O,37.633,51.011,-22.498,B,THR436,N,35.286,52.787,-20.867
Thermal Noise,RED,3.026,3.94,False,B,LYS434,O,37.633,51.011,-22.498,B,THR436,O,34.338,50.359,-20.438
Thermal Noise,RED,3.022,3.668,False,B,LYS434,O,37.633,51.011,-22.498,B,HOH505,O,35.403,48.157,-21.92
Bound Backbone,BLUE,7.133,2.866,False,B,LYS435,N,36.772,52.92,-23.314,B,THR436,N,35.286,52.787,-20.867
Bound Backbone,BLUE,9.2,2.218,False,B,LYS435,O,36.831,54.02,-19.861,B,THR436,N,35.286,52.787,-20.867
Thermal Noise,RED,3.773,3.652,False,B,THR436,N,35.286,52.787,-20.867,B,TRP437,N,33.221,50.869,-18.544
Bound Backbone,BLUE,11.374,2.257,False,B,THR436,O,34.338,50.359,-20.438,B,TRP437,N,33.221,50.869,-18.544
Thermal Noise,RED,4.022,3.16,False,B,THR436,O,34.338,50.359,-20.438,B,TRP437,O,31.19,50.217,-20.207
Thermal Noise,RED,2.762,3.851,False,B,THR436,O,34.338,50.359,-20.438,B,HIS438,N,31.354,48.04,-19.697
Bound Backbone,BLUE,5.729,2.86,False,B,THR436,O,34.338,50.359,-20.438,B,HOH505,O,35.403,48.157,-21.92
Thermal Noise,RED,3.435,3.863,False,B,THR436,O,34.338,50.359,-20.438,B,HOH536,O,31.455,50.206,-23.005
Bound Backbone,BLUE,5.337,2.753,False,B,THR436,OG1,32.928,53.583,-18.186,B,TRP437,N,33.221,50.869,-18.544
Thermal Noise,RED,2.894,3.954,False,B,THR436,OG1,32.928,53.583,-18.186,B,TRP437,NE1,29.634,52.326,-16.396
Bound Backbone,BLUE,6.818,2.834,False,B,THR436,OG1,32.928,53.583,-18.186,B,HOH650,O,34.648,54.235,-16.03
Phase Boundary,YELLOW,4.803,2.9,False,B,THR436,OG1,32.928,53.583,-18.186,B,HOH662,O,30.696,55.401,-18.539
Thermal Noise,RED,3.328,3.58,False,B,TRP437,N,33.221,50.869,-18.544,B,HIS438,N,31.354,48.04,-19.697
Bound Backbone,BLUE,8.224,2.242,False,B,TRP437,O,31.19,50.217,-20.207,B,HIS438,N,31.354,48.04,-19.697
Bound Backbone,BLUE,8.262,2.811,False,B,TRP437,O,31.19,50.217,-20.207,B,HOH536,O,31.455,50.206,-23.005
Thermal Noise,RED,3.39,3.455,False,B,TRP437,NE1,29.634,52.326,-16.396,B,MET463,O,28.441,55.536,-16.851
Phase Boundary,YELLOW,4.926,3.11,False,B,TRP437,NE1,29.634,52.326,-16.396,B,HOH588,O,30.25,54.856,-14.696
Thermal Noise,RED,3.145,3.896,False,B,TRP437,NE1,29.634,52.326,-16.396,B,HOH662,O,30.696,55.401,-18.539
Thermal Noise,RED,3.334,3.508,False,B,HIS438,N,31.354,48.04,-19.697,B,SER439,N,28.376,46.322,-20.395
Thermal Noise,RED,3.697,3.955,False,B,HIS438,N,31.354,48.04,-19.697,B,HOH536,O,31.455,50.206,-23.005
Bound Backbone,BLUE,9.213,2.221,False,B,HIS438,O,30.238,45.677,-19.371,B,SER439,N,28.376,46.322,-20.395
Thermal Noise,RED,3.235,3.641,False,B,HIS438,O,30.238,45.677,-19.371,B,HOH474,O,30.645,42.271,-20.592
Phase Boundary,YELLOW,4.54,3.081,False,B,HIS438,ND1,30.674,47.425,-24.077,B,HOH536,O,31.455,50.206,-23.005
Thermal Noise,RED,2.996,3.672,False,B,SER439,N,28.376,46.322,-20.395,B,ALA440,N,25.136,44.653,-19.944
Bound Backbone,BLUE,10.29,2.242,False,B,SER439,O,26.031,46.037,-21.464,B,ALA440,N,25.136,44.653,-19.944
Bound Backbone,BLUE,6.781,2.882,False,B,SER439,OG,26.836,44.329,-17.64,B,ALA440,N,25.136,44.653,-19.944
Thermal Noise,RED,3.066,3.614,False,B,ALA440,N,25.136,44.653,-19.944,B,ALA441,N,21.528,44.816,-20.084
Bound Backbone,BLUE,9.926,2.268,False,B,ALA440,O,22.851,43.737,-18.591,B,ALA441,N,21.528,44.816,-20.084
Thermal Noise,RED,3.379,3.975,False,B,ALA440,O,22.851,43.737,-18.591,B,ALA441,O,20.177,43.141,-21.471
Thermal Noise,RED,4.068,3.223,False,B,ALA440,O,22.851,43.737,-18.591,B,HOH485,O,20.856,41.392,-17.639
Thermal Noise,RED,3.105,3.591,False,B,ALA441,N,21.528,44.816,-20.084,B,THR442,N,18.532,42.839,-19.969
Bound Backbone,BLUE,10.17,2.248,False,B,ALA441,O,20.177,43.141,-21.471,B,THR442,N,18.532,42.839,-19.969
Thermal Noise,RED,4.055,3.341,False,B,ALA441,O,20.177,43.141,-21.471,B,THR442,OG1,19.448,40.254,-19.956
Thermal Noise,RED,4.055,3.429,False,B,THR442,N,18.532,42.839,-19.969,B,ALA443,N,15.703,42.369,-21.849
Thermal Noise,RED,3.924,3.595,False,B,THR442,N,18.532,42.839,-19.969,B,HOH485,O,20.856,41.392,-17.639
Bound Backbone,BLUE,12.735,2.266,False,B,THR442,O,15.824,42.432,-19.587,B,ALA443,N,15.703,42.369,-21.849
Bound Backbone,BLUE,6.458,2.94,False,B,THR442,OG1,19.448,40.254,-19.956,B,HOH485,O,20.856,41.392,-17.639
Thermal Noise,RED,3.204,3.535,False,B,ALA443,N,15.703,42.369,-21.849,B,ILE444,N,12.411,41.085,-21.955
Bound Backbone,BLUE,9.73,2.227,False,B,ALA443,O,14.193,40.663,-23.223,B,ILE444,N,12.411,41.085,-21.955
Thermal Noise,RED,3.967,3.485,False,B,ILE444,N,12.411,41.085,-21.955,B,TYR445,N,9.936,39.625,-23.926
Bound Backbone,BLUE,11.063,2.244,False,B,ILE444,O,9.597,40.973,-22.164,B,TYR445,N,9.936,39.625,-23.926
Thermal Noise,RED,3.266,3.523,False,B,TYR445,N,9.936,39.625,-23.926,B,CYS446,N,6.786,38.128,-24.421
Bound Backbone,BLUE,8.37,2.244,False,B,TYR445,O,8.833,37.476,-25.069,B,CYS446,N,6.786,38.128,-24.421
Phase Boundary,YELLOW,4.521,3.518,False,B,TYR445,O,8.833,37.476,-25.069,B,CYS446,SG,7.537,35.759,-22.285
Phase Boundary,YELLOW,5.161,2.805,False,B,TYR445,OH,9.079,46.039,-25.129,B,TRP455,O,6.617,47.313,-25.56
Thermal Noise,RED,2.686,3.883,False,B,TYR445,OH,9.079,46.039,-25.129,B,ASP456,N,7.34,49.47,-25.662
Thermal Noise,RED,2.845,3.961,False,B,TYR445,OH,9.079,46.039,-25.129,B,ASP456,O,8.896,49.619,-23.444
Thermal Noise,RED,3.817,3.281,False,B,TYR445,OH,9.079,46.039,-25.129,B,THR457,N,10.737,48.789,-24.456
Bound Backbone,BLUE,6.493,2.843,False,B,TYR445,OH,9.079,46.039,-25.129,B,THR457,OG1,11.075,46.42,-23.141
Thermal Noise,RED,3.315,3.638,False,B,CYS446,N,6.786,38.128,-24.421,B,LEU447,N,4.409,35.766,-25.838
Bound Backbone,BLUE,8.23,2.26,False,B,CYS446,O,4.23,37.927,-25.2,B,LEU447,N,4.409,35.766,-25.838
Thermal Noise,RED,3.479,3.479,False,B,CYS446,O,4.23,37.927,-25.2,B,LEU447,O,2.401,35.14,-24.205
Thermal Noise,RED,3.69,3.294,False,B,CYS446,O,4.23,37.927,-25.2,B,MET448,N,1.182,36.682,-25.315
Thermal Noise,RED,3.525,3.395,False,B,LEU447,N,4.409,35.766,-25.838,B,MET448,N,1.182,36.682,-25.315
Bound Backbone,BLUE,9.062,2.257,False,B,LEU447,O,2.401,35.14,-24.205,B,MET448,N,1.182,36.682,-25.315
Bound Backbone,BLUE,6.009,2.776,False,B,LEU447,O,2.401,35.14,-24.205,A,HOH483,O,0.82,33.322,-22.826
Thermal Noise,RED,3.722,3.319,False,B,MET448,N,1.182,36.682,-25.315,B,GLY449,N,-2.061,36.956,-24.664
Bound Backbone,BLUE,8.116,2.258,False,B,MET448,O,-0.893,38.817,-25.183,B,GLY449,N,-2.061,36.956,-24.664
Phase Boundary,YELLOW,4.947,3.22,False,B,MET448,O,-0.893,38.817,-25.183,B,GLY449,O,-2.654,37.182,-27.327
Thermal Noise,RED,3.079,3.839,False,B,MET448,O,-0.893,38.817,-25.183,B,SER450,N,-4.301,38.659,-26.943
Phase Boundary,YELLOW,5.175,2.791,False,B,MET448,O,-0.893,38.817,-25.183,B,HOH525,O,-2.405,41.144,-25.482
Thermal Noise,RED,3.822,3.621,False,B,GLY449,N,-2.061,36.956,-24.664,B,SER450,N,-4.301,38.659,-26.943
Thermal Noise,RED,2.634,3.985,False,B,GLY449,N,-2.061,36.956,-24.664,A,HOH555,O,-4.658,34.125,-23.606
Phase Boundary,YELLOW,4.951,2.898,False,B,GLY449,N,-2.061,36.956,-24.664,B,HOH471,O,-1.695,34.172,-23.949
Bound Backbone,BLUE,8.086,2.245,False,B,GLY449,O,-2.654,37.182,-27.327,B,SER450,N,-4.301,38.659,-26.943
Phase Boundary,YELLOW,4.129,3.669,False,B,SER450,N,-4.301,38.659,-26.943,B,GLY451,N,-4.621,40.923,-29.813
Bound Backbone,BLUE,5.728,3.064,False,B,SER450,N,-4.301,38.659,-26.943,A,HOH567,O,-6.18,39.547,-24.692
Thermal Noise,RED,3.745,3.45,False,B,SER450,N,-4.301,38.659,-26.943,B,HOH525,O,-2.405,41.144,-25.482
Bound Backbone,BLUE,12.73,2.244,False,B,SER450,O,-4.194,41.221,-27.63,B,GLY451,N,-4.621,40.923,-29.813
Thermal Noise,RED,3.532,3.922,False,B,SER450,O,-4.194,41.221,-27.63,A,HOH567,O,-6.18,39.547,-24.692
Bound Backbone,BLUE,7.039,2.796,False,B,SER450,O,-4.194,41.221,-27.63,B,HOH525,O,-2.405,41.144,-25.482
Phase Boundary,YELLOW,4.355,3.032,False,B,SER450,O,-4.194,41.221,-27.63,B,HOH602,O,-3.392,44.144,-27.554
Thermal Noise,RED,3.95,3.456,False,B,SER450,OG,-6.96,39.158,-27.98,B,GLY451,N,-4.621,40.923,-29.813
Bound Backbone,BLUE,5.515,3.402,False,B,SER450,OG,-6.96,39.158,-27.98,A,HOH567,O,-6.18,39.547,-24.692
Thermal Noise,RED,3.217,3.554,False,B,GLY451,N,-4.621,40.923,-29.813,B,GLN452,N,-2.47,43.698,-30.361
Phase Boundary,YELLOW,4.612,3.59,False,B,GLY451,N,-4.621,40.923,-29.813,B,HOH599,O,-3.578,39.522,-32.95
Bound Backbone,BLUE,9.573,2.225,False,B,GLY451,O,-2.646,41.83,-31.556,B,GLN452,N,-2.47,43.698,-30.361
Bound Backbone,BLUE,5.664,2.853,False,B,GLY451,O,-2.646,41.83,-31.556,B,HOH599,O,-3.578,39.522,-32.95
Bound Backbone,BLUE,6.029,3.162,False,B,GLY451,O,-2.646,41.83,-31.556,B,HOH635,O,-1.219,41.902,-34.377
Thermal Noise,RED,3.039,3.64,False,B,GLN452,N,-2.47,43.698,-30.361,B,LEU453,N,1.103,44.291,-29.994
Bound Backbone,BLUE,7.0,2.988,False,B,GLN452,N,-2.47,43.698,-30.361,B,HOH602,O,-3.392,44.144,-27.554
Bound Backbone,BLUE,9.635,2.238,False,B,GLN452,O,-0.657,44.829,-28.72,B,LEU453,N,1.103,44.291,-29.994
Thermal Noise,RED,3.292,3.556,False,B,GLN452,O,-0.657,44.829,-28.72,B,LEU453,O,2.03,46.98,-29.612
Thermal Noise,RED,3.935,3.34,False,B,GLN452,O,-0.657,44.829,-28.72,B,LEU454,N,1.978,46.415,-27.417
Phase Boundary,YELLOW,4.699,3.051,False,B,GLN452,O,-0.657,44.829,-28.72,B,HOH602,O,-3.392,44.144,-27.554
Bound Backbone,BLUE,5.815,3.021,False,B,GLN452,NE2,-1.769,48.568,-32.646,B,HOH582,O,-2.127,50.646,-30.482
Phase Boundary,YELLOW,4.702,3.625,False,B,GLN452,NE2,-1.769,48.568,-32.646,B,HOH631,O,-0.579,49.271,-35.997
Phase Boundary,YELLOW,4.915,3.059,False,B,GLN452,OE1,-2.985,47.028,-33.622,B,HOH680,O,-5.613,47.533,-32.14
Phase Boundary,YELLOW,4.549,3.452,False,B,LEU453,N,1.103,44.291,-29.994,B,LEU454,N,1.978,46.415,-27.417
Bound Backbone,BLUE,6.587,3.089,False,B,LEU453,N,1.103,44.291,-29.994,B,HOH497,O,1.48,43.372,-32.919
Thermal Noise,RED,3.965,3.738,False,B,LEU453,N,1.103,44.291,-29.994,B,HOH660,O,1.881,46.511,-32.899
Bound Backbone,BLUE,12.431,2.267,False,B,LEU453,O,2.03,46.98,-29.612,B,LEU454,N,1.978,46.415,-27.417
Bound Backbone,BLUE,5.878,3.324,False,B,LEU453,O,2.03,46.98,-29.612,B,HOH660,O,1.881,46.511,-32.899
Thermal Noise,RED,3.001,3.94,False,B,LEU453,O,2.03,46.98,-29.612,B,HOH701,O,4.832,48.895,-31.614
Phase Boundary,YELLOW,4.848,3.098,False,B,LEU454,N,1.978,46.415,-27.417,B,TRP455,N,4.016,48.144,-25.85
Phase Boundary,YELLOW,5.045,3.371,False,B,LEU454,N,1.978,46.415,-27.417,B,HOH696,O,3.611,45.426,-24.639
Bound Backbone,BLUE,9.054,2.212,False,B,LEU454,O,2.88,49.811,-26.758,B,TRP455,N,4.016,48.144,-25.85
Thermal Noise,RED,3.368,3.802,False,B,LEU454,O,2.88,49.811,-26.758,B,HOH577,O,5.95,49.478,-28.976
Bound Backbone,BLUE,6.156,2.763,False,B,LEU454,O,2.88,49.811,-26.758,B,HOH597,O,1.08,51.328,-28.205
Thermal Noise,RED,2.8,3.852,False,B,LEU454,O,2.88,49.811,-26.758,B,HOH671,O,5.945,51.945,-27.702
Thermal Noise,RED,3.122,3.584,False,B,TRP455,N,4.016,48.144,-25.85,B,ASP456,N,7.34,49.47,-25.662
Thermal Noise,RED,3.681,3.91,False,B,TRP455,N,4.016,48.144,-25.85,B,HOH577,O,5.95,49.478,-28.976
Phase Boundary,YELLOW,4.897,3.003,False,B,TRP455,N,4.016,48.144,-25.85,B,HOH696,O,3.611,45.426,-24.639
Bound Backbone,BLUE,7.727,2.277,False,B,TRP455,O,6.617,47.313,-25.56,B,ASP456,N,7.34,49.47,-25.662
Thermal Noise,RED,3.178,3.872,False,B,TRP455,O,6.617,47.313,-25.56,B,ASP456,O,8.896,49.619,-23.444
Thermal Noise,RED,3.096,3.667,False,B,TRP455,O,6.617,47.313,-25.56,B,HOH696,O,3.611,45.426,-24.639
Phase Boundary,YELLOW,4.507,3.016,False,B,TRP455,NE1,4.125,52.967,-23.576,B,HOH626,O,3.464,55.85,-24.166
Thermal Noise,RED,3.178,3.668,False,B,ASP456,N,7.34,49.47,-25.662,B,THR457,N,10.737,48.789,-24.456
Phase Boundary,YELLOW,4.776,3.594,False,B,ASP456,N,7.34,49.47,-25.662,B,HOH577,O,5.95,49.478,-28.976
Thermal Noise,RED,3.98,3.498,False,B,ASP456,N,7.34,49.47,-25.662,B,HOH671,O,5.945,51.945,-27.702
Bound Backbone,BLUE,8.845,2.259,False,B,ASP456,O,8.896,49.619,-23.444,B,THR457,N,10.737,48.789,-24.456
Thermal Noise,RED,2.665,3.882,False,B,ASP456,O,8.896,49.619,-23.444,B,THR457,OG1,11.075,46.42,-23.141
Bound Backbone,BLUE,6.372,2.773,False,B,ASP456,OD1,8.161,52.208,-26.056,B,HOH671,O,5.945,51.945,-27.702
Thermal Noise,RED,2.952,3.85,False,B,ASP456,OD2,10.298,52.318,-25.932,B,THR457,N,10.737,48.789,-24.456
Bound Backbone,BLUE,5.329,2.762,False,B,ASP456,OD2,10.298,52.318,-25.932,B,HOH534,O,12.918,51.561,-26.371
Phase Boundary,YELLOW,4.13,3.114,False,B,ASP456,OD2,10.298,52.318,-25.932,B,HOH608,O,11.048,55.339,-25.86
Thermal Noise,RED,3.802,3.596,False,B,THR457,N,10.737,48.789,-24.456,B,VAL458,N,13.048,50.506,-22.302
Bound Backbone,BLUE,12.461,2.245,False,B,THR457,O,13.358,49.85,-24.427,B,VAL458,N,13.048,50.506,-22.302
Bound Backbone,BLUE,7.821,2.627,False,B,THR457,O,13.358,49.85,-24.427,B,HOH534,O,12.918,51.561,-26.371
Thermal Noise,RED,3.252,3.652,False,B,VAL458,N,13.048,50.506,-22.302,B,THR459,N,16.433,50.857,-20.976
Bound Backbone,BLUE,6.833,2.912,False,B,VAL458,N,13.048,50.506,-22.302,B,HOH531,O,11.758,49.587,-19.858
Bound Backbone,BLUE,8.949,2.193,False,B,VAL458,O,14.519,50.099,-20.219,B,THR459,N,16.433,50.857,-20.976
Thermal Noise,RED,3.36,3.938,False,B,VAL458,O,14.519,50.099,-20.219,B,THR459,O,17.312,50.681,-17.504
Thermal Noise,RED,3.154,3.71,False,B,VAL458,O,14.519,50.099,-20.219,B,GLY460,N,17.045,52.456,-18.868
Phase Boundary,YELLOW,5.044,2.831,False,B,VAL458,O,14.519,50.099,-20.219,B,HOH531,O,11.758,49.587,-19.858
Bound Backbone,BLUE,7.507,2.716,False,B,THR459,N,16.433,50.857,-20.976,B,GLY460,N,17.045,52.456,-18.868
Thermal Noise,RED,3.09,3.599,False,B,THR459,N,16.433,50.857,-20.976,B,HOH532,O,16.917,54.423,-21.037
Bound Backbone,BLUE,9.709,2.254,False,B,THR459,O,17.312,50.681,-17.504,B,GLY460,N,17.045,52.456,-18.868
Thermal Noise,RED,3.507,3.386,False,B,THR459,O,17.312,50.681,-17.504,B,VAL461,N,19.486,53.26,-17.805
Phase Boundary,YELLOW,4.761,3.057,False,B,THR459,OG1,19.454,51.077,-20.149,B,GLY460,N,17.045,52.456,-18.868
Phase Boundary,YELLOW,5.229,3.203,False,B,THR459,OG1,19.454,51.077,-20.149,B,VAL461,N,19.486,53.26,-17.805
Bound Backbone,BLUE,7.278,2.829,False,B,THR459,OG1,19.454,51.077,-20.149,B,HOH486,O,19.788,52.546,-22.544
Thermal Noise,RED,2.936,3.99,False,B,THR459,OG1,19.454,51.077,-20.149,B,HOH673,O,22.696,52.176,-22.198
Bound Backbone,BLUE,5.655,2.781,False,B,GLY460,N,17.045,52.456,-18.868,B,VAL461,N,19.486,53.26,-17.805
Bound Backbone,BLUE,6.283,2.931,False,B,GLY460,N,17.045,52.456,-18.868,B,HOH532,O,16.917,54.423,-21.037
Bound Backbone,BLUE,10.279,2.229,False,B,GLY460,O,18.479,54.6,-16.335,B,VAL461,N,19.486,53.26,-17.805
Thermal Noise,RED,2.848,3.785,False,B,GLY460,O,18.479,54.6,-16.335,B,ASP462,N,22.104,55.462,-17.002
Phase Boundary,YELLOW,4.707,2.956,False,B,GLY460,O,18.479,54.6,-16.335,B,HOH607,O,17.424,57.291,-16.956
Thermal Noise,RED,3.349,3.514,False,B,VAL461,N,19.486,53.26,-17.805,B,ASP462,N,22.104,55.462,-17.002
Thermal Noise,RED,4.047,3.831,False,B,VAL461,N,19.486,53.26,-17.805,B,HOH700,O,19.721,55.121,-21.145
Bound Backbone,BLUE,12.161,2.261,False,B,VAL461,O,21.725,54.736,-19.109,B,ASP462,N,22.104,55.462,-17.002
Thermal Noise,RED,3.172,3.642,False,B,VAL461,O,21.725,54.736,-19.109,B,MET463,N,25.077,55.714,-18.073
Thermal Noise,RED,2.851,3.773,False,B,VAL461,O,21.725,54.736,-19.109,B,HOH595,O,20.071,58.08,-19.67
Thermal Noise,RED,3.861,3.439,False,B,VAL461,O,21.725,54.736,-19.109,B,HOH609,O,24.125,56.593,-20.727
Bound Backbone,BLUE,6.345,2.883,False,B,VAL461,O,21.725,54.736,-19.109,B,HOH700,O,19.721,55.121,-21.145
Phase Boundary,YELLOW,4.272,3.17,False,B,ASP462,N,22.104,55.462,-17.002,B,MET463,N,25.077,55.714,-18.073
Bound Backbone,BLUE,12.971,2.229,False,B,ASP462,O,24.731,55.997,-15.889,B,MET463,N,25.077,55.714,-18.073
Thermal Noise,RED,2.792,3.86,False,B,ASP462,O,24.731,55.997,-15.889,B,MET463,O,28.441,55.536,-16.851
Phase Boundary,YELLOW,4.834,3.009,False,B,ASP462,O,24.731,55.997,-15.889,B,ALA464,N,27.165,57.337,-17.045
Phase Boundary,YELLOW,4.588,3.193,False,B,ASP462,O,24.731,55.997,-15.889,B,LEU465,N,27.017,57.501,-14.243
Bound Backbone,BLUE,5.508,2.894,False,B,ASP462,O,24.731,55.997,-15.889,B,HOH467,O,26.217,53.959,-14.469
Thermal Noise,RED,3.582,3.402,False,B,ASP462,OD1,24.544,58.975,-17.262,B,MET463,N,25.077,55.714,-18.073
Phase Boundary,YELLOW,4.182,3.098,False,B,ASP462,OD1,24.544,58.975,-17.262,B,ALA464,N,27.165,57.337,-17.045
Thermal Noise,RED,2.983,3.795,False,B,ASP462,OD2,23.023,60.088,-16.259,B,HOH682,O,19.479,60.514,-14.971
Bound Backbone,BLUE,5.386,2.837,False,B,MET463,N,25.077,55.714,-18.073,B,ALA464,N,27.165,57.337,-17.045
Bound Backbone,BLUE,6.946,2.953,False,B,MET463,N,25.077,55.714,-18.073,B,HOH609,O,24.125,56.593,-20.727
Bound Backbone,BLUE,8.192,2.216,False,B,MET463,O,28.441,55.536,-16.851,B,ALA464,N,27.165,57.337,-17.045
Phase Boundary,YELLOW,4.229,3.562,False,B,MET463,O,28.441,55.536,-16.851,B,LEU465,N,27.017,57.501,-14.243
Thermal Noise,RED,3.894,3.62,False,B,MET463,O,28.441,55.536,-16.851,B,HOH467,O,26.217,53.959,-14.469
Bound Backbone,BLUE,6.461,2.895,False,B,MET463,O,28.441,55.536,-16.851,B,HOH588,O,30.25,54.856,-14.696
Bound Backbone,BLUE,6.18,2.82,False,B,MET463,O,28.441,55.536,-16.851,B,HOH662,O,30.696,55.401,-18.539
Phase Boundary,YELLOW,4.429,3.381,False,B,MET463,SD,27.031,52.91,-21.34,B,HOH681,O,27.228,55.485,-23.522
Bound Backbone,BLUE,8.27,2.811,False,B,ALA464,N,27.165,57.337,-17.045,B,LEU465,N,27.017,57.501,-14.243
Bound Backbone,BLUE,8.003,2.237,False,B,ALA464,O,28.937,58.646,-14.153,B,LEU465,N,27.017,57.501,-14.243
Thermal Noise,RED,3.284,3.651,False,B,ALA464,O,28.937,58.646,-14.153,B,LEU465,O,27.986,55.412,-12.751
Thermal Noise,RED,3.629,3.953,False,B,ALA464,O,28.937,58.646,-14.153,B,LEU465,OXT,27.925,56.557,-10.953
Thermal Noise,RED,3.031,3.638,False,B,LEU465,N,27.017,57.501,-14.243,B,HOH467,O,26.217,53.959,-14.469
Bound Backbone,BLUE,6.005,2.862,False,B,LEU465,O,27.986,55.412,-12.751,B,HOH467,O,26.217,53.959,-14.469
Bound Backbone,BLUE,5.303,2.888,False,B,LEU465,O,27.986,55.412,-12.751,B,HOH475,O,29.472,53.231,-11.579
Bound Backbone,BLUE,5.475,3.036,False,B,LEU465,O,27.986,55.412,-12.751,B,HOH588,O,30.25,54.856,-14.696
Thermal Noise,RED,2.942,3.721,False,B,LEU465,OXT,27.925,56.557,-10.953,B,HOH475,O,29.472,53.231,-11.579
Bound Backbone,BLUE,6.44,2.998,False,B,LEU465,OXT,27.925,56.557,-10.953,B,HOH477,O,26.865,57.807,-8.443
Ligand Bound Core,BLUE,6.14,3.023,True,A,NAG1,O3,-14.87,25.887,6.09,A,HOH538,O,-14.189,27.592,8.491
Ligand Boundary Hotspot,ORANGE,4.581,2.971,True,A,NAG1,O4,-13.957,24.037,4.078,A,HOH596,O,-11.456,25.595,3.698
Ligand Boundary Hotspot,ORANGE,5.038,3.073,True,A,NAG1,O4,-13.957,24.037,4.078,A,HOH633,O,-12.016,22.343,2.402
Ligand Bound Core,BLUE,6.404,2.956,True,A,NAG1,O5,-16.244,26.181,2.12,A,HOH609,O,-17.993,25.727,-0.22
Ligand Boundary Hotspot,ORANGE,5.025,3.061,True,A,NAG1,O6,-16.714,23.461,1.392,A,HOH609,O,-17.993,25.727,-0.22
Ligand Boundary Hotspot,ORANGE,4.637,3.003,True,A,NAG1,O7,-16.799,30.181,6.22,A,HOH579,O,-19.628,30.797,7.016
Ligand Fluctuation Noise,RED,2.536,3.984,True,A,NAG1,O7,-16.799,30.181,6.22,A,HOH694,O,-18.646,33.691,6.592
Ligand Fluctuation Noise,RED,3.76,3.367,True,A,ZMR466,NE,-0.189,55.181,-8.695,A,HOH709,O,2.931,55.846,-7.619
Ligand Bound Core,BLUE,5.798,2.666,True,A,ZMR466,NH1,-0.896,53.081,-9.402,A,HOH701,O,0.745,51.06,-8.829
Ligand Boundary Hotspot,ORANGE,4.692,2.958,True,A,ZMR466,NH1,-0.896,53.081,-9.402,A,HOH713,O,-3.79,52.94,-8.807
Ligand Boundary Hotspot,ORANGE,4.655,3.05,True,A,ZMR466,NH2,1.216,53.867,-9.926,A,HOH701,O,0.745,51.06,-8.829
Ligand Boundary Hotspot,ORANGE,4.199,3.49,True,A,ZMR466,NH2,1.216,53.867,-9.926,A,HOH709,O,2.931,55.846,-7.619
Ligand Fluctuation Noise,RED,2.591,3.991,True,A,ZMR466,N5,-2.654,55.178,-10.299,A,HOH704,O,-6.372,54.027,-9.418
Ligand Bound Core,BLUE,5.474,2.92,True,A,ZMR466,N5,-2.654,55.178,-10.299,A,HOH713,O,-3.79,52.94,-8.807
Ligand Bound Core,BLUE,5.3,2.855,True,A,ZMR466,O8,-6.401,56.698,-8.411,A,HOH704,O,-6.372,54.027,-9.418
Ligand Fluctuation Noise,RED,2.902,3.86,True,A,ZMR466,O9,-7.439,57.473,-10.791,A,HOH704,O,-6.372,54.027,-9.418
Ligand Boundary Hotspot,ORANGE,4.721,2.913,True,B,NAG1,O3,1.955,16.713,-26.328,B,HOH702,O,0.43,19.192,-26.206
Ligand Fluctuation Noise,RED,3.512,3.56,True,B,NAG1,O5,4.688,13.927,-27.841,B,HOH601,O,6.955,11.625,-29.336
Ligand Bound Core,BLUE,5.641,3.25,True,B,NAG1,O6,5.394,11.549,-26.486,B,HOH601,O,6.955,11.625,-29.336
Ligand Bound Core,BLUE,5.423,2.797,True,B,NAG1,O7,3.37,16.886,-30.679,B,HOH581,O,3.001,14.25,-31.538
Ligand Bound Core,BLUE,8.27,2.677,True,B,NAG1,O7,3.37,16.886,-30.679,B,HOH628,O,4.69,16.994,-33.005
Ligand Fluctuation Noise,RED,3.556,3.792,True,B,ZMR466,NE,31.619,36.856,-27.744,B,HOH683,O,31.58,39.702,-25.238
Ligand Bound Core,BLUE,5.731,3.195,True,B,ZMR466,NH1,30.272,35.153,-26.966,B,HOH686,O,29.588,33.625,-29.687
Ligand Bound Core,BLUE,5.329,2.756,True,B,ZMR466,NH1,30.272,35.153,-26.966,B,HOH694,O,31.783,32.878,-27.337
Ligand Boundary Hotspot,ORANGE,4.336,3.243,True,B,ZMR466,NH2,32.2,35.713,-25.818,B,HOH694,O,31.783,32.878,-27.337
Ligand Boundary Hotspot,ORANGE,4.642,2.941,True,B,ZMR466,N5,32.108,35.126,-29.905,B,HOH686,O,29.588,33.625,-29.687
Ligand Boundary Hotspot,ORANGE,4.621,3.428,True,B,ZMR466,N5,32.108,35.126,-29.905,B,HOH694,O,31.783,32.878,-27.337
Ligand Boundary Hotspot,ORANGE,4.974,3.007,True,B,ZMR466,O8,30.283,35.586,-33.894,B,HOH685,O,30.024,32.9,-32.567
Ligand Fluctuation Noise,RED,3.235,3.967,True,B,ZMR466,O9,32.563,34.501,-35.161,B,HOH685,O,30.024,32.9,-32.567
Ligand Fluctuation Noise,RED,2.963,3.961,True,B,ZMR466,O10,34.263,35.235,-29.333,B,HOH694,O,31.783,32.878,-27.337
Bound Backbone,BLUE,7.332,2.769,False,A,HOH472,O,22.623,45.618,2.945,A,HOH497,O,20.976,45.905,0.738
Bound Backbone,BLUE,5.49,3.165,False,A,HOH473,O,20.735,52.17,9.664,A,HOH485,O,22.75,51.899,7.239
Bound Backbone,BLUE,5.579,2.915,False,A,HOH474,O,-0.513,32.663,5.573,A,HOH533,O,0.857,30.624,7.142
Bound Backbone,BLUE,6.103,2.847,False,A,HOH476,O,17.291,58.855,4.398,A,HOH480,O,17.907,56.683,6.133
Thermal Noise,RED,3.445,3.951,False,A,HOH476,O,17.291,58.855,4.398,A,HOH679,O,18.271,61.349,1.495
Bound Backbone,BLUE,6.24,2.749,False,A,HOH478,O,-18.017,51.256,-11.137,A,HOH520,O,-19.093,49.187,-12.593
Thermal Noise,RED,3.251,3.976,False,A,HOH478,O,-18.017,51.256,-11.137,A,HOH706,O,-19.4,53.87,-8.479
Phase Boundary,YELLOW,4.451,3.049,False,A,HOH479,O,-8.668,57.931,4.617,A,HOH593,O,-8.519,54.968,3.914
Thermal Noise,RED,2.903,3.723,False,A,HOH482,O,-11.115,52.321,4.25,A,HOH593,O,-8.519,54.968,3.914
Bound Backbone,BLUE,5.282,2.883,False,A,HOH483,O,0.82,33.322,-22.826,B,HOH471,O,-1.695,34.172,-23.949
Phase Boundary,YELLOW,4.683,2.934,False,A,HOH484,O,-5.615,54.691,3.6,A,HOH593,O,-8.519,54.968,3.914
Bound Backbone,BLUE,6.199,2.774,False,A,HOH485,O,22.75,51.899,7.239,A,HOH528,O,23.277,49.641,5.717
Bound Backbone,BLUE,5.535,2.855,False,A,HOH486,O,-19.718,48.314,8.187,A,HOH489,O,-20.459,45.871,9.466
Thermal Noise,RED,2.966,3.679,False,A,HOH486,O,-19.718,48.314,8.187,A,HOH617,O,-23.37,47.953,8.442
Thermal Noise,RED,3.194,3.545,False,A,HOH487,O,20.362,58.497,1.247,A,HOH679,O,18.271,61.349,1.495
Bound Backbone,BLUE,7.356,2.806,False,A,HOH487,O,20.362,58.497,1.247,A,HOH684,O,21.185,59.787,-1.105
Bound Backbone,BLUE,6.637,2.908,False,A,HOH488,O,7.663,48.985,2.56,A,HOH650,O,9.001,47.836,0.248
Thermal Noise,RED,3.027,3.723,False,A,HOH489,O,-20.459,45.871,9.466,A,HOH617,O,-23.37,47.953,8.442
Thermal Noise,RED,3.452,3.577,False,A,HOH490,O,2.014,28.097,-14.701,A,HOH665,O,5.285,27.982,-13.258
Bound Backbone,BLUE,5.385,2.929,False,A,HOH493,O,-9.71,42.196,2.689,A,HOH498,O,-11.343,40.239,4.133
Phase Boundary,YELLOW,4.587,3.247,False,A,HOH493,O,-9.71,42.196,2.689,A,HOH521,O,-8.317,39.927,0.83
Bound Backbone,BLUE,6.305,2.857,False,A,HOH493,O,-9.71,42.196,2.689,A,HOH666,O,-7.805,43.124,0.772
Phase Boundary,YELLOW,4.579,3.744,False,A,HOH495,O,21.96,51.569,-2.492,B,HOH489,O,21.717,52.377,-6.14
Bound Backbone,BLUE,7.01,2.847,False,A,HOH495,O,21.96,51.569,-2.492,B,HOH542,O,22.276,49.939,-4.805
Phase Boundary,YELLOW,4.331,3.361,False,A,HOH498,O,-11.343,40.239,4.133,A,HOH512,O,-10.644,37.62,2.146
Phase Boundary,YELLOW,4.749,2.923,False,A,HOH499,O,-19.724,56.58,3.995,A,HOH501,O,-17.029,55.534,3.563
Phase Boundary,YELLOW,4.585,3.15,False,A,HOH500,O,-6.61,34.053,-2.396,A,HOH518,O,-5.881,36.747,-0.935
Thermal Noise,RED,3.261,3.566,False,A,HOH500,O,-6.61,34.053,-2.396,A,HOH566,O,-3.394,35.338,-1.548
Thermal Noise,RED,3.588,3.936,False,A,HOH500,O,-6.61,34.053,-2.396,A,HOH638,O,-8.648,32.685,0.681
Bound Backbone,BLUE,5.817,3.093,False,A,HOH500,O,-6.61,34.053,-2.396,A,HOH657,O,-5.47,32.506,0.028
Thermal Noise,RED,3.124,3.725,False,A,HOH502,O,-5.9,27.645,14.359,A,HOH572,O,-2.428,27.555,15.705
Bound Backbone,BLUE,5.403,2.996,False,A,HOH502,O,-5.9,27.645,14.359,A,HOH705,O,-8.29,28.171,16.087
Phase Boundary,YELLOW,4.325,3.187,False,A,HOH503,O,-15.416,55.862,-18.591,A,HOH692,O,-13.194,57.775,-19.84
Phase Boundary,YELLOW,4.332,3.152,False,A,HOH503,O,-15.416,55.862,-18.591,A,HOH695,O,-18.357,56.189,-19.678
Thermal Noise,RED,3.854,3.226,False,A,HOH503,O,-15.416,55.862,-18.591,A,HOH699,O,-16.385,52.791,-18.778
Phase Boundary,YELLOW,4.778,2.939,False,A,HOH504,O,11.751,48.643,-0.403,A,HOH650,O,9.001,47.836,0.248
Bound Backbone,BLUE,6.143,2.754,False,A,HOH505,O,-2.214,53.981,19.669,A,HOH703,O,-0.141,55.133,21.07
Phase Boundary,YELLOW,4.846,3.461,False,A,HOH507,O,-4.023,36.54,1.978,A,HOH518,O,-5.881,36.747,-0.935
Phase Boundary,YELLOW,4.358,3.778,False,A,HOH507,O,-4.023,36.54,1.978,A,HOH566,O,-3.394,35.338,-1.548
Phase Boundary,YELLOW,5.084,2.809,False,A,HOH507,O,-4.023,36.54,1.978,A,HOH571,O,-6.467,37.914,1.808
Thermal Noise,RED,3.96,3.412,False,A,HOH509,O,7.122,35.504,-10.932,A,HOH517,O,10.081,35.837,-12.597
Phase Boundary,YELLOW,5.03,2.948,False,A,HOH509,O,7.122,35.504,-10.932,A,HOH686,O,8.968,33.499,-9.807
Bound Backbone,BLUE,5.824,3.156,False,A,HOH510,O,-18.101,66.617,-4.094,A,HOH708,O,-19.713,66.051,-6.748
Thermal Noise,RED,2.58,3.942,False,A,HOH510,O,-18.101,66.617,-4.094,A,HOH714,O,-14.563,68.344,-4.285
Thermal Noise,RED,3.493,3.531,False,A,HOH512,O,-10.644,37.62,2.146,A,HOH521,O,-8.317,39.927,0.83
Thermal Noise,RED,2.789,3.854,False,A,HOH512,O,-10.644,37.62,2.146,A,HOH601,O,-9.263,34.138,3.052
Phase Boundary,YELLOW,4.461,3.658,False,A,HOH515,O,-13.174,26.593,-15.729,A,HOH691,O,-14.621,27.57,-12.515
Phase Boundary,YELLOW,4.576,3.735,False,A,HOH516,O,29.952,55.357,2.67,A,HOH637,O,29.154,55.884,-0.94
Phase Boundary,YELLOW,4.828,3.379,False,A,HOH517,O,10.081,35.837,-12.597,A,HOH563,O,8.956,33.998,-15.199
Thermal Noise,RED,3.706,3.806,False,A,HOH517,O,10.081,35.837,-12.597,A,HOH686,O,8.968,33.499,-9.807
Phase Boundary,YELLOW,4.102,3.254,False,A,HOH517,O,10.081,35.837,-12.597,B,HOH589,O,11.511,33.168,-11.404
Phase Boundary,YELLOW,4.814,2.923,False,A,HOH518,O,-5.881,36.747,-0.935,A,HOH566,O,-3.394,35.338,-1.548
Bound Backbone,BLUE,6.586,3.038,False,A,HOH518,O,-5.881,36.747,-0.935,A,HOH571,O,-6.467,37.914,1.808
Thermal Noise,RED,3.625,3.385,False,A,HOH519,O,-2.794,31.423,-22.778,A,HOH555,O,-4.658,34.125,-23.606
Phase Boundary,YELLOW,4.288,3.184,False,A,HOH519,O,-2.794,31.423,-22.778,B,HOH471,O,-1.695,34.172,-23.949
Phase Boundary,YELLOW,4.699,3.692,False,A,HOH520,O,-19.093,49.187,-12.593,A,HOH589,O,-18.795,48.368,-16.181
Phase Boundary,YELLOW,5.089,2.904,False,A,HOH521,O,-8.317,39.927,0.83,A,HOH571,O,-6.467,37.914,1.808
Thermal Noise,RED,3.817,3.238,False,A,HOH521,O,-8.317,39.927,0.83,A,HOH666,O,-7.805,43.124,0.772
Bound Backbone,BLUE,6.119,3.174,False,A,HOH522,O,9.452,58.52,12.224,A,HOH570,O,8.386,59.139,9.299
Phase Boundary,YELLOW,4.289,3.83,False,A,HOH526,O,-21.412,52.212,5.653,A,HOH576,O,-22.591,51.912,9.285
Thermal Noise,RED,3.292,3.794,False,A,HOH529,O,-15.544,34.425,-21.567,A,HOH649,O,-17.561,36.908,-19.527
Bound Backbone,BLUE,7.884,2.783,False,A,HOH530,O,-6.143,36.452,18.737,A,HOH532,O,-4.988,36.319,16.209
Bound Backbone,BLUE,6.614,2.964,False,A,HOH534,O,-23.819,38.951,-2.806,A,HOH672,O,-24.73,40.262,-0.309
Bound Backbone,BLUE,5.749,3.057,False,A,HOH534,O,-23.819,38.951,-2.806,A,HOH683,O,-24.295,40.973,-5.049
Phase Boundary,YELLOW,4.345,3.092,False,A,HOH535,O,-3.806,30.012,-0.728,A,HOH657,O,-5.47,32.506,0.028
Bound Backbone,BLUE,5.791,3.292,False,A,HOH535,O,-3.806,30.012,-0.728,A,HOH663,O,-4.53,29.212,2.382
Phase Boundary,YELLOW,4.402,3.063,False,A,HOH540,O,-26.608,42.86,-4.361,A,HOH683,O,-24.295,40.973,-5.049
Phase Boundary,YELLOW,4.518,3.042,False,A,HOH541,O,-13.005,36.091,15.279,A,HOH588,O,-14.473,33.552,14.47
Thermal Noise,RED,3.954,3.183,False,A,HOH542,O,-9.964,59.396,11.25,A,HOH715,O,-11.259,62.301,11.378
Thermal Noise,RED,3.127,3.593,False,A,HOH543,O,15.791,63.914,1.07,A,HOH679,O,18.271,61.349,1.495
Phase Boundary,YELLOW,4.984,2.894,False,A,HOH544,O,18.327,55.64,-7.525,B,HOH469,O,19.344,53.037,-8.276
Bound Backbone,BLUE,8.146,2.822,False,A,HOH547,O,-7.836,43.56,-2.016,A,HOH666,O,-7.805,43.124,0.772
Thermal Noise,RED,3.549,3.36,False,A,HOH549,O,26.261,41.212,-4.515,B,HOH480,O,24.25,43.9,-4.654
Bound Backbone,BLUE,7.52,2.842,False,A,HOH551,O,5.99,49.83,-16.174,B,HOH548,O,6.752,48.871,-18.739
Thermal Noise,RED,2.716,3.945,False,A,HOH552,O,13.952,56.478,-11.606,A,HOH583,O,16.275,59.444,-12.775
Thermal Noise,RED,3.267,3.583,False,A,HOH552,O,13.952,56.478,-11.606,A,HOH607,O,11.094,54.554,-12.591
Bound Backbone,BLUE,6.769,2.82,False,A,HOH552,O,13.952,56.478,-11.606,A,HOH718,O,12.091,56.894,-13.684
Phase Boundary,YELLOW,4.691,3.099,False,A,HOH553,O,8.175,55.48,-5.462,A,HOH702,O,5.712,56.761,-6.839
Phase Boundary,YELLOW,5.049,2.98,False,A,HOH554,O,-6.639,29.983,-10.128,A,HOH557,O,-5.354,32.339,-11.423
Bound Backbone,BLUE,7.529,2.856,False,A,HOH555,O,-4.658,34.125,-23.606,A,HOH658,O,-5.649,34.692,-26.224
Phase Boundary,YELLOW,4.535,2.983,False,A,HOH555,O,-4.658,34.125,-23.606,B,HOH471,O,-1.695,34.172,-23.949
Phase Boundary,YELLOW,4.131,3.158,False,A,HOH555,O,-4.658,34.125,-23.606,B,HOH647,O,-6.987,32.103,-22.929
Bound Backbone,BLUE,6.818,2.959,False,A,HOH556,O,-5.512,47.866,-24.398,A,HOH690,O,-4.961,46.567,-26.999
Thermal Noise,RED,3.414,3.489,False,A,HOH560,O,-25.518,51.233,-14.432,A,HOH671,O,-24.774,47.934,-15.291
Thermal Noise,RED,3.499,3.851,False,A,HOH562,O,1.668,54.71,-19.098,A,HOH676,O,1.164,57.479,-21.726
Phase Boundary,YELLOW,4.452,3.004,False,A,HOH562,O,1.668,54.71,-19.098,A,HOH698,O,3.883,56.726,-18.869
Thermal Noise,RED,3.878,3.322,False,A,HOH564,O,-9.669,42.048,-23.306,A,HOH677,O,-9.054,38.973,-22.21
Thermal Noise,RED,2.99,3.849,False,A,HOH566,O,-3.394,35.338,-1.548,A,HOH657,O,-5.47,32.506,0.028
Thermal Noise,RED,3.434,3.841,False,A,HOH567,O,-6.18,39.547,-24.692,A,HOH677,O,-9.054,38.973,-22.21
Phase Boundary,YELLOW,4.898,3.016,False,A,HOH568,O,-2.365,23.018,4.005,A,HOH693,O,-4.316,24.934,2.733
Bound Backbone,BLUE,6.879,3.022,False,A,HOH570,O,8.386,59.139,9.299,A,HOH689,O,8.754,60.048,6.441
Phase Boundary,YELLOW,4.639,3.003,False,A,HOH573,O,-2.796,24.861,-10.305,A,HOH688,O,-0.054,23.934,-9.506
Phase Boundary,YELLOW,4.814,3.502,False,A,HOH578,O,8.932,36.71,-2.97,A,HOH652,O,8.284,35.071,-5.996
Phase Boundary,YELLOW,4.281,3.06,False,A,HOH578,O,8.932,36.71,-2.97,A,HOH680,O,11.952,37.179,-2.825
Phase Boundary,YELLOW,4.255,3.085,False,A,HOH579,O,-19.628,30.797,7.016,A,HOH694,O,-18.646,33.691,6.592
Phase Boundary,YELLOW,4.249,3.07,False,A,HOH580,O,6.287,27.962,-9.609,A,HOH623,O,7.827,30.616,-9.69
Phase Boundary,YELLOW,4.449,3.784,False,A,HOH580,O,6.287,27.962,-9.609,A,HOH665,O,5.285,27.982,-13.258
Bound Backbone,BLUE,5.339,3.258,False,A,HOH581,O,-19.314,35.489,9.225,A,HOH694,O,-18.646,33.691,6.592
Bound Backbone,BLUE,7.022,3.04,False,A,HOH582,O,-16.117,52.416,-21.783,A,HOH699,O,-16.385,52.791,-18.778
Phase Boundary,YELLOW,4.619,3.287,False,A,HOH583,O,16.275,59.444,-12.775,A,HOH696,O,17.93,61.411,-10.726
Phase Boundary,YELLOW,4.439,3.252,False,A,HOH584,O,5.277,31.711,-7.995,A,HOH623,O,7.827,30.616,-9.69
Phase Boundary,YELLOW,4.381,3.752,False,A,HOH584,O,5.277,31.711,-7.995,A,HOH630,O,6.623,31.169,-4.535
Thermal Noise,RED,3.525,3.491,False,A,HOH584,O,5.277,31.711,-7.995,B,HOH670,O,8.525,32.192,-6.809
Phase Boundary,YELLOW,4.714,3.396,False,A,HOH585,O,4.44,30.27,-1.745,A,HOH621,O,2.298,29.603,0.805
Phase Boundary,YELLOW,4.107,3.655,False,A,HOH585,O,4.44,30.27,-1.745,A,HOH630,O,6.623,31.169,-4.535
Bound Backbone,BLUE,6.501,3.086,False,A,HOH586,O,9.986,62.916,-9.127,A,HOH590,O,10.589,61.927,-6.267
Bound Backbone,BLUE,5.563,3.146,False,A,HOH589,O,-18.795,48.368,-16.181,A,HOH646,O,-17.799,50.118,-18.598
Thermal Noise,RED,3.745,3.882,False,A,HOH589,O,-18.795,48.368,-16.181,A,HOH697,O,-20.797,49.532,-19.296
Bound Backbone,BLUE,5.78,3.031,False,A,HOH591,O,-5.758,27.289,-17.864,A,HOH681,O,-6.541,25.326,-20.037
Phase Boundary,YELLOW,4.732,3.052,False,A,HOH591,O,-5.758,27.289,-17.864,A,HOH682,O,-8.498,27.857,-16.646
Phase Boundary,YELLOW,5.203,2.895,False,A,HOH591,O,-5.758,27.289,-17.864,B,HOH538,O,-3.809,25.445,-16.776
Bound Backbone,BLUE,6.151,2.929,False,A,HOH595,O,-24.062,60.474,5.932,A,HOH720,O,-26.13,60.549,3.859
Thermal Noise,RED,3.455,3.545,False,A,HOH596,O,-11.456,25.595,3.698,A,HOH633,O,-12.016,22.343,2.402
Bound Backbone,BLUE,5.351,2.829,False,A,HOH596,O,-11.456,25.595,3.698,A,HOH659,O,-9.004,26.649,2.761
Phase Boundary,YELLOW,5.17,3.051,False,A,HOH599,O,6.714,61.526,4.72,A,HOH689,O,8.754,60.048,6.441
Phase Boundary,YELLOW,4.511,3.088,False,A,HOH600,O,-7.666,29.223,3.818,A,HOH659,O,-9.004,26.649,2.761
Thermal Noise,RED,3.735,3.449,False,A,HOH600,O,-7.666,29.223,3.818,A,HOH663,O,-4.53,29.212,2.382
Bound Backbone,BLUE,7.11,2.848,False,A,HOH601,O,-9.263,34.138,3.052,A,HOH638,O,-8.648,32.685,0.681
Phase Boundary,YELLOW,5.201,2.89,False,A,HOH602,O,-28.222,58.86,4.92,A,HOH720,O,-26.13,60.549,3.859
Bound Backbone,BLUE,7.528,2.921,False,A,HOH604,O,12.22,36.588,0.023,A,HOH680,O,11.952,37.179,-2.825
Phase Boundary,YELLOW,4.78,3.137,False,A,HOH605,O,20.068,62.565,-0.284,A,HOH620,O,22.72,62.251,1.361
Phase Boundary,YELLOW,4.24,3.425,False,A,HOH605,O,20.068,62.565,-0.284,A,HOH622,O,19.666,65.228,1.832
Bound Backbone,BLUE,6.384,2.806,False,A,HOH605,O,20.068,62.565,-0.284,A,HOH679,O,18.271,61.349,1.495
Phase Boundary,YELLOW,4.337,3.105,False,A,HOH605,O,20.068,62.565,-0.284,A,HOH684,O,21.185,59.787,-1.105
Bound Backbone,BLUE,5.635,3.068,False,A,HOH605,O,20.068,62.565,-0.284,A,HOH717,O,18.09,63.397,-2.476
Bound Backbone,BLUE,5.74,2.768,False,A,HOH607,O,11.094,54.554,-12.591,A,HOH718,O,12.091,56.894,-13.684
Thermal Noise,RED,3.324,3.993,False,A,HOH608,O,19.316,60.759,-7.687,A,HOH645,O,21.986,61.586,-10.539
Phase Boundary,YELLOW,5.209,3.403,False,A,HOH608,O,19.316,60.759,-7.687,A,HOH696,O,17.93,61.411,-10.726
Thermal Noise,RED,2.727,3.861,False,A,HOH611,O,-7.061,67.207,-0.348,A,HOH648,O,-4.953,64.03,0.258
Phase Boundary,YELLOW,4.822,3.272,False,A,HOH614,O,-1.248,57.584,-23.934,A,HOH676,O,1.164,57.479,-21.726
Phase Boundary,YELLOW,4.492,3.338,False,A,HOH615,O,-12.559,22.273,-5.523,A,HOH629,O,-10.057,21.567,-3.43
Bound Backbone,BLUE,5.664,3.19,False,A,HOH615,O,-12.559,22.273,-5.523,A,HOH634,O,-13.135,23.949,-8.175
Thermal Noise,RED,3.494,3.809,False,A,HOH620,O,22.72,62.251,1.361,A,HOH684,O,21.185,59.787,-1.105
Phase Boundary,YELLOW,4.161,3.103,False,A,HOH623,O,7.827,30.616,-9.69,A,HOH686,O,8.968,33.499,-9.807
Phase Boundary,YELLOW,5.215,3.357,False,A,HOH623,O,7.827,30.616,-9.69,B,HOH670,O,8.525,32.192,-6.809
Bound Backbone,BLUE,5.271,3.104,False,A,HOH624,O,8.921,31.7,-2.517,A,HOH630,O,6.623,31.169,-4.535
Thermal Noise,RED,3.289,3.621,False,A,HOH625,O,18.414,36.852,-2.596,B,HOH656,O,18.503,33.46,-3.859
Bound Backbone,BLUE,5.579,3.092,False,A,HOH626,O,-18.798,30.425,-9.521,A,HOH627,O,-16.667,30.275,-7.286
Phase Boundary,YELLOW,4.099,3.286,False,A,HOH626,O,-18.798,30.425,-9.521,A,HOH664,O,-17.226,27.87,-10.862
Phase Boundary,YELLOW,4.292,3.785,False,A,HOH628,O,9.676,55.917,-18.93,A,HOH642,O,10.788,56.921,-22.406
Bound Backbone,BLUE,5.431,3.136,False,A,HOH630,O,6.623,31.169,-4.535,B,HOH670,O,8.525,32.192,-6.809
Bound Backbone,BLUE,5.444,3.158,False,A,HOH631,O,-23.017,38.324,4.568,A,HOH685,O,-22.918,40.414,2.202
Bound Backbone,BLUE,5.523,3.012,False,A,HOH632,O,-0.119,21.594,-7.611,A,HOH688,O,-0.054,23.934,-9.506
Phase Boundary,YELLOW,4.956,2.973,False,A,HOH635,O,2.104,58.814,-17.722,A,HOH698,O,3.883,56.726,-18.869
Bound Backbone,BLUE,7.56,2.922,False,A,HOH635,O,2.104,58.814,-17.722,A,HOH700,O,2.543,59.161,-14.854
Phase Boundary,YELLOW,4.569,3.147,False,A,HOH636,O,-7.347,22.029,-13.45,A,HOH640,O,-9.329,24.014,-14.877
Thermal Noise,RED,2.651,3.91,False,A,HOH637,O,29.154,55.884,-0.94,B,HOH479,O,25.678,57.587,-1.489
Thermal Noise,RED,3.888,3.249,False,A,HOH638,O,-8.648,32.685,0.681,A,HOH657,O,-5.47,32.506,0.028
Thermal Noise,RED,3.423,3.482,False,A,HOH639,O,-3.304,24.227,-0.244,A,HOH661,O,-3.566,20.858,0.598
Bound Backbone,BLUE,5.945,3.223,False,A,HOH639,O,-3.304,24.227,-0.244,A,HOH693,O,-4.316,24.934,2.733
Bound Backbone,BLUE,5.403,3.475,False,A,HOH640,O,-9.329,24.014,-14.877,A,HOH667,O,-9.161,24.304,-18.336
Phase Boundary,YELLOW,4.205,3.808,False,A,HOH642,O,10.788,56.921,-22.406,B,HOH608,O,11.048,55.339,-25.86
Thermal Noise,RED,3.69,3.368,False,A,HOH643,O,-26.155,57.621,-12.59,A,HOH660,O,-24.657,54.743,-11.687
Thermal Noise,RED,3.78,3.441,False,A,HOH645,O,21.986,61.586,-10.539,B,HOH634,O,24.64,59.976,-9.054
Phase Boundary,YELLOW,4.205,3.133,False,A,HOH646,O,-17.799,50.118,-18.598,A,HOH697,O,-20.797,49.532,-19.296
Phase Boundary,YELLOW,4.371,3.029,False,A,HOH646,O,-17.799,50.118,-18.598,A,HOH699,O,-16.385,52.791,-18.778
Phase Boundary,YELLOW,4.65,3.001,False,A,HOH652,O,8.284,35.071,-5.996,B,HOH670,O,8.525,32.192,-6.809
Thermal Noise,RED,3.8,3.857,False,A,HOH654,O,-18.759,48.494,-22.402,A,HOH697,O,-20.797,49.532,-19.296
Bound Backbone,BLUE,6.271,3.214,False,A,HOH658,O,-5.649,34.692,-26.224,B,HOH509,O,-5.617,35.231,-29.392
Thermal Noise,RED,3.319,3.805,False,A,HOH662,O,-1.513,23.07,9.237,A,HOH675,O,-2.861,25.915,7.1
Phase Boundary,YELLOW,4.919,3.1,False,A,HOH664,O,-17.226,27.87,-10.862,A,HOH691,O,-14.621,27.57,-12.515
Bound Backbone,BLUE,6.218,2.819,False,A,HOH665,O,5.285,27.982,-13.258,B,HOH677,O,7.217,26.849,-14.97
Phase Boundary,YELLOW,4.336,3.287,False,A,HOH667,O,-9.161,24.304,-18.336,A,HOH681,O,-6.541,25.326,-20.037
Thermal Noise,RED,2.801,3.99,False,A,HOH667,O,-9.161,24.304,-18.336,A,HOH682,O,-8.498,27.857,-16.646
Bound Backbone,BLUE,8.552,2.706,False,A,HOH668,O,2.701,45.447,-22.091,B,HOH696,O,3.611,45.426,-24.639
Phase Boundary,YELLOW,4.534,2.971,False,A,HOH669,O,-6.181,46.017,-29.575,A,HOH670,O,-4.571,48.514,-29.539
Bound Backbone,BLUE,7.129,2.903,False,A,HOH669,O,-6.181,46.017,-29.575,A,HOH690,O,-4.961,46.567,-26.999
Thermal Noise,RED,3.044,3.921,False,A,HOH669,O,-6.181,46.017,-29.575,B,HOH602,O,-3.392,44.144,-27.554
Bound Backbone,BLUE,6.33,3.033,False,A,HOH669,O,-6.181,46.017,-29.575,B,HOH680,O,-5.613,47.533,-32.14
Bound Backbone,BLUE,5.371,3.224,False,A,HOH670,O,-4.571,48.514,-29.539,A,HOH690,O,-4.961,46.567,-26.999
Thermal Noise,RED,3.682,3.378,False,A,HOH670,O,-4.571,48.514,-29.539,B,HOH582,O,-2.127,50.646,-30.482
Bound Backbone,BLUE,6.759,2.969,False,A,HOH670,O,-4.571,48.514,-29.539,B,HOH680,O,-5.613,47.533,-32.14
Bound Backbone,BLUE,5.902,3.1,False,A,HOH672,O,-24.73,40.262,-0.309,A,HOH685,O,-22.918,40.414,2.202
Bound Backbone,BLUE,6.212,3.088,False,A,HOH673,O,5.361,57.119,-21.552,A,HOH698,O,3.883,56.726,-18.869
Phase Boundary,YELLOW,4.523,3.47,False,A,HOH673,O,5.361,57.119,-21.552,B,HOH626,O,3.464,55.85,-24.166
Thermal Noise,RED,3.665,3.728,False,A,HOH676,O,1.164,57.479,-21.726,B,HOH626,O,3.464,55.85,-24.166
Phase Boundary,YELLOW,4.531,3.061,False,A,HOH680,O,11.952,37.179,-2.825,B,HOH473,O,14.082,35.195,-3.773
Phase Boundary,YELLOW,4.908,3.104,False,A,HOH681,O,-6.541,25.326,-20.037,B,HOH580,O,-4.013,26.03,-21.695
Phase Boundary,YELLOW,4.98,3.036,False,A,HOH681,O,-6.541,25.326,-20.037,B,HOH678,O,-8.005,27.55,-21.495
Phase Boundary,YELLOW,4.837,2.979,False,A,HOH684,O,21.185,59.787,-1.105,B,HOH493,O,23.989,59.793,-2.111
Thermal Noise,RED,3.385,3.659,False,A,HOH685,O,-22.918,40.414,2.202,A,HOH687,O,-24.878,43.015,3.869
Phase Boundary,YELLOW,5.165,3.021,False,A,HOH686,O,8.968,33.499,-9.807,B,HOH589,O,11.511,33.168,-11.404
Thermal Noise,RED,3.385,3.531,False,A,HOH686,O,8.968,33.499,-9.807,B,HOH664,O,12.12,34.71,-8.775
Bound Backbone,BLUE,5.603,3.3,False,A,HOH686,O,8.968,33.499,-9.807,B,HOH670,O,8.525,32.192,-6.809
Phase Boundary,YELLOW,4.737,2.94,False,A,HOH690,O,-4.961,46.567,-26.999,B,HOH602,O,-3.392,44.144,-27.554
Phase Boundary,YELLOW,5.084,3.345,False,A,HOH700,O,2.543,59.161,-14.854,A,HOH710,O,2.429,61.102,-12.132
Phase Boundary,YELLOW,4.544,3.03,False,A,HOH702,O,5.712,56.761,-6.839,A,HOH709,O,2.931,55.846,-7.619
Phase Boundary,YELLOW,4.209,3.084,False,A,HOH704,O,-6.372,54.027,-9.418,A,HOH711,O,-7.714,51.251,-9.495
Phase Boundary,YELLOW,5.008,2.867,False,A,HOH704,O,-6.372,54.027,-9.418,A,HOH713,O,-3.79,52.94,-8.807
Bound Backbone,BLUE,5.829,2.975,False,A,HOH716,O,-25.323,54.599,-3.217,A,HOH719,O,-27.504,54.329,-5.222
Bound Backbone,BLUE,5.307,2.987,False,B,HOH467,O,26.217,53.959,-14.469,B,HOH514,O,23.75,53.444,-12.865
Bound Backbone,BLUE,5.672,3.271,False,B,HOH468,O,31.987,41.799,-23.537,B,HOH474,O,30.645,42.271,-20.592
Bound Backbone,BLUE,6.693,2.731,False,B,HOH468,O,31.987,41.799,-23.537,B,HOH683,O,31.58,39.702,-25.238
Phase Boundary,YELLOW,4.794,3.26,False,B,HOH469,O,19.344,53.037,-8.276,B,HOH489,O,21.717,52.377,-6.14
Thermal Noise,RED,3.288,3.609,False,B,HOH470,O,16.367,36.98,-36.115,B,HOH499,O,18.522,39.616,-34.918
Phase Boundary,YELLOW,4.336,3.099,False,B,HOH472,O,11.806,25.029,-28.296,B,HOH503,O,14.122,26.934,-27.514
Phase Boundary,YELLOW,4.492,3.344,False,B,HOH472,O,11.806,25.029,-28.296,B,HOH523,O,11.075,27.511,-30.415
Thermal Noise,RED,3.888,3.424,False,B,HOH473,O,14.082,35.195,-3.773,B,HOH592,O,11.847,33.153,-5.372
Phase Boundary,YELLOW,4.542,3.121,False,B,HOH473,O,14.082,35.195,-3.773,B,HOH649,O,15.742,32.878,-5.045
Phase Boundary,YELLOW,4.56,3.6,False,B,HOH475,O,29.472,53.231,-11.579,B,HOH588,O,30.25,54.856,-14.696
Phase Boundary,YELLOW,4.085,3.167,False,B,HOH477,O,26.865,57.807,-8.443,B,HOH634,O,24.64,59.976,-9.054
Bound Backbone,BLUE,6.431,2.881,False,B,HOH478,O,6.578,17.355,-21.676,B,HOH611,O,6.444,15.372,-19.591
Thermal Noise,RED,2.782,3.886,False,B,HOH478,O,6.578,17.355,-21.676,B,HOH640,O,6.564,21.086,-22.764
Phase Boundary,YELLOW,5.087,2.847,False,B,HOH479,O,25.678,57.587,-1.489,B,HOH493,O,23.989,59.793,-2.111
Phase Boundary,YELLOW,4.675,2.93,False,B,HOH482,O,20.579,29.922,-10.714,B,HOH495,O,21.77,27.252,-10.904
Bound Backbone,BLUE,6.138,2.949,False,B,HOH482,O,20.579,29.922,-10.714,B,HOH508,O,21.44,31.764,-8.578
Thermal Noise,RED,3.334,3.908,False,B,HOH483,O,26.469,49.317,-33.291,B,HOH501,O,26.32,46.364,-35.846
Bound Backbone,BLUE,6.349,3.115,False,B,HOH483,O,26.469,49.317,-33.291,B,HOH632,O,26.665,50.517,-30.423
Thermal Noise,RED,3.995,3.415,False,B,HOH484,O,13.354,27.121,-22.098,B,HOH490,O,15.197,24.827,-23.83
Bound Backbone,BLUE,8.045,2.839,False,B,HOH484,O,13.354,27.121,-22.098,B,HOH658,O,13.072,26.769,-24.901
Thermal Noise,RED,2.819,3.899,False,B,HOH484,O,13.354,27.121,-22.098,B,HOH704,O,15.696,24.288,-20.796
Thermal Noise,RED,3.145,3.747,False,B,HOH486,O,19.788,52.546,-22.544,B,HOH532,O,16.917,54.423,-21.037
Phase Boundary,YELLOW,4.633,2.952,False,B,HOH486,O,19.788,52.546,-22.544,B,HOH673,O,22.696,52.176,-22.198
Bound Backbone,BLUE,5.333,2.931,False,B,HOH486,O,19.788,52.546,-22.544,B,HOH700,O,19.721,55.121,-21.145
Phase Boundary,YELLOW,5.197,2.977,False,B,HOH488,O,24.084,50.203,-28.973,B,HOH632,O,26.665,50.517,-30.423
Phase Boundary,YELLOW,4.862,3.071,False,B,HOH488,O,24.084,50.203,-28.973,B,HOH668,O,23.745,52.878,-27.503
Bound Backbone,BLUE,5.681,2.835,False,B,HOH489,O,21.717,52.377,-6.14,B,HOH542,O,22.276,49.939,-4.805
Thermal Noise,RED,4.052,3.185,False,B,HOH490,O,15.197,24.827,-23.83,B,HOH504,O,15.094,21.712,-23.175
Phase Boundary,YELLOW,4.57,3.071,False,B,HOH490,O,15.197,24.827,-23.83,B,HOH658,O,13.072,26.769,-24.901
Bound Backbone,BLUE,6.576,3.122,False,B,HOH490,O,15.197,24.827,-23.83,B,HOH704,O,15.696,24.288,-20.796
Bound Backbone,BLUE,6.495,3.063,False,B,HOH491,O,36.31,16.883,-32.045,B,HOH502,O,36.542,15.611,-29.268
Phase Boundary,YELLOW,4.619,2.944,False,B,HOH492,O,-1.568,26.543,-29.741,B,HOH535,O,-1.015,29.434,-29.777
Thermal Noise,RED,3.661,3.947,False,B,HOH492,O,-1.568,26.543,-29.741,B,HOH586,O,-3.124,24.885,-26.515
Phase Boundary,YELLOW,5.056,2.877,False,B,HOH494,O,9.309,23.474,-25.188,B,HOH627,O,10.794,21.134,-24.415
Phase Boundary,YELLOW,4.092,3.425,False,B,HOH495,O,21.77,27.252,-10.904,B,HOH638,O,22.177,24.444,-8.985
Thermal Noise,RED,3.086,3.903,False,B,HOH496,O,19.7,34.597,-6.534,B,HOH508,O,21.44,31.764,-8.578
Thermal Noise,RED,4.014,3.737,False,B,HOH496,O,19.7,34.597,-6.534,B,HOH591,O,21.855,33.87,-3.569
Bound Backbone,BLUE,5.917,3.143,False,B,HOH496,O,19.7,34.597,-6.534,B,HOH656,O,18.503,33.46,-3.859
Bound Backbone,BLUE,5.681,2.904,False,B,HOH496,O,19.7,34.597,-6.534,B,HOH661,O,18.619,32.44,-8.15
Thermal Noise,RED,3.828,3.444,False,B,HOH497,O,1.48,43.372,-32.919,B,HOH545,O,3.213,40.852,-31.335
Thermal Noise,RED,3.863,3.402,False,B,HOH497,O,1.48,43.372,-32.919,B,HOH635,O,-1.219,41.902,-34.377
Thermal Noise,RED,3.996,3.165,False,B,HOH497,O,1.48,43.372,-32.919,B,HOH660,O,1.881,46.511,-32.899
Bound Backbone,BLUE,5.294,2.979,False,B,HOH499,O,18.522,39.616,-34.918,B,HOH512,O,19.117,42.085,-36.475
Bound Backbone,BLUE,7.127,2.895,False,B,HOH499,O,18.522,39.616,-34.918,B,HOH543,O,19.367,40.704,-32.372
Thermal Noise,RED,3.306,3.58,False,B,HOH500,O,16.134,29.688,-28.603,B,HOH503,O,14.122,26.934,-27.514
Bound Backbone,BLUE,5.296,2.757,False,B,HOH500,O,16.134,29.688,-28.603,B,HOH520,O,18.565,28.415,-28.868
Phase Boundary,YELLOW,5.245,2.882,False,B,HOH500,O,16.134,29.688,-28.603,B,HOH537,O,13.558,28.971,-29.678
Bound Backbone,BLUE,5.798,3.025,False,B,HOH503,O,14.122,26.934,-27.514,B,HOH537,O,13.558,28.971,-29.678
Bound Backbone,BLUE,7.775,2.821,False,B,HOH503,O,14.122,26.934,-27.514,B,HOH658,O,13.072,26.769,-24.901
Thermal Noise,RED,4.061,3.558,False,B,HOH504,O,15.094,21.712,-23.175,B,HOH704,O,15.696,24.288,-20.796
Thermal Noise,RED,2.654,3.989,False,B,HOH506,O,23.924,51.638,-24.869,B,HOH665,O,21.322,54.423,-26.047
Bound Backbone,BLUE,7.145,2.917,False,B,HOH506,O,23.924,51.638,-24.869,B,HOH668,O,23.745,52.878,-27.503
Bound Backbone,BLUE,6.758,2.989,False,B,HOH506,O,23.924,51.638,-24.869,B,HOH673,O,22.696,52.176,-22.198
Thermal Noise,RED,3.207,3.756,False,B,HOH506,O,23.924,51.638,-24.869,B,HOH674,O,23.518,54.962,-23.167
Phase Boundary,YELLOW,4.258,3.868,False,B,HOH508,O,21.44,31.764,-8.578,B,HOH625,O,21.198,30.775,-4.846
Phase Boundary,YELLOW,4.718,2.932,False,B,HOH508,O,21.44,31.764,-8.578,B,HOH661,O,18.619,32.44,-8.15
Bound Backbone,BLUE,6.539,3.043,False,B,HOH513,O,26.347,23.786,-12.216,B,HOH675,O,25.335,24.662,-9.483
Phase Boundary,YELLOW,4.222,3.533,False,B,HOH515,O,21.655,21.996,-11.479,B,HOH638,O,22.177,24.444,-8.985
Thermal Noise,RED,3.372,3.654,False,B,HOH515,O,21.655,21.996,-11.479,B,HOH669,O,19.104,24.051,-9.861
Phase Boundary,YELLOW,4.704,2.973,False,B,HOH523,O,11.075,27.511,-30.415,B,HOH537,O,13.558,28.971,-29.678
Phase Boundary,YELLOW,4.808,2.885,False,B,HOH524,O,22.518,16.093,-21.064,B,HOH684,O,19.928,14.822,-21.072
Thermal Noise,RED,3.342,3.777,False,B,HOH525,O,-2.405,41.144,-25.482,B,HOH602,O,-3.392,44.144,-27.554
Bound Backbone,BLUE,5.529,3.188,False,B,HOH528,O,-1.887,25.589,-19.315,B,HOH538,O,-3.809,25.445,-16.776
Thermal Noise,RED,3.854,3.873,False,B,HOH528,O,-1.887,25.589,-19.315,B,HOH547,O,-2.132,27.699,-16.076
Phase Boundary,YELLOW,5.195,3.222,False,B,HOH528,O,-1.887,25.589,-19.315,B,HOH580,O,-4.013,26.03,-21.695
Phase Boundary,YELLOW,4.791,2.892,False,B,HOH532,O,16.917,54.423,-21.037,B,HOH700,O,19.721,55.121,-21.145
Phase Boundary,YELLOW,4.454,3.02,False,B,HOH535,O,-1.015,29.434,-29.777,B,HOH639,O,-3.763,30.597,-30.244
Phase Boundary,YELLOW,4.952,2.895,False,B,HOH538,O,-3.809,25.445,-16.776,B,HOH547,O,-2.132,27.699,-16.076
Bound Backbone,BLUE,6.901,2.79,False,B,HOH540,O,9.094,27.117,-17.017,B,HOH677,O,7.217,26.849,-14.97
Thermal Noise,RED,2.997,3.868,False,B,HOH541,O,40.746,31.81,-26.231,B,HOH594,O,44.177,32.407,-27.914
Phase Boundary,YELLOW,4.733,3.006,False,B,HOH541,O,40.746,31.81,-26.231,B,HOH672,O,41.799,34.447,-25.245
Phase Boundary,YELLOW,4.774,2.988,False,B,HOH549,O,24.405,16.867,-9.622,B,HOH652,O,22.141,18.568,-8.67
Bound Backbone,BLUE,5.539,2.689,False,B,HOH550,O,27.491,22.489,-41.178,B,HOH558,O,27.442,25.176,-41.257
Bound Backbone,BLUE,5.324,2.972,False,B,HOH550,O,27.491,22.489,-41.178,B,HOH690,O,28.647,20.239,-42.739
Thermal Noise,RED,3.814,3.475,False,B,HOH552,O,23.033,15.331,-41.22,B,HOH571,O,25.233,13.239,-39.53
Bound Backbone,BLUE,6.032,3.094,False,B,HOH552,O,23.033,15.331,-41.22,B,HOH578,O,21.329,15.314,-43.803
Bound Backbone,BLUE,7.937,2.847,False,B,HOH553,O,17.144,36.181,-42.694,B,HOH555,O,16.543,36.147,-45.477
Bound Backbone,BLUE,5.456,2.749,False,B,HOH554,O,6.714,30.592,-40.806,B,HOH562,O,9.018,31.967,-41.404
Phase Boundary,YELLOW,4.075,3.945,False,B,HOH554,O,6.714,30.592,-40.806,B,HOH575,O,7.792,30.278,-44.588
Thermal Noise,RED,3.267,3.731,False,B,HOH557,O,16.731,45.805,-44.283,B,HOH596,O,14.258,48.002,-46.008
Thermal Noise,RED,3.17,3.956,False,B,HOH558,O,27.442,25.176,-41.257,B,HOH560,O,25.928,27.909,-43.683
Thermal Noise,RED,3.254,3.78,False,B,HOH561,O,17.854,36.223,-53.37,B,HOH587,O,15.564,38.549,-51.464
Thermal Noise,RED,3.062,3.683,False,B,HOH561,O,17.854,36.223,-53.37,B,HOH614,O,14.76,34.438,-54.267
Bound Backbone,BLUE,5.331,3.138,False,B,HOH561,O,17.854,36.223,-53.37,B,HOH688,O,15.67,35.719,-51.174
Thermal Noise,RED,3.99,3.807,False,B,HOH562,O,9.018,31.967,-41.404,B,HOH575,O,7.792,30.278,-44.588
Bound Backbone,BLUE,7.674,2.875,False,B,HOH562,O,9.018,31.967,-41.404,B,HOH698,O,9.726,32.372,-44.161
Phase Boundary,YELLOW,5.155,3.003,False,B,HOH565,O,20.457,28.432,-49.223,B,HOH570,O,21.801,26.213,-50.735
Phase Boundary,YELLOW,4.976,2.886,False,B,HOH566,O,12.481,32.894,-44.845,B,HOH698,O,9.726,32.372,-44.161
Bound Backbone,BLUE,6.333,3.009,False,B,HOH573,O,29.169,44.338,-49.176,B,HOH590,O,30.139,42.938,-46.696
Phase Boundary,YELLOW,4.885,2.882,False,B,HOH575,O,7.792,30.278,-44.588,B,HOH698,O,9.726,32.372,-44.161
Bound Backbone,BLUE,6.77,2.784,False,B,HOH576,O,8.909,34.188,-46.106,B,HOH698,O,9.726,32.372,-44.161
Bound Backbone,BLUE,5.887,2.777,False,B,HOH577,O,5.95,49.478,-28.976,B,HOH671,O,5.945,51.945,-27.702
Bound Backbone,BLUE,7.106,2.924,False,B,HOH577,O,5.95,49.478,-28.976,B,HOH701,O,4.832,48.895,-31.614
Phase Boundary,YELLOW,5.033,3.044,False,B,HOH579,O,28.647,42.878,-36.925,B,HOH687,O,29.564,45.331,-38.477
Thermal Noise,RED,3.542,3.54,False,B,HOH581,O,3.001,14.25,-31.538,B,HOH628,O,4.69,16.994,-33.005
Thermal Noise,RED,3.032,3.992,False,B,HOH582,O,-2.127,50.646,-30.482,B,HOH597,O,1.08,51.328,-28.205
Thermal Noise,RED,2.952,3.702,False,B,HOH584,O,29.811,18.94,-40.486,B,HOH598,O,33.13,20.507,-40.003
Bound Backbone,BLUE,6.891,2.849,False,B,HOH584,O,29.811,18.94,-40.486,B,HOH690,O,28.647,20.239,-42.739
Thermal Noise,RED,2.659,3.88,False,B,HOH585,O,15.323,56.257,-24.645,B,HOH621,O,19.202,56.241,-24.722
Thermal Noise,RED,2.673,3.979,False,B,HOH586,O,-3.124,24.885,-26.515,B,HOH624,O,-0.775,21.905,-25.316
Phase Boundary,YELLOW,4.971,2.847,False,B,HOH587,O,15.564,38.549,-51.464,B,HOH688,O,15.67,35.719,-51.174
Phase Boundary,YELLOW,4.236,3.907,False,B,HOH588,O,30.25,54.856,-14.696,B,HOH662,O,30.696,55.401,-18.539
Bound Backbone,BLUE,6.029,3.108,False,B,HOH589,O,11.511,33.168,-11.404,B,HOH664,O,12.12,34.71,-8.775
Thermal Noise,RED,3.744,3.412,False,B,HOH591,O,21.855,33.87,-3.569,B,HOH625,O,21.198,30.775,-4.846
Thermal Noise,RED,3.5,3.389,False,B,HOH591,O,21.855,33.87,-3.569,B,HOH656,O,18.503,33.46,-3.859
Thermal Noise,RED,2.618,3.918,False,B,HOH592,O,11.847,33.153,-5.372,B,HOH649,O,15.742,32.878,-5.045
Phase Boundary,YELLOW,4.33,3.752,False,B,HOH592,O,11.847,33.153,-5.372,B,HOH664,O,12.12,34.71,-8.775
Phase Boundary,YELLOW,4.376,3.031,False,B,HOH592,O,11.847,33.153,-5.372,B,HOH667,O,12.612,30.231,-5.623
Thermal Noise,RED,3.121,3.745,False,B,HOH592,O,11.847,33.153,-5.372,B,HOH670,O,8.525,32.192,-6.809
Thermal Noise,RED,3.503,3.872,False,B,HOH595,O,20.071,58.08,-19.67,B,HOH607,O,17.424,57.291,-16.956
Phase Boundary,YELLOW,4.074,3.325,False,B,HOH595,O,20.071,58.08,-19.67,B,HOH700,O,19.721,55.121,-21.145
Thermal Noise,RED,3.312,3.642,False,B,HOH599,O,-3.578,39.522,-32.95,B,HOH635,O,-1.219,41.902,-34.377
Bound Backbone,BLUE,6.113,2.844,False,B,HOH599,O,-3.578,39.522,-32.95,B,HOH643,O,-5.828,39.703,-34.68
Phase Boundary,YELLOW,5.017,3.416,False,B,HOH600,O,17.548,8.167,-29.534,B,HOH612,O,16.497,9.607,-32.448
Bound Backbone,BLUE,5.662,3.035,False,B,HOH603,O,12.447,20.649,-18.532,B,HOH620,O,12.051,22.809,-20.627
Phase Boundary,YELLOW,4.426,3.084,False,B,HOH606,O,7.055,21.421,-39.191,B,HOH691,O,8.009,18.624,-38.308
Thermal Noise,RED,3.47,3.57,False,B,HOH607,O,17.424,57.291,-16.956,B,HOH623,O,14.31,56.317,-18.404
Bound Backbone,BLUE,6.335,2.997,False,B,HOH609,O,24.125,56.593,-20.727,B,HOH674,O,23.518,54.962,-23.167
Phase Boundary,YELLOW,5.007,3.469,False,B,HOH614,O,14.76,34.438,-54.267,B,HOH688,O,15.67,35.719,-51.174
Phase Boundary,YELLOW,4.721,3.601,False,B,HOH617,O,3.353,46.424,-36.184,B,HOH660,O,1.881,46.511,-32.899
Thermal Noise,RED,2.585,3.937,False,B,HOH620,O,12.051,22.809,-20.627,B,HOH704,O,15.696,24.288,-20.796
Thermal Noise,RED,4.041,3.888,False,B,HOH621,O,19.202,56.241,-24.722,B,HOH636,O,20.345,57.384,-28.258
Phase Boundary,YELLOW,4.678,3.091,False,B,HOH621,O,19.202,56.241,-24.722,B,HOH665,O,21.322,54.423,-26.047
Phase Boundary,YELLOW,4.384,3.784,False,B,HOH621,O,19.202,56.241,-24.722,B,HOH700,O,19.721,55.121,-21.145
Phase Boundary,YELLOW,4.386,3.099,False,B,HOH624,O,-0.775,21.905,-25.316,B,HOH702,O,0.43,19.192,-26.206
Thermal Noise,RED,2.695,3.93,False,B,HOH625,O,21.198,30.775,-4.846,B,HOH656,O,18.503,33.46,-3.859
Thermal Noise,RED,3.341,3.51,False,B,HOH628,O,4.69,16.994,-33.005,B,HOH663,O,3.708,20.281,-33.748
Bound Backbone,BLUE,6.438,3.037,False,B,HOH630,O,29.526,56.319,-21.187,B,HOH662,O,30.696,55.401,-18.539
Phase Boundary,YELLOW,4.565,3.381,False,B,HOH630,O,29.526,56.319,-21.187,B,HOH681,O,27.228,55.485,-23.522
Bound Backbone,BLUE,6.548,2.86,False,B,HOH633,O,4.061,23.532,-14.714,B,HOH679,O,4.966,21.797,-16.8
Thermal Noise,RED,3.602,3.597,False,B,HOH635,O,-1.219,41.902,-34.377,B,HOH653,O,1.478,40.378,-36.205
Thermal Noise,RED,3.322,3.822,False,B,HOH636,O,20.345,57.384,-28.258,B,HOH665,O,21.322,54.423,-26.047
Thermal Noise,RED,4.043,3.219,False,B,HOH638,O,22.177,24.444,-8.985,B,HOH669,O,19.104,24.051,-9.861
Thermal Noise,RED,3.957,3.204,False,B,HOH638,O,22.177,24.444,-8.985,B,HOH675,O,25.335,24.662,-9.483
Thermal Noise,RED,4.069,3.976,False,B,HOH640,O,6.564,21.086,-22.764,B,HOH676,O,7.075,20.402,-18.881
Thermal Noise,RED,2.866,3.877,False,B,HOH644,O,38.309,45.642,-23.467,B,HOH645,O,40.98,48.111,-22.126
Phase Boundary,YELLOW,4.419,3.723,False,B,HOH647,O,-6.987,32.103,-22.929,B,HOH655,O,-8.136,31.109,-26.328
Bound Backbone,BLUE,5.613,2.795,False,B,HOH648,O,38.687,30.041,-18.658,B,HOH657,O,36.989,31.979,-19.74
Phase Boundary,YELLOW,4.68,3.061,False,B,HOH649,O,15.742,32.878,-5.045,B,HOH656,O,18.503,33.46,-3.859
Bound Backbone,BLUE,5.305,2.895,False,B,HOH651,O,2.449,22.59,-34.959,B,HOH663,O,3.708,20.281,-33.748
Phase Boundary,YELLOW,4.363,3.693,False,B,HOH654,O,43.162,35.606,-22.014,B,HOH672,O,41.799,34.447,-25.245
Phase Boundary,YELLOW,4.358,3.221,False,B,HOH665,O,21.322,54.423,-26.047,B,HOH668,O,23.745,52.878,-27.503
Phase Boundary,YELLOW,4.16,3.662,False,B,HOH665,O,21.322,54.423,-26.047,B,HOH674,O,23.518,54.962,-23.167
Phase Boundary,YELLOW,4.54,3.062,False,B,HOH673,O,22.696,52.176,-22.198,B,HOH674,O,23.518,54.962,-23.167
Thermal Noise,RED,2.842,3.763,False,B,HOH674,O,23.518,54.962,-23.167,B,HOH681,O,27.228,55.485,-23.522
Phase Boundary,YELLOW,4.691,3.275,False,B,HOH676,O,7.075,20.402,-18.881,B,HOH679,O,4.966,21.797,-16.8
Bound Backbone,BLUE,7.044,3.002,False,B,HOH685,O,30.024,32.9,-32.567,B,HOH686,O,29.588,33.625,-29.687
Phase Boundary,YELLOW,4.675,2.933,False,B,HOH685,O,30.024,32.9,-32.567,B,HOH699,O,28.614,30.341,-32.312
Phase Boundary,YELLOW,4.856,3.301,False,B,HOH686,O,29.588,33.625,-29.687,B,HOH694,O,31.783,32.878,-27.337
Bound Backbone,BLUE,5.67,3.022,False,B,HOH692,O,37.576,38.979,-30.989,B,HOH693,O,38.986,37.269,-33.044
