Category,Color,Energy_kJ_mol,Distance_A,Is_Ligand_Interaction,Atom1_Chain,Atom1_Residue,Atom1_Name,Atom1_X,Atom1_Y,Atom1_Z,Atom2_Chain,Atom2_Residue,Atom2_Name,Atom2_X,Atom2_Y,Atom2_Z
Bound Backbone,BLUE,7.691,2.389,False,D,DC1,O3',23.249,71.081,32.947,D,DC2,O5',22.543,68.998,32.013
Thermal Noise,RED,3.362,3.739,False,D,DC1,O3',23.249,71.081,32.947,D,DC2,O4',25.122,68.504,30.99
Bound Backbone,BLUE,6.969,2.459,False,D,DC1,O3',23.249,71.081,32.947,D,DC2,OP1,20.9,70.926,32.235
Bound Backbone,BLUE,7.553,2.494,False,D,DC1,O3',23.249,71.081,32.947,D,DC2,OP2,21.747,69.576,34.25
Thermal Noise,RED,2.583,3.936,False,D,DC1,O2,27.833,71.357,30.908,D,DC2,O4',25.122,68.504,30.99
Thermal Noise,RED,3.145,3.589,False,D,DC1,O2,27.833,71.357,30.908,D,DC2,O2,28.469,67.86,30.41
Phase Boundary,YELLOW,4.282,3.17,False,D,DC1,O2,27.833,71.357,30.908,E,DG38,N1,30.752,71.939,29.816
Bound Backbone,BLUE,10.083,2.472,False,D,DC1,O2,27.833,71.357,30.908,E,DG38,N2,28.799,71.372,28.633
Thermal Noise,RED,2.93,3.703,False,D,DC1,N3,29.661,71.362,32.174,D,DC2,N3,29.323,67.686,32.469
Thermal Noise,RED,2.951,3.833,False,D,DC1,N3,29.661,71.362,32.174,E,DG37,N1,31.54,68.323,30.786
Bound Backbone,BLUE,8.472,2.661,False,D,DC1,N3,29.661,71.362,32.174,E,DG38,N1,30.752,71.939,29.816
Phase Boundary,YELLOW,4.823,3.644,False,D,DC1,N3,29.661,71.362,32.174,E,DG38,N2,28.799,71.372,28.633
Thermal Noise,RED,3.706,3.409,False,D,DC1,N3,29.661,71.362,32.174,E,DG38,O6,32.647,72.507,30.993
Phase Boundary,YELLOW,4.087,3.168,False,D,DC1,N4,31.535,71.39,33.519,E,DG37,O6,32.374,68.4,32.895
Phase Boundary,YELLOW,4.368,3.824,False,D,DC1,N4,31.535,71.39,33.519,E,DG38,N1,30.752,71.939,29.816
Bound Backbone,BLUE,6.582,2.977,False,D,DC1,N4,31.535,71.39,33.519,E,DG38,O6,32.647,72.507,30.993
Ligand Boundary Hotspot,ORANGE,4.1,3.764,True,D,DC2,O4',25.122,68.504,30.99,D,HOH319,O,27.041,67.851,27.818
Bound Backbone,BLUE,8.651,2.546,False,D,DC2,O3',23.626,65.926,29.562,D,DG3,O5',22.989,64.515,27.541
Phase Boundary,YELLOW,4.739,3.44,False,D,DC2,O3',23.626,65.926,29.562,D,DG3,O4',25.626,65.314,26.831
Bound Backbone,BLUE,6.583,2.5,False,D,DC2,O3',23.626,65.926,29.562,D,DG3,OP1,21.212,65.544,29.035
Bound Backbone,BLUE,6.734,2.452,False,D,DC2,O3',23.626,65.926,29.562,D,DG3,OP2,22.742,63.663,29.893
Thermal Noise,RED,2.641,3.896,False,D,DC2,N1,26.992,67.379,32.129,D,DG3,O6,29.526,64.427,31.916
Thermal Noise,RED,2.959,3.885,False,D,DC2,N1,26.992,67.379,32.129,D,DG3,N7,26.995,63.866,30.469
Thermal Noise,RED,2.863,3.764,False,D,DC2,O2,28.469,67.86,30.41,D,DG3,N1,30.465,64.716,29.865
Thermal Noise,RED,2.889,3.895,False,D,DC2,O2,28.469,67.86,30.41,D,DG3,O6,29.526,64.427,31.916
Phase Boundary,YELLOW,4.127,3.128,False,D,DC2,O2,28.469,67.86,30.41,E,DG37,N1,31.54,68.323,30.786
Bound Backbone,BLUE,6.976,2.677,False,D,DC2,O2,28.469,67.86,30.41,E,DG37,N2,30.513,68.285,28.734
Thermal Noise,RED,2.896,3.95,False,D,DC2,O2,28.469,67.86,30.41,E,DG38,N2,28.799,71.372,28.633
Ligand Bound Core,BLUE,6.801,2.959,True,D,DC2,O2,28.469,67.86,30.41,D,HOH319,O,27.041,67.851,27.818
Thermal Noise,RED,3.714,3.312,False,D,DC2,N3,29.323,67.686,32.469,D,DG3,O6,29.526,64.427,31.916
Thermal Noise,RED,3.711,3.314,False,D,DC2,N3,29.323,67.686,32.469,E,DC36,N4,31.561,65.308,33.036
Bound Backbone,BLUE,5.994,2.855,False,D,DC2,N3,29.323,67.686,32.469,E,DG37,N1,31.54,68.323,30.786
Thermal Noise,RED,3.982,3.965,False,D,DC2,N3,29.323,67.686,32.469,E,DG37,N2,30.513,68.285,28.734
Thermal Noise,RED,4.048,3.162,False,D,DC2,N3,29.323,67.686,32.469,E,DG37,O6,32.374,68.4,32.895
Phase Boundary,YELLOW,5.02,3.041,False,D,DC2,N4,30.187,67.552,34.56,E,DC36,N4,31.561,65.308,33.036
Bound Backbone,BLUE,5.868,2.877,False,D,DC2,N4,30.187,67.552,34.56,E,DG37,O6,32.374,68.4,32.895
Ligand Bound Core,BLUE,6.343,3.036,True,D,DC2,N4,30.187,67.552,34.56,A,LYS17,O,28.757,66.848,37.144
Ligand Bound Core,BLUE,5.848,2.765,True,D,DC2,N4,30.187,67.552,34.56,A,LYS18,O,31.484,65.418,35.748
Ligand Boundary Hotspot,ORANGE,4.532,3.068,True,D,DG3,O4',25.626,65.314,26.831,D,HOH319,O,27.041,67.851,27.818
Bound Backbone,BLUE,6.713,2.543,False,D,DG3,O3',25.883,63.69,24.224,D,DG4,O5',27.425,61.893,23.298
Bound Backbone,BLUE,10.145,2.529,False,D,DG3,O3',25.883,63.69,24.224,D,DG4,OP1,26.071,63.355,21.724
Bound Backbone,BLUE,7.069,2.498,False,D,DG3,O3',25.883,63.69,24.224,D,DG4,OP2,24.956,61.597,23.225
Thermal Noise,RED,3.411,3.533,False,D,DG3,N1,30.465,64.716,29.865,D,DG4,N1,31.2,61.446,30.981
Thermal Noise,RED,2.805,3.779,False,D,DG3,N1,30.465,64.716,29.865,D,DG4,N2,33.181,62.092,29.989
Thermal Noise,RED,3.354,3.586,False,D,DG3,N1,30.465,64.716,29.865,D,DG4,N3,31.476,61.511,28.615
Thermal Noise,RED,3.085,3.637,False,D,DG3,N1,30.465,64.716,29.865,E,DC36,O2,34.044,64.612,29.227
Bound Backbone,BLUE,6.483,2.645,False,D,DG3,N1,30.465,64.716,29.865,E,DC36,N3,32.807,64.932,31.075
Bound Backbone,BLUE,5.349,3.407,False,D,DG3,N1,30.465,64.716,29.865,E,DC36,N4,31.561,65.308,33.036
Thermal Noise,RED,2.761,3.875,False,D,DG3,N1,30.465,64.716,29.865,E,DG37,N1,31.54,68.323,30.786
Thermal Noise,RED,3.02,3.744,False,D,DG3,N1,30.465,64.716,29.865,E,DG37,N2,30.513,68.285,28.734
Thermal Noise,RED,3.002,3.711,False,D,DG3,N2,31.437,65.124,27.769,D,DG4,N3,31.476,61.511,28.615
Phase Boundary,YELLOW,4.999,3.031,False,D,DG3,N2,31.437,65.124,27.769,E,DC36,O2,34.044,64.612,29.227
Phase Boundary,YELLOW,4.803,3.584,False,D,DG3,N2,31.437,65.124,27.769,E,DC36,N3,32.807,64.932,31.075
Thermal Noise,RED,3.569,3.432,False,D,DG3,N2,31.437,65.124,27.769,E,DG37,N2,30.513,68.285,28.734
Thermal Noise,RED,2.83,3.842,False,D,DG3,N2,31.437,65.124,27.769,E,DG37,N3,32.823,68.562,28.78
Ligand Fluctuation Noise,RED,2.687,3.973,True,D,DG3,N2,31.437,65.124,27.769,D,HOH324,O,33.012,61.686,26.55
Thermal Noise,RED,4.072,3.584,False,D,DG3,N3,29.237,64.644,27.833,D,DG4,O4',29.736,62.114,25.344
Thermal Noise,RED,2.657,3.929,False,D,DG3,N3,29.237,64.644,27.833,D,DG4,N3,31.476,61.511,28.615
Thermal Noise,RED,2.823,3.778,False,D,DG3,N3,29.237,64.644,27.833,D,DG4,N9,29.476,60.894,27.439
Thermal Noise,RED,2.633,3.962,False,D,DG3,N3,29.237,64.644,27.833,E,DG37,N2,30.513,68.285,28.734
Ligand Fluctuation Noise,RED,2.649,3.887,True,D,DG3,N3,29.237,64.644,27.833,D,HOH319,O,27.041,67.851,27.818
Thermal Noise,RED,3.327,3.544,False,D,DG3,O6,29.526,64.427,31.916,D,DG4,N1,31.2,61.446,30.981
Thermal Noise,RED,3.051,3.623,False,D,DG3,O6,29.526,64.427,31.916,D,DG4,O6,29.267,60.815,32.015
Thermal Noise,RED,3.544,3.425,False,D,DG3,O6,29.526,64.427,31.916,E,DC36,N3,32.807,64.932,31.075
Bound Backbone,BLUE,7.323,2.484,False,D,DG3,O6,29.526,64.427,31.916,E,DC36,N4,31.561,65.308,33.036
Thermal Noise,RED,3.044,3.757,False,D,DG3,N7,26.995,63.866,30.469,D,DG4,N7,28.113,60.514,29.194
Ligand Boundary Hotspot,ORANGE,4.354,3.406,True,D,DG3,N7,26.995,63.866,30.469,A,LYS18,NZ,26.719,61.268,32.654
Thermal Noise,RED,2.778,3.866,False,D,DG3,N9,26.963,64.083,28.251,D,DG4,N7,28.113,60.514,29.194
Ligand Fluctuation Noise,RED,2.804,3.794,True,D,DG3,N9,26.963,64.083,28.251,D,HOH319,O,27.041,67.851,27.818
Ligand Fluctuation Noise,RED,3.477,3.517,True,D,DG4,O4',29.736,62.114,25.344,D,HOH324,O,33.012,61.686,26.55
Bound Backbone,BLUE,6.641,2.594,False,D,DG4,O3',31.35,60.124,23.882,D,DA5,O5',33.406,58.997,22.773
Thermal Noise,RED,3.662,3.425,False,D,DG4,O3',31.35,60.124,23.882,D,DA5,O4',34.565,59.92,25.044
Thermal Noise,RED,3.798,3.969,False,D,DG4,O3',31.35,60.124,23.882,D,DA5,N7,31.634,58.273,27.381
Bound Backbone,BLUE,11.218,2.41,False,D,DG4,O3',31.35,60.124,23.882,D,DA5,OP1,31.625,60.19,21.489
Bound Backbone,BLUE,7.598,2.441,False,D,DG4,O3',31.35,60.124,23.882,D,DA5,OP2,31.197,57.955,22.772
Ligand Boundary Hotspot,ORANGE,4.443,3.51,True,D,DG4,O3',31.35,60.124,23.882,D,HOH324,O,33.012,61.686,26.55
Thermal Noise,RED,2.945,3.692,False,D,DG4,N1,31.2,61.446,30.981,D,DA5,N1,33.265,58.397,30.711
Thermal Noise,RED,3.705,3.315,False,D,DG4,N1,31.2,61.446,30.981,D,DA5,N6,30.98,58.184,30.433
Phase Boundary,YELLOW,4.165,3.332,False,D,DG4,N1,31.2,61.446,30.981,E,DC35,O2,34.065,61.874,32.627
Bound Backbone,BLUE,8.151,2.775,False,D,DG4,N1,31.2,61.446,30.981,E,DC35,N3,32.107,61.491,33.603
Phase Boundary,YELLOW,4.273,3.844,False,D,DG4,N1,31.2,61.446,30.981,E,DC35,N4,30.104,61.049,34.644
Thermal Noise,RED,2.715,3.84,False,D,DG4,N1,31.2,61.446,30.981,E,DC36,N3,32.807,64.932,31.075
Thermal Noise,RED,2.888,3.766,False,D,DG4,N2,33.181,62.092,29.989,D,DA5,N1,33.265,58.397,30.711
Thermal Noise,RED,2.64,3.987,False,D,DG4,N2,33.181,62.092,29.989,D,DA5,N3,34.844,58.639,28.892
Bound Backbone,BLUE,8.061,2.791,False,D,DG4,N2,33.181,62.092,29.989,E,DC35,O2,34.065,61.874,32.627
Phase Boundary,YELLOW,4.311,3.818,False,D,DG4,N2,33.181,62.092,29.989,E,DC35,N3,32.107,61.491,33.603
Thermal Noise,RED,3.244,3.629,False,D,DG4,N2,33.181,62.092,29.989,E,DC36,N1,35.183,64.879,31.169
Bound Backbone,BLUE,5.465,2.771,False,D,DG4,N2,33.181,62.092,29.989,E,DC36,O2,34.044,64.612,29.227
Phase Boundary,YELLOW,4.605,3.063,False,D,DG4,N2,33.181,62.092,29.989,E,DC36,N3,32.807,64.932,31.075
Ligand Bound Core,BLUE,5.414,3.467,True,D,DG4,N2,33.181,62.092,29.989,D,HOH324,O,33.012,61.686,26.55
Thermal Noise,RED,3.131,3.824,False,D,DG4,N3,31.476,61.511,28.615,D,DA5,N6,30.98,58.184,30.433
Thermal Noise,RED,3.594,3.469,False,D,DG4,N3,31.476,61.511,28.615,D,DA5,N7,31.634,58.273,27.381
Ligand Bound Core,BLUE,8.467,2.58,True,D,DG4,N3,31.476,61.511,28.615,D,HOH324,O,33.012,61.686,26.55
Thermal Noise,RED,3.655,3.516,False,D,DG4,O6,29.267,60.815,32.015,D,DA5,N6,30.98,58.184,30.433
Thermal Noise,RED,3.38,3.63,False,D,DG4,O6,29.267,60.815,32.015,E,DT34,O4,28.939,57.539,33.543
Phase Boundary,YELLOW,4.15,3.323,False,D,DG4,O6,29.267,60.815,32.015,E,DC35,N3,32.107,61.491,33.603
Bound Backbone,BLUE,8.214,2.769,False,D,DG4,O6,29.267,60.815,32.015,E,DC35,N4,30.104,61.049,34.644
Ligand Bound Core,BLUE,5.838,2.666,True,D,DG4,O6,29.267,60.815,32.015,A,LYS18,NZ,26.719,61.268,32.654
Thermal Noise,RED,2.805,3.897,False,D,DG4,N7,28.113,60.514,29.194,D,DA5,N6,30.98,58.184,30.433
Ligand Boundary Hotspot,ORANGE,4.217,3.806,True,D,DG4,N7,28.113,60.514,29.194,A,LYS18,NZ,26.719,61.268,32.654
Thermal Noise,RED,3.472,3.396,False,D,DG4,N9,29.476,60.894,27.439,D,DA5,N7,31.634,58.273,27.381
Ligand Fluctuation Noise,RED,2.979,3.731,True,D,DG4,N9,29.476,60.894,27.439,D,HOH324,O,33.012,61.686,26.55
Ligand Bound Core,BLUE,6.081,2.793,True,D,DA5,O4',34.565,59.92,25.044,D,HOH324,O,33.012,61.686,26.55
Bound Backbone,BLUE,6.43,2.548,False,D,DA5,O3',37.287,58.803,24.436,D,DG6,O5',39.456,57.642,25.1
Bound Backbone,BLUE,7.288,2.477,False,D,DA5,O3',37.287,58.803,24.436,D,DG6,OP1,39.428,59.451,23.372
Bound Backbone,BLUE,8.316,2.452,False,D,DA5,O3',37.287,58.803,24.436,D,DG6,OP2,38.29,57.175,22.901
Thermal Noise,RED,2.867,3.737,False,D,DA5,N1,33.265,58.397,30.711,D,DG6,N1,33.071,54.666,30.796
Thermal Noise,RED,2.539,3.976,False,D,DA5,N1,33.265,58.397,30.711,D,DG6,N3,35.402,55.055,30.44
Bound Backbone,BLUE,7.308,2.977,False,D,DA5,N1,33.265,58.397,30.711,E,DT34,O2,33.53,57.969,33.645
Phase Boundary,YELLOW,4.324,3.62,False,D,DA5,N1,33.265,58.397,30.711,E,DT34,N3,31.246,57.714,33.637
Thermal Noise,RED,3.706,3.35,False,D,DA5,N3,34.844,58.639,28.892,D,DG6,O4',37.724,57.144,28.059
Thermal Noise,RED,2.826,3.944,False,D,DA5,N3,34.844,58.639,28.892,D,DG6,N3,35.402,55.055,30.44
Thermal Noise,RED,3.009,3.844,False,D,DA5,N3,34.844,58.639,28.892,D,DG6,N7,33.793,55.308,27.288
Thermal Noise,RED,3.573,3.402,False,D,DA5,N3,34.844,58.639,28.892,D,DG6,N9,35.875,55.492,28.111
Thermal Noise,RED,3.149,3.682,False,D,DA5,N6,30.98,58.184,30.433,D,DG6,O6,31.469,54.735,29.241
Thermal Noise,RED,2.994,3.728,False,D,DA5,N6,30.98,58.184,30.433,E,DC33,N4,29.741,54.793,31.361
Bound Backbone,BLUE,6.136,3.249,False,D,DA5,N6,30.98,58.184,30.433,E,DT34,N3,31.246,57.714,33.637
Thermal Noise,RED,4.02,3.775,False,D,DA5,N6,30.98,58.184,30.433,E,DT34,O4,28.939,57.539,33.543
Thermal Noise,RED,2.974,3.669,False,D,DA5,N7,31.634,58.273,27.381,D,DG6,N7,33.793,55.308,27.288
Ligand Fluctuation Noise,RED,2.898,3.773,True,D,DA5,N7,31.634,58.273,27.381,D,HOH324,O,33.012,61.686,26.55
Thermal Noise,RED,3.737,3.302,False,D,DA5,N9,33.74,58.562,26.727,D,DG6,N7,33.793,55.308,27.288
Thermal Noise,RED,2.71,3.987,False,D,DA5,N9,33.74,58.562,26.727,D,DG6,N9,35.875,55.492,28.111
Ligand Fluctuation Noise,RED,3.885,3.213,True,D,DA5,N9,33.74,58.562,26.727,D,HOH324,O,33.012,61.686,26.55
Bound Backbone,BLUE,6.945,2.481,False,D,DG6,O3',40.143,55.126,27.992,D,DG7,O5',41.118,52.994,28.804
Thermal Noise,RED,3.026,3.986,False,D,DG6,O3',40.143,55.126,27.992,D,DG7,O4',38.217,52.452,30.235
Bound Backbone,BLUE,6.48,2.496,False,D,DG6,O3',40.143,55.126,27.992,D,DG7,OP1,42.57,54.621,27.705
Bound Backbone,BLUE,8.234,2.492,False,D,DG6,O3',40.143,55.126,27.992,D,DG7,OP2,40.762,53.361,26.345
Phase Boundary,YELLOW,4.236,3.074,False,D,DG6,N1,33.071,54.666,30.796,D,DG7,N1,32.902,51.597,30.746
Thermal Noise,RED,3.2,3.854,False,D,DG6,N1,33.071,54.666,30.796,D,DG7,N2,33.725,51.496,32.888
Thermal Noise,RED,2.644,3.903,False,D,DG6,N1,33.071,54.666,30.796,D,DG7,N3,35.205,51.421,31.182
Thermal Noise,RED,3.579,3.657,False,D,DG6,N1,33.071,54.666,30.796,D,DG7,O6,31.947,51.839,28.767
Phase Boundary,YELLOW,4.618,3.746,False,D,DG6,N1,33.071,54.666,30.796,E,DC33,O2,33.001,54.059,34.492
Bound Backbone,BLUE,7.602,2.704,False,D,DG6,N1,33.071,54.666,30.796,E,DC33,N3,31.401,54.433,32.91
Thermal Noise,RED,3.565,3.38,False,D,DG6,N1,33.071,54.666,30.796,E,DC33,N4,29.741,54.793,31.361
Thermal Noise,RED,3.135,3.815,False,D,DG6,N2,34.533,54.545,32.535,D,DG7,N1,32.902,51.597,30.746
Thermal Noise,RED,4.004,3.174,False,D,DG6,N2,34.533,54.545,32.535,D,DG7,N2,33.725,51.496,32.888
Thermal Noise,RED,3.645,3.47,False,D,DG6,N2,34.533,54.545,32.535,D,DG7,N3,35.205,51.421,31.182
Bound Backbone,BLUE,8.612,2.532,False,D,DG6,N2,34.533,54.545,32.535,E,DC33,O2,33.001,54.059,34.492
Thermal Noise,RED,4.053,3.156,False,D,DG6,N2,34.533,54.545,32.535,E,DC33,N3,31.401,54.433,32.91
Thermal Noise,RED,3.027,3.737,False,D,DG6,N2,34.533,54.545,32.535,E,DT34,O2,33.53,57.969,33.645
Thermal Noise,RED,2.72,3.84,False,D,DG6,N3,35.402,55.055,30.44,D,DG7,O4',38.217,52.452,30.235
Thermal Noise,RED,2.975,3.714,False,D,DG6,N3,35.402,55.055,30.44,D,DG7,N3,35.205,51.421,31.182
Thermal Noise,RED,3.113,3.764,False,D,DG6,O6,31.469,54.735,29.241,D,DG7,N1,32.902,51.597,30.746
Phase Boundary,YELLOW,4.6,2.973,False,D,DG6,O6,31.469,54.735,29.241,D,DG7,O6,31.947,51.839,28.767
Thermal Noise,RED,3.447,3.408,False,D,DG6,O6,31.469,54.735,29.241,E,DC32,N4,29.571,51.905,29.237
Phase Boundary,YELLOW,4.817,3.682,False,D,DG6,O6,31.469,54.735,29.241,E,DC33,N3,31.401,54.433,32.91
Bound Backbone,BLUE,7.391,2.736,False,D,DG6,O6,31.469,54.735,29.241,E,DC33,N4,29.741,54.793,31.361
Ligand Boundary Hotspot,ORANGE,5.127,3.559,True,D,DG6,O6,31.469,54.735,29.241,D,HOH397,O,31.124,54.333,25.722
Thermal Noise,RED,2.721,3.846,False,D,DG6,N7,33.793,55.308,27.288,D,DG7,N7,34.869,51.633,27.641
Ligand Boundary Hotspot,ORANGE,4.365,3.244,True,D,DG6,N7,33.793,55.308,27.288,D,HOH397,O,31.124,54.333,25.722
Bound Backbone,BLUE,7.917,2.491,False,D,DG7,O3',39.943,50.033,31.235,D,DA8,O5',41.046,48.368,32.723
Phase Boundary,YELLOW,4.988,3.272,False,D,DG7,O3',39.943,50.033,31.235,D,DA8,O4',38.213,48.588,33.607
Thermal Noise,RED,2.779,3.996,False,D,DG7,O3',39.943,50.033,31.235,D,DA8,N7,37.088,47.778,29.582
Thermal Noise,RED,2.804,3.804,False,D,DG7,O3',39.943,50.033,31.235,D,DA8,N9,37.102,47.566,31.793
Bound Backbone,BLUE,7.334,2.445,False,D,DG7,O3',39.943,50.033,31.235,D,DA8,OP1,42.147,50.506,32.182
Bound Backbone,BLUE,7.085,2.466,False,D,DG7,O3',39.943,50.033,31.235,D,DA8,OP2,41.829,48.695,30.377
Ligand Fluctuation Noise,RED,3.389,3.936,True,D,DG7,O3',39.943,50.033,31.235,D,HOH306,O,37.406,51.241,33.991
Thermal Noise,RED,3.118,3.604,False,D,DG7,N1,32.902,51.597,30.746,D,DA8,N1,33.489,48.076,30.248
Thermal Noise,RED,2.768,3.857,False,D,DG7,N1,32.902,51.597,30.746,E,DT31,N3,30.933,48.384,29.923
Thermal Noise,RED,3.397,3.934,False,D,DG7,N1,32.902,51.597,30.746,E,DT31,O4,31.688,49.072,27.984
Phase Boundary,YELLOW,4.781,3.398,False,D,DG7,N1,32.902,51.597,30.746,E,DC32,O2,30.982,50.609,33.37
Bound Backbone,BLUE,5.701,2.686,False,D,DG7,N1,32.902,51.597,30.746,E,DC32,N3,30.302,51.222,31.307
Thermal Noise,RED,3.291,3.67,False,D,DG7,N1,32.902,51.597,30.746,E,DC32,N4,29.571,51.905,29.237
Thermal Noise,RED,3.203,3.87,False,D,DG7,N1,32.902,51.597,30.746,E,DC33,N3,31.401,54.433,32.91
Thermal Noise,RED,2.613,3.946,False,D,DG7,N2,33.725,51.496,32.888,D,DA8,N3,34.777,47.747,32.25
Phase Boundary,YELLOW,4.766,2.923,False,D,DG7,N2,33.725,51.496,32.888,E,DC32,O2,30.982,50.609,33.37
Thermal Noise,RED,3.112,3.78,False,D,DG7,N2,33.725,51.496,32.888,E,DC32,N3,30.302,51.222,31.307
Phase Boundary,YELLOW,4.842,3.109,False,D,DG7,N2,33.725,51.496,32.888,E,DC33,O2,33.001,54.059,34.492
Thermal Noise,RED,2.853,3.745,False,D,DG7,N2,33.725,51.496,32.888,E,DC33,N3,31.401,54.433,32.91
Ligand Fluctuation Noise,RED,2.839,3.851,True,D,DG7,N2,33.725,51.496,32.888,D,HOH306,O,37.406,51.241,33.991
Thermal Noise,RED,2.766,3.874,False,D,DG7,N3,35.205,51.421,31.182,D,DA8,N1,33.489,48.076,30.248
Thermal Noise,RED,2.832,3.85,False,D,DG7,N3,35.205,51.421,31.182,D,DA8,N3,34.777,47.747,32.25
Ligand Boundary Hotspot,ORANGE,4.367,3.573,True,D,DG7,N3,35.205,51.421,31.182,D,HOH306,O,37.406,51.241,33.991
Thermal Noise,RED,2.965,3.782,False,D,DG7,O6,31.947,51.839,28.767,E,DT31,N3,30.933,48.384,29.923
Phase Boundary,YELLOW,5.025,2.887,False,D,DG7,O6,31.947,51.839,28.767,E,DT31,O4,31.688,49.072,27.984
Bound Backbone,BLUE,6.002,3.088,False,D,DG7,O6,31.947,51.839,28.767,E,DC32,N3,30.302,51.222,31.307
Bound Backbone,BLUE,6.98,2.423,False,D,DG7,O6,31.947,51.839,28.767,E,DC32,N4,29.571,51.905,29.237
Thermal Noise,RED,3.184,3.568,False,D,DG7,N7,34.869,51.633,27.641,D,DA8,N6,34.407,48.131,28.142
Ligand Fluctuation Noise,RED,3.352,3.809,True,D,DG7,N7,34.869,51.633,27.641,E,HOH391,O,32.716,49.404,25.427
Thermal Noise,RED,2.919,3.718,False,D,DG7,N9,36.486,51.422,29.154,D,DA8,N7,37.088,47.778,29.582
Ligand Boundary Hotspot,ORANGE,4.154,3.706,True,D,DA8,P,41.343,49.419,31.577,D,HOH410,O,43.299,50.266,34.609
Ligand Fluctuation Noise,RED,3.876,3.498,True,D,DA8,O5',41.046,48.368,32.723,D,HOH410,O,43.299,50.266,34.609
Ligand Boundary Hotspot,ORANGE,5.168,2.799,True,D,DA8,O4',38.213,48.588,33.607,D,HOH306,O,37.406,51.241,33.991
Bound Backbone,BLUE,7.147,2.42,False,D,DA8,O3',38.61,46.322,35.649,D,DC9,O5',37.205,44.462,36.3
Bound Backbone,BLUE,9.465,2.488,False,D,DA8,O3',38.61,46.322,35.649,D,DC9,OP1,39.121,45.134,37.775
Bound Backbone,BLUE,6.323,2.519,False,D,DA8,O3',38.61,46.322,35.649,D,DC9,OP2,39.537,43.985,35.499
Thermal Noise,RED,3.056,3.813,False,D,DA8,N1,33.489,48.076,30.248,D,DC9,O2,32.315,44.813,31.833
Thermal Noise,RED,3.712,3.284,False,D,DA8,N1,33.489,48.076,30.248,D,DC9,N3,33.772,44.805,30.167
Thermal Noise,RED,2.836,3.874,False,D,DA8,N1,33.489,48.076,30.248,E,DG30,N1,31.303,45.12,29.028
Thermal Noise,RED,3.382,3.928,False,D,DA8,N1,33.489,48.076,30.248,E,DG30,O6,32.97,45.285,27.533
Thermal Noise,RED,3.534,3.594,False,D,DA8,N1,33.489,48.076,30.248,E,DT31,O2,30.342,47.675,31.937
Bound Backbone,BLUE,6.003,2.595,False,D,DA8,N1,33.489,48.076,30.248,E,DT31,N3,30.933,48.384,29.923
Bound Backbone,BLUE,5.765,3.06,False,D,DA8,N1,33.489,48.076,30.248,E,DT31,O4,31.688,49.072,27.984
Phase Boundary,YELLOW,4.48,3.409,False,D,DA8,N3,34.777,47.747,32.25,D,DC9,O4',34.702,45.273,34.594
Thermal Noise,RED,3.441,3.411,False,D,DA8,N3,34.777,47.747,32.25,D,DC9,N1,34.53,44.346,32.35
Thermal Noise,RED,2.716,3.853,False,D,DA8,N3,34.777,47.747,32.25,D,DC9,O2,32.315,44.813,31.833
Thermal Noise,RED,3.421,3.742,False,D,DA8,N3,34.777,47.747,32.25,D,DC9,N3,33.772,44.805,30.167
Thermal Noise,RED,3.002,3.945,False,D,DA8,N6,34.407,48.131,28.142,D,DC9,N3,33.772,44.805,30.167
Thermal Noise,RED,3.25,3.515,False,D,DA8,N6,34.407,48.131,28.142,D,DC9,N4,35.182,44.712,28.4
Thermal Noise,RED,3.884,3.246,False,D,DA8,N6,34.407,48.131,28.142,E,DG30,O6,32.97,45.285,27.533
Thermal Noise,RED,2.96,3.912,False,D,DA8,N6,34.407,48.131,28.142,E,DT31,N3,30.933,48.384,29.923
Phase Boundary,YELLOW,4.829,2.882,False,D,DA8,N6,34.407,48.131,28.142,E,DT31,O4,31.688,49.072,27.984
Ligand Boundary Hotspot,ORANGE,4.713,3.443,True,D,DA8,N6,34.407,48.131,28.142,E,HOH391,O,32.716,49.404,25.427
Thermal Noise,RED,2.944,3.799,False,D,DA8,N7,37.088,47.778,29.582,D,DC9,N4,35.182,44.712,28.4
Ligand Bound Core,BLUE,8.335,2.697,True,D,DA8,OP1,42.147,50.506,32.182,D,HOH410,O,43.299,50.266,34.609
Bound Backbone,BLUE,6.866,2.443,False,D,DC9,O3',33.553,42.954,36.34,D,DA10,O5',31.791,41.33,36.818
Thermal Noise,RED,3.041,3.935,False,D,DC9,O3',33.553,42.954,36.34,D,DA10,O4',30.312,42.124,34.269
Bound Backbone,BLUE,9.656,2.543,False,D,DC9,O3',33.553,42.954,36.34,D,DA10,OP1,32.783,42.537,38.728
Bound Backbone,BLUE,6.99,2.534,False,D,DC9,O3',33.553,42.954,36.34,D,DA10,OP2,34.133,40.75,37.448
Bound Backbone,BLUE,6.935,2.998,False,D,DC9,O2,32.315,44.813,31.833,E,DG30,N1,31.303,45.12,29.028
Bound Backbone,BLUE,5.712,2.777,False,D,DC9,O2,32.315,44.813,31.833,E,DG30,N2,29.77,44.929,30.727
Thermal Noise,RED,3.311,3.478,False,D,DC9,O2,32.315,44.813,31.833,E,DT31,O2,30.342,47.675,31.937
Bound Backbone,BLUE,5.93,2.737,False,D,DC9,N3,33.772,44.805,30.167,E,DG30,N1,31.303,45.12,29.028
Bound Backbone,BLUE,8.019,2.795,False,D,DC9,N3,33.772,44.805,30.167,E,DG30,O6,32.97,45.285,27.533
Thermal Noise,RED,3.477,3.657,False,D,DC9,N4,35.182,44.712,28.4,E,DT29,O4,33.096,42.342,26.554
Thermal Noise,RED,2.605,3.951,False,D,DC9,N4,35.182,44.712,28.4,E,DG30,N1,31.303,45.12,29.028
Bound Backbone,BLUE,7.237,2.444,False,D,DC9,N4,35.182,44.712,28.4,E,DG30,O6,32.97,45.285,27.533
Ligand Bound Core,BLUE,6.727,2.756,True,D,DC9,N4,35.182,44.712,28.4,D,HOH352,O,35.915,42.774,26.583
Bound Backbone,BLUE,6.728,2.479,False,D,DA10,O3',28.037,40.271,35.349,D,DG11,O5',26.178,38.731,34.787
Phase Boundary,YELLOW,5.034,3.494,False,D,DA10,O3',28.037,40.271,35.349,D,DG11,O4',27.284,39.105,32.142
Bound Backbone,BLUE,7.812,2.536,False,D,DA10,O3',28.037,40.271,35.349,D,DG11,OP1,26.114,39.877,36.954
Bound Backbone,BLUE,6.996,2.531,False,D,DA10,O3',28.037,40.271,35.349,D,DG11,OP2,27.856,37.998,36.448
Phase Boundary,YELLOW,4.707,2.977,False,D,DA10,N1,31.105,41.344,28.58,D,DG11,N1,31.241,38.471,27.813
Thermal Noise,RED,3.703,3.616,False,D,DA10,N1,31.105,41.344,28.58,D,DG11,N2,29.441,38.897,26.501
Thermal Noise,RED,3.241,3.516,False,D,DA10,N1,31.105,41.344,28.58,D,DG11,N3,29.034,38.507,28.742
Thermal Noise,RED,2.631,3.906,False,D,DA10,N1,31.105,41.344,28.58,D,DG11,O6,33.129,38.015,28.865
Thermal Noise,RED,3.723,3.783,False,D,DA10,N1,31.105,41.344,28.58,E,DT29,O2,28.64,42.23,25.851
Bound Backbone,BLUE,9.143,2.596,False,D,DA10,N1,31.105,41.344,28.58,E,DT29,N3,30.865,42.33,26.191
Bound Backbone,BLUE,5.687,3.011,False,D,DA10,N1,31.105,41.344,28.58,E,DT29,O4,33.096,42.342,26.554
Thermal Noise,RED,2.785,3.808,False,D,DA10,N1,31.105,41.344,28.58,E,DG30,N1,31.303,45.12,29.028
Thermal Noise,RED,3.254,3.689,False,D,DA10,N3,29.792,41.35,30.633,D,DG11,O4',27.284,39.105,32.142
Thermal Noise,RED,3.88,3.498,False,D,DA10,N3,29.792,41.35,30.633,D,DG11,N3,29.034,38.507,28.742
Thermal Noise,RED,3.086,3.622,False,D,DA10,N3,29.792,41.35,30.633,D,DG11,N9,29.08,37.832,31.117
Thermal Noise,RED,3.123,3.58,False,D,DA10,N3,29.792,41.35,30.633,E,DG30,N2,29.77,44.929,30.727
Thermal Noise,RED,3.743,3.327,False,D,DA10,N6,33.404,40.875,28.595,D,DG11,N1,31.241,38.471,27.813
Phase Boundary,YELLOW,4.832,2.886,False,D,DA10,N6,33.404,40.875,28.595,D,DG11,O6,33.129,38.015,28.865
Bound Backbone,BLUE,6.249,2.874,False,D,DA10,N6,33.404,40.875,28.595,E,DC28,N4,34.108,38.874,26.656
Thermal Noise,RED,3.506,3.787,False,D,DA10,N6,33.404,40.875,28.595,E,DT29,N3,30.865,42.33,26.191
Bound Backbone,BLUE,8.821,2.532,False,D,DA10,N6,33.404,40.875,28.595,E,DT29,O4,33.096,42.342,26.554
Ligand Fluctuation Noise,RED,3.396,3.736,True,D,DA10,N6,33.404,40.875,28.595,D,HOH352,O,35.915,42.774,26.583
Thermal Noise,RED,3.847,3.71,False,D,DA10,N7,33.204,40.618,31.507,D,DG11,O6,33.129,38.015,28.865
Thermal Noise,RED,2.928,3.699,False,D,DA10,N7,33.204,40.618,31.507,D,DG11,N7,31.249,37.482,31.343
Thermal Noise,RED,3.318,3.588,False,D,DA10,N9,31.178,40.874,32.511,D,DG11,N7,31.249,37.482,31.343
Thermal Noise,RED,2.769,3.95,False,D,DA10,N9,31.178,40.874,32.511,D,DG11,N9,29.08,37.832,31.117
Ligand Bound Core,BLUE,6.339,2.933,True,D,DA10,OP2,34.133,40.75,37.448,D,HOH381,O,35.469,39.367,39.663
Ligand Boundary Hotspot,ORANGE,4.313,3.727,True,D,DG11,P,27.071,39.191,36.04,D,HOH348,O,26.258,37.648,39.334
Bound Backbone,BLUE,9.337,2.498,False,D,DG11,O3',24.857,37.047,31.287,D,DT12,O5',24.99,35.724,29.172
Bound Backbone,BLUE,6.638,2.51,False,D,DG11,O3',24.857,37.047,31.287,D,DT12,OP1,22.957,35.549,30.618
Bound Backbone,BLUE,6.204,2.54,False,D,DG11,O3',24.857,37.047,31.287,D,DT12,OP2,25.194,34.53,31.349
Ligand Fluctuation Noise,RED,3.003,3.695,True,D,DG11,O3',24.857,37.047,31.287,A,LEU49,O,22.657,39.925,32.017
Ligand Boundary Hotspot,ORANGE,4.432,3.296,True,D,DG11,O3',24.857,37.047,31.287,A,THR50,OG1,22.199,36.475,33.151
Thermal Noise,RED,3.41,3.554,False,D,DG11,N1,31.241,38.471,27.813,D,DT12,N3,30.398,35.245,26.584
Thermal Noise,RED,2.726,3.852,False,D,DG11,N1,31.241,38.471,27.813,D,DT12,O4,31.701,34.68,28.321
Phase Boundary,YELLOW,4.478,3.118,False,D,DG11,N1,31.241,38.471,27.813,E,DC28,N4,34.108,38.874,26.656
Thermal Noise,RED,3.046,3.653,False,D,DG11,N2,29.441,38.897,26.501,D,DT12,O4',26.323,37.083,27.078
Thermal Noise,RED,3.085,3.606,False,D,DG11,N2,29.441,38.897,26.501,D,DT12,N1,28.063,35.572,26.723
Thermal Noise,RED,3.692,3.547,False,D,DG11,N2,29.441,38.897,26.501,D,DT12,O2,29.314,35.833,24.719
Thermal Noise,RED,2.807,3.776,False,D,DG11,N2,29.441,38.897,26.501,D,DT12,N3,30.398,35.245,26.584
Thermal Noise,RED,3.36,3.489,False,D,DG11,N2,29.441,38.897,26.501,E,DT29,O2,28.64,42.23,25.851
Thermal Noise,RED,2.89,3.73,False,D,DG11,N2,29.441,38.897,26.501,E,DT29,N3,30.865,42.33,26.191
Ligand Bound Core,BLUE,8.563,2.742,True,D,DG11,N2,29.441,38.897,26.501,D,HOH385,O,29.39,38.325,23.82
Thermal Noise,RED,3.773,3.485,False,D,DG11,N3,29.034,38.507,28.742,D,DT12,O4',26.323,37.083,27.078
Thermal Noise,RED,3.494,3.692,False,D,DG11,N3,29.034,38.507,28.742,D,DT12,N1,28.063,35.572,26.723
Thermal Noise,RED,3.015,3.668,False,D,DG11,O6,33.129,38.015,28.865,D,DT12,O4,31.701,34.68,28.321
Phase Boundary,YELLOW,4.249,3.438,False,D,DG11,O6,33.129,38.015,28.865,E,DA27,N6,33.955,35.484,26.69
Bound Backbone,BLUE,8.96,2.564,False,D,DG11,O6,33.129,38.015,28.865,E,DC28,N4,34.108,38.874,26.656
Ligand Boundary Hotspot,ORANGE,5.028,3.264,True,D,DG11,OP1,26.114,39.877,36.954,D,HOH348,O,26.258,37.648,39.334
Ligand Bound Core,BLUE,5.388,3.317,True,D,DG11,OP2,27.856,37.998,36.448,D,HOH348,O,26.258,37.648,39.334
Ligand Boundary Hotspot,ORANGE,4.501,3.432,True,D,DT12,P,24.445,35.623,30.7,A,THR50,OG1,22.199,36.475,33.151
Bound Backbone,BLUE,11.222,2.355,False,D,DT12,O3',24.334,36.308,24.804,D,DC13,O5',23.91,35.578,22.606
Thermal Noise,RED,3.288,3.777,False,D,DT12,O3',24.334,36.308,24.804,D,DC13,O4',27.06,34.584,22.838
Bound Backbone,BLUE,7.096,2.633,False,D,DT12,O3',24.334,36.308,24.804,D,DC13,OP1,22.73,37.673,23.224
Bound Backbone,BLUE,6.391,2.536,False,D,DT12,O3',24.334,36.308,24.804,D,DC13,OP2,22.005,35.451,24.283
Phase Boundary,YELLOW,4.802,3.19,False,D,DT12,O2,29.314,35.833,24.719,D,DC13,O4',27.06,34.584,22.838
Thermal Noise,RED,3.263,3.558,False,D,DT12,O2,29.314,35.833,24.719,D,DC13,N1,27.928,32.655,23.921
Thermal Noise,RED,3.451,3.637,False,D,DT12,O2,29.314,35.833,24.719,D,DC13,O2,30.045,32.707,23.01
Thermal Noise,RED,2.778,3.808,False,D,DT12,O2,29.314,35.833,24.719,D,DC13,N3,29.876,32.087,25.114
Thermal Noise,RED,3.741,3.273,False,D,DT12,O2,29.314,35.833,24.719,E,DA27,N1,32.571,35.547,24.866
Ligand Bound Core,BLUE,6.115,2.65,True,D,DT12,O2,29.314,35.833,24.719,D,HOH385,O,29.39,38.325,23.82
Thermal Noise,RED,3.583,3.522,False,D,DT12,N3,30.398,35.245,26.584,D,DC13,N3,29.876,32.087,25.114
Thermal Noise,RED,2.666,3.917,False,D,DT12,N3,30.398,35.245,26.584,D,DC13,N4,29.796,31.444,27.315
Thermal Noise,RED,2.829,3.762,False,D,DT12,N3,30.398,35.245,26.584,E,DG26,O6,32.36,32.037,26.472
Bound Backbone,BLUE,6.401,2.787,False,D,DT12,N3,30.398,35.245,26.584,E,DA27,N1,32.571,35.547,24.866
Thermal Noise,RED,3.148,3.567,False,D,DT12,N3,30.398,35.245,26.584,E,DA27,N6,33.955,35.484,26.69
Thermal Noise,RED,2.761,3.888,False,D,DT12,O4,31.701,34.68,28.321,D,DC13,N4,29.796,31.444,27.315
Phase Boundary,YELLOW,4.434,3.292,False,D,DT12,O4,31.701,34.68,28.321,E,DG26,O6,32.36,32.037,26.472
Phase Boundary,YELLOW,4.658,3.667,False,D,DT12,O4,31.701,34.68,28.321,E,DA27,N1,32.571,35.547,24.866
Bound Backbone,BLUE,5.735,2.896,False,D,DT12,O4,31.701,34.68,28.321,E,DA27,N6,33.955,35.484,26.69
Ligand Bound Core,BLUE,7.752,2.801,True,D,DT12,OP1,22.957,35.549,30.618,A,THR50,OG1,22.199,36.475,33.151
Ligand Boundary Hotspot,ORANGE,4.975,2.922,True,D,DT12,OP1,22.957,35.549,30.618,A,ARG51,N,20.385,36.598,29.711
Ligand Fluctuation Noise,RED,2.84,3.862,True,D,DC13,P,23.098,36.335,23.769,A,ARG51,NE,19.485,37.038,24.938
Ligand Fluctuation Noise,RED,2.654,3.892,True,D,DC13,P,23.098,36.335,23.769,A,ARG51,NH2,20.067,38.754,23.439
Ligand Fluctuation Noise,RED,2.881,3.92,True,D,DC13,P,23.098,36.335,23.769,D,HOH384,O,21.875,32.973,25.371
Ligand Fluctuation Noise,RED,2.889,3.735,True,D,DC13,O5',23.91,35.578,22.606,B,ARG46,NH2,21.465,32.782,22.209
Bound Backbone,BLUE,6.613,2.661,False,D,DC13,O3',25.795,33.195,20.021,D,DC14,O5',25.463,30.941,18.647
Thermal Noise,RED,3.509,3.434,False,D,DC13,O3',25.795,33.195,20.021,D,DC14,O4',28.207,30.883,19.226
Bound Backbone,BLUE,9.291,2.518,False,D,DC13,O3',25.795,33.195,20.021,D,DC14,OP1,24.523,33.058,17.852
Bound Backbone,BLUE,6.223,2.536,False,D,DC13,O3',25.795,33.195,20.021,D,DC14,OP2,23.578,31.964,19.989
Thermal Noise,RED,3.664,3.592,False,D,DC13,O2,30.045,32.707,23.01,D,DC14,N1,29.284,29.767,21.091
Thermal Noise,RED,3.336,3.465,False,D,DC13,O2,30.045,32.707,23.01,D,DC14,N3,30.721,29.311,22.885
Bound Backbone,BLUE,5.281,2.904,False,D,DC13,O2,30.045,32.707,23.01,E,DG26,N1,32.638,32.246,24.234
Phase Boundary,YELLOW,5.088,2.925,False,D,DC13,O2,30.045,32.707,23.01,E,DG26,N2,32.756,32.542,21.924
Thermal Noise,RED,3.695,3.659,False,D,DC13,N3,29.876,32.087,25.114,D,DC14,N3,30.721,29.311,22.885
Phase Boundary,YELLOW,4.089,3.129,False,D,DC13,N3,29.876,32.087,25.114,D,DC14,N4,29.95,28.96,25.03
Phase Boundary,YELLOW,5.026,2.903,False,D,DC13,N3,29.876,32.087,25.114,E,DG26,N1,32.638,32.246,24.234
Bound Backbone,BLUE,5.723,2.831,False,D,DC13,N3,29.876,32.087,25.114,E,DG26,O6,32.36,32.037,26.472
Phase Boundary,YELLOW,4.526,3.379,False,D,DC13,N4,29.796,31.444,27.315,D,DC14,N4,29.95,28.96,25.03
Bound Backbone,BLUE,5.551,2.763,False,D,DC13,N4,29.796,31.444,27.315,E,DG26,O6,32.36,32.037,26.472
Ligand Fluctuation Noise,RED,3.274,3.724,True,D,DC13,OP1,22.73,37.673,23.224,A,ARG51,NE,19.485,37.038,24.938
Ligand Boundary Hotspot,ORANGE,4.835,2.882,True,D,DC13,OP1,22.73,37.673,23.224,A,ARG51,NH2,20.067,38.754,23.439
Ligand Boundary Hotspot,ORANGE,4.431,3.049,True,D,DC13,OP2,22.005,35.451,24.283,A,ARG51,NE,19.485,37.038,24.938
Ligand Fluctuation Noise,RED,2.679,3.921,True,D,DC13,OP2,22.005,35.451,24.283,A,ARG51,NH2,20.067,38.754,23.439
Ligand Boundary Hotspot,ORANGE,4.681,3.286,True,D,DC13,OP2,22.005,35.451,24.283,B,ARG46,NE,19.767,34.301,22.169
Ligand Boundary Hotspot,ORANGE,4.214,3.423,True,D,DC13,OP2,22.005,35.451,24.283,B,ARG46,NH2,21.465,32.782,22.209
Ligand Bound Core,BLUE,6.011,2.709,True,D,DC13,OP2,22.005,35.451,24.283,D,HOH384,O,21.875,32.973,25.371
Bound Backbone,BLUE,6.918,2.485,False,D,DC14,O3',28.805,28.617,16.958,D,DT15,O5',30.439,26.929,16.147
Bound Backbone,BLUE,8.397,2.499,False,D,DC14,O3',28.805,28.617,16.958,D,DT15,OP1,28.2,26.933,15.214
Bound Backbone,BLUE,6.606,2.514,False,D,DC14,O3',28.805,28.617,16.958,D,DT15,OP2,28.439,26.218,17.616
Ligand Fluctuation Noise,RED,3.592,3.855,True,D,DC14,O3',28.805,28.617,16.958,B,GLN9,NE2,26.903,30.475,14.167
Thermal Noise,RED,3.811,3.539,False,D,DC14,O2,31.531,29.638,20.813,D,DT15,O4',32.515,26.851,18.867
Thermal Noise,RED,2.619,3.91,False,D,DC14,O2,31.531,29.638,20.813,D,DT15,N1,31.318,25.735,20.738
Thermal Noise,RED,3.454,3.884,False,D,DC14,O2,31.531,29.638,20.813,E,DG25,N1,34.206,28.759,23.488
Thermal Noise,RED,3.835,3.342,False,D,DC14,O2,31.531,29.638,20.813,E,DG26,N2,32.756,32.542,21.924
Ligand Bound Core,BLUE,6.809,2.438,True,D,DC14,O2,31.531,29.638,20.813,D,HOH322,O,33.924,29.304,20.485
Thermal Noise,RED,2.814,3.775,False,D,DC14,N3,30.721,29.311,22.885,D,DT15,N3,30.926,25.548,23.106
Thermal Noise,RED,3.18,3.58,False,D,DC14,N3,30.721,29.311,22.885,E,DG25,N1,34.206,28.759,23.488
Bound Backbone,BLUE,7.257,2.75,False,D,DC14,N3,30.721,29.311,22.885,E,DG25,O6,32.462,28.972,24.987
Thermal Noise,RED,3.069,3.756,False,D,DC14,N3,30.721,29.311,22.885,E,DG26,N1,32.638,32.246,24.234
Thermal Noise,RED,2.679,3.938,False,D,DC14,N3,30.721,29.311,22.885,E,DG26,N2,32.756,32.542,21.924
Thermal Noise,RED,2.878,3.821,False,D,DC14,N4,29.95,28.96,25.03,D,DT15,O4,28.827,25.468,23.96
Thermal Noise,RED,3.686,3.439,False,D,DC14,N4,29.95,28.96,25.03,E,DA24,N6,30.627,25.844,26.319
Bound Backbone,BLUE,6.341,2.512,False,D,DC14,N4,29.95,28.96,25.03,E,DG25,O6,32.462,28.972,24.987
Ligand Fluctuation Noise,RED,2.689,3.87,True,D,DC14,OP1,24.523,33.058,17.852,B,THR44,OG1,20.674,32.929,17.47
Ligand Fluctuation Noise,RED,3.202,3.964,True,D,DC14,OP2,23.578,31.964,19.989,B,THR44,OG1,20.674,32.929,17.47
Ligand Fluctuation Noise,RED,3.653,3.313,True,D,DC14,OP2,23.578,31.964,19.989,B,ARG46,NH1,20.584,33.371,20.162
Ligand Boundary Hotspot,ORANGE,5.217,3.172,True,D,DC14,OP2,23.578,31.964,19.989,B,ARG46,NH2,21.465,32.782,22.209
Ligand Fluctuation Noise,RED,3.324,3.963,True,D,DC14,OP2,23.578,31.964,19.989,D,HOH333,O,23.308,29.114,22.729
Ligand Boundary Hotspot,ORANGE,4.658,3.7,True,D,DT15,O5',30.439,26.929,16.147,B,ALA10,N,29.746,26.255,12.576
Ligand Boundary Hotspot,ORANGE,4.359,3.259,True,D,DT15,O4',32.515,26.851,18.867,D,HOH322,O,33.924,29.304,20.485
Bound Backbone,BLUE,6.032,2.576,False,D,DT15,O3',33.594,24.623,16.934,D,DC16,O5',34.813,22.354,16.927
Thermal Noise,RED,3.596,3.946,False,D,DT15,O3',33.594,24.623,16.934,D,DC16,O4',34.553,22.413,20.059
Bound Backbone,BLUE,8.546,2.493,False,D,DT15,O3',33.594,24.623,16.934,D,DC16,OP1,35.209,23.984,15.145
Bound Backbone,BLUE,7.601,2.567,False,D,DT15,O3',33.594,24.623,16.934,D,DC16,OP2,32.943,22.736,15.32
Bound Backbone,BLUE,7.036,3.033,False,D,DT15,O2,33.028,25.585,22.371,E,DA24,N1,32.627,25.251,25.359
Thermal Noise,RED,3.346,3.565,False,D,DT15,O2,33.028,25.585,22.371,E,DG25,N1,34.206,28.759,23.488
Thermal Noise,RED,3.296,3.509,False,D,DT15,N3,30.926,25.548,23.106,D,DC16,N3,31.023,22.079,22.59
Thermal Noise,RED,2.914,3.812,False,D,DT15,N3,30.926,25.548,23.106,D,DC16,N4,28.848,22.567,21.954
Bound Backbone,BLUE,6.958,2.839,False,D,DT15,N3,30.926,25.548,23.106,E,DA24,N1,32.627,25.251,25.359
Bound Backbone,BLUE,6.196,3.24,False,D,DT15,N3,30.926,25.548,23.106,E,DA24,N6,30.627,25.844,26.319
Thermal Noise,RED,3.879,3.527,False,D,DT15,O4,28.827,25.468,23.96,D,DC16,N4,28.848,22.567,21.954
Thermal Noise,RED,3.382,3.626,False,D,DT15,O4,28.827,25.468,23.96,E,DG23,N1,30.051,22.41,25.477
Phase Boundary,YELLOW,4.747,3.068,False,D,DT15,O4,28.827,25.468,23.96,E,DG23,O6,27.821,22.884,25.273
Bound Backbone,BLUE,6.244,2.991,False,D,DT15,O4,28.827,25.468,23.96,E,DA24,N6,30.627,25.844,26.319
Ligand Fluctuation Noise,RED,2.73,3.915,True,D,DT15,OP1,28.2,26.933,15.214,B,GLN9,NE2,26.903,30.475,14.167
Ligand Bound Core,BLUE,5.922,3.132,True,D,DT15,OP1,28.2,26.933,15.214,B,ALA10,N,29.746,26.255,12.576
Ligand Boundary Hotspot,ORANGE,4.379,3.68,True,D,DT15,OP1,28.2,26.933,15.214,B,ALA10,O,27.201,25.421,12.011
Ligand Boundary Hotspot,ORANGE,4.558,3.004,True,D,DT15,OP1,28.2,26.933,15.214,B,ARG15,NE,25.646,25.482,14.583
Ligand Fluctuation Noise,RED,2.732,3.837,True,D,DT15,OP1,28.2,26.933,15.214,B,ARG15,NH1,24.41,27.428,14.879
Ligand Fluctuation Noise,RED,3.494,3.761,True,D,DC16,P,34.09,23.434,15.968,B,CYS21,N,33.035,20.64,13.682
Bound Backbone,BLUE,7.325,2.436,False,D,DC16,O3',36.239,19.862,19.936,D,DC17,O5',37.979,18.411,20.83
Phase Boundary,YELLOW,4.358,3.819,False,D,DC16,O3',36.239,19.862,19.936,D,DC17,O4',37.117,19.292,23.609
Bound Backbone,BLUE,7.455,2.549,False,D,DC16,O3',36.239,19.862,19.936,D,DC17,OP1,38.249,19.306,18.47
Bound Backbone,BLUE,7.389,2.414,False,D,DC16,O3',36.239,19.862,19.936,D,DC17,OP2,36.363,17.6,19.102
Thermal Noise,RED,2.58,3.986,False,D,DC16,O2,33.118,21.647,23.152,D,DC17,N1,35.131,18.296,23.929
Thermal Noise,RED,3.968,3.363,False,D,DC16,O2,33.118,21.647,23.152,D,DC17,N3,32.903,18.629,24.619
Thermal Noise,RED,2.772,3.799,False,D,DC16,O2,33.118,21.647,23.152,D,DC17,N4,31.199,18.368,23.113
Thermal Noise,RED,3.181,3.924,False,D,DC16,O2,33.118,21.647,23.152,E,DG23,N1,30.051,22.41,25.477
Bound Backbone,BLUE,9.731,2.539,False,D,DC16,O2,33.118,21.647,23.152,E,DG23,N2,32.314,21.863,25.551
Thermal Noise,RED,2.878,3.752,False,D,DC16,N3,31.023,22.079,22.59,D,DC17,N4,31.199,18.368,23.113
Bound Backbone,BLUE,6.67,3.064,False,D,DC16,N3,31.023,22.079,22.59,E,DG23,N1,30.051,22.41,25.477
Bound Backbone,BLUE,5.851,3.237,False,D,DC16,N3,31.023,22.079,22.59,E,DG23,N2,32.314,21.863,25.551
Phase Boundary,YELLOW,4.523,3.726,False,D,DC16,N4,28.848,22.567,21.954,E,DG23,N1,30.051,22.41,25.477
Phase Boundary,YELLOW,5.182,3.489,False,D,DC16,N4,28.848,22.567,21.954,E,DG23,O6,27.821,22.884,25.273
Ligand Fluctuation Noise,RED,3.649,3.748,True,D,DC16,N4,28.848,22.567,21.954,B,LYS18,NZ,27.485,20.12,24.445
Ligand Fluctuation Noise,RED,3.832,3.869,True,D,DC16,OP1,35.209,23.984,15.145,B,CYS21,O,34.922,21.817,11.953
Ligand Fluctuation Noise,RED,3.148,3.615,True,D,DC16,OP2,32.943,22.736,15.32,B,LEU19,O,30.896,19.854,16.076
Ligand Bound Core,BLUE,7.01,2.662,True,D,DC16,OP2,32.943,22.736,15.32,B,CYS21,N,33.035,20.64,13.682
Bound Backbone,BLUE,8.432,2.416,False,D,DC17,O3',39.281,17.566,24.843,D,DG18,O5',39.732,15.688,26.294
Bound Backbone,BLUE,7.801,2.455,False,D,DC17,O3',39.281,17.566,24.843,D,DG18,OP1,41.372,17.572,26.129
Bound Backbone,BLUE,6.259,2.58,False,D,DC17,O3',39.281,17.566,24.843,D,DG18,OP2,41.122,15.882,24.185
Thermal Noise,RED,2.788,3.893,False,D,DC17,O2,34.599,18.688,26.111,D,DG18,O4',36.522,15.505,27.262
Thermal Noise,RED,3.579,3.36,False,D,DC17,O2,34.599,18.688,26.111,E,DG22,N1,31.274,18.941,26.52
Bound Backbone,BLUE,8.362,2.569,False,D,DC17,O2,34.599,18.688,26.111,E,DG22,N2,32.977,18.893,28.092
Thermal Noise,RED,2.596,3.952,False,D,DC17,O2,34.599,18.688,26.111,E,DG23,N2,32.314,21.863,25.551
Thermal Noise,RED,2.599,3.945,False,D,DC17,N3,32.903,18.629,24.619,D,DG18,N1,31.319,15.052,25.129
Bound Backbone,BLUE,8.56,2.523,False,D,DC17,N3,32.903,18.629,24.619,E,DG22,N1,31.274,18.941,26.52
Bound Backbone,BLUE,5.383,3.484,False,D,DC17,N3,32.903,18.629,24.619,E,DG22,N2,32.977,18.893,28.092
Thermal Noise,RED,3.786,3.26,False,D,DC17,N3,32.903,18.629,24.619,E,DG22,O6,29.672,18.945,24.917
Thermal Noise,RED,3.59,3.417,False,D,DC17,N3,32.903,18.629,24.619,E,DG23,N2,32.314,21.863,25.551
Thermal Noise,RED,3.11,3.883,False,D,DC17,N4,31.199,18.368,23.113,D,DG18,N1,31.319,15.052,25.129
Thermal Noise,RED,3.003,3.653,False,D,DC17,N4,31.199,18.368,23.113,D,DG18,O6,31.391,14.724,22.934
Thermal Noise,RED,3.097,3.688,False,D,DC17,N4,31.199,18.368,23.113,E,DC21,N3,28.562,16.017,24.17
Thermal Noise,RED,2.834,3.871,False,D,DC17,N4,31.199,18.368,23.113,E,DC21,N4,28.505,15.861,21.911
Bound Backbone,BLUE,5.424,3.456,False,D,DC17,N4,31.199,18.368,23.113,E,DG22,N1,31.274,18.941,26.52
Bound Backbone,BLUE,9.127,2.433,False,D,DC17,N4,31.199,18.368,23.113,E,DG22,O6,29.672,18.945,24.917
Ligand Bound Core,BLUE,6.692,3.066,True,D,DC17,N4,31.199,18.368,23.113,B,LYS18,O,30.248,18.135,20.208
Bound Backbone,BLUE,9.424,2.433,False,D,DG18,O3',37.372,13.141,28.848,D,DG19,O5',37.023,11.681,30.763
Thermal Noise,RED,3.443,3.624,False,D,DG18,O3',37.372,13.141,28.848,D,DG19,O4',34.199,12.519,30.484
Bound Backbone,BLUE,8.102,2.529,False,D,DG18,O3',37.372,13.141,28.848,D,DG19,OP1,39.201,12.841,30.568
Bound Backbone,BLUE,6.591,2.465,False,D,DG18,O3',37.372,13.141,28.848,D,DG19,OP2,38.481,10.941,28.927
Phase Boundary,YELLOW,4.164,3.154,False,D,DG18,N1,31.319,15.052,25.129,D,DG19,N1,30.569,12.079,25.868
Thermal Noise,RED,3.574,3.416,False,D,DG18,N1,31.319,15.052,25.129,D,DG19,O6,32.175,11.864,24.251
Thermal Noise,RED,3.27,3.794,False,D,DG18,N1,31.319,15.052,25.129,E,DC20,N4,29.733,12.242,23.133
Phase Boundary,YELLOW,4.194,3.234,False,D,DG18,N1,31.319,15.052,25.129,E,DC21,O2,28.581,16.228,26.386
Phase Boundary,YELLOW,4.496,3.074,False,D,DG18,N1,31.319,15.052,25.129,E,DC21,N3,28.562,16.017,24.17
Thermal Noise,RED,3.464,3.592,False,D,DG18,N2,30.983,15.298,27.408,D,DG19,N1,30.569,12.079,25.868
Thermal Noise,RED,2.877,3.73,False,D,DG18,N2,30.983,15.298,27.408,D,DG19,N2,28.819,12.261,27.325
Thermal Noise,RED,3.493,3.442,False,D,DG18,N2,30.983,15.298,27.408,D,DG19,N3,30.949,11.949,28.2
Bound Backbone,BLUE,5.663,2.771,False,D,DG18,N2,30.983,15.298,27.408,E,DC21,O2,28.581,16.228,26.386
Thermal Noise,RED,2.93,3.761,False,D,DG18,N2,30.983,15.298,27.408,E,DG22,N1,31.274,18.941,26.52
Thermal Noise,RED,2.672,3.922,False,D,DG18,N3,33.132,14.935,26.68,D,DG19,N1,30.569,12.079,25.868
Thermal Noise,RED,2.733,3.999,False,D,DG18,N3,33.132,14.935,26.68,D,DG19,N3,30.949,11.949,28.2
Thermal Noise,RED,3.032,3.635,False,D,DG18,N3,33.132,14.935,26.68,D,DG19,N7,34.046,11.42,26.537
Thermal Noise,RED,2.984,3.938,False,D,DG18,N3,33.132,14.935,26.68,D,DG19,N9,33.284,11.517,28.629
Phase Boundary,YELLOW,4.2,3.245,False,D,DG18,O6,31.391,14.724,22.934,D,DG19,O6,32.175,11.864,24.251
Phase Boundary,YELLOW,4.485,2.991,False,D,DG18,O6,31.391,14.724,22.934,E,DC20,N4,29.733,12.242,23.133
Thermal Noise,RED,3.882,3.347,False,D,DG18,O6,31.391,14.724,22.934,E,DC21,N3,28.562,16.017,24.17
Thermal Noise,RED,3.986,3.266,False,D,DG18,O6,31.391,14.724,22.934,E,DC21,N4,28.505,15.861,21.911
Thermal Noise,RED,3.388,3.502,False,D,DG18,N7,34.458,14.377,23.394,D,DG19,O6,32.175,11.864,24.251
Ligand Fluctuation Noise,RED,3.397,3.448,True,D,DG18,N7,34.458,14.377,23.394,D,HOH307,O,35.049,11.005,23.803
Thermal Noise,RED,3.625,3.413,False,D,DG18,N9,35.188,14.475,25.531,D,DG19,N7,34.046,11.42,26.537
Ligand Fluctuation Noise,RED,2.996,3.879,True,D,DG18,N9,35.188,14.475,25.531,D,HOH307,O,35.049,11.005,23.803
Bound Backbone,BLUE,5.378,2.876,False,D,DG19,N1,30.569,12.079,25.868,E,DC20,N3,27.966,12.3,24.666
Bound Backbone,BLUE,7.706,2.865,False,D,DG19,N1,30.569,12.079,25.868,E,DC20,N4,29.733,12.242,23.133
Bound Backbone,BLUE,5.295,2.904,False,D,DG19,N2,28.819,12.261,27.325,E,DC20,O2,26.196,12.394,26.086
Bound Backbone,BLUE,8.091,2.793,False,D,DG19,N2,28.819,12.261,27.325,E,DC20,N3,27.966,12.3,24.666
Bound Backbone,BLUE,6.029,2.712,False,D,DG19,O6,32.175,11.864,24.251,E,DC20,N4,29.733,12.242,23.133
Ligand Boundary Hotspot,ORANGE,4.411,3.033,True,D,DG19,O6,32.175,11.864,24.251,D,HOH307,O,35.049,11.005,23.803
Ligand Bound Core,BLUE,7.167,2.942,True,D,DG19,N7,34.046,11.42,26.537,D,HOH307,O,35.049,11.005,23.803
Ligand Fluctuation Noise,RED,4.021,3.96,True,E,DC20,O4',23.643,11.328,23.562,E,HOH392,O,24.39,12.298,19.796
Bound Backbone,BLUE,10.418,2.29,False,E,DC20,O3',21.761,13.021,25.064,E,DC21,O5',22.546,14.293,26.799
Bound Backbone,BLUE,8.331,2.446,False,E,DC20,O3',21.761,13.021,25.064,E,DC21,OP1,20.064,13.913,26.583
Bound Backbone,BLUE,6.411,2.501,False,E,DC20,O3',21.761,13.021,25.064,E,DC21,OP2,21.277,15.471,24.934
Thermal Noise,RED,3.67,3.357,False,E,DC20,O2,26.196,12.394,26.086,E,DC21,O4',24.945,15.413,26.853
Thermal Noise,RED,2.806,3.797,False,E,DC20,N3,27.966,12.3,24.666,E,DC21,N3,28.562,16.017,24.17
Bound Backbone,BLUE,8.931,2.635,False,E,DC21,O3',24.419,17.349,29.417,E,DG22,O5',24.586,18.311,31.864
Thermal Noise,RED,3.082,3.813,False,E,DC21,O3',24.419,17.349,29.417,E,DG22,O4',27.74,18.231,31.07
Bound Backbone,BLUE,7.129,2.543,False,E,DC21,O3',24.419,17.349,29.417,E,DG22,OP1,22.391,18.25,30.658
Bound Backbone,BLUE,6.679,2.466,False,E,DC21,O3',24.419,17.349,29.417,E,DG22,OP2,24.212,19.777,29.798
Thermal Noise,RED,3.395,3.667,False,E,DC21,N1,26.538,16.352,25.391,E,DG22,N7,27.645,19.392,27.118
Ligand Fluctuation Noise,RED,2.592,3.999,True,E,DC21,N1,26.538,16.352,25.391,B,LYS18,NZ,27.485,20.12,24.445
Thermal Noise,RED,2.738,3.825,False,E,DC21,O2,28.581,16.228,26.386,E,DG22,N1,31.274,18.941,26.52
Phase Boundary,YELLOW,4.207,3.276,False,E,DC21,O2,28.581,16.228,26.386,E,DG22,O6,29.672,18.945,24.917
Thermal Noise,RED,3.608,3.38,False,E,DC21,O2,28.581,16.228,26.386,E,DG22,N7,27.645,19.392,27.118
Thermal Noise,RED,3.994,3.219,False,E,DC21,N3,28.562,16.017,24.17,E,DG22,O6,29.672,18.945,24.917
Ligand Bound Core,BLUE,9.327,2.485,True,E,DC21,N4,28.505,15.861,21.911,B,LYS17,O,27.223,16.384,19.848
Ligand Boundary Hotspot,ORANGE,4.201,3.333,True,E,DC21,N4,28.505,15.861,21.911,B,LYS18,O,30.248,18.135,20.208
Bound Backbone,BLUE,7.304,2.399,False,E,DG22,O3',28.352,19.885,33.504,E,DG23,O5',29.621,21.806,34.177
Thermal Noise,RED,3.341,3.832,False,E,DG22,O3',28.352,19.885,33.504,E,DG23,O4',30.756,21.806,31.22
Bound Backbone,BLUE,10.754,2.446,False,E,DG22,O3',28.352,19.885,33.504,E,DG23,OP1,28.847,20.045,35.894
Bound Backbone,BLUE,7.444,2.519,False,E,DG22,O3',28.352,19.885,33.504,E,DG23,OP2,27.16,21.654,34.843
Ligand Fluctuation Noise,RED,4.052,3.709,True,E,DG22,O3',28.352,19.885,33.504,E,HOH332,O,27.997,17.617,36.417
Thermal Noise,RED,2.867,3.823,False,E,DG22,N1,31.274,18.941,26.52,E,DG23,N1,30.051,22.41,25.477
Thermal Noise,RED,4.005,3.249,False,E,DG22,N1,31.274,18.941,26.52,E,DG23,N2,32.314,21.863,25.551
Thermal Noise,RED,3.198,3.624,False,E,DG22,N1,31.274,18.941,26.52,E,DG23,N3,31.263,22.421,27.533
Thermal Noise,RED,3.212,3.964,False,E,DG22,N2,32.977,18.893,28.092,E,DG23,N2,32.314,21.863,25.551
Thermal Noise,RED,2.582,3.962,False,E,DG22,N2,32.977,18.893,28.092,E,DG23,N3,31.263,22.421,27.533
Ligand Bound Core,BLUE,7.716,2.911,True,E,DG22,N2,32.977,18.893,28.092,E,HOH344,O,32.948,19.088,30.996
Thermal Noise,RED,4.011,3.568,False,E,DG22,N3,30.789,19.121,28.87,E,DG23,O4',30.756,21.806,31.22
Thermal Noise,RED,3.375,3.592,False,E,DG22,N3,30.789,19.121,28.87,E,DG23,N3,31.263,22.421,27.533
Ligand Bound Core,BLUE,5.724,3.03,True,E,DG22,N3,30.789,19.121,28.87,E,HOH344,O,32.948,19.088,30.996
Thermal Noise,RED,3.262,3.53,False,E,DG22,O6,29.672,18.945,24.917,E,DG23,N1,30.051,22.41,25.477
Thermal Noise,RED,2.558,3.987,False,E,DG22,O6,29.672,18.945,24.917,E,DG23,N2,32.314,21.863,25.551
Ligand Bound Core,BLUE,6.406,2.527,True,E,DG22,O6,29.672,18.945,24.917,B,LYS18,NZ,27.485,20.12,24.445
Thermal Noise,RED,2.916,3.953,False,E,DG22,N7,27.645,19.392,27.118,E,DG23,O6,27.821,22.884,25.273
Ligand Bound Core,BLUE,8.266,2.775,True,E,DG22,N7,27.645,19.392,27.118,B,LYS18,NZ,27.485,20.12,24.445
Thermal Noise,RED,3.056,3.903,False,E,DG22,N9,28.361,19.441,29.244,E,DG23,O4',30.756,21.806,31.22
Thermal Noise,RED,2.559,3.957,False,E,DG22,N9,28.361,19.441,29.244,E,DG23,N9,29.831,23.111,29.415
Ligand Fluctuation Noise,RED,2.716,3.924,True,E,DG22,OP2,24.212,19.777,29.798,E,HOH430,O,24.263,23.56,28.758
Ligand Fluctuation Noise,RED,3.339,3.682,True,E,DG23,P,28.412,20.871,34.744,E,HOH332,O,27.997,17.617,36.417
Ligand Fluctuation Noise,RED,3.277,3.499,True,E,DG23,O4',30.756,21.806,31.22,E,HOH344,O,32.948,19.088,30.996
Bound Backbone,BLUE,6.608,2.524,False,E,DG23,O3',32.91,23.714,32.453,E,DA24,O5',35.212,24.456,33.176
Phase Boundary,YELLOW,4.55,3.356,False,E,DG23,O3',32.91,23.714,32.453,E,DA24,O4',35.397,23.377,30.225
Thermal Noise,RED,3.965,3.896,False,E,DG23,O3',32.91,23.714,32.453,E,DA24,N9,34.211,24.929,28.988
Bound Backbone,BLUE,10.473,2.468,False,E,DG23,O3',32.91,23.714,32.453,E,DA24,OP1,33.322,24.194,34.839
Bound Backbone,BLUE,6.752,2.489,False,E,DG23,O3',32.91,23.714,32.453,E,DA24,OP2,33.371,26.068,33.119
Thermal Noise,RED,2.72,3.837,False,E,DG23,N1,30.051,22.41,25.477,E,DA24,N1,32.627,25.251,25.359
Thermal Noise,RED,3.228,3.582,False,E,DG23,N1,30.051,22.41,25.477,E,DA24,N6,30.627,25.844,26.319
Ligand Fluctuation Noise,RED,3.267,3.591,True,E,DG23,N1,30.051,22.41,25.477,B,LYS18,NZ,27.485,20.12,24.445
Thermal Noise,RED,3.453,3.408,False,E,DG23,N2,32.314,21.863,25.551,E,DA24,N1,32.627,25.251,25.359
Thermal Noise,RED,2.843,3.843,False,E,DG23,N2,32.314,21.863,25.551,E,DA24,N3,34.624,24.742,26.621
Thermal Noise,RED,3.307,3.82,False,E,DG23,N3,31.263,22.421,27.533,E,DA24,N1,32.627,25.251,25.359
Thermal Noise,RED,3.147,3.687,False,E,DG23,N3,31.263,22.421,27.533,E,DA24,N6,30.627,25.844,26.319
Thermal Noise,RED,3.553,3.53,False,E,DG23,N3,31.263,22.421,27.533,E,DA24,N7,32.079,25.537,28.978
Ligand Boundary Hotspot,ORANGE,4.988,2.905,True,E,DG23,O6,27.821,22.884,25.273,B,LYS18,NZ,27.485,20.12,24.445
Ligand Fluctuation Noise,RED,2.995,3.675,True,E,DG23,N7,27.905,23.441,28.28,E,HOH430,O,24.263,23.56,28.758
Thermal Noise,RED,3.635,3.336,False,E,DG23,N9,29.831,23.111,29.415,E,DA24,N7,32.079,25.537,28.978
Ligand Bound Core,BLUE,5.954,2.625,True,E,DG23,OP1,28.847,20.045,35.894,E,HOH332,O,27.997,17.617,36.417
Bound Backbone,BLUE,6.76,2.561,False,E,DA24,O3',38.196,24.642,30.237,E,DG25,O5',39.556,26.539,29.184
Bound Backbone,BLUE,6.778,2.489,False,E,DA24,O3',38.196,24.642,30.237,E,DG25,OP1,40.549,25.067,30.927
Bound Backbone,BLUE,7.462,2.486,False,E,DA24,O3',38.196,24.642,30.237,E,DG25,OP2,38.675,26.756,31.455
Thermal Noise,RED,2.874,3.743,False,E,DA24,N1,32.627,25.251,25.359,E,DG25,O6,32.462,28.972,24.987
Thermal Noise,RED,2.974,3.695,False,E,DA24,N3,34.624,24.742,26.621,E,DG25,N7,34.449,28.39,27.181
Thermal Noise,RED,2.652,3.885,False,E,DA24,N3,34.624,24.742,26.621,E,DG25,N9,36.567,28.106,26.577
Thermal Noise,RED,2.884,3.863,False,E,DA24,N6,30.627,25.844,26.319,E,DG25,O6,32.462,28.972,24.987
Thermal Noise,RED,2.971,3.912,False,E,DA24,N9,34.211,24.929,28.988,E,DG25,N7,34.449,28.39,27.181
Bound Backbone,BLUE,7.556,2.505,False,E,DG25,O3',40.242,28.625,25.521,E,DG26,O5',40.899,30.631,24.173
Bound Backbone,BLUE,7.783,2.422,False,E,DG25,O3',40.242,28.625,25.521,E,DG26,OP1,42.376,28.744,24.382
Bound Backbone,BLUE,7.092,2.462,False,E,DG25,O3',40.242,28.625,25.521,E,DG26,OP2,41.872,30.267,26.364
Thermal Noise,RED,2.699,3.895,False,E,DG25,N1,34.206,28.759,23.488,E,DG26,N1,32.638,32.246,24.234
Thermal Noise,RED,2.725,3.843,False,E,DG25,N1,34.206,28.759,23.488,E,DG26,N3,34.742,32.547,23.126
Ligand Bound Core,BLUE,6.862,3.065,True,E,DG25,N1,34.206,28.759,23.488,D,HOH322,O,33.924,29.304,20.485
Thermal Noise,RED,3.257,3.671,False,E,DG25,N2,36.1,28.65,21.958,E,DG26,O4',38.064,31.401,23.391
Ligand Bound Core,BLUE,6.486,2.708,True,E,DG25,N2,36.1,28.65,21.958,D,HOH322,O,33.924,29.304,20.485
Ligand Fluctuation Noise,RED,3.479,3.712,True,E,DG25,N2,36.1,28.65,21.958,E,HOH406,O,35.26,31.615,19.889
Thermal Noise,RED,3.248,3.563,False,E,DG25,N3,36.417,28.339,24.172,E,DG26,O4',38.064,31.401,23.391
Thermal Noise,RED,3.649,3.364,False,E,DG25,O6,32.462,28.972,24.987,E,DG26,N1,32.638,32.246,24.234
Thermal Noise,RED,3.864,3.407,False,E,DG25,O6,32.462,28.972,24.987,E,DG26,O6,32.36,32.037,26.472
Bound Backbone,BLUE,8.619,2.361,False,E,DG26,O3',39.532,33.793,22.03,E,DA27,O5',39.523,35.747,20.705
Thermal Noise,RED,3.993,3.314,False,E,DG26,O3',39.532,33.793,22.03,E,DA27,O4',36.778,35.115,20.746
Bound Backbone,BLUE,7.815,2.476,False,E,DG26,O3',39.532,33.793,22.03,E,DA27,OP1,41.521,34.315,20.65
Bound Backbone,BLUE,7.092,2.452,False,E,DG26,O3',39.532,33.793,22.03,E,DA27,OP2,40.999,35.594,22.814
Thermal Noise,RED,3.621,3.362,False,E,DG26,N1,32.638,32.246,24.234,E,DA27,N1,32.571,35.547,24.866
Thermal Noise,RED,3.343,3.507,False,E,DG26,N2,32.756,32.542,21.924,E,DA27,N3,33.394,35.913,22.652
Ligand Fluctuation Noise,RED,3.147,3.731,True,E,DG26,N2,32.756,32.542,21.924,D,HOH322,O,33.924,29.304,20.485
Ligand Boundary Hotspot,ORANGE,4.734,3.095,True,E,DG26,N2,32.756,32.542,21.924,E,HOH328,O,32.376,35.268,20.508
Ligand Boundary Hotspot,ORANGE,4.381,3.357,True,E,DG26,N2,32.756,32.542,21.924,E,HOH406,O,35.26,31.615,19.889
Thermal Noise,RED,3.025,3.657,False,E,DG26,N3,34.742,32.547,23.126,E,DA27,N3,33.394,35.913,22.652
Thermal Noise,RED,2.813,3.8,False,E,DG26,N3,34.742,32.547,23.126,E,DA27,N9,35.794,36.152,22.544
Ligand Bound Core,BLUE,5.424,3.408,True,E,DG26,N3,34.742,32.547,23.126,E,HOH406,O,35.26,31.615,19.889
Thermal Noise,RED,2.972,3.866,False,E,DG26,O6,32.36,32.037,26.472,E,DA27,N1,32.571,35.547,24.866
Thermal Noise,RED,2.771,3.804,False,E,DG26,O6,32.36,32.037,26.472,E,DA27,N6,33.955,35.484,26.69
Thermal Noise,RED,3.173,3.552,False,E,DG26,N7,35.425,32.251,26.647,E,DA27,N6,33.955,35.484,26.69
Thermal Noise,RED,3.454,3.404,False,E,DG26,N9,36.574,32.541,24.743,E,DA27,N7,36.249,35.929,24.69
Ligand Fluctuation Noise,RED,2.698,3.91,True,E,DA27,O4',36.778,35.115,20.746,E,HOH406,O,35.26,31.615,19.889
Bound Backbone,BLUE,6.112,2.595,False,E,DA27,O3',36.201,37.134,18.39,E,DC28,O5',34.539,39.05,17.841
Bound Backbone,BLUE,10.198,2.463,False,E,DA27,O3',36.201,37.134,18.39,E,DC28,OP1,35.986,38.038,16.109
Bound Backbone,BLUE,6.192,2.569,False,E,DA27,O3',36.201,37.134,18.39,E,DC28,OP2,37.016,39.525,17.923
Phase Boundary,YELLOW,4.559,3.282,False,E,DA27,N3,33.394,35.913,22.652,E,DC28,O4',32.599,38.423,20.693
Thermal Noise,RED,3.216,3.531,False,E,DA27,N3,33.394,35.913,22.652,E,DC28,N1,32.878,39.401,22.839
Thermal Noise,RED,2.553,3.969,False,E,DA27,N3,33.394,35.913,22.652,E,DC28,O2,35.09,39.485,22.313
Thermal Noise,RED,2.917,3.941,False,E,DA27,N3,33.394,35.913,22.652,E,DC28,N3,34.584,39.213,24.448
Ligand Bound Core,BLUE,9.815,2.459,True,E,DA27,N3,33.394,35.913,22.652,E,HOH328,O,32.376,35.268,20.508
Thermal Noise,RED,3.475,3.394,False,E,DA27,N6,33.955,35.484,26.69,E,DC28,N4,34.108,38.874,26.656
Thermal Noise,RED,2.947,3.69,False,E,DA27,N7,36.249,35.929,24.69,E,DC28,N3,34.584,39.213,24.448
Thermal Noise,RED,3.443,3.414,False,E,DA27,N9,35.794,36.152,22.544,E,DC28,O2,35.09,39.485,22.313
Thermal Noise,RED,3.209,3.803,False,E,DA27,N9,35.794,36.152,22.544,E,DC28,N3,34.584,39.213,24.448
Ligand Fluctuation Noise,RED,3.996,3.168,True,E,DC28,O4',32.599,38.423,20.693,E,HOH328,O,32.376,35.268,20.508
Bound Backbone,BLUE,7.063,2.389,False,E,DC28,O3',31.016,40.579,19.338,E,DT29,O5',29.176,42.081,19.596
Thermal Noise,RED,3.6,3.952,False,E,DC28,O3',31.016,40.579,19.338,E,DT29,O4',28.774,41.38,22.493
Bound Backbone,BLUE,8.445,2.571,False,E,DC28,O3',31.016,40.579,19.338,E,DT29,OP1,30.039,41.827,17.314
Bound Backbone,BLUE,6.674,2.45,False,E,DC28,O3',31.016,40.579,19.338,E,DT29,OP2,31.337,43.006,19.24
Ligand Fluctuation Noise,RED,2.921,3.78,True,E,DC28,N1,32.878,39.401,22.839,D,HOH385,O,29.39,38.325,23.82
Thermal Noise,RED,3.066,3.614,False,E,DC28,N4,34.108,38.874,26.656,E,DT29,O4,33.096,42.342,26.554
Ligand Fluctuation Noise,RED,3.829,3.387,True,E,DT29,O4',28.774,41.38,22.493,D,HOH385,O,29.39,38.325,23.82
Bound Backbone,BLUE,7.749,2.354,False,E,DT29,O3',26.377,43.193,22.006,E,DG30,O5',25.303,45.13,22.804
Phase Boundary,YELLOW,4.419,3.755,False,E,DT29,O3',26.377,43.193,22.006,E,DG30,O4',26.506,44.513,25.519
Bound Backbone,BLUE,7.01,2.483,False,E,DT29,O3',26.377,43.193,22.006,E,DG30,OP1,24.109,43.692,21.128
Bound Backbone,BLUE,8.28,2.481,False,E,DT29,O3',26.377,43.193,22.006,E,DG30,OP2,26.212,45.06,20.381
Thermal Noise,RED,3.725,3.448,False,E,DT29,N1,29.989,42.599,24.014,E,DG30,N7,30.7,45.663,25.427
Thermal Noise,RED,3.081,3.929,False,E,DT29,N1,29.989,42.599,24.014,E,DG30,N9,28.583,45.58,26.153
Phase Boundary,YELLOW,4.081,3.143,False,E,DT29,O2,28.64,42.23,25.851,E,DG30,O4',26.506,44.513,25.519
Thermal Noise,RED,3.554,3.364,False,E,DT29,O2,28.64,42.23,25.851,E,DG30,N9,28.583,45.58,26.153
Thermal Noise,RED,2.879,3.868,False,E,DT29,N3,30.865,42.33,26.191,E,DG30,O6,32.97,45.285,27.533
Thermal Noise,RED,3.523,3.423,False,E,DT29,N3,30.865,42.33,26.191,E,DG30,N7,30.7,45.663,25.427
Thermal Noise,RED,2.538,3.971,False,E,DT29,N3,30.865,42.33,26.191,E,DG30,N9,28.583,45.58,26.153
Phase Boundary,YELLOW,4.416,3.104,False,E,DT29,O4,33.096,42.342,26.554,E,DG30,O6,32.97,45.285,27.533
Ligand Boundary Hotspot,ORANGE,4.92,2.852,True,E,DT29,O4,33.096,42.342,26.554,D,HOH352,O,35.915,42.774,26.583
Bound Backbone,BLUE,9.926,2.523,False,E,DG30,O3',24.62,46.792,26.672,E,DT31,O5',24.64,47.551,29.078
Bound Backbone,BLUE,7.213,2.472,False,E,DG30,O3',24.62,46.792,26.672,E,DT31,OP1,23.013,48.39,27.66
Bound Backbone,BLUE,6.311,2.565,False,E,DG30,O3',24.62,46.792,26.672,E,DT31,OP2,25.429,49.145,27.296
Thermal Noise,RED,3.366,3.989,False,E,DG30,N1,31.303,45.12,29.028,E,DT31,O2,30.342,47.675,31.937
Thermal Noise,RED,3.604,3.405,False,E,DG30,N1,31.303,45.12,29.028,E,DT31,N3,30.933,48.384,29.923
Phase Boundary,YELLOW,4.582,2.956,False,E,DG30,N2,29.77,44.929,30.727,E,DT31,O4',27.101,46.197,30.642
Thermal Noise,RED,3.907,3.217,False,E,DG30,N2,29.77,44.929,30.727,E,DT31,N1,28.68,47.928,30.321
Phase Boundary,YELLOW,4.717,3.055,False,E,DG30,N2,29.77,44.929,30.727,E,DT31,O2,30.342,47.675,31.937
Thermal Noise,RED,2.956,3.733,False,E,DG30,N2,29.77,44.929,30.727,E,DT31,N3,30.933,48.384,29.923
Bound Backbone,BLUE,5.975,2.971,False,E,DG30,N3,28.962,45.22,28.542,E,DT31,O4',27.101,46.197,30.642
Phase Boundary,YELLOW,4.504,3.252,False,E,DG30,N3,28.962,45.22,28.542,E,DT31,N1,28.68,47.928,30.321
Thermal Noise,RED,2.727,3.975,False,E,DG30,N3,28.962,45.22,28.542,E,DT31,N3,30.933,48.384,29.923
Ligand Fluctuation Noise,RED,2.611,3.985,True,E,DG30,O6,32.97,45.285,27.533,D,HOH352,O,35.915,42.774,26.583
Bound Backbone,BLUE,10.669,2.346,False,E,DT31,O3',25.466,47.077,32.988,E,DC32,O5',25.436,48.284,35.0
Thermal Noise,RED,2.768,3.977,False,E,DT31,O3',25.466,47.077,32.988,E,DC32,O4',28.429,49.246,34.514
Bound Backbone,BLUE,8.726,2.527,False,E,DT31,O3',25.466,47.077,32.988,E,DC32,OP1,24.144,46.241,34.973
Bound Backbone,BLUE,6.513,2.538,False,E,DT31,O3',25.466,47.077,32.988,E,DC32,OP2,23.342,48.277,33.689
Thermal Noise,RED,2.887,3.802,False,E,DT31,N1,28.68,47.928,30.321,E,DC32,N3,30.302,51.222,31.307
Phase Boundary,YELLOW,4.172,3.573,False,E,DT31,O2,30.342,47.675,31.937,E,DC32,O4',28.429,49.246,34.514
Thermal Noise,RED,2.925,3.799,False,E,DT31,O2,30.342,47.675,31.937,E,DC32,N1,28.742,50.935,33.053
Thermal Noise,RED,4.041,3.327,False,E,DT31,O2,30.342,47.675,31.937,E,DC32,O2,30.982,50.609,33.37
Thermal Noise,RED,3.143,3.603,False,E,DT31,O2,30.342,47.675,31.937,E,DC32,N3,30.302,51.222,31.307
Phase Boundary,YELLOW,4.314,3.22,False,E,DT31,N3,30.933,48.384,29.923,E,DC32,N3,30.302,51.222,31.307
Thermal Noise,RED,2.773,3.837,False,E,DT31,N3,30.933,48.384,29.923,E,DC32,N4,29.571,51.905,29.237
Thermal Noise,RED,3.045,3.752,False,E,DT31,O4,31.688,49.072,27.984,E,DC32,N4,29.571,51.905,29.237
Ligand Bound Core,BLUE,7.999,2.776,True,E,DT31,O4,31.688,49.072,27.984,E,HOH391,O,32.716,49.404,25.427
Ligand Boundary Hotspot,ORANGE,4.307,3.208,True,E,DT31,OP1,23.013,48.39,27.66,B,ARG51,N,20.285,47.335,28.977
Ligand Boundary Hotspot,ORANGE,4.53,3.033,True,E,DC32,P,24.471,47.422,34.145,B,ARG51,NH1,21.585,46.898,34.916
Ligand Fluctuation Noise,RED,3.19,3.654,True,E,DC32,P,24.471,47.422,34.145,E,HOH356,O,23.521,50.754,32.985
Ligand Fluctuation Noise,RED,3.435,3.719,True,E,DC32,O5',25.436,48.284,35.0,E,HOH356,O,23.521,50.754,32.985
Bound Backbone,BLUE,8.489,2.457,False,E,DC32,O3',27.835,50.489,37.341,E,DC33,O5',28.586,52.166,38.972
Thermal Noise,RED,3.069,3.619,False,E,DC32,O3',27.835,50.489,37.341,E,DC33,O4',30.915,52.366,37.048
Bound Backbone,BLUE,10.626,2.466,False,E,DC32,O3',27.835,50.489,37.341,E,DC33,OP1,27.736,50.05,39.766
Bound Backbone,BLUE,7.024,2.603,False,E,DC32,O3',27.835,50.489,37.341,E,DC33,OP2,26.112,51.828,38.76
Thermal Noise,RED,3.277,3.731,False,E,DC32,O2,30.982,50.609,33.37,E,DC33,N1,30.873,53.903,35.118
Thermal Noise,RED,2.69,3.874,False,E,DC32,O2,30.982,50.609,33.37,E,DC33,N3,31.401,54.433,32.91
Thermal Noise,RED,3.17,3.753,False,E,DC32,N3,30.302,51.222,31.307,E,DC33,N3,31.401,54.433,32.91
Thermal Noise,RED,3.063,3.615,False,E,DC32,N3,30.302,51.222,31.307,E,DC33,N4,29.741,54.793,31.361
Thermal Noise,RED,3.799,3.589,False,E,DC32,N4,29.571,51.905,29.237,E,DC33,N4,29.741,54.793,31.361
Ligand Bound Core,BLUE,5.732,2.643,True,E,DC32,OP1,24.144,46.241,34.973,B,ARG51,NH1,21.585,46.898,34.916
Ligand Bound Core,BLUE,7.072,2.548,True,E,DC32,OP2,23.342,48.277,33.689,B,ARG51,NH1,21.585,46.898,34.916
Ligand Bound Core,BLUE,6.29,2.581,True,E,DC32,OP2,23.342,48.277,33.689,E,HOH356,O,23.521,50.754,32.985
Bound Backbone,BLUE,6.468,2.586,False,E,DC33,O3',31.814,54.828,39.374,E,DT34,O5',33.131,56.854,40.294
Phase Boundary,YELLOW,4.468,3.321,False,E,DC33,O3',31.814,54.828,39.374,E,DT34,O4',33.84,56.534,37.37
Bound Backbone,BLUE,9.63,2.454,False,E,DC33,O3',31.814,54.828,39.374,E,DT34,OP1,31.134,55.972,41.436
Bound Backbone,BLUE,6.172,2.55,False,E,DC33,O3',31.814,54.828,39.374,E,DT34,OP2,30.928,57.213,39.205
Ligand Fluctuation Noise,RED,2.596,3.933,True,E,DC33,O3',31.814,54.828,39.374,A,ARG15,NH1,28.492,56.913,39.664
Thermal Noise,RED,3.572,3.887,False,E,DC33,O2,33.001,54.059,34.492,E,DT34,O4',33.84,56.534,37.37
Thermal Noise,RED,2.922,3.817,False,E,DC33,O2,33.001,54.059,34.492,E,DT34,N1,32.448,57.637,35.702
Thermal Noise,RED,3.641,3.364,False,E,DC33,N3,31.401,54.433,32.91,E,DT34,N3,31.246,57.714,33.637
Thermal Noise,RED,3.022,3.997,False,E,DC33,N4,29.741,54.793,31.361,E,DT34,N3,31.246,57.714,33.637
Thermal Noise,RED,3.815,3.598,False,E,DC33,N4,29.741,54.793,31.361,E,DT34,O4,28.939,57.539,33.543
Ligand Fluctuation Noise,RED,3.76,3.28,True,E,DT34,P,31.683,56.283,40.084,A,ARG15,NH1,28.492,56.913,39.664
Ligand Fluctuation Noise,RED,3.893,3.572,True,E,DT34,O5',33.131,56.854,40.294,A,GLU8,O,35.739,55.796,42.494
Ligand Boundary Hotspot,ORANGE,4.886,3.616,True,E,DT34,O5',33.131,56.854,40.294,A,ALA10,N,33.497,57.688,43.793
Bound Backbone,BLUE,6.354,2.519,False,E,DT34,O3',36.118,58.702,38.475,E,DC35,O5',37.081,61.014,38.21
Thermal Noise,RED,3.933,3.811,False,E,DT34,O3',36.118,58.702,38.475,E,DC35,O4',36.274,60.88,35.351
Bound Backbone,BLUE,7.979,2.523,False,E,DT34,O3',36.118,58.702,38.475,E,DC35,OP1,37.802,59.619,40.114
Bound Backbone,BLUE,7.551,2.562,False,E,DT34,O3',36.118,58.702,38.475,E,DC35,OP2,35.419,60.604,40.042
Thermal Noise,RED,2.773,3.799,False,E,DT34,O2,33.53,57.969,33.645,E,DC35,N3,32.107,61.491,33.603
Thermal Noise,RED,2.667,3.874,False,E,DT34,N3,31.246,57.714,33.637,E,DC35,N3,32.107,61.491,33.603
Thermal Noise,RED,3.121,3.666,False,E,DT34,N3,31.246,57.714,33.637,E,DC35,N4,30.104,61.049,34.644
Thermal Noise,RED,2.827,3.859,False,E,DT34,O4,28.939,57.539,33.543,E,DC35,N4,30.104,61.049,34.644
Ligand Bound Core,BLUE,8.093,2.744,True,E,DT34,OP1,31.134,55.972,41.436,A,GLN9,NE2,30.079,55.487,43.922
Ligand Fluctuation Noise,RED,3.555,3.753,True,E,DT34,OP1,31.134,55.972,41.436,A,ALA10,N,33.497,57.688,43.793
Ligand Boundary Hotspot,ORANGE,4.297,3.317,True,E,DT34,OP1,31.134,55.972,41.436,A,ARG15,NH1,28.492,56.913,39.664
Ligand Bound Core,BLUE,6.557,2.497,True,E,DT34,OP2,30.928,57.213,39.205,A,ARG15,NH1,28.492,56.913,39.664
Bound Backbone,BLUE,8.569,2.437,False,E,DC35,O3',37.905,63.415,34.727,E,DC36,O5',38.991,64.906,33.134
Phase Boundary,YELLOW,4.833,3.658,False,E,DC35,O3',37.905,63.415,34.727,E,DC36,O4',37.282,63.614,31.128
Bound Backbone,BLUE,6.705,2.507,False,E,DC35,O3',37.905,63.415,34.727,E,DC36,OP1,40.005,64.577,35.453
Bound Backbone,BLUE,6.653,2.464,False,E,DC35,O3',37.905,63.415,34.727,E,DC36,OP2,37.785,65.858,35.025
Thermal Noise,RED,2.796,3.953,False,E,DC35,O2,34.065,61.874,32.627,E,DC36,O4',37.282,63.614,31.128
Thermal Noise,RED,3.578,3.522,False,E,DC35,O2,34.065,61.874,32.627,E,DC36,N1,35.183,64.879,31.169
Thermal Noise,RED,3.344,3.653,False,E,DC35,O2,34.065,61.874,32.627,E,DC36,N3,32.807,64.932,31.075
Thermal Noise,RED,2.67,3.897,False,E,DC35,N3,32.107,61.491,33.603,E,DC36,N4,31.561,65.308,33.036
Ligand Fluctuation Noise,RED,3.009,3.933,True,E,DC35,N4,30.104,61.049,34.644,A,LYS18,NZ,26.719,61.268,32.654
Ligand Bound Core,BLUE,6.557,2.799,True,E,DC35,OP1,37.802,59.619,40.114,A,LYS23,NZ,39.4,58.281,41.982
Ligand Fluctuation Noise,RED,3.148,3.656,True,E,DC35,OP2,35.419,60.604,40.042,A,LEU19,O,33.661,63.637,39.006
Ligand Boundary Hotspot,ORANGE,4.255,3.304,True,E,DC35,OP2,35.419,60.604,40.042,A,CYS21,N,35.837,63.43,41.702
Bound Backbone,BLUE,8.805,2.53,False,E,DC36,O3',39.048,65.057,29.004,E,DG37,O5',39.183,66.567,26.979
Bound Backbone,BLUE,7.954,2.505,False,E,DC36,O3',39.048,65.057,29.004,E,DG37,OP1,41.006,65.032,27.441
Bound Backbone,BLUE,5.859,2.614,False,E,DC36,O3',39.048,65.057,29.004,E,DG37,OP2,40.761,67.031,28.989
Thermal Noise,RED,2.575,3.952,False,E,DC36,N1,35.183,64.879,31.169,E,DG37,N7,35.124,68.815,31.522
Thermal Noise,RED,3.314,3.682,False,E,DC36,O2,34.044,64.612,29.227,E,DG37,O4',35.92,67.337,27.611
Thermal Noise,RED,3.047,3.631,False,E,DC36,N3,32.807,64.932,31.075,E,DG37,N1,31.54,68.323,30.786
Thermal Noise,RED,2.927,3.94,False,E,DC36,N3,32.807,64.932,31.075,E,DG37,O6,32.374,68.4,32.895
Thermal Noise,RED,3.471,3.762,False,E,DC36,N4,31.561,65.308,33.036,E,DG37,N1,31.54,68.323,30.786
Thermal Noise,RED,3.913,3.2,False,E,DC36,N4,31.561,65.308,33.036,E,DG37,O6,32.374,68.4,32.895
Ligand Bound Core,BLUE,8.874,2.715,True,E,DC36,N4,31.561,65.308,33.036,A,LYS18,O,31.484,65.418,35.748
Bound Backbone,BLUE,8.768,2.389,False,E,DG37,O3',36.849,69.407,25.324,E,DG38,O5',36.218,71.157,23.825
Thermal Noise,RED,3.105,3.65,False,E,DG37,O3',36.849,69.407,25.324,E,DG38,O4',33.508,70.615,24.488
Bound Backbone,BLUE,8.961,2.525,False,E,DG37,O3',36.849,69.407,25.324,E,DG38,OP1,38.252,69.761,23.255
Bound Backbone,BLUE,6.388,2.506,False,E,DG37,O3',36.849,69.407,25.324,E,DG38,OP2,38.284,71.456,25.18
Thermal Noise,RED,2.846,3.826,False,E,DG37,N1,31.54,68.323,30.786,E,DG38,N1,30.752,71.939,29.816
Thermal Noise,RED,2.885,3.818,False,E,DG37,N2,30.513,68.285,28.734,E,DG38,N1,30.752,71.939,29.816
Thermal Noise,RED,3.209,3.532,False,E,DG37,N2,30.513,68.285,28.734,E,DG38,N2,28.799,71.372,28.633
Thermal Noise,RED,3.362,3.594,False,E,DG37,N2,30.513,68.285,28.734,E,DG38,N3,30.767,71.62,27.418
Ligand Fluctuation Noise,RED,3.184,3.617,True,E,DG37,N2,30.513,68.285,28.734,D,HOH319,O,27.041,67.851,27.818
Thermal Noise,RED,2.791,3.929,False,E,DG37,N3,32.823,68.562,28.78,E,DG38,N3,30.767,71.62,27.418
Thermal Noise,RED,2.717,3.849,False,E,DG37,N3,32.823,68.562,28.78,E,DG38,N7,34.165,72.151,28.414
Thermal Noise,RED,3.107,3.946,False,E,DG37,N3,32.823,68.562,28.78,E,DG38,N9,33.069,71.787,26.519
Thermal Noise,RED,3.25,3.576,False,E,DG37,N9,35.175,68.835,29.293,E,DG38,N7,34.165,72.151,28.414
Phase Boundary,YELLOW,4.684,2.945,False,A,GLU8,N,37.965,54.241,44.883,A,GLN9,N,35.123,54.865,44.426
Bound Backbone,BLUE,11.873,2.231,False,A,GLU8,O,35.739,55.796,42.494,A,GLN9,N,35.123,54.865,44.426
Phase Boundary,YELLOW,4.293,3.208,False,A,GLU8,O,35.739,55.796,42.494,A,ALA10,N,33.497,57.688,43.793
Thermal Noise,RED,3.718,3.319,False,A,GLN9,N,35.123,54.865,44.426,A,ALA10,N,33.497,57.688,43.793
Bound Backbone,BLUE,12.679,2.239,False,A,GLN9,O,33.928,57.253,45.947,A,ALA10,N,33.497,57.688,43.793
Phase Boundary,YELLOW,4.2,3.203,False,A,GLN9,O,33.928,57.253,45.947,A,ALA10,O,31.213,58.539,44.837
Thermal Noise,RED,2.78,3.807,False,A,GLN9,O,33.928,57.253,45.947,A,CYS11,N,32.026,60.527,45.548
Thermal Noise,RED,3.662,3.382,False,A,GLN9,NE2,30.079,55.487,43.922,A,ALA10,O,31.213,58.539,44.837
Bound Backbone,BLUE,5.882,2.864,False,A,GLN9,NE2,30.079,55.487,43.922,A,HOH387,O,28.389,57.129,45.55
Bound Backbone,BLUE,5.595,2.908,False,A,GLN9,OE1,29.928,54.932,46.061,A,SER41,O,27.497,54.576,47.616
Bound Backbone,BLUE,5.487,2.731,False,A,GLN9,OE1,29.928,54.932,46.061,A,HOH387,O,28.389,57.129,45.55
Thermal Noise,RED,3.451,3.647,False,A,ALA10,N,33.497,57.688,43.793,A,CYS11,N,32.026,60.527,45.548
Bound Backbone,BLUE,8.31,2.262,False,A,ALA10,O,31.213,58.539,44.837,A,CYS11,N,32.026,60.527,45.548
Thermal Noise,RED,3.389,3.451,False,A,ALA10,O,31.213,58.539,44.837,A,CYS11,O,29.608,61.568,44.441
Thermal Noise,RED,2.737,3.978,False,A,ALA10,O,31.213,58.539,44.837,A,ASP12,N,28.411,60.975,46.264
Thermal Noise,RED,3.94,3.236,False,A,ALA10,O,31.213,58.539,44.837,A,HOH387,O,28.389,57.129,45.55
Thermal Noise,RED,2.973,3.712,False,A,CYS11,N,32.026,60.527,45.548,A,ASP12,N,28.411,60.975,46.264
Thermal Noise,RED,4.019,3.156,False,A,CYS11,N,32.026,60.527,45.548,A,CYS21,SG,34.545,62.427,45.459
Bound Backbone,BLUE,11.079,2.26,False,A,CYS11,O,29.608,61.568,44.441,A,ASP12,N,28.411,60.975,46.264
Thermal Noise,RED,3.119,3.602,False,A,CYS11,O,29.608,61.568,44.441,A,ASP12,O,26.189,62.594,43.957
Phase Boundary,YELLOW,4.262,3.173,False,A,CYS11,O,29.608,61.568,44.441,A,ILE13,N,27.453,63.637,45.511
Phase Boundary,YELLOW,4.176,3.151,False,A,CYS11,O,29.608,61.568,44.441,A,CYS14,N,29.556,64.628,43.689
Bound Backbone,BLUE,7.71,2.82,False,A,CYS11,O,29.608,61.568,44.441,A,ARG15,N,29.191,62.63,41.862
Thermal Noise,RED,2.849,3.768,False,A,CYS11,SG,31.011,63.658,46.752,A,ASP12,N,28.411,60.975,46.264
Thermal Noise,RED,3.013,3.768,False,A,CYS11,SG,31.011,63.658,46.752,A,ILE13,N,27.453,63.637,45.511
Phase Boundary,YELLOW,4.761,3.527,False,A,CYS11,SG,31.011,63.658,46.752,A,CYS14,N,29.556,64.628,43.689
Thermal Noise,RED,2.726,3.959,False,A,CYS11,SG,31.011,63.658,46.752,A,CYS21,SG,34.545,62.427,45.459
Thermal Noise,RED,3.279,3.621,False,A,CYS11,SG,31.011,63.658,46.752,A,CYS28,SG,33.758,65.667,47.989
Phase Boundary,YELLOW,4.866,2.928,False,A,ASP12,N,28.411,60.975,46.264,A,ILE13,N,27.453,63.637,45.511
Bound Backbone,BLUE,6.708,3.115,False,A,ASP12,N,28.411,60.975,46.264,A,ARG39,O,28.276,60.606,49.354
Thermal Noise,RED,2.671,3.912,False,A,ASP12,N,28.411,60.975,46.264,A,HOH387,O,28.389,57.129,45.55
Bound Backbone,BLUE,10.211,2.258,False,A,ASP12,O,26.189,62.594,43.957,A,ILE13,N,27.453,63.637,45.511
Thermal Noise,RED,3.649,3.455,False,A,ASP12,O,26.189,62.594,43.957,A,ILE13,O,27.692,65.426,42.669
Thermal Noise,RED,2.582,3.943,False,A,ASP12,O,26.189,62.594,43.957,A,CYS14,N,29.556,64.628,43.689
Thermal Noise,RED,3.608,3.661,False,A,ASP12,O,26.189,62.594,43.957,A,ARG15,N,29.191,62.63,41.862
Bound Backbone,BLUE,8.281,2.795,False,A,ASP12,O,26.189,62.594,43.957,A,LEU16,N,26.463,63.005,41.206
Phase Boundary,YELLOW,5.217,3.148,False,A,ASP12,OD1,26.645,58.962,47.221,A,ARG39,O,28.276,60.606,49.354
Bound Backbone,BLUE,6.133,2.866,False,A,ASP12,OD1,26.645,58.962,47.221,A,SER41,N,27.4,56.887,49.048
Thermal Noise,RED,3.953,3.524,False,A,ASP12,OD1,26.645,58.962,47.221,A,SER41,OG,24.329,57.34,49.325
Phase Boundary,YELLOW,5.194,3.032,False,A,ASP12,OD1,26.645,58.962,47.221,A,HOH387,O,28.389,57.129,45.55
Bound Backbone,BLUE,6.48,3.054,False,A,ASP12,OD2,24.597,59.603,47.594,A,ARG39,NE,23.32,60.069,50.329
Phase Boundary,YELLOW,4.644,3.049,False,A,ASP12,OD2,24.597,59.603,47.594,A,ARG39,NH2,22.294,61.289,48.666
Bound Backbone,BLUE,6.025,2.862,False,A,ASP12,OD2,24.597,59.603,47.594,A,SER41,OG,24.329,57.34,49.325
Bound Backbone,BLUE,5.698,2.954,False,A,ILE13,N,27.453,63.637,45.511,A,CYS14,N,29.556,64.628,43.689
Bound Backbone,BLUE,6.267,3.199,False,A,ILE13,N,27.453,63.637,45.511,A,HOH325,O,27.352,64.364,48.625
Bound Backbone,BLUE,8.767,2.27,False,A,ILE13,O,27.692,65.426,42.669,A,CYS14,N,29.556,64.628,43.689
Phase Boundary,YELLOW,4.373,3.476,False,A,ILE13,O,27.692,65.426,42.669,A,CYS14,O,29.762,64.117,40.202
Thermal Noise,RED,3.879,3.274,False,A,ILE13,O,27.692,65.426,42.669,A,ARG15,N,29.191,62.63,41.862
Phase Boundary,YELLOW,4.81,3.084,False,A,ILE13,O,27.692,65.426,42.669,A,LEU16,N,26.463,63.005,41.206
Bound Backbone,BLUE,7.905,2.835,False,A,ILE13,O,27.692,65.426,42.669,A,LYS17,N,26.913,65.307,39.946
Bound Backbone,BLUE,6.889,2.732,False,A,CYS14,N,29.556,64.628,43.689,A,ARG15,N,29.191,62.63,41.862
Bound Backbone,BLUE,10.066,2.301,False,A,CYS14,O,29.762,64.117,40.202,A,ARG15,N,29.191,62.63,41.862
Thermal Noise,RED,3.739,3.372,False,A,CYS14,O,29.762,64.117,40.202,A,ARG15,O,27.127,62.297,39.145
Thermal Noise,RED,3.197,3.623,False,A,CYS14,O,29.762,64.117,40.202,A,LEU16,N,26.463,63.005,41.206
Phase Boundary,YELLOW,4.188,3.098,False,A,CYS14,O,29.762,64.117,40.202,A,LYS17,N,26.913,65.307,39.946
Bound Backbone,BLUE,8.645,2.648,False,A,CYS14,O,29.762,64.117,40.202,A,LYS18,N,28.758,64.692,37.82
Bound Backbone,BLUE,6.206,2.96,False,A,CYS14,O,29.762,64.117,40.202,A,LEU19,N,31.479,65.053,37.98
Phase Boundary,YELLOW,5.165,2.831,False,A,ARG15,N,29.191,62.63,41.862,A,LEU16,N,26.463,63.005,41.206
Bound Backbone,BLUE,11.728,2.278,False,A,ARG15,O,27.127,62.297,39.145,A,LEU16,N,26.463,63.005,41.206
Thermal Noise,RED,3.623,3.346,False,A,ARG15,O,27.127,62.297,39.145,A,LEU16,O,25.07,64.891,38.662
Phase Boundary,YELLOW,4.278,3.122,False,A,ARG15,O,27.127,62.297,39.145,A,LYS17,N,26.913,65.307,39.946
Phase Boundary,YELLOW,4.376,3.186,False,A,ARG15,O,27.127,62.297,39.145,A,LYS18,N,28.758,64.692,37.82
Phase Boundary,YELLOW,4.738,3.04,False,A,ARG15,O,27.127,62.297,39.145,A,HOH321,O,27.231,59.493,37.975
Phase Boundary,YELLOW,4.169,3.768,False,A,ARG15,NE,26.91,57.648,41.245,A,HOH321,O,27.231,59.493,37.975
Thermal Noise,RED,3.109,3.683,False,A,ARG15,NE,26.91,57.648,41.245,A,HOH346,O,23.786,59.278,40.173
Phase Boundary,YELLOW,4.195,3.332,False,A,ARG15,NH1,28.492,56.913,39.664,A,HOH321,O,27.231,59.493,37.975
Bound Backbone,BLUE,5.41,2.845,False,A,ARG15,NH2,26.274,57.047,39.067,A,HOH321,O,27.231,59.493,37.975
Thermal Noise,RED,3.433,3.52,False,A,ARG15,NH2,26.274,57.047,39.067,A,HOH346,O,23.786,59.278,40.173
Bound Backbone,BLUE,6.45,2.663,False,A,LEU16,N,26.463,63.005,41.206,A,LYS17,N,26.913,65.307,39.946
Bound Backbone,BLUE,9.211,2.284,False,A,LEU16,O,25.07,64.891,38.662,A,LYS17,N,26.913,65.307,39.946
Thermal Noise,RED,2.877,3.788,False,A,LEU16,O,25.07,64.891,38.662,A,LYS18,N,28.758,64.692,37.82
Bound Backbone,BLUE,6.491,2.881,False,A,LYS17,N,26.913,65.307,39.946,A,LYS18,N,28.758,64.692,37.82
Bound Backbone,BLUE,8.285,2.259,False,A,LYS17,O,28.757,66.848,37.144,A,LYS18,N,28.758,64.692,37.82
Thermal Noise,RED,3.881,3.381,False,A,LYS17,O,28.757,66.848,37.144,A,LYS18,O,31.484,65.418,35.748
Thermal Noise,RED,3.671,3.366,False,A,LYS17,O,28.757,66.848,37.144,A,LEU19,N,31.479,65.053,37.98
Bound Backbone,BLUE,5.305,2.75,False,A,LYS18,N,28.758,64.692,37.82,A,LEU19,N,31.479,65.053,37.98
Bound Backbone,BLUE,12.673,2.262,False,A,LYS18,O,31.484,65.418,35.748,A,LEU19,N,31.479,65.053,37.98
Thermal Noise,RED,2.932,3.768,False,A,LEU19,N,31.479,65.053,37.98,A,LYS20,N,35.118,65.289,38.929
Bound Backbone,BLUE,8.245,2.204,False,A,LEU19,O,33.661,63.637,39.006,A,LYS20,N,35.118,65.289,38.929
Phase Boundary,YELLOW,4.598,3.471,False,A,LEU19,O,33.661,63.637,39.006,A,CYS21,N,35.837,63.43,41.702
Phase Boundary,YELLOW,4.871,3.415,False,A,LYS20,N,35.118,65.289,38.929,A,CYS21,N,35.837,63.43,41.702
Bound Backbone,BLUE,8.214,2.21,False,A,LYS20,O,36.425,65.556,41.57,A,CYS21,N,35.837,63.43,41.702
Thermal Noise,RED,2.9,3.874,False,A,LYS20,O,36.425,65.556,41.57,A,CYS21,O,38.164,62.406,43.006
Thermal Noise,RED,3.993,3.78,False,A,LYS20,O,36.425,65.556,41.57,A,SER22,N,37.761,63.839,44.661
Phase Boundary,YELLOW,5.019,3.127,False,A,LYS20,NZ,40.64,62.82,41.142,A,CYS21,O,38.164,62.406,43.006
Phase Boundary,YELLOW,4.569,3.553,False,A,CYS21,N,35.837,63.43,41.702,A,SER22,N,37.761,63.839,44.661
Bound Backbone,BLUE,10.918,2.226,False,A,CYS21,O,38.164,62.406,43.006,A,SER22,N,37.761,63.839,44.661
Phase Boundary,YELLOW,4.291,3.658,False,A,CYS21,O,38.164,62.406,43.006,A,SER22,O,40.093,61.684,46.029
Phase Boundary,YELLOW,4.994,3.606,False,A,CYS21,O,38.164,62.406,43.006,A,LYS23,N,37.864,61.975,46.574
Thermal Noise,RED,3.181,3.602,False,A,CYS21,SG,34.545,62.427,45.459,A,SER22,N,37.761,63.839,44.661
Thermal Noise,RED,3.415,3.53,False,A,CYS21,SG,34.545,62.427,45.459,A,LYS23,N,37.864,61.975,46.574
Bound Backbone,BLUE,7.427,2.673,False,A,SER22,N,37.761,63.839,44.661,A,LYS23,N,37.864,61.975,46.574
Bound Backbone,BLUE,7.744,2.313,False,A,SER22,O,40.093,61.684,46.029,A,LYS23,N,37.864,61.975,46.574
Thermal Noise,RED,3.972,3.865,False,A,SER22,O,40.093,61.684,46.029,A,GLU24,N,38.196,61.764,49.396
Phase Boundary,YELLOW,4.376,3.068,False,A,SER22,OG,38.364,64.93,47.229,A,LYS23,N,37.864,61.975,46.574
Thermal Noise,RED,3.264,3.84,False,A,SER22,OG,38.364,64.93,47.229,A,GLU24,N,38.196,61.764,49.396
Bound Backbone,BLUE,6.761,2.741,False,A,SER22,OG,38.364,64.93,47.229,A,GLU24,OE2,40.443,65.028,49.013
Phase Boundary,YELLOW,4.812,3.225,False,A,SER22,OG,38.364,64.93,47.229,A,ALA29,N,37.097,67.098,49.253
Bound Backbone,BLUE,8.007,2.849,False,A,LYS23,N,37.864,61.975,46.574,A,GLU24,N,38.196,61.764,49.396
Bound Backbone,BLUE,7.946,2.245,False,A,LYS23,O,37.729,59.569,49.355,A,GLU24,N,38.196,61.764,49.396
Bound Backbone,BLUE,5.772,3.29,False,A,LYS23,O,37.729,59.569,49.355,A,LYS25,N,37.242,60.593,52.443
Thermal Noise,RED,3.448,3.46,False,A,LYS23,O,37.729,59.569,49.355,A,TYR40,OH,35.001,61.554,50.121
Phase Boundary,YELLOW,5.228,3.401,False,A,GLU24,N,38.196,61.764,49.396,A,LYS25,N,37.242,60.593,52.443
Thermal Noise,RED,3.828,3.283,False,A,GLU24,N,38.196,61.764,49.396,A,TYR40,OH,35.001,61.554,50.121
Bound Backbone,BLUE,8.443,2.204,False,A,GLU24,O,36.648,62.67,52.004,A,LYS25,N,37.242,60.593,52.443
Phase Boundary,YELLOW,4.704,3.687,False,A,GLU24,O,36.648,62.67,52.004,A,PRO26,N,36.209,61.874,55.577
Phase Boundary,YELLOW,4.386,3.428,False,A,GLU24,O,36.648,62.67,52.004,A,LYS27,N,34.618,64.191,54.31
Phase Boundary,YELLOW,5.083,2.877,False,A,GLU24,O,36.648,62.67,52.004,A,LYS27,O,36.312,65.408,52.821
Phase Boundary,YELLOW,4.218,3.154,False,A,GLU24,O,36.648,62.67,52.004,A,CYS28,N,34.775,65.054,51.135
Bound Backbone,BLUE,6.937,2.739,False,A,GLU24,O,36.648,62.67,52.004,A,TYR40,OH,35.001,61.554,50.121
Thermal Noise,RED,2.582,3.942,False,A,GLU24,OE2,40.443,65.028,49.013,A,ALA29,N,37.097,67.098,49.253
Phase Boundary,YELLOW,4.787,3.54,False,A,LYS25,N,37.242,60.593,52.443,A,PRO26,N,36.209,61.874,55.577
Phase Boundary,YELLOW,4.598,3.367,False,A,LYS25,N,37.242,60.593,52.443,A,TYR40,OH,35.001,61.554,50.121
Thermal Noise,RED,3.247,3.696,False,A,LYS25,N,37.242,60.593,52.443,A,HOH301,O,40.594,60.277,53.968
Bound Backbone,BLUE,8.086,2.239,False,A,LYS25,O,37.861,60.397,55.255,A,PRO26,N,36.209,61.874,55.577
Phase Boundary,YELLOW,4.884,3.023,False,A,LYS25,O,37.861,60.397,55.255,A,HOH301,O,40.594,60.277,53.968
Phase Boundary,YELLOW,5.171,2.783,False,A,LYS25,NZ,39.185,57.879,54.065,A,HOH301,O,40.594,60.277,53.968
Phase Boundary,YELLOW,4.663,3.083,False,A,PRO26,N,36.209,61.874,55.577,A,LYS27,N,34.618,64.191,54.31
Bound Backbone,BLUE,8.066,2.229,False,A,PRO26,O,32.975,62.688,54.215,A,LYS27,N,34.618,64.191,54.31
Thermal Noise,RED,2.762,3.846,False,A,PRO26,O,32.975,62.688,54.215,A,CYS38,O,29.219,62.242,53.517
Phase Boundary,YELLOW,5.155,3.483,False,A,PRO26,O,32.975,62.688,54.215,A,CYS38,SG,32.064,63.444,50.939
Bound Backbone,BLUE,6.203,2.582,False,A,PRO26,O,32.975,62.688,54.215,A,HOH429,O,31.76,60.488,54.809
Bound Backbone,BLUE,5.869,3.294,False,A,LYS27,N,34.618,64.191,54.31,A,CYS28,N,34.775,65.054,51.135
Bound Backbone,BLUE,10.056,2.309,False,A,LYS27,O,36.312,65.408,52.821,A,CYS28,N,34.775,65.054,51.135
Phase Boundary,YELLOW,4.49,3.423,False,A,LYS27,O,36.312,65.408,52.821,A,CYS28,O,35.226,67.587,50.415
Thermal Noise,RED,2.893,3.799,False,A,LYS27,NZ,29.883,68.484,55.431,A,ASN35,OD1,29.404,72.12,56.421
Bound Backbone,BLUE,9.541,2.592,False,A,LYS27,NZ,29.883,68.484,55.431,A,TRP36,O,29.277,68.5,52.911
Thermal Noise,RED,3.577,3.621,False,A,CYS28,N,34.775,65.054,51.135,A,ALA29,N,37.097,67.098,49.253
Thermal Noise,RED,4.02,3.159,False,A,CYS28,N,34.775,65.054,51.135,A,CYS38,SG,32.064,63.444,50.939
Thermal Noise,RED,3.15,3.651,False,A,CYS28,N,34.775,65.054,51.135,A,TYR40,OH,35.001,61.554,50.121
Bound Backbone,BLUE,9.19,2.256,False,A,CYS28,O,35.226,67.587,50.415,A,ALA29,N,37.097,67.098,49.253
Phase Boundary,YELLOW,4.517,3.059,False,A,CYS28,O,35.226,67.587,50.415,A,ALA29,O,36.292,70.306,49.504
Bound Backbone,BLUE,5.53,3.256,False,A,CYS28,O,35.226,67.587,50.415,A,LYS30,N,35.678,69.213,47.63
Phase Boundary,YELLOW,5.15,2.964,False,A,CYS28,O,35.226,67.587,50.415,A,CYS31,N,33.09,69.144,49.075
Bound Backbone,BLUE,6.093,2.756,False,A,CYS28,O,35.226,67.587,50.415,A,LEU32,N,33.814,69.519,51.783
Thermal Noise,RED,2.891,3.846,False,A,CYS28,SG,33.758,65.667,47.989,A,ALA29,N,37.097,67.098,49.253
Thermal Noise,RED,3.078,3.703,False,A,CYS28,SG,33.758,65.667,47.989,A,CYS31,N,33.09,69.144,49.075
Thermal Noise,RED,2.799,3.983,False,A,CYS28,SG,33.758,65.667,47.989,A,CYS31,SG,30.305,66.767,49.641
Phase Boundary,YELLOW,5.194,3.02,False,A,ALA29,N,37.097,67.098,49.253,A,LYS30,N,35.678,69.213,47.63
Bound Backbone,BLUE,11.333,2.255,False,A,ALA29,O,36.292,70.306,49.504,A,LYS30,N,35.678,69.213,47.63
Thermal Noise,RED,3.637,3.368,False,A,ALA29,O,36.292,70.306,49.504,A,LYS30,O,33.188,71.383,48.763
Thermal Noise,RED,3.429,3.433,False,A,ALA29,O,36.292,70.306,49.504,A,CYS31,N,33.09,69.144,49.075
Phase Boundary,YELLOW,4.274,3.457,False,A,ALA29,O,36.292,70.306,49.504,A,LEU32,N,33.814,69.519,51.783
Bound Backbone,BLUE,5.383,3.135,False,A,ALA29,O,36.292,70.306,49.504,A,LYS33,N,35.021,72.106,51.734
Phase Boundary,YELLOW,5.241,2.965,False,A,LYS30,N,35.678,69.213,47.63,A,CYS31,N,33.09,69.144,49.075
Bound Backbone,BLUE,7.911,2.263,False,A,LYS30,O,33.188,71.383,48.763,A,CYS31,N,33.09,69.144,49.075
Bound Backbone,BLUE,5.874,3.244,False,A,LYS30,O,33.188,71.383,48.763,A,CYS31,O,32.076,70.853,51.764
Phase Boundary,YELLOW,4.459,3.604,False,A,LYS30,O,33.188,71.383,48.763,A,LEU32,N,33.814,69.519,51.783
Phase Boundary,YELLOW,4.541,3.565,False,A,LYS30,O,33.188,71.383,48.763,A,LYS33,N,35.021,72.106,51.734
Bound Backbone,BLUE,6.333,2.848,False,A,LYS30,O,33.188,71.383,48.763,A,ASN34,N,32.876,73.48,50.665
Phase Boundary,YELLOW,4.17,3.257,False,A,LYS30,O,33.188,71.383,48.763,A,ASN34,OD1,32.373,74.244,47.436
Bound Backbone,BLUE,7.923,2.828,False,A,CYS31,N,33.09,69.144,49.075,A,LEU32,N,33.814,69.519,51.783
Bound Backbone,BLUE,8.337,2.191,False,A,CYS31,O,32.076,70.853,51.764,A,LEU32,N,33.814,69.519,51.783
Bound Backbone,BLUE,5.307,3.079,False,A,CYS31,O,32.076,70.853,51.764,A,LEU32,O,33.9,72.377,53.721
Thermal Noise,RED,3.907,3.201,False,A,CYS31,O,32.076,70.853,51.764,A,LYS33,N,35.021,72.106,51.734
Phase Boundary,YELLOW,4.976,2.958,False,A,CYS31,O,32.076,70.853,51.764,A,ASN34,N,32.876,73.48,50.665
Bound Backbone,BLUE,6.225,2.622,False,A,CYS31,O,32.076,70.853,51.764,A,ASN35,N,30.925,73.044,52.63
Phase Boundary,YELLOW,4.176,3.122,False,A,CYS31,O,32.076,70.853,51.764,A,TRP36,N,28.997,70.935,52.271
Thermal Noise,RED,2.88,3.832,False,A,CYS31,O,32.076,70.853,51.764,A,TRP36,O,29.277,68.5,52.911
Thermal Noise,RED,3.964,3.841,False,A,CYS31,SG,30.305,66.767,49.641,A,TRP36,O,29.277,68.5,52.911
Thermal Noise,RED,3.641,3.516,False,A,CYS31,SG,30.305,66.767,49.641,A,GLU37,O,27.515,65.299,51.198
Thermal Noise,RED,3.613,3.969,False,A,CYS31,SG,30.305,66.767,49.641,A,CYS38,N,28.888,64.955,52.876
Thermal Noise,RED,2.701,3.978,False,A,CYS31,SG,30.305,66.767,49.641,A,CYS38,SG,32.064,63.444,50.939
Thermal Noise,RED,2.687,3.94,False,A,CYS31,SG,30.305,66.767,49.641,A,HOH325,O,27.352,64.364,48.625
Thermal Noise,RED,3.985,3.189,False,A,CYS31,SG,30.305,66.767,49.641,A,HOH329,O,27.153,66.943,49.188
Phase Boundary,YELLOW,4.91,2.855,False,A,LEU32,N,33.814,69.519,51.783,A,LYS33,N,35.021,72.106,51.734
Bound Backbone,BLUE,11.191,2.297,False,A,LEU32,O,33.9,72.377,53.721,A,LYS33,N,35.021,72.106,51.734
Thermal Noise,RED,3.472,3.76,False,A,LEU32,O,33.9,72.377,53.721,A,LYS33,O,33.712,75.389,51.478
Phase Boundary,YELLOW,5.215,3.407,False,A,LEU32,O,33.9,72.377,53.721,A,ASN34,N,32.876,73.48,50.665
Phase Boundary,YELLOW,4.092,3.238,False,A,LEU32,O,33.9,72.377,53.721,A,ASN35,N,30.925,73.044,52.63
Bound Backbone,BLUE,7.267,2.828,False,A,LEU32,O,33.9,72.377,53.721,A,HOH425,O,32.789,71.338,56.105
Bound Backbone,BLUE,5.744,2.763,False,A,LYS33,N,35.021,72.106,51.734,A,ASN34,N,32.876,73.48,50.665
Bound Backbone,BLUE,8.67,2.237,False,A,LYS33,O,33.712,75.389,51.478,A,ASN34,N,32.876,73.48,50.665
Thermal Noise,RED,2.901,3.82,False,A,LYS33,O,33.712,75.389,51.478,A,ASN35,N,30.925,73.044,52.63
Bound Backbone,BLUE,6.686,2.803,False,A,ASN34,N,32.876,73.48,50.665,A,ASN35,N,30.925,73.044,52.63
Bound Backbone,BLUE,9.931,2.186,False,A,ASN34,O,29.358,74.006,51.447,A,ASN35,N,30.925,73.044,52.63
Bound Backbone,BLUE,5.316,3.077,False,A,ASN34,O,29.358,74.006,51.447,A,ASN35,O,27.654,72.354,53.406
Phase Boundary,YELLOW,4.073,3.2,False,A,ASN34,O,29.358,74.006,51.447,A,TRP36,N,28.997,70.935,52.271
Phase Boundary,YELLOW,4.39,3.593,False,A,ASN34,O,29.358,74.006,51.447,A,TRP36,NE1,27.573,72.875,48.541
Thermal Noise,RED,3.511,3.51,False,A,ASN34,ND2,30.253,74.765,47.289,A,TRP36,NE1,27.573,72.875,48.541
Phase Boundary,YELLOW,4.873,2.88,False,A,ASN35,N,30.925,73.044,52.63,A,TRP36,N,28.997,70.935,52.271
Bound Backbone,BLUE,9.097,2.26,False,A,ASN35,O,27.654,72.354,53.406,A,TRP36,N,28.997,70.935,52.271
Thermal Noise,RED,3.306,3.488,False,A,ASN35,OD1,29.404,72.12,56.421,A,HOH425,O,32.789,71.338,56.105
Thermal Noise,RED,3.248,3.515,False,A,TRP36,N,28.997,70.935,52.271,A,GLU37,N,27.074,68.002,52.508
Bound Backbone,BLUE,7.752,2.294,False,A,TRP36,O,29.277,68.5,52.911,A,GLU37,N,27.074,68.002,52.508
Thermal Noise,RED,3.147,3.566,False,A,TRP36,O,29.277,68.5,52.911,A,CYS38,N,28.888,64.955,52.876
Thermal Noise,RED,3.17,3.565,False,A,GLU37,N,27.074,68.002,52.508,A,CYS38,N,28.888,64.955,52.876
Phase Boundary,YELLOW,5.195,3.486,False,A,GLU37,N,27.074,68.002,52.508,A,HOH329,O,27.153,66.943,49.188
Bound Backbone,BLUE,11.392,2.195,False,A,GLU37,O,27.515,65.299,51.198,A,CYS38,N,28.888,64.955,52.876
Thermal Noise,RED,3.934,3.199,False,A,GLU37,O,27.515,65.299,51.198,A,ARG39,N,28.206,62.191,51.509
Bound Backbone,BLUE,8.302,2.742,False,A,GLU37,O,27.515,65.299,51.198,A,HOH325,O,27.352,64.364,48.625
Bound Backbone,BLUE,8.0,2.622,False,A,GLU37,O,27.515,65.299,51.198,A,HOH329,O,27.153,66.943,49.188
Thermal Noise,RED,4.038,3.547,False,A,GLU37,OE1,22.96,65.111,52.812,A,ARG39,NH1,23.233,62.431,50.505
Thermal Noise,RED,3.576,3.389,False,A,GLU37,OE1,22.96,65.111,52.812,A,HOH431,O,19.676,65.587,53.502
Phase Boundary,YELLOW,4.491,3.158,False,A,CYS38,N,28.888,64.955,52.876,A,ARG39,N,28.206,62.191,51.509
Bound Backbone,BLUE,11.917,2.25,False,A,CYS38,O,29.219,62.242,53.517,A,ARG39,N,28.206,62.191,51.509
Thermal Noise,RED,3.911,3.347,False,A,CYS38,O,29.219,62.242,53.517,A,HOH429,O,31.76,60.488,54.809
Thermal Noise,RED,3.213,3.587,False,A,CYS38,SG,32.064,63.444,50.939,A,TYR40,OH,35.001,61.554,50.121
Thermal Noise,RED,3.514,3.436,False,A,ARG39,N,28.206,62.191,51.509,A,TYR40,N,28.949,58.939,50.684
Thermal Noise,RED,4.024,3.711,False,A,ARG39,N,28.206,62.191,51.509,A,HOH325,O,27.352,64.364,48.625
Bound Backbone,BLUE,9.804,2.236,False,A,ARG39,O,28.276,60.606,49.354,A,TYR40,N,28.949,58.939,50.684
Thermal Noise,RED,2.735,3.833,False,A,ARG39,O,28.276,60.606,49.354,A,SER41,N,27.4,56.887,49.048
Thermal Noise,RED,2.637,3.938,False,A,ARG39,O,28.276,60.606,49.354,A,HOH325,O,27.352,64.364,48.625
Phase Boundary,YELLOW,4.51,3.078,False,A,ARG39,NE,23.32,60.069,50.329,A,SER41,OG,24.329,57.34,49.325
Phase Boundary,YELLOW,5.1,3.047,False,A,TYR40,N,28.949,58.939,50.684,A,SER41,N,27.4,56.887,49.048
Bound Backbone,BLUE,10.877,2.277,False,A,TYR40,O,28.616,56.277,50.874,A,SER41,N,27.4,56.887,49.048
Thermal Noise,RED,3.952,3.842,False,A,TYR40,O,28.616,56.277,50.874,A,SER41,O,27.497,54.576,47.616
Thermal Noise,RED,2.931,3.697,False,A,SER41,N,27.4,56.887,49.048,A,PRO42,N,26.023,53.459,48.906
Phase Boundary,YELLOW,4.784,3.643,False,A,SER41,N,27.4,56.887,49.048,A,HOH387,O,28.389,57.129,45.55
Bound Backbone,BLUE,9.51,2.255,False,A,SER41,O,27.497,54.576,47.616,A,PRO42,N,26.023,53.459,48.906
Thermal Noise,RED,3.896,3.362,False,A,SER41,O,27.497,54.576,47.616,A,PRO42,O,24.893,52.921,46.281
Thermal Noise,RED,3.052,3.812,False,A,SER41,O,27.497,54.576,47.616,A,LYS43,N,26.432,51.271,46.042
Phase Boundary,YELLOW,4.266,3.403,False,A,SER41,O,27.497,54.576,47.616,A,HOH387,O,28.389,57.129,45.55
Phase Boundary,YELLOW,4.248,3.627,False,A,PRO42,N,26.023,53.459,48.906,A,LYS43,N,26.432,51.271,46.042
Bound Backbone,BLUE,7.829,2.269,False,A,PRO42,O,24.893,52.921,46.281,A,LYS43,N,26.432,51.271,46.042
Thermal Noise,RED,2.946,3.741,False,A,PRO42,O,24.893,52.921,46.281,A,LYS43,O,24.717,49.274,45.467
Phase Boundary,YELLOW,4.706,3.262,False,A,PRO42,O,24.893,52.921,46.281,A,THR44,N,23.601,50.736,44.233
Phase Boundary,YELLOW,4.08,3.402,False,A,LYS43,N,26.432,51.271,46.042,A,THR44,N,23.601,50.736,44.233
Bound Backbone,BLUE,9.769,2.215,False,A,LYS43,O,24.717,49.274,45.467,A,THR44,N,23.601,50.736,44.233
Thermal Noise,RED,3.56,3.56,False,A,LYS43,O,24.717,49.274,45.467,A,LYS45,N,21.863,47.862,43.876
Thermal Noise,RED,3.533,3.378,False,A,THR44,N,23.601,50.736,44.233,A,LYS45,N,21.863,47.862,43.876
Bound Backbone,BLUE,10.387,2.303,False,A,THR44,O,22.04,49.324,42.106,A,LYS45,N,21.863,47.862,43.876
Thermal Noise,RED,3.609,3.34,False,A,THR44,O,22.04,49.324,42.106,A,LYS45,O,19.312,47.425,42.436
Thermal Noise,RED,3.15,3.657,False,A,THR44,O,22.04,49.324,42.106,A,ARG46,N,20.603,46.13,41.054
Phase Boundary,YELLOW,4.292,3.316,False,A,THR44,OG1,20.271,50.177,45.638,A,LYS45,N,21.863,47.862,43.876
Phase Boundary,YELLOW,4.476,3.543,False,A,LYS45,N,21.863,47.862,43.876,A,ARG46,N,20.603,46.13,41.054
Bound Backbone,BLUE,9.38,2.292,False,A,LYS45,O,19.312,47.425,42.436,A,ARG46,N,20.603,46.13,41.054
Thermal Noise,RED,3.814,3.658,False,A,ARG46,N,20.603,46.13,41.054,A,SER47,N,18.584,44.253,38.65
Bound Backbone,BLUE,11.476,2.225,False,A,ARG46,O,19.738,43.654,40.455,A,SER47,N,18.584,44.253,38.65
Phase Boundary,YELLOW,4.161,3.94,False,A,ARG46,O,19.738,43.654,40.455,A,SER47,O,20.006,42.961,36.586
Phase Boundary,YELLOW,4.848,2.969,False,A,ARG46,O,19.738,43.654,40.455,A,HOH314,O,21.437,41.42,41.422
Thermal Noise,RED,3.156,3.82,False,A,ARG46,NE,20.15,49.911,36.775,B,ARG51,NH1,21.585,46.898,34.916
Thermal Noise,RED,4.014,3.72,False,A,ARG46,NH2,21.395,51.694,35.889,E,HOH356,O,23.521,50.754,32.985
Thermal Noise,RED,3.151,3.688,False,A,SER47,N,18.584,44.253,38.65,A,PRO48,N,19.659,40.947,37.42
Thermal Noise,RED,3.965,3.879,False,A,SER47,N,18.584,44.253,38.65,B,ARG51,NH2,20.264,45.036,35.242
Bound Backbone,BLUE,8.96,2.207,False,A,SER47,O,20.006,42.961,36.586,A,PRO48,N,19.659,40.947,37.42
Phase Boundary,YELLOW,4.117,3.384,False,A,SER47,O,20.006,42.961,36.586,A,PRO48,O,18.839,40.337,34.796
Bound Backbone,BLUE,5.452,3.113,False,A,SER47,O,20.006,42.961,36.586,A,LEU49,N,21.012,41.01,34.379
Bound Backbone,BLUE,7.682,2.486,False,A,SER47,O,20.006,42.961,36.586,B,ARG51,NH2,20.264,45.036,35.242
Thermal Noise,RED,2.717,3.944,False,A,SER47,OG,17.326,43.904,36.249,A,PRO48,N,19.659,40.947,37.42
Thermal Noise,RED,3.879,3.306,False,A,SER47,OG,17.326,43.904,36.249,B,ARG51,NH2,20.264,45.036,35.242
Thermal Noise,RED,3.478,3.617,False,A,SER47,OG,17.326,43.904,36.249,B,GLU58,OE2,14.338,45.061,34.571
Bound Backbone,BLUE,5.529,3.329,False,A,PRO48,N,19.659,40.947,37.42,A,LEU49,N,21.012,41.01,34.379
Bound Backbone,BLUE,7.637,2.313,False,A,PRO48,O,18.839,40.337,34.796,A,LEU49,N,21.012,41.01,34.379
Phase Boundary,YELLOW,4.894,3.355,False,A,PRO48,O,18.839,40.337,34.796,A,THR50,N,20.579,39.086,32.214
Thermal Noise,RED,3.76,3.262,False,A,PRO48,O,18.839,40.337,34.796,A,HIS53,ND1,15.586,40.091,34.779
Bound Backbone,BLUE,6.289,2.929,False,A,LEU49,N,21.012,41.01,34.379,A,THR50,N,20.579,39.086,32.214
Bound Backbone,BLUE,7.946,2.25,False,A,LEU49,O,22.657,39.925,32.017,A,THR50,N,20.579,39.086,32.214
Thermal Noise,RED,3.169,3.66,False,A,LEU49,O,22.657,39.925,32.017,A,THR50,OG1,22.199,36.475,33.151
Phase Boundary,YELLOW,4.226,3.535,False,A,THR50,N,20.579,39.086,32.214,A,ARG51,N,20.385,36.598,29.711
Bound Backbone,BLUE,9.005,2.281,False,A,THR50,O,18.809,37.748,30.893,A,ARG51,N,20.385,36.598,29.711
Phase Boundary,YELLOW,4.666,3.288,False,A,THR50,O,18.809,37.748,30.893,A,ARG51,O,17.151,35.84,28.791
Phase Boundary,YELLOW,4.183,3.134,False,A,THR50,O,18.809,37.748,30.893,A,ALA52,N,18.424,34.705,30.248
Phase Boundary,YELLOW,5.18,2.933,False,A,THR50,O,18.809,37.748,30.893,A,HIS53,N,16.737,36.082,32.131
Phase Boundary,YELLOW,4.489,3.004,False,A,THR50,O,18.809,37.748,30.893,A,LEU54,N,15.857,38.121,30.483
Thermal Noise,RED,3.958,3.891,False,A,THR50,OG1,22.199,36.475,33.151,A,ARG51,N,20.385,36.598,29.711
Bound Backbone,BLUE,5.309,2.778,False,A,ARG51,N,20.385,36.598,29.711,A,ALA52,N,18.424,34.705,30.248
Bound Backbone,BLUE,10.089,2.243,False,A,ARG51,O,17.151,35.84,28.791,A,ALA52,N,18.424,34.705,30.248
Bound Backbone,BLUE,5.624,3.055,False,A,ARG51,O,17.151,35.84,28.791,A,ALA52,O,15.139,34.995,30.929
Bound Backbone,BLUE,5.707,3.374,False,A,ARG51,O,17.151,35.84,28.791,A,HIS53,N,16.737,36.082,32.131
Phase Boundary,YELLOW,4.877,3.121,False,A,ARG51,O,17.151,35.84,28.791,A,LEU54,N,15.857,38.121,30.483
Phase Boundary,YELLOW,4.464,3.014,False,A,ARG51,O,17.151,35.84,28.791,A,THR55,N,14.393,36.975,28.359
Bound Backbone,BLUE,5.278,2.896,False,A,ARG51,O,17.151,35.84,28.791,A,THR55,OG1,14.869,34.506,27.607
Thermal Noise,RED,3.467,3.904,False,A,ARG51,NE,19.485,37.038,24.938,B,ARG46,NE,19.767,34.301,22.169
Phase Boundary,YELLOW,4.652,3.582,False,A,ARG51,NH1,17.835,38.496,24.127,B,SER47,N,16.469,39.525,20.98
Bound Backbone,BLUE,6.809,2.703,False,A,ARG51,NH1,17.835,38.496,24.127,B,SER47,O,18.35,40.557,22.455
Phase Boundary,YELLOW,4.587,2.98,False,A,ARG51,NH1,17.835,38.496,24.127,B,SER47,OG,15.431,40.184,23.623
Bound Backbone,BLUE,6.064,2.677,False,A,ARG51,NH2,20.067,38.754,23.439,B,SER47,O,18.35,40.557,22.455
Thermal Noise,RED,2.856,3.893,False,A,ARG51,NH2,20.067,38.754,23.439,B,LEU49,N,20.222,42.386,24.831
Bound Backbone,BLUE,6.143,2.879,False,A,ALA52,N,18.424,34.705,30.248,A,HIS53,N,16.737,36.082,32.131
Bound Backbone,BLUE,9.097,2.276,False,A,ALA52,O,15.139,34.995,30.929,A,HIS53,N,16.737,36.082,32.131
Thermal Noise,RED,2.898,3.795,False,A,ALA52,O,15.139,34.995,30.929,A,HIS53,O,14.234,38.546,31.916
Thermal Noise,RED,3.863,3.238,False,A,ALA52,O,15.139,34.995,30.929,A,LEU54,N,15.857,38.121,30.483
Phase Boundary,YELLOW,4.981,3.329,False,A,ALA52,O,15.139,34.995,30.929,A,THR55,N,14.393,36.975,28.359
Bound Backbone,BLUE,5.709,3.369,False,A,ALA52,O,15.139,34.995,30.929,A,THR55,OG1,14.869,34.506,27.607
Bound Backbone,BLUE,5.587,2.808,False,A,ALA52,O,15.139,34.995,30.929,A,GLU56,N,12.624,35.55,29.809
Bound Backbone,BLUE,6.415,2.765,False,A,HIS53,N,16.737,36.082,32.131,A,LEU54,N,15.857,38.121,30.483
Bound Backbone,BLUE,10.427,2.206,False,A,HIS53,O,14.234,38.546,31.916,A,LEU54,N,15.857,38.121,30.483
Bound Backbone,BLUE,6.054,3.188,False,A,HIS53,O,14.234,38.546,31.916,A,LEU54,O,12.976,38.539,28.987
Thermal Noise,RED,4.047,3.892,False,A,HIS53,O,14.234,38.546,31.916,A,THR55,N,14.393,36.975,28.359
Thermal Noise,RED,3.246,3.544,False,A,HIS53,O,14.234,38.546,31.916,A,VAL57,N,10.949,37.364,31.305
Thermal Noise,RED,2.649,3.899,False,A,HIS53,ND1,15.586,40.091,34.779,B,GLU58,OE1,13.262,43.198,34.393
Thermal Noise,RED,2.658,3.999,False,A,HIS53,NE2,13.772,39.434,35.643,B,GLU58,OE1,13.262,43.198,34.393
Bound Backbone,BLUE,6.832,2.823,False,A,LEU54,N,15.857,38.121,30.483,A,THR55,N,14.393,36.975,28.359
Bound Backbone,BLUE,8.682,2.202,False,A,LEU54,O,12.976,38.539,28.987,A,THR55,N,14.393,36.975,28.359
Thermal Noise,RED,3.133,3.646,False,A,LEU54,O,12.976,38.539,28.987,A,THR55,O,11.152,35.52,28.063
Phase Boundary,YELLOW,4.293,3.12,False,A,LEU54,O,12.976,38.539,28.987,A,GLU56,N,12.624,35.55,29.809
Phase Boundary,YELLOW,4.844,3.296,False,A,LEU54,O,12.976,38.539,28.987,A,VAL57,N,10.949,37.364,31.305
Phase Boundary,YELLOW,5.2,2.774,False,A,LEU54,O,12.976,38.539,28.987,A,GLU58,N,10.238,38.986,29.009
Bound Backbone,BLUE,5.496,3.407,False,A,LEU54,O,12.976,38.539,28.987,A,GLU58,OE2,13.725,39.002,25.696
Bound Backbone,BLUE,6.526,2.695,False,A,THR55,N,14.393,36.975,28.359,A,GLU56,N,12.624,35.55,29.809
Phase Boundary,YELLOW,4.768,3.413,False,A,THR55,N,14.393,36.975,28.359,A,GLU58,OE2,13.725,39.002,25.696
Bound Backbone,BLUE,10.526,2.284,False,A,THR55,O,11.152,35.52,28.063,A,GLU56,N,12.624,35.55,29.809
Bound Backbone,BLUE,7.188,2.762,False,A,THR55,O,11.152,35.52,28.063,A,GLU56,O,9.456,36.082,30.169
Phase Boundary,YELLOW,4.244,3.735,False,A,THR55,O,11.152,35.52,28.063,A,VAL57,N,10.949,37.364,31.305
Thermal Noise,RED,3.033,3.707,False,A,THR55,O,11.152,35.52,28.063,A,GLU58,N,10.238,38.986,29.009
Thermal Noise,RED,4.07,3.147,False,A,THR55,O,11.152,35.52,28.063,A,SER59,N,8.627,37.368,27.729
Bound Backbone,BLUE,7.024,2.768,False,A,THR55,O,11.152,35.52,28.063,A,SER59,OG,9.323,35.115,26.025
Phase Boundary,YELLOW,4.67,3.313,False,A,THR55,OG1,14.869,34.506,27.607,A,GLU56,N,12.624,35.55,29.809
Bound Backbone,BLUE,5.622,2.887,False,A,GLU56,N,12.624,35.55,29.809,A,VAL57,N,10.949,37.364,31.305
Bound Backbone,BLUE,8.984,2.272,False,A,GLU56,O,9.456,36.082,30.169,A,VAL57,N,10.949,37.364,31.305
Thermal Noise,RED,2.809,3.776,False,A,GLU56,O,9.456,36.082,30.169,A,VAL57,O,8.575,39.752,30.281
Phase Boundary,YELLOW,4.169,3.223,False,A,GLU56,O,9.456,36.082,30.169,A,GLU58,N,10.238,38.986,29.009
Bound Backbone,BLUE,7.029,2.88,False,A,GLU56,O,9.456,36.082,30.169,A,SER59,N,8.627,37.368,27.729
Bound Backbone,BLUE,5.449,2.733,False,A,GLU56,O,9.456,36.082,30.169,A,ARG60,N,6.778,36.397,29.724
Bound Backbone,BLUE,6.379,3.12,False,A,GLU56,OE1,10.363,36.39,34.211,A,VAL57,N,10.949,37.364,31.305
Thermal Noise,RED,2.752,3.828,False,A,GLU56,OE1,10.363,36.39,34.211,A,ARG60,NE,6.636,35.624,34.63
Bound Backbone,BLUE,5.786,2.989,False,A,GLU56,OE1,10.363,36.39,34.211,A,ARG60,NH2,8.184,36.081,36.233
Thermal Noise,RED,3.477,3.705,False,A,GLU56,OE2,9.132,34.86,33.344,A,VAL57,N,10.949,37.364,31.305
Bound Backbone,BLUE,5.314,2.91,False,A,GLU56,OE2,9.132,34.86,33.344,A,ARG60,NE,6.636,35.624,34.63
Bound Backbone,BLUE,5.572,3.277,False,A,GLU56,OE2,9.132,34.86,33.344,A,ARG60,NH2,8.184,36.081,36.233
Bound Backbone,BLUE,6.659,2.9,False,A,VAL57,N,10.949,37.364,31.305,A,GLU58,N,10.238,38.986,29.009
Bound Backbone,BLUE,9.72,2.229,False,A,VAL57,O,8.575,39.752,30.281,A,GLU58,N,10.238,38.986,29.009
Phase Boundary,YELLOW,4.078,3.943,False,A,VAL57,O,8.575,39.752,30.281,A,GLU58,O,7.694,39.042,26.504
Phase Boundary,YELLOW,4.395,3.493,False,A,VAL57,O,8.575,39.752,30.281,A,SER59,N,8.627,37.368,27.729
Thermal Noise,RED,2.741,3.846,False,A,VAL57,O,8.575,39.752,30.281,A,ARG60,N,6.778,36.397,29.724
Thermal Noise,RED,3.121,3.593,False,A,VAL57,O,8.575,39.752,30.281,A,LEU61,N,5.171,38.663,29.907
Bound Backbone,BLUE,6.73,2.618,False,A,GLU58,N,10.238,38.986,29.009,A,SER59,N,8.627,37.368,27.729
Bound Backbone,BLUE,9.164,2.275,False,A,GLU58,O,7.694,39.042,26.504,A,SER59,N,8.627,37.368,27.729
Thermal Noise,RED,3.771,3.286,False,A,GLU58,O,7.694,39.042,26.504,A,GLU62,N,4.454,39.097,27.05
Phase Boundary,YELLOW,4.828,2.917,False,A,GLU58,OE1,12.582,39.991,24.218,B,SER47,OG,15.431,40.184,23.623
Bound Backbone,BLUE,6.129,2.933,False,A,GLU58,OE2,13.725,39.002,25.696,B,SER47,OG,15.431,40.184,23.623
Bound Backbone,BLUE,6.254,2.888,False,A,SER59,N,8.627,37.368,27.729,A,ARG60,N,6.778,36.397,29.724
Bound Backbone,BLUE,11.216,2.178,False,A,SER59,O,5.56,35.499,28.158,A,ARG60,N,6.778,36.397,29.724
Phase Boundary,YELLOW,4.252,3.401,False,A,SER59,O,5.56,35.499,28.158,A,ARG60,O,3.46,37.229,30.199
Thermal Noise,RED,3.473,3.636,False,A,SER59,O,5.56,35.499,28.158,A,LEU61,N,5.171,38.663,29.907
Thermal Noise,RED,2.731,3.924,False,A,SER59,O,5.56,35.499,28.158,A,GLU62,N,4.454,39.097,27.05
Bound Backbone,BLUE,7.489,2.809,False,A,SER59,O,5.56,35.499,28.158,A,GLU62,O,4.451,36.364,25.726
Thermal Noise,RED,2.851,3.984,False,A,SER59,O,5.56,35.499,28.158,A,ARG63,N,2.332,36.979,26.352
Bound Backbone,BLUE,8.096,2.679,False,A,SER59,OG,9.323,35.115,26.025,A,HOH308,O,7.906,34.854,23.766
Bound Backbone,BLUE,6.122,3.169,False,A,SER59,OG,9.323,35.115,26.025,A,HOH317,O,10.573,35.246,23.116
Phase Boundary,YELLOW,5.178,2.784,False,A,ARG60,N,6.778,36.397,29.724,A,LEU61,N,5.171,38.663,29.907
Bound Backbone,BLUE,7.979,2.251,False,A,ARG60,O,3.46,37.229,30.199,A,LEU61,N,5.171,38.663,29.907
Phase Boundary,YELLOW,4.892,3.226,False,A,ARG60,O,3.46,37.229,30.199,A,LEU61,O,2.489,39.469,28.091
Thermal Noise,RED,3.999,3.794,False,A,ARG60,O,3.46,37.229,30.199,A,GLU62,N,4.454,39.097,27.05
Thermal Noise,RED,3.354,3.801,False,A,ARG60,O,3.46,37.229,30.199,A,LEU64,N,0.355,37.104,28.01
Bound Backbone,BLUE,7.16,2.977,False,A,LEU61,N,5.171,38.663,29.907,A,GLU62,N,4.454,39.097,27.05
Bound Backbone,BLUE,8.941,2.255,False,A,LEU61,O,2.489,39.469,28.091,A,GLU62,N,4.454,39.097,27.05
Phase Boundary,YELLOW,5.227,3.041,False,A,LEU61,O,2.489,39.469,28.091,A,ARG63,N,2.332,36.979,26.352
Thermal Noise,RED,3.943,3.186,False,A,LEU61,O,2.489,39.469,28.091,A,LEU64,N,0.355,37.104,28.01
Phase Boundary,YELLOW,4.524,2.975,False,A,LEU61,O,2.489,39.469,28.091,A,LEU64,O,-0.442,39.974,28.147
Phase Boundary,YELLOW,4.362,3.078,False,A,GLU62,N,4.454,39.097,27.05,A,ARG63,N,2.332,36.979,26.352
Bound Backbone,BLUE,7.969,2.294,False,A,GLU62,O,4.451,36.364,25.726,A,ARG63,N,2.332,36.979,26.352
Thermal Noise,RED,3.123,3.607,False,A,GLU62,O,4.451,36.364,25.726,A,ARG63,NE,3.151,33.046,25.171
Thermal Noise,RED,3.583,3.875,False,A,GLU62,OE1,1.849,39.559,23.501,A,ARG63,N,2.332,36.979,26.352
Phase Boundary,YELLOW,4.166,3.937,False,A,GLU62,OE2,2.053,37.669,22.486,A,ARG63,N,2.332,36.979,26.352
Bound Backbone,BLUE,7.569,2.583,False,A,ARG63,N,2.332,36.979,26.352,A,LEU64,N,0.355,37.104,28.01
Bound Backbone,BLUE,8.438,2.281,False,A,ARG63,O,-0.545,35.207,27.118,A,LEU64,N,0.355,37.104,28.01
Phase Boundary,YELLOW,4.718,3.55,False,A,ARG63,NH2,3.002,32.111,23.046,A,HOH343,O,4.188,30.853,19.946
Bound Backbone,BLUE,6.675,3.043,False,B,GLU8,N,32.483,28.798,7.592,B,GLN9,N,31.401,28.386,10.406
Thermal Noise,RED,3.443,3.551,False,B,GLU8,N,32.483,28.798,7.592,B,LYS23,O,32.471,25.492,6.295
Bound Backbone,BLUE,7.839,2.269,False,B,GLU8,O,32.315,30.446,10.672,B,GLN9,N,31.401,28.386,10.406
Phase Boundary,YELLOW,4.172,3.463,False,B,GLN9,N,31.401,28.386,10.406,B,ALA10,N,29.746,26.255,12.576
Bound Backbone,BLUE,12.763,2.233,False,B,GLN9,O,30.339,26.162,10.425,B,ALA10,N,29.746,26.255,12.576
Thermal Noise,RED,3.484,3.593,False,B,GLN9,O,30.339,26.162,10.425,B,ALA10,O,27.201,25.421,12.011
Thermal Noise,RED,3.038,3.692,False,B,GLN9,O,30.339,26.162,10.425,B,CYS11,N,27.966,23.468,11.285
Thermal Noise,RED,3.653,3.315,False,B,GLN9,NE2,26.903,30.475,14.167,B,LYS43,NZ,26.713,33.777,14.384
Thermal Noise,RED,3.249,3.545,False,B,GLN9,OE1,26.403,29.869,12.11,B,ARG15,NH2,24.932,26.706,12.74
Thermal Noise,RED,3.443,3.55,False,B,ALA10,N,29.746,26.255,12.576,B,CYS11,N,27.966,23.468,11.285
Bound Backbone,BLUE,8.677,2.22,False,B,ALA10,O,27.201,25.421,12.011,B,CYS11,N,27.966,23.468,11.285
Thermal Noise,RED,3.297,3.548,False,B,ALA10,O,27.201,25.421,12.011,B,CYS11,O,26.249,22.112,12.867
Thermal Noise,RED,2.692,3.871,False,B,ALA10,O,27.201,25.421,12.011,B,ASP12,N,24.543,22.641,11.574
Bound Backbone,BLUE,6.491,3.006,False,B,ALA10,O,27.201,25.421,12.011,B,ARG15,NE,25.646,25.482,14.583
Bound Backbone,BLUE,5.711,2.708,False,B,ALA10,O,27.201,25.421,12.011,B,ARG15,NH2,24.932,26.706,12.74
Thermal Noise,RED,3.219,3.533,False,B,CYS11,N,27.966,23.468,11.285,B,ASP12,N,24.543,22.641,11.574
Thermal Noise,RED,3.42,3.48,False,B,CYS11,N,27.966,23.468,11.285,B,CYS21,SG,30.812,21.639,10.47
Bound Backbone,BLUE,10.032,2.205,False,B,CYS11,O,26.249,22.112,12.867,B,ASP12,N,24.543,22.641,11.574
Thermal Noise,RED,2.97,3.788,False,B,CYS11,O,26.249,22.112,12.867,B,ASP12,O,23.041,20.502,14.078
Thermal Noise,RED,4.024,3.183,False,B,CYS11,O,26.249,22.112,12.867,B,ILE13,N,24.147,19.785,12.321
Thermal Noise,RED,3.662,3.349,False,B,CYS11,O,26.249,22.112,12.867,B,CYS14,N,26.325,18.834,13.548
Bound Backbone,BLUE,7.642,2.794,False,B,CYS11,O,26.249,22.112,12.867,B,ARG15,N,26.2,20.778,15.322
Thermal Noise,RED,3.078,3.83,False,B,CYS11,O,26.249,22.112,12.867,B,ARG15,NE,25.646,25.482,14.583
Thermal Noise,RED,3.164,3.709,False,B,CYS11,SG,27.021,20.25,10.195,B,ASP12,N,24.543,22.641,11.574
Thermal Noise,RED,3.761,3.605,False,B,CYS11,SG,27.021,20.25,10.195,B,ILE13,N,24.147,19.785,12.321
Phase Boundary,YELLOW,4.433,3.706,False,B,CYS11,SG,27.021,20.25,10.195,B,CYS14,N,26.325,18.834,13.548
Thermal Noise,RED,3.286,3.832,False,B,CYS11,SG,27.021,20.25,10.195,B,CYS14,SG,29.335,18.109,12.373
Thermal Noise,RED,3.635,3.663,False,B,CYS11,SG,27.021,20.25,10.195,B,CYS28,SG,29.596,18.774,8.049
Phase Boundary,YELLOW,4.692,2.979,False,B,ASP12,N,24.543,22.641,11.574,B,ILE13,N,24.147,19.785,12.321
Bound Backbone,BLUE,6.873,2.995,False,B,ASP12,N,24.543,22.641,11.574,B,ARG39,O,23.635,23.365,8.813
Bound Backbone,BLUE,11.673,2.196,False,B,ASP12,O,23.041,20.502,14.078,B,ILE13,N,24.147,19.785,12.321
Phase Boundary,YELLOW,4.198,3.185,False,B,ASP12,O,23.041,20.502,14.078,B,ILE13,O,24.856,18.088,15.089
Thermal Noise,RED,2.927,3.721,False,B,ASP12,O,23.041,20.502,14.078,B,CYS14,N,26.325,18.834,13.548
Thermal Noise,RED,3.742,3.406,False,B,ASP12,O,23.041,20.502,14.078,B,ARG15,N,26.2,20.778,15.322
Bound Backbone,BLUE,6.73,3.08,False,B,ASP12,O,23.041,20.502,14.078,B,LEU16,N,23.804,20.329,17.057
Phase Boundary,YELLOW,5.094,2.969,False,B,ASP12,OD1,22.952,24.915,11.442,B,ARG15,NH2,24.932,26.706,12.74
Bound Backbone,BLUE,5.932,3.127,False,B,ASP12,OD1,22.952,24.915,11.442,B,ARG39,O,23.635,23.365,8.813
Phase Boundary,YELLOW,5.04,3.288,False,B,ASP12,OD1,22.952,24.915,11.442,B,SER41,N,22.095,26.898,8.963
Thermal Noise,RED,3.812,3.573,False,B,ASP12,OD2,20.915,24.379,10.897,B,ARG39,O,23.635,23.365,8.813
Phase Boundary,YELLOW,4.21,3.388,False,B,ASP12,OD2,20.915,24.379,10.897,B,SER41,N,22.095,26.898,8.963
Thermal Noise,RED,3.681,3.517,False,B,ASP12,OD2,20.915,24.379,10.897,B,SER41,OG,18.751,26.617,9.261
Bound Backbone,BLUE,6.344,2.675,False,B,ILE13,N,24.147,19.785,12.321,B,CYS14,N,26.325,18.834,13.548
Thermal Noise,RED,3.953,3.769,False,B,ILE13,N,24.147,19.785,12.321,B,ARG15,N,26.2,20.778,15.322
Bound Backbone,BLUE,10.199,2.256,False,B,ILE13,O,24.856,18.088,15.089,B,CYS14,N,26.325,18.834,13.548
Phase Boundary,YELLOW,4.571,3.212,False,B,ILE13,O,24.856,18.088,15.089,B,CYS14,O,27.226,19.432,16.791
Phase Boundary,YELLOW,4.416,3.016,False,B,ILE13,O,24.856,18.088,15.089,B,ARG15,N,26.2,20.778,15.322
Phase Boundary,YELLOW,4.987,3.163,False,B,ILE13,O,24.856,18.088,15.089,B,LEU16,N,23.804,20.329,17.057
Bound Backbone,BLUE,7.487,2.954,False,B,ILE13,O,24.856,18.088,15.089,B,LYS17,N,24.648,17.987,18.034
Bound Backbone,BLUE,7.428,2.635,False,B,CYS14,N,26.325,18.834,13.548,B,ARG15,N,26.2,20.778,15.322
Bound Backbone,BLUE,10.147,2.241,False,B,CYS14,O,27.226,19.432,16.791,B,ARG15,N,26.2,20.778,15.322
Phase Boundary,YELLOW,5.11,3.066,False,B,CYS14,O,27.226,19.432,16.791,B,ARG15,O,25.272,21.052,18.511
Thermal Noise,RED,3.191,3.548,False,B,CYS14,O,27.226,19.432,16.791,B,LEU16,N,23.804,20.329,17.057
Phase Boundary,YELLOW,4.266,3.206,False,B,CYS14,O,27.226,19.432,16.791,B,LYS17,N,24.648,17.987,18.034
Bound Backbone,BLUE,8.951,2.628,False,B,CYS14,O,27.226,19.432,16.791,B,LYS18,N,26.852,18.505,19.221
Bound Backbone,BLUE,5.852,2.786,False,B,CYS14,O,27.226,19.432,16.791,B,LEU19,N,29.49,18.438,18.075
Thermal Noise,RED,2.892,3.763,False,B,CYS14,O,27.226,19.432,16.791,B,LEU19,O,30.896,19.854,16.076
Thermal Noise,RED,3.17,3.662,False,B,CYS14,SG,29.335,18.109,12.373,B,LYS20,O,32.802,18.389,13.518
Thermal Noise,RED,3.995,3.22,False,B,CYS14,SG,29.335,18.109,12.373,B,LYS30,NZ,31.587,15.935,13.129
Bound Backbone,BLUE,5.427,2.992,False,B,ARG15,N,26.2,20.778,15.322,B,LEU16,N,23.804,20.329,17.057
Bound Backbone,BLUE,10.697,2.189,False,B,ARG15,O,25.272,21.052,18.511,B,LEU16,N,23.804,20.329,17.057
Thermal Noise,RED,4.055,3.164,False,B,ARG15,O,25.272,21.052,18.511,B,LYS17,N,24.648,17.987,18.034
Phase Boundary,YELLOW,4.361,3.08,False,B,ARG15,O,25.272,21.052,18.511,B,LYS18,N,26.852,18.505,19.221
Thermal Noise,RED,3.168,3.953,False,B,ARG15,NH2,24.932,26.706,12.74,B,SER41,O,22.685,28.888,10.329
Bound Backbone,BLUE,6.071,2.674,False,B,LEU16,N,23.804,20.329,17.057,B,LYS17,N,24.648,17.987,18.034
Bound Backbone,BLUE,10.292,2.248,False,B,LEU16,O,23.019,17.841,19.576,B,LYS17,N,24.648,17.987,18.034
Thermal Noise,RED,2.637,3.906,False,B,LEU16,O,23.019,17.841,19.576,B,LYS18,N,26.852,18.505,19.221
Bound Backbone,BLUE,6.964,2.556,False,B,LYS17,N,24.648,17.987,18.034,B,LYS18,N,26.852,18.505,19.221
Bound Backbone,BLUE,8.353,2.243,False,B,LYS17,O,27.223,16.384,19.848,B,LYS18,N,26.852,18.505,19.221
Thermal Noise,RED,3.263,3.514,False,B,LYS17,O,27.223,16.384,19.848,B,LYS18,O,30.248,18.135,20.208
Thermal Noise,RED,3.713,3.536,False,B,LYS17,O,27.223,16.384,19.848,B,LEU19,N,29.49,18.438,18.075
Bound Backbone,BLUE,5.323,2.877,False,B,LYS18,N,26.852,18.505,19.221,B,LEU19,N,29.49,18.438,18.075
Bound Backbone,BLUE,11.931,2.284,False,B,LYS18,O,30.248,18.135,20.208,B,LEU19,N,29.49,18.438,18.075
Thermal Noise,RED,3.568,3.579,False,B,LEU19,N,29.49,18.438,18.075,B,LYS20,N,32.643,18.518,16.383
Bound Backbone,BLUE,8.215,2.221,False,B,LEU19,O,30.896,19.854,16.076,B,LYS20,N,32.643,18.518,16.383
Phase Boundary,YELLOW,4.345,3.51,False,B,LEU19,O,30.896,19.854,16.076,B,LYS20,O,32.802,18.389,13.518
Phase Boundary,YELLOW,4.886,3.305,False,B,LEU19,O,30.896,19.854,16.076,B,CYS21,N,33.035,20.64,13.682
Phase Boundary,YELLOW,4.649,3.457,False,B,LYS20,N,32.643,18.518,16.383,B,CYS21,N,33.035,20.64,13.682
Bound Backbone,BLUE,7.8,2.269,False,B,LYS20,O,32.802,18.389,13.518,B,CYS21,N,33.035,20.64,13.682
Bound Backbone,BLUE,5.298,2.766,False,B,LYS20,O,32.802,18.389,13.518,B,LYS30,NZ,31.587,15.935,13.129
Thermal Noise,RED,3.739,3.529,False,B,LYS20,NZ,37.846,20.978,13.742,B,CYS21,O,34.922,21.817,11.953
Phase Boundary,YELLOW,4.871,3.619,False,B,CYS21,N,33.035,20.64,13.682,B,SER22,N,33.957,20.76,10.184
Bound Backbone,BLUE,10.702,2.275,False,B,CYS21,O,34.922,21.817,11.953,B,SER22,N,33.957,20.76,10.184
Phase Boundary,YELLOW,4.124,3.765,False,B,CYS21,O,34.922,21.817,11.953,B,LYS23,N,33.2,22.791,8.75
Thermal Noise,RED,2.616,3.933,False,B,CYS21,O,34.922,21.817,11.953,B,LYS23,NZ,37.033,25.094,11.432
Thermal Noise,RED,3.742,3.278,False,B,CYS21,SG,30.812,21.639,10.47,B,SER22,N,33.957,20.76,10.184
Phase Boundary,YELLOW,4.762,3.16,False,B,CYS21,SG,30.812,21.639,10.47,B,LYS23,N,33.2,22.791,8.75
Thermal Noise,RED,3.191,3.943,False,B,CYS21,SG,30.812,21.639,10.47,B,CYS28,SG,29.596,18.774,8.049
Thermal Noise,RED,3.979,3.88,False,B,CYS21,SG,30.812,21.639,10.47,B,TYR40,OH,29.861,23.186,7.041
Bound Backbone,BLUE,7.073,2.599,False,B,SER22,N,33.957,20.76,10.184,B,LYS23,N,33.2,22.791,8.75
Bound Backbone,BLUE,8.543,2.262,False,B,SER22,O,35.276,23.048,7.89,B,LYS23,N,33.2,22.791,8.75
Bound Backbone,BLUE,6.05,2.896,False,B,SER22,O,35.276,23.048,7.89,B,GLU24,N,33.089,23.318,6.011
Thermal Noise,RED,3.943,3.313,False,B,SER22,OG,34.137,19.843,7.563,B,LYS23,N,33.2,22.791,8.75
Thermal Noise,RED,2.821,3.947,False,B,SER22,OG,34.137,19.843,7.563,B,GLU24,N,33.089,23.318,6.011
Bound Backbone,BLUE,5.997,3.129,False,B,SER22,OG,34.137,19.843,7.563,B,GLU24,OE2,35.339,18.765,4.883
Thermal Noise,RED,4.042,3.396,False,B,SER22,OG,34.137,19.843,7.563,B,ALA29,N,32.445,17.459,5.835
Bound Backbone,BLUE,8.283,2.791,False,B,LYS23,N,33.2,22.791,8.75,B,GLU24,N,33.089,23.318,6.011
Thermal Noise,RED,3.181,3.772,False,B,LYS23,N,33.2,22.791,8.75,B,TYR40,OH,29.861,23.186,7.041
Bound Backbone,BLUE,7.789,2.278,False,B,LYS23,O,32.471,25.492,6.295,B,GLU24,N,33.089,23.318,6.011
Bound Backbone,BLUE,5.929,3.212,False,B,LYS23,O,32.471,25.492,6.295,B,LYS25,N,31.668,24.441,3.368
Thermal Noise,RED,3.243,3.562,False,B,LYS23,O,32.471,25.492,6.295,B,TYR40,OH,29.861,23.186,7.041
Thermal Noise,RED,2.918,3.843,False,B,LYS23,O,32.471,25.492,6.295,B,HOH380,O,36.021,26.111,4.961
Bound Backbone,BLUE,5.586,3.204,False,B,GLU24,N,33.089,23.318,6.011,B,LYS25,N,31.668,24.441,3.368
Thermal Noise,RED,3.685,3.391,False,B,GLU24,N,33.089,23.318,6.011,B,TYR40,OH,29.861,23.186,7.041
Bound Backbone,BLUE,8.143,2.218,False,B,GLU24,O,31.628,22.225,3.453,B,LYS25,N,31.668,24.441,3.368
Phase Boundary,YELLOW,4.689,3.494,False,B,GLU24,O,31.628,22.225,3.453,B,LYS25,O,31.643,24.213,0.58
Thermal Noise,RED,3.978,3.752,False,B,GLU24,O,31.628,22.225,3.453,B,PRO26,N,29.608,23.302,0.48
Thermal Noise,RED,3.993,3.376,False,B,GLU24,O,31.628,22.225,3.453,B,LYS27,N,28.928,20.941,1.884
Phase Boundary,YELLOW,4.575,2.986,False,B,GLU24,O,31.628,22.225,3.453,B,LYS27,O,31.209,19.315,2.929
Thermal Noise,RED,3.919,3.351,False,B,GLU24,O,31.628,22.225,3.453,B,CYS28,N,29.917,19.667,4.78
Phase Boundary,YELLOW,4.138,3.755,False,B,GLU24,O,31.628,22.225,3.453,B,HOH303,O,31.542,20.239,0.267
Phase Boundary,YELLOW,4.301,3.555,False,B,GLU24,OE1,36.417,20.166,3.7,B,HOH304,O,37.794,18.262,6.368
Thermal Noise,RED,3.834,3.315,False,B,GLU24,OE2,35.339,18.765,4.883,B,ALA29,N,32.445,17.459,5.835
Bound Backbone,BLUE,5.496,2.913,False,B,GLU24,OE2,35.339,18.765,4.883,B,HOH304,O,37.794,18.262,6.368
Thermal Noise,RED,3.985,3.726,False,B,LYS25,N,31.668,24.441,3.368,B,PRO26,N,29.608,23.302,0.48
Bound Backbone,BLUE,8.045,2.232,False,B,LYS25,O,31.643,24.213,0.58,B,PRO26,N,29.608,23.302,0.48
Thermal Noise,RED,2.527,3.988,False,B,LYS25,O,31.643,24.213,0.58,B,HOH303,O,31.542,20.239,0.267
Thermal Noise,RED,2.883,3.775,False,B,LYS25,NZ,26.867,28.223,3.613,B,ARG39,NH2,23.516,26.665,4.386
Bound Backbone,BLUE,5.78,2.83,False,B,PRO26,N,29.608,23.302,0.48,B,LYS27,N,28.928,20.941,1.884
Thermal Noise,RED,3.046,3.629,False,B,PRO26,N,29.608,23.302,0.48,B,HOH303,O,31.542,20.239,0.267
Bound Backbone,BLUE,8.029,2.258,False,B,PRO26,O,26.85,21.714,2.311,B,LYS27,N,28.928,20.941,1.884
Phase Boundary,YELLOW,4.105,3.913,False,B,PRO26,O,26.85,21.714,2.311,B,CYS38,SG,26.505,20.506,6.017
Bound Backbone,BLUE,6.033,2.607,False,B,PRO26,O,26.85,21.714,2.311,B,HOH382,O,25.348,23.782,2.827
Bound Backbone,BLUE,5.411,3.315,False,B,LYS27,N,28.928,20.941,1.884,B,CYS28,N,29.917,19.667,4.78
Phase Boundary,YELLOW,4.7,3.153,False,B,LYS27,N,28.928,20.941,1.884,B,HOH303,O,31.542,20.239,0.267
Bound Backbone,BLUE,10.871,2.285,False,B,LYS27,O,31.209,19.315,2.929,B,CYS28,N,29.917,19.667,4.78
Phase Boundary,YELLOW,4.461,3.47,False,B,LYS27,O,31.209,19.315,2.929,B,CYS28,O,30.287,17.143,5.473
Phase Boundary,YELLOW,4.177,3.663,False,B,LYS27,O,31.209,19.315,2.929,B,ALA29,N,32.445,17.459,5.835
Bound Backbone,BLUE,7.755,2.837,False,B,LYS27,O,31.209,19.315,2.929,B,HOH303,O,31.542,20.239,0.267
Thermal Noise,RED,3.795,3.741,False,B,LYS27,NZ,24.131,18.086,1.505,B,TRP36,O,23.623,15.528,4.187
Phase Boundary,YELLOW,5.183,2.878,False,B,LYS27,NZ,24.131,18.086,1.505,B,GLU37,OE1,21.67,19.217,2.478
Phase Boundary,YELLOW,4.185,3.868,False,B,LYS27,NZ,24.131,18.086,1.505,B,CYS38,N,23.027,18.775,5.147
Thermal Noise,RED,3.418,3.518,False,B,CYS28,N,29.917,19.667,4.78,B,ALA29,N,32.445,17.459,5.835
Thermal Noise,RED,3.087,3.725,False,B,CYS28,N,29.917,19.667,4.78,B,CYS38,SG,26.505,20.506,6.017
Bound Backbone,BLUE,8.327,2.211,False,B,CYS28,O,30.287,17.143,5.473,B,ALA29,N,32.445,17.459,5.835
Thermal Noise,RED,3.18,3.555,False,B,CYS28,O,30.287,17.143,5.473,B,ALA29,O,31.701,13.894,5.764
Bound Backbone,BLUE,5.762,3.0,False,B,CYS28,O,30.287,17.143,5.473,B,LYS30,N,31.308,15.2,7.518
Phase Boundary,YELLOW,5.124,2.972,False,B,CYS28,O,30.287,17.143,5.473,B,CYS31,N,28.592,15.107,6.819
Phase Boundary,YELLOW,4.866,3.063,False,B,CYS28,O,30.287,17.143,5.473,B,LEU32,N,28.951,14.794,4.03
Thermal Noise,RED,3.288,3.84,False,B,CYS28,SG,29.596,18.774,8.049,B,ALA29,N,32.445,17.459,5.835
Thermal Noise,RED,2.531,3.998,False,B,CYS28,SG,29.596,18.774,8.049,B,LYS30,N,31.308,15.2,7.518
Thermal Noise,RED,2.657,3.996,False,B,CYS28,SG,29.596,18.774,8.049,B,CYS31,N,28.592,15.107,6.819
Thermal Noise,RED,2.552,3.968,False,B,CYS28,SG,29.596,18.774,8.049,B,CYS31,SG,26.173,16.793,7.723
Phase Boundary,YELLOW,5.184,3.038,False,B,ALA29,N,32.445,17.459,5.835,B,LYS30,N,31.308,15.2,7.518
Bound Backbone,BLUE,11.322,2.222,False,B,ALA29,O,31.701,13.894,5.764,B,LYS30,N,31.308,15.2,7.518
Phase Boundary,YELLOW,4.613,3.061,False,B,ALA29,O,31.701,13.894,5.764,B,LYS30,O,29.012,12.914,6.849
Thermal Noise,RED,3.456,3.5,False,B,ALA29,O,31.701,13.894,5.764,B,CYS31,N,28.592,15.107,6.819
Phase Boundary,YELLOW,4.108,3.373,False,B,ALA29,O,31.701,13.894,5.764,B,LEU32,N,28.951,14.794,4.03
Bound Backbone,BLUE,7.144,2.708,False,B,ALA29,O,31.701,13.894,5.764,B,LYS33,N,30.532,12.343,3.877
Bound Backbone,BLUE,7.291,2.686,False,B,ALA29,O,31.701,13.894,5.764,B,HOH311,O,33.586,13.579,3.877
Bound Backbone,BLUE,5.283,2.806,False,B,LYS30,N,31.308,15.2,7.518,B,CYS31,N,28.592,15.107,6.819
Bound Backbone,BLUE,8.027,2.233,False,B,LYS30,O,29.012,12.914,6.849,B,CYS31,N,28.592,15.107,6.819
Phase Boundary,YELLOW,4.361,3.583,False,B,LYS30,O,29.012,12.914,6.849,B,CYS31,O,26.964,13.688,4.013
Phase Boundary,YELLOW,5.019,3.389,False,B,LYS30,O,29.012,12.914,6.849,B,LEU32,N,28.951,14.794,4.03
Phase Boundary,YELLOW,5.199,3.387,False,B,LYS30,O,29.012,12.914,6.849,B,LYS33,N,30.532,12.343,3.877
Bound Backbone,BLUE,6.972,2.627,False,B,LYS30,O,29.012,12.914,6.849,B,ASN34,N,28.664,10.772,5.369
Bound Backbone,BLUE,7.604,2.704,False,B,LYS30,O,29.012,12.914,6.849,B,ASN34,ND2,29.008,11.23,8.965
Bound Backbone,BLUE,8.09,2.829,False,B,CYS31,N,28.592,15.107,6.819,B,LEU32,N,28.951,14.794,4.03
Bound Backbone,BLUE,7.739,2.274,False,B,CYS31,O,26.964,13.688,4.013,B,LEU32,N,28.951,14.794,4.03
Phase Boundary,YELLOW,4.772,3.151,False,B,CYS31,O,26.964,13.688,4.013,B,LEU32,O,28.952,11.925,2.32
Thermal Noise,RED,2.751,3.816,False,B,CYS31,O,26.964,13.688,4.013,B,LYS33,N,30.532,12.343,3.877
Thermal Noise,RED,3.292,3.638,False,B,CYS31,O,26.964,13.688,4.013,B,ASN34,N,28.664,10.772,5.369
Bound Backbone,BLUE,5.462,2.708,False,B,CYS31,O,26.964,13.688,4.013,B,ASN35,N,26.228,11.084,4.128
Phase Boundary,YELLOW,4.489,3.042,False,B,CYS31,O,26.964,13.688,4.013,B,TRP36,N,24.099,12.986,4.758
Thermal Noise,RED,2.749,3.818,False,B,CYS31,O,26.964,13.688,4.013,B,TRP36,O,23.623,15.528,4.187
Bound Backbone,BLUE,6.449,3.119,False,B,CYS31,O,26.964,13.688,4.013,B,HOH340,O,26.787,12.681,1.066
Bound Backbone,BLUE,6.454,2.793,False,B,CYS31,O,26.964,13.688,4.013,B,HOH353,O,24.861,14.149,2.233
Phase Boundary,YELLOW,4.7,2.921,False,B,LEU32,N,28.951,14.794,4.03,B,LYS33,N,30.532,12.343,3.877
Bound Backbone,BLUE,10.232,2.257,False,B,LEU32,O,28.952,11.925,2.32,B,LYS33,N,30.532,12.343,3.877
Phase Boundary,YELLOW,4.988,3.037,False,B,LEU32,O,28.952,11.925,2.32,B,LYS33,O,29.148,9.276,3.792
Bound Backbone,BLUE,5.802,3.272,False,B,LEU32,O,28.952,11.925,2.32,B,ASN34,N,28.664,10.772,5.369
Phase Boundary,YELLOW,4.153,3.376,False,B,LEU32,O,28.952,11.925,2.32,B,ASN35,N,26.228,11.084,4.128
Bound Backbone,BLUE,6.717,2.614,False,B,LEU32,O,28.952,11.925,2.32,B,HOH340,O,26.787,12.681,1.066
Bound Backbone,BLUE,5.737,2.861,False,B,LYS33,N,30.532,12.343,3.877,B,ASN34,N,28.664,10.772,5.369
Thermal Noise,RED,3.687,3.295,False,B,LYS33,N,30.532,12.343,3.877,B,HOH311,O,33.586,13.579,3.877
Bound Backbone,BLUE,10.645,2.227,False,B,LYS33,O,29.148,9.276,3.792,B,ASN34,N,28.664,10.772,5.369
Thermal Noise,RED,3.381,3.451,False,B,LYS33,O,29.148,9.276,3.792,B,ASN35,N,26.228,11.084,4.128
Thermal Noise,RED,2.948,3.742,False,B,LYS33,NZ,31.683,7.05,7.896,B,ASN34,OD1,28.663,9.097,8.726
Bound Backbone,BLUE,5.97,2.752,False,B,ASN34,N,28.664,10.772,5.369,B,ASN35,N,26.228,11.084,4.128
Bound Backbone,BLUE,9.689,2.237,False,B,ASN34,O,25.196,9.576,5.419,B,ASN35,N,26.228,11.084,4.128
Phase Boundary,YELLOW,4.273,3.207,False,B,ASN34,O,25.196,9.576,5.419,B,ASN35,O,22.781,11.269,4.16
Thermal Noise,RED,3.079,3.643,False,B,ASN34,O,25.196,9.576,5.419,B,TRP36,N,24.099,12.986,4.758
Phase Boundary,YELLOW,4.635,3.501,False,B,ASN34,O,25.196,9.576,5.419,B,TRP36,NE1,23.342,10.433,8.263
Phase Boundary,YELLOW,4.821,2.924,False,B,ASN35,N,26.228,11.084,4.128,B,TRP36,N,24.099,12.986,4.758
Phase Boundary,YELLOW,4.864,3.498,False,B,ASN35,N,26.228,11.084,4.128,B,HOH340,O,26.787,12.681,1.066
Thermal Noise,RED,3.109,3.854,False,B,ASN35,N,26.228,11.084,4.128,B,HOH353,O,24.861,14.149,2.233
Bound Backbone,BLUE,8.294,2.246,False,B,ASN35,O,22.781,11.269,4.16,B,TRP36,N,24.099,12.986,4.758
Bound Backbone,BLUE,5.45,2.732,False,B,ASN35,O,22.781,11.269,4.16,B,HOH432,O,21.625,8.833,3.72
Bound Backbone,BLUE,5.304,3.337,False,B,ASN35,ND2,22.87,9.958,0.836,B,HOH432,O,21.625,8.833,3.72
Bound Backbone,BLUE,5.681,2.69,False,B,ASN35,OD1,24.416,11.539,0.508,B,HOH340,O,26.787,12.681,1.066
Phase Boundary,YELLOW,4.768,3.16,False,B,ASN35,OD1,24.416,11.539,0.508,B,HOH353,O,24.861,14.149,2.233
Thermal Noise,RED,3.05,3.651,False,B,TRP36,N,24.099,12.986,4.758,B,GLU37,N,21.724,15.698,5.334
Bound Backbone,BLUE,7.169,2.883,False,B,TRP36,N,24.099,12.986,4.758,B,HOH353,O,24.861,14.149,2.233
Bound Backbone,BLUE,9.451,2.225,False,B,TRP36,O,23.623,15.528,4.187,B,GLU37,N,21.724,15.698,5.334
Thermal Noise,RED,3.554,3.438,False,B,TRP36,O,23.623,15.528,4.187,B,CYS38,N,23.027,18.775,5.147
Bound Backbone,BLUE,7.367,2.693,False,B,TRP36,O,23.623,15.528,4.187,B,HOH353,O,24.861,14.149,2.233
Thermal Noise,RED,3.58,3.347,False,B,GLU37,N,21.724,15.698,5.334,B,CYS38,N,23.027,18.775,5.147
Phase Boundary,YELLOW,4.988,2.865,False,B,GLU37,N,21.724,15.698,5.334,B,HOH379,O,19.526,13.943,5.878
Bound Backbone,BLUE,11.252,2.268,False,B,GLU37,O,21.976,18.119,7.047,B,CYS38,N,23.027,18.775,5.147
Thermal Noise,RED,2.753,3.823,False,B,GLU37,O,21.976,18.119,7.047,B,ARG39,N,23.136,21.745,6.699
Bound Backbone,BLUE,6.531,3.027,False,B,GLU37,OE1,21.67,19.217,2.478,B,CYS38,N,23.027,18.775,5.147
Phase Boundary,YELLOW,4.964,3.192,False,B,GLU37,OE1,21.67,19.217,2.478,B,CYS38,O,22.694,21.434,4.534
Thermal Noise,RED,3.143,3.806,False,B,GLU37,OE2,20.125,20.487,3.377,B,CYS38,N,23.027,18.775,5.147
Phase Boundary,YELLOW,4.966,2.972,False,B,GLU37,OE2,20.125,20.487,3.377,B,CYS38,O,22.694,21.434,4.534
Thermal Noise,RED,4.045,3.353,False,B,CYS38,N,23.027,18.775,5.147,B,ARG39,N,23.136,21.745,6.699
Bound Backbone,BLUE,12.852,2.231,False,B,CYS38,O,22.694,21.434,4.534,B,ARG39,N,23.136,21.745,6.699
Thermal Noise,RED,3.947,3.251,False,B,CYS38,O,22.694,21.434,4.534,B,ARG39,NH1,22.845,24.571,3.694
Thermal Noise,RED,2.897,3.933,False,B,CYS38,O,22.694,21.434,4.534,B,HOH382,O,25.348,23.782,2.827
Thermal Noise,RED,3.064,3.654,False,B,CYS38,SG,26.505,20.506,6.017,B,ARG39,N,23.136,21.745,6.699
Thermal Noise,RED,3.573,3.383,False,B,ARG39,N,23.136,21.745,6.699,B,TYR40,N,23.582,25.039,7.33
Bound Backbone,BLUE,10.234,2.237,False,B,ARG39,O,23.635,23.365,8.813,B,TYR40,N,23.582,25.039,7.33
Thermal Noise,RED,2.693,3.857,False,B,ARG39,O,23.635,23.365,8.813,B,SER41,N,22.095,26.898,8.963
Bound Backbone,BLUE,6.121,2.93,False,B,ARG39,NE,21.636,25.799,5.276,B,TYR40,N,23.582,25.039,7.33
Bound Backbone,BLUE,5.658,2.941,False,B,ARG39,NE,21.636,25.799,5.276,B,TYR40,O,22.959,27.766,7.017
Phase Boundary,YELLOW,4.202,3.875,False,B,ARG39,NE,21.636,25.799,5.276,B,SER41,N,22.095,26.898,8.963
Phase Boundary,YELLOW,4.584,3.739,False,B,ARG39,NH1,22.845,24.571,3.694,B,TYR40,N,23.582,25.039,7.33
Bound Backbone,BLUE,5.567,2.764,False,B,ARG39,NH1,22.845,24.571,3.694,B,HOH382,O,25.348,23.782,2.827
Phase Boundary,YELLOW,5.261,3.364,False,B,ARG39,NH2,23.516,26.665,4.386,B,TYR40,N,23.582,25.039,7.33
Bound Backbone,BLUE,7.211,2.906,False,B,ARG39,NH2,23.516,26.665,4.386,B,TYR40,O,22.959,27.766,7.017
Thermal Noise,RED,3.15,3.755,False,B,ARG39,NH2,23.516,26.665,4.386,B,HOH382,O,25.348,23.782,2.827
Bound Backbone,BLUE,5.78,2.887,False,B,TYR40,N,23.582,25.039,7.33,B,SER41,N,22.095,26.898,8.963
Bound Backbone,BLUE,11.02,2.299,False,B,TYR40,O,22.959,27.766,7.017,B,SER41,N,22.095,26.898,8.963
Phase Boundary,YELLOW,5.098,3.508,False,B,TYR40,O,22.959,27.766,7.017,B,SER41,O,22.685,28.888,10.329
Thermal Noise,RED,3.206,3.563,False,B,SER41,N,22.095,26.898,8.963,B,PRO42,N,21.039,30.251,9.541
Bound Backbone,BLUE,8.302,2.278,False,B,SER41,O,22.685,28.888,10.329,B,PRO42,N,21.039,30.251,9.541
Thermal Noise,RED,3.877,3.496,False,B,SER41,O,22.685,28.888,10.329,B,PRO42,O,21.169,31.416,12.208
Thermal Noise,RED,3.375,3.706,False,B,PRO42,N,21.039,30.251,9.541,B,LYS43,N,22.218,33.24,11.387
Bound Backbone,BLUE,8.505,2.259,False,B,PRO42,O,21.169,31.416,12.208,B,LYS43,N,22.218,33.24,11.387
Thermal Noise,RED,3.339,3.489,False,B,PRO42,O,21.169,31.416,12.208,B,LYS43,O,20.239,34.734,12.753
Bound Backbone,BLUE,6.213,2.967,False,B,PRO42,O,21.169,31.416,12.208,B,THR44,N,20.833,33.319,14.459
Bound Backbone,BLUE,5.384,3.371,False,B,LYS43,N,22.218,33.24,11.387,B,THR44,N,20.833,33.319,14.459
Bound Backbone,BLUE,10.274,2.295,False,B,LYS43,O,20.239,34.734,12.753,B,THR44,N,20.833,33.319,14.459
Phase Boundary,YELLOW,4.801,3.67,False,B,LYS43,O,20.239,34.734,12.753,B,THR44,O,20.382,35.379,16.363
Bound Backbone,BLUE,5.389,3.209,False,B,LYS43,O,20.239,34.734,12.753,B,LYS45,N,18.484,35.715,15.254
Thermal Noise,RED,3.48,3.448,False,B,THR44,N,20.833,33.319,14.459,B,LYS45,N,18.484,35.715,15.254
Bound Backbone,BLUE,9.374,2.224,False,B,THR44,O,20.382,35.379,16.363,B,LYS45,N,18.484,35.715,15.254
Thermal Noise,RED,3.127,3.648,False,B,THR44,O,20.382,35.379,16.363,B,LYS45,O,16.909,36.021,17.276
Thermal Noise,RED,3.188,3.777,False,B,THR44,O,20.382,35.379,16.363,B,ARG46,N,18.068,37.799,18.11
Bound Backbone,BLUE,8.697,2.73,False,B,THR44,OG1,20.674,32.929,17.47,B,ARG46,NH1,20.584,33.371,20.162
Phase Boundary,YELLOW,4.451,3.56,False,B,LYS45,N,18.484,35.715,15.254,B,ARG46,N,18.068,37.799,18.11
Bound Backbone,BLUE,8.351,2.28,False,B,LYS45,O,16.909,36.021,17.276,B,ARG46,N,18.068,37.799,18.11
Thermal Noise,RED,4.012,3.711,False,B,ARG46,N,18.068,37.799,18.11,B,SER47,N,16.469,39.525,20.98
Bound Backbone,BLUE,12.083,2.245,False,B,ARG46,O,17.172,40.17,18.948,B,SER47,N,16.469,39.525,20.98
Phase Boundary,YELLOW,4.528,3.72,False,B,ARG46,O,17.172,40.17,18.948,B,SER47,O,18.35,40.557,22.455
Bound Backbone,BLUE,6.369,3.194,False,B,ARG46,NH2,21.465,32.782,22.209,D,HOH384,O,21.875,32.973,25.371
Thermal Noise,RED,3.275,3.647,False,B,SER47,N,16.469,39.525,20.98,B,PRO48,N,17.727,42.667,22.339
Bound Backbone,BLUE,8.26,2.203,False,B,SER47,O,18.35,40.557,22.455,B,PRO48,N,17.727,42.667,22.339
Thermal Noise,RED,3.424,3.88,False,B,SER47,O,18.35,40.557,22.455,B,PRO48,O,18.269,43.427,25.065
Phase Boundary,YELLOW,4.124,3.535,False,B,SER47,O,18.35,40.557,22.455,B,LEU49,N,20.222,42.386,24.831
Thermal Noise,RED,3.304,3.617,False,B,SER47,OG,15.431,40.184,23.623,B,PRO48,N,17.727,42.667,22.339
Phase Boundary,YELLOW,4.208,3.538,False,B,PRO48,N,17.727,42.667,22.339,B,LEU49,N,20.222,42.386,24.831
Bound Backbone,BLUE,8.137,2.225,False,B,PRO48,O,18.269,43.427,25.065,B,LEU49,N,20.222,42.386,24.831
Bound Backbone,BLUE,6.343,2.762,False,B,PRO48,O,18.269,43.427,25.065,B,THR50,N,20.153,44.681,26.648
Thermal Noise,RED,2.75,3.862,False,B,PRO48,O,18.269,43.427,25.065,B,THR50,OG1,19.026,47.136,25.83
Thermal Noise,RED,3.508,3.4,False,B,PRO48,O,18.269,43.427,25.065,B,HIS53,ND1,14.925,43.791,25.562
Bound Backbone,BLUE,5.812,2.928,False,B,LEU49,N,20.222,42.386,24.831,B,THR50,N,20.153,44.681,26.648
Bound Backbone,BLUE,8.546,2.223,False,B,LEU49,O,21.976,43.591,27.305,B,THR50,N,20.153,44.681,26.648
Phase Boundary,YELLOW,4.092,3.533,False,B,THR50,N,20.153,44.681,26.648,B,ARG51,N,20.285,47.335,28.977
Bound Backbone,BLUE,8.211,2.243,False,B,THR50,O,18.758,45.772,28.469,B,ARG51,N,20.285,47.335,28.977
Phase Boundary,YELLOW,4.957,3.155,False,B,THR50,O,18.758,45.772,28.469,B,ARG51,O,17.265,47.792,30.378
Thermal Noise,RED,3.021,3.667,False,B,THR50,O,18.758,45.772,28.469,B,ALA52,N,18.05,49.326,29.028
Thermal Noise,RED,3.256,3.581,False,B,THR50,O,18.758,45.772,28.469,B,HIS53,N,16.077,47.955,27.537
Thermal Noise,RED,3.913,3.238,False,B,THR50,O,18.758,45.772,28.469,B,LEU54,N,15.586,45.689,29.115
Bound Backbone,BLUE,5.369,3.395,False,B,THR50,OG1,19.026,47.136,25.83,B,ARG51,N,20.285,47.335,28.977
Thermal Noise,RED,3.526,3.997,False,B,THR50,OG1,19.026,47.136,25.83,B,ALA52,N,18.05,49.326,29.028
Thermal Noise,RED,3.751,3.504,False,B,THR50,OG1,19.026,47.136,25.83,B,HIS53,N,16.077,47.955,27.537
Phase Boundary,YELLOW,4.466,2.994,False,B,ARG51,N,20.285,47.335,28.977,B,ALA52,N,18.05,49.326,29.028
Bound Backbone,BLUE,10.373,2.189,False,B,ARG51,O,17.265,47.792,30.378,B,ALA52,N,18.05,49.326,29.028
Phase Boundary,YELLOW,4.463,3.168,False,B,ARG51,O,17.265,47.792,30.378,B,ALA52,O,14.621,48.871,29.006
Bound Backbone,BLUE,6.482,3.084,False,B,ARG51,O,17.265,47.792,30.378,B,HIS53,N,16.077,47.955,27.537
Phase Boundary,YELLOW,5.049,2.973,False,B,ARG51,O,17.265,47.792,30.378,B,LEU54,N,15.586,45.689,29.115
Phase Boundary,YELLOW,4.737,3.002,False,B,ARG51,O,17.265,47.792,30.378,B,THR55,N,14.569,46.898,31.349
Bound Backbone,BLUE,7.715,2.736,False,B,ARG51,O,17.265,47.792,30.378,B,THR55,OG1,16.09,48.737,32.661
Bound Backbone,BLUE,5.891,2.828,False,B,ALA52,N,18.05,49.326,29.028,B,HIS53,N,16.077,47.955,27.537
Bound Backbone,BLUE,9.92,2.262,False,B,ALA52,O,14.621,48.871,29.006,B,HIS53,N,16.077,47.955,27.537
Thermal Noise,RED,3.35,3.525,False,B,ALA52,O,14.621,48.871,29.006,B,HIS53,O,13.542,45.634,28.121
Thermal Noise,RED,3.618,3.327,False,B,ALA52,O,14.621,48.871,29.006,B,LEU54,N,15.586,45.689,29.115
Bound Backbone,BLUE,5.852,3.064,False,B,ALA52,O,14.621,48.871,29.006,B,THR55,N,14.569,46.898,31.349
Thermal Noise,RED,3.986,3.941,False,B,ALA52,O,14.621,48.871,29.006,B,THR55,OG1,16.09,48.737,32.661
Bound Backbone,BLUE,6.964,2.572,False,B,ALA52,O,14.621,48.871,29.006,B,GLU56,N,12.384,48.677,30.261
Bound Backbone,BLUE,6.113,2.805,False,B,HIS53,N,16.077,47.955,27.537,B,LEU54,N,15.586,45.689,29.115
Bound Backbone,BLUE,8.684,2.274,False,B,HIS53,O,13.542,45.634,28.121,B,LEU54,N,15.586,45.689,29.115
Bound Backbone,BLUE,5.592,3.4,False,B,HIS53,O,13.542,45.634,28.121,B,LEU54,O,13.142,45.16,31.464
Phase Boundary,YELLOW,4.614,3.616,False,B,HIS53,O,13.542,45.634,28.121,B,THR55,N,14.569,46.898,31.349
Thermal Noise,RED,3.142,3.896,False,B,HIS53,O,13.542,45.634,28.121,B,GLU56,N,12.384,48.677,30.261
Phase Boundary,YELLOW,4.109,3.273,False,B,HIS53,O,13.542,45.634,28.121,B,VAL57,N,10.678,46.545,29.417
Phase Boundary,YELLOW,4.338,3.654,False,B,HIS53,NE2,13.108,44.143,24.507,B,HOH316,O,11.376,43.159,21.444
Bound Backbone,BLUE,7.613,2.736,False,B,LEU54,N,15.586,45.689,29.115,B,THR55,N,14.569,46.898,31.349
Bound Backbone,BLUE,7.906,2.252,False,B,LEU54,O,13.142,45.16,31.464,B,THR55,N,14.569,46.898,31.349
Thermal Noise,RED,3.829,3.272,False,B,LEU54,O,13.142,45.16,31.464,B,THR55,O,11.446,47.884,32.102
Thermal Noise,RED,2.959,3.794,False,B,LEU54,O,13.142,45.16,31.464,B,GLU56,N,12.384,48.677,30.261
Thermal Noise,RED,4.005,3.49,False,B,LEU54,O,13.142,45.16,31.464,B,VAL57,N,10.678,46.545,29.417
Bound Backbone,BLUE,5.549,2.734,False,B,LEU54,O,13.142,45.16,31.464,B,GLU58,N,10.494,44.971,32.118
Phase Boundary,YELLOW,4.628,3.527,False,B,LEU54,O,13.142,45.16,31.464,B,GLU58,OE1,13.262,43.198,34.393
Bound Backbone,BLUE,5.605,3.331,False,B,LEU54,O,13.142,45.16,31.464,B,GLU58,OE2,14.338,45.061,34.571
Phase Boundary,YELLOW,4.749,3.02,False,B,THR55,N,14.569,46.898,31.349,B,GLU56,N,12.384,48.677,30.261
Phase Boundary,YELLOW,4.285,3.716,False,B,THR55,N,14.569,46.898,31.349,B,GLU58,OE2,14.338,45.061,34.571
Bound Backbone,BLUE,11.769,2.213,False,B,THR55,O,11.446,47.884,32.102,B,GLU56,N,12.384,48.677,30.261
Phase Boundary,YELLOW,4.984,3.183,False,B,THR55,O,11.446,47.884,32.102,B,GLU56,O,9.006,47.963,30.059
Bound Backbone,BLUE,6.168,3.097,False,B,THR55,O,11.446,47.884,32.102,B,VAL57,N,10.678,46.545,29.417
Phase Boundary,YELLOW,4.261,3.065,False,B,THR55,O,11.446,47.884,32.102,B,GLU58,N,10.494,44.971,32.118
Bound Backbone,BLUE,5.352,2.909,False,B,THR55,O,11.446,47.884,32.102,B,SER59,N,9.042,46.92,33.427
Bound Backbone,BLUE,6.05,2.917,False,B,THR55,O,11.446,47.884,32.102,B,SER59,OG,9.884,49.38,34.06
Phase Boundary,YELLOW,5.171,2.858,False,B,GLU56,N,12.384,48.677,30.261,B,VAL57,N,10.678,46.545,29.417
Bound Backbone,BLUE,8.054,2.284,False,B,GLU56,O,9.006,47.963,30.059,B,VAL57,N,10.678,46.545,29.417
Thermal Noise,RED,3.747,3.395,False,B,GLU56,O,9.006,47.963,30.059,B,VAL57,O,8.51,44.825,31.256
Thermal Noise,RED,3.053,3.925,False,B,GLU56,O,9.006,47.963,30.059,B,GLU58,N,10.494,44.971,32.118
Phase Boundary,YELLOW,5.088,3.526,False,B,GLU56,O,9.006,47.963,30.059,B,SER59,N,9.042,46.92,33.427
Bound Backbone,BLUE,6.196,2.836,False,B,GLU56,O,9.006,47.963,30.059,B,ARG60,N,6.893,47.27,31.819
Thermal Noise,RED,3.901,3.85,False,B,GLU56,O,9.006,47.963,30.059,B,ARG60,NE,6.898,47.837,26.84
Thermal Noise,RED,3.267,3.713,False,B,GLU56,OE2,10.225,47.857,25.192,B,ARG60,NE,6.898,47.837,26.84
Bound Backbone,BLUE,5.47,2.726,False,B,GLU56,OE2,10.225,47.857,25.192,B,ARG60,NH2,7.625,47.16,24.759
Bound Backbone,BLUE,6.013,3.132,False,B,VAL57,N,10.678,46.545,29.417,B,GLU58,N,10.494,44.971,32.118
Bound Backbone,BLUE,9.37,2.168,False,B,VAL57,O,8.51,44.825,31.256,B,GLU58,N,10.494,44.971,32.118
Bound Backbone,BLUE,5.337,3.474,False,B,VAL57,O,8.51,44.825,31.256,B,GLU58,O,7.991,45.325,34.654
Bound Backbone,BLUE,5.627,3.064,False,B,VAL57,O,8.51,44.825,31.256,B,SER59,N,9.042,46.92,33.427
Phase Boundary,YELLOW,4.593,2.985,False,B,VAL57,O,8.51,44.825,31.256,B,ARG60,N,6.893,47.27,31.819
Phase Boundary,YELLOW,4.862,2.973,False,B,VAL57,O,8.51,44.825,31.256,B,LEU61,N,5.715,44.868,32.269
Bound Backbone,BLUE,6.003,2.761,False,B,GLU58,N,10.494,44.971,32.118,B,SER59,N,9.042,46.92,33.427
Bound Backbone,BLUE,9.208,2.27,False,B,GLU58,O,7.991,45.325,34.654,B,SER59,N,9.042,46.92,33.427
Thermal Noise,RED,3.396,3.528,False,B,GLU58,O,7.991,45.325,34.654,B,SER59,O,5.745,47.836,33.606
Phase Boundary,YELLOW,4.279,3.609,False,B,GLU58,O,7.991,45.325,34.654,B,ARG60,N,6.893,47.27,31.819
Phase Boundary,YELLOW,4.793,3.328,False,B,GLU58,O,7.991,45.325,34.654,B,LEU61,N,5.715,44.868,32.269
Bound Backbone,BLUE,5.357,2.755,False,B,GLU58,O,7.991,45.325,34.654,B,GLU62,N,5.288,45.021,35.094
Bound Backbone,BLUE,6.689,2.707,False,B,SER59,N,9.042,46.92,33.427,B,ARG60,N,6.893,47.27,31.819
Bound Backbone,BLUE,11.767,2.198,False,B,SER59,O,5.745,47.836,33.606,B,ARG60,N,6.893,47.27,31.819
Thermal Noise,RED,3.502,3.744,False,B,SER59,O,5.745,47.836,33.606,B,ARG60,O,3.81,45.537,31.373
Phase Boundary,YELLOW,4.182,3.255,False,B,SER59,O,5.745,47.836,33.606,B,LEU61,N,5.715,44.868,32.269
Phase Boundary,YELLOW,4.394,3.217,False,B,SER59,O,5.745,47.836,33.606,B,GLU62,N,5.288,45.021,35.094
Bound Backbone,BLUE,5.28,2.971,False,B,SER59,O,5.745,47.836,33.606,B,ARG63,N,3.36,46.909,35.115
Thermal Noise,RED,2.721,3.87,False,B,SER59,O,5.745,47.836,33.606,B,ARG63,NE,4.791,51.529,34.26
Phase Boundary,YELLOW,4.916,3.387,False,B,SER59,OG,9.884,49.38,34.06,B,GLU62,OE2,7.861,49.393,36.777
Bound Backbone,BLUE,5.533,2.713,False,B,ARG60,N,6.893,47.27,31.819,B,LEU61,N,5.715,44.868,32.269
Bound Backbone,BLUE,9.061,2.209,False,B,ARG60,O,3.81,45.537,31.373,B,LEU61,N,5.715,44.868,32.269
Phase Boundary,YELLOW,5.022,3.475,False,B,ARG60,O,3.81,45.537,31.373,B,LEU61,O,3.366,44.089,34.501
Thermal Noise,RED,3.634,3.798,False,B,ARG60,O,3.81,45.537,31.373,B,LEU64,N,1.089,45.501,34.022
Bound Backbone,BLUE,7.921,2.861,False,B,LEU61,N,5.715,44.868,32.269,B,GLU62,N,5.288,45.021,35.094
Bound Backbone,BLUE,8.514,2.217,False,B,LEU61,O,3.366,44.089,34.501,B,GLU62,N,5.288,45.021,35.094
Thermal Noise,RED,3.733,3.8,False,B,LEU61,O,3.366,44.089,34.501,B,GLU62,O,2.875,46.605,37.306
Phase Boundary,YELLOW,4.943,2.886,False,B,LEU61,O,3.366,44.089,34.501,B,ARG63,N,3.36,46.909,35.115
Bound Backbone,BLUE,5.509,2.722,False,B,LEU61,O,3.366,44.089,34.501,B,LEU64,N,1.089,45.501,34.022
Thermal Noise,RED,2.74,3.956,False,B,LEU61,O,3.366,44.089,34.501,B,LEU64,O,-0.315,43.501,35.825
Bound Backbone,BLUE,5.496,2.699,False,B,GLU62,N,5.288,45.021,35.094,B,ARG63,N,3.36,46.909,35.115
Bound Backbone,BLUE,12.453,2.265,False,B,GLU62,O,2.875,46.605,37.306,B,ARG63,N,3.36,46.909,35.115
Thermal Noise,RED,3.824,3.898,False,B,GLU62,O,2.875,46.605,37.306,B,LEU64,N,1.089,45.501,34.022
Bound Backbone,BLUE,6.4,2.601,False,B,GLU62,OE2,7.861,49.393,36.777,B,ARG63,NH1,6.549,51.436,35.845
Phase Boundary,YELLOW,5.24,2.887,False,B,ARG63,N,3.36,46.909,35.115,B,LEU64,N,1.089,45.501,34.022
Bound Backbone,BLUE,8.356,2.206,False,B,ARG63,O,-0.107,47.321,34.375,B,LEU64,N,1.089,45.501,34.022
Bound Backbone,BLUE,5.511,2.735,False,D,HOH322,O,33.924,29.304,20.485,E,HOH406,O,35.26,31.615,19.889
Bound Backbone,BLUE,6.072,2.749,False,E,HOH332,O,27.997,17.617,36.417,E,HOH358,O,29.553,15.775,37.738
Bound Backbone,BLUE,5.387,2.773,False,A,HOH308,O,7.906,34.854,23.766,A,HOH317,O,10.573,35.246,23.116
Bound Backbone,BLUE,5.875,2.647,False,A,HOH325,O,27.352,64.364,48.625,A,HOH329,O,27.153,66.943,49.188
Phase Boundary,YELLOW,4.877,2.87,False,B,HOH304,O,37.794,18.262,6.368,B,HOH377,O,40.24,19.747,6.146
Bound Backbone,BLUE,7.53,2.929,False,B,HOH304,O,37.794,18.262,6.368,B,HOH414,O,38.229,17.928,9.245
Bound Backbone,BLUE,6.202,2.688,False,B,HOH340,O,26.787,12.681,1.066,B,HOH353,O,24.861,14.149,2.233
