Category,Color,Energy_kJ_mol,Distance_A,Is_Ligand_Interaction,Atom1_Chain,Atom1_Residue,Atom1_Name,Atom1_X,Atom1_Y,Atom1_Z,Atom2_Chain,Atom2_Residue,Atom2_Name,Atom2_X,Atom2_Y,Atom2_Z
Phase Boundary,YELLOW,4.87,3.553,False,A,MET1,N,43.958,-5.98,-27.758,A,ASN2,N,44.895,-4.928,-24.496
Bound Backbone,BLUE,8.603,2.275,False,A,MET1,O,42.854,-4.618,-25.451,A,ASN2,N,44.895,-4.928,-24.496
Thermal Noise,RED,3.729,3.549,False,A,MET1,O,42.854,-4.618,-25.451,A,GLY3,N,44.982,-2.466,-23.598
Phase Boundary,YELLOW,4.238,3.17,False,A,MET1,O,42.854,-4.618,-25.451,A,SER14,OG,39.95,-3.841,-24.445
Bound Backbone,BLUE,6.255,2.622,False,A,ASN2,N,44.895,-4.928,-24.496,A,GLY3,N,44.982,-2.466,-23.598
Thermal Noise,RED,3.326,3.471,False,A,ASN2,N,44.895,-4.928,-24.496,A,HOH953,O,48.02,-3.426,-24.662
Bound Backbone,BLUE,11.828,2.256,False,A,ASN2,O,44.065,-2.934,-21.591,A,GLY3,N,44.982,-2.466,-23.598
Thermal Noise,RED,3.869,3.889,False,A,ASN2,O,44.065,-2.934,-21.591,A,PRO12,O,43.658,-0.941,-18.276
Thermal Noise,RED,3.115,3.653,False,A,ASN2,O,44.065,-2.934,-21.591,A,PHE13,O,42.219,0.087,-22.491
Thermal Noise,RED,2.78,3.798,False,A,ASN2,O,44.065,-2.934,-21.591,A,SER14,N,40.623,-1.344,-21.819
Thermal Noise,RED,4.006,3.176,False,A,ASN2,ND2,46.634,-7.296,-23.187,A,GLY280,O,49.32,-5.648,-22.789
Ligand Bound Core,BLUE,6.344,2.892,True,A,ASN2,ND2,46.634,-7.296,-23.187,D,NAG1,N2,48.331,-8.394,-25.255
Ligand Bound Core,BLUE,8.951,2.357,True,A,ASN2,ND2,46.634,-7.296,-23.187,D,NAG1,O5,47.423,-8.973,-21.73
Ligand Boundary Hotspot,ORANGE,4.787,3.313,True,A,ASN2,ND2,46.634,-7.296,-23.187,D,NAG1,O7,48.723,-6.192,-25.509
Phase Boundary,YELLOW,4.079,3.947,False,A,ASN2,OD1,44.652,-7.847,-22.241,A,ASP282,OD2,43.564,-7.923,-18.448
Ligand Boundary Hotspot,ORANGE,4.425,3.034,True,A,ASN2,OD1,44.652,-7.847,-22.241,D,NAG1,O5,47.423,-8.973,-21.73
Thermal Noise,RED,3.244,3.571,False,A,GLY3,N,44.982,-2.466,-23.598,A,THR4,N,44.321,0.946,-24.419
Thermal Noise,RED,2.712,3.969,False,A,GLY3,N,44.982,-2.466,-23.598,A,TYR10,OH,48.671,-1.777,-22.305
Thermal Noise,RED,2.735,3.921,False,A,GLY3,N,44.982,-2.466,-23.598,A,PHE13,O,42.219,0.087,-22.491
Thermal Noise,RED,3.773,3.359,False,A,GLY3,N,44.982,-2.466,-23.598,A,HOH953,O,48.02,-3.426,-24.662
Bound Backbone,BLUE,9.379,2.252,False,A,GLY3,O,45.481,-0.545,-25.645,A,THR4,N,44.321,0.946,-24.419
Thermal Noise,RED,3.616,3.402,False,A,GLY3,O,45.481,-0.545,-25.645,A,GLU5,N,46.225,2.647,-26.555
Thermal Noise,RED,2.647,3.964,False,A,GLY3,O,45.481,-0.545,-25.645,A,HOH953,O,48.02,-3.426,-24.662
Phase Boundary,YELLOW,4.558,3.329,False,A,THR4,N,44.321,0.946,-24.419,A,GLU5,N,46.225,2.647,-26.555
Bound Backbone,BLUE,5.993,3.222,False,A,THR4,N,44.321,0.946,-24.419,A,VAL11,O,45.026,1.863,-21.412
Bound Backbone,BLUE,5.712,2.979,False,A,THR4,N,44.321,0.946,-24.419,A,PHE13,O,42.219,0.087,-22.491
Bound Backbone,BLUE,11.893,2.252,False,A,THR4,O,45.662,3.492,-24.545,A,GLU5,N,46.225,2.647,-26.555
Thermal Noise,RED,3.381,3.886,False,A,THR4,O,45.662,3.492,-24.545,A,GLY6,N,47.387,5.855,-27.102
Bound Backbone,BLUE,7.118,2.978,False,A,THR4,O,45.662,3.492,-24.545,A,VAL11,N,45.98,4.345,-21.71
Phase Boundary,YELLOW,4.617,3.588,False,A,THR4,O,45.662,3.492,-24.545,A,VAL11,O,45.026,1.863,-21.412
Bound Backbone,BLUE,5.567,3.194,False,A,THR4,OG1,41.781,1.901,-25.083,A,PHE13,O,42.219,0.087,-22.491
Thermal Noise,RED,3.512,3.376,False,A,THR4,OG1,41.781,1.901,-25.083,A,ASN15,N,39.589,-0.666,-25.134
Thermal Noise,RED,3.405,3.456,False,A,GLU5,N,46.225,2.647,-26.555,A,GLY6,N,47.387,5.855,-27.102
Bound Backbone,BLUE,10.558,2.252,False,A,GLU5,O,46.687,4.48,-28.742,A,GLY6,N,47.387,5.855,-27.102
Thermal Noise,RED,2.6,3.986,False,A,GLU5,O,46.687,4.48,-28.742,A,GLY6,O,49.553,7.1,-27.841
Thermal Noise,RED,3.547,3.648,False,A,GLY6,N,47.387,5.855,-27.102,A,PRO7,N,48.559,8.716,-29.038
Bound Backbone,BLUE,6.53,2.927,False,A,GLY6,N,47.387,5.855,-27.102,A,PHE9,O,49.154,6.149,-24.787
Bound Backbone,BLUE,9.394,2.243,False,A,GLY6,O,49.553,7.1,-27.841,A,PRO7,N,48.559,8.716,-29.038
Thermal Noise,RED,4.063,3.181,False,A,GLY6,O,49.553,7.1,-27.841,A,ASN8,N,49.736,10.207,-27.185
Phase Boundary,YELLOW,4.335,3.665,False,A,GLY6,O,49.553,7.1,-27.841,A,PHE9,N,49.237,9.031,-24.742
Bound Backbone,BLUE,6.052,3.223,False,A,GLY6,O,49.553,7.1,-27.841,A,PHE9,O,49.154,6.149,-24.787
Bound Backbone,BLUE,7.446,2.654,False,A,PRO7,N,48.559,8.716,-29.038,A,ASN8,N,49.736,10.207,-27.185
Bound Backbone,BLUE,9.096,2.267,False,A,PRO7,O,51.663,10.474,-28.348,A,ASN8,N,49.736,10.207,-27.185
Phase Boundary,YELLOW,4.182,3.254,False,A,PRO7,O,51.663,10.474,-28.348,A,ASN8,ND2,50.822,13.322,-27.018
Bound Backbone,BLUE,6.852,2.746,False,A,PRO7,O,51.663,10.474,-28.348,A,ARG177,NH1,53.63,10.002,-26.491
Phase Boundary,YELLOW,4.927,3.546,False,A,PRO7,O,51.663,10.474,-28.348,A,HOH950,O,52.811,11.127,-31.639
Bound Backbone,BLUE,7.897,2.757,False,A,ASN8,N,49.736,10.207,-27.185,A,PHE9,N,49.237,9.031,-24.742
Thermal Noise,RED,2.601,3.961,False,A,ASN8,N,49.736,10.207,-27.185,A,ARG177,NH1,53.63,10.002,-26.491
Bound Backbone,BLUE,8.912,2.262,False,A,ASN8,O,50.677,10.418,-23.685,A,PHE9,N,49.237,9.031,-24.742
Thermal Noise,RED,3.546,3.687,False,A,PHE9,N,49.237,9.031,-24.742,A,TYR10,N,48.441,6.1,-22.651
Bound Backbone,BLUE,12.403,2.252,False,A,PHE9,O,49.154,6.149,-24.787,A,TYR10,N,48.441,6.1,-22.651
Phase Boundary,YELLOW,4.218,3.166,False,A,TYR10,N,48.441,6.1,-22.651,A,VAL11,N,45.98,4.345,-21.71
Bound Backbone,BLUE,9.944,2.263,False,A,TYR10,O,47.651,4.716,-20.23,A,VAL11,N,45.98,4.345,-21.71
Thermal Noise,RED,3.101,3.683,False,A,TYR10,O,47.651,4.716,-20.23,A,PRO12,N,45.184,2.188,-19.188
Thermal Noise,RED,3.176,3.758,False,A,TYR10,O,47.651,4.716,-20.23,A,GLN184,OE1,46.006,7.671,-18.591
Bound Backbone,BLUE,7.584,2.883,False,A,TYR10,O,47.651,4.716,-20.23,A,HOH952,O,48.543,4.66,-17.489
Thermal Noise,RED,2.562,3.953,False,A,TYR10,OH,48.671,-1.777,-22.305,A,GLY280,N,52.232,-3.492,-22.373
Thermal Noise,RED,2.583,3.955,False,A,TYR10,OH,48.671,-1.777,-22.305,A,GLY280,O,49.32,-5.648,-22.789
Thermal Noise,RED,3.492,3.818,False,A,TYR10,OH,48.671,-1.777,-22.305,A,SER281,O,48.687,-4.665,-19.807
Bound Backbone,BLUE,6.471,2.949,False,A,TYR10,OH,48.671,-1.777,-22.305,A,HOH953,O,48.02,-3.426,-24.662
Phase Boundary,YELLOW,4.63,3.413,False,A,VAL11,N,45.98,4.345,-21.71,A,PRO12,N,45.184,2.188,-19.188
Bound Backbone,BLUE,12.77,2.253,False,A,VAL11,O,45.026,1.863,-21.412,A,PRO12,N,45.184,2.188,-19.188
Bound Backbone,BLUE,6.029,2.81,False,A,VAL11,O,45.026,1.863,-21.412,A,PHE13,N,43.074,0.547,-19.877
Thermal Noise,RED,3.48,3.493,False,A,VAL11,O,45.026,1.863,-21.412,A,PHE13,O,42.219,0.087,-22.491
Bound Backbone,BLUE,5.46,2.76,False,A,PRO12,N,45.184,2.188,-19.188,A,PHE13,N,43.074,0.547,-19.877
Bound Backbone,BLUE,10.311,2.262,False,A,PRO12,O,43.658,-0.941,-18.276,A,PHE13,N,43.074,0.547,-19.877
Bound Backbone,BLUE,5.683,2.962,False,A,PRO12,O,43.658,-0.941,-18.276,A,PHE283,O,45.218,-2.658,-16.434
Bound Backbone,BLUE,6.298,2.685,False,A,PRO12,O,43.658,-0.941,-18.276,A,HOH967,O,41.942,-2.596,-17.04
Thermal Noise,RED,3.535,3.654,False,A,PHE13,N,43.074,0.547,-19.877,A,SER14,N,40.623,-1.344,-21.819
Bound Backbone,BLUE,8.382,2.246,False,A,PHE13,O,42.219,0.087,-22.491,A,SER14,N,40.623,-1.344,-21.819
Thermal Noise,RED,3.616,3.804,False,A,PHE13,O,42.219,0.087,-22.491,A,ASN15,N,39.589,-0.666,-25.134
Phase Boundary,YELLOW,4.983,3.538,False,A,SER14,N,40.623,-1.344,-21.819,A,ASN15,N,39.589,-0.666,-25.134
Bound Backbone,BLUE,11.055,2.254,False,A,SER14,O,38.228,-0.761,-23.34,A,ASN15,N,39.589,-0.666,-25.134
Phase Boundary,YELLOW,5.11,3.469,False,A,SER14,O,38.228,-0.761,-23.34,A,LYS16,N,37.687,-2.021,-26.527
Thermal Noise,RED,3.851,3.269,False,A,SER14,OG,39.95,-3.841,-24.445,A,ASN15,N,39.589,-0.666,-25.134
Thermal Noise,RED,3.811,3.573,False,A,SER14,OG,39.95,-3.841,-24.445,A,LYS16,N,37.687,-2.021,-26.527
Bound Backbone,BLUE,6.316,2.719,False,A,ASN15,N,39.589,-0.666,-25.134,A,LYS16,N,37.687,-2.021,-26.527
Bound Backbone,BLUE,9.514,2.246,False,A,ASN15,O,37.173,-0.232,-27.784,A,LYS16,N,37.687,-2.021,-26.527
Bound Backbone,BLUE,6.484,2.691,False,A,ASN15,O,37.173,-0.232,-27.784,A,THR17,N,35.231,-1.457,-26.381
Bound Backbone,BLUE,5.674,2.727,False,A,ASN15,O,37.173,-0.232,-27.784,A,GLY18,N,34.909,1.063,-26.989
Ligand Boundary Hotspot,ORANGE,5.173,2.813,True,A,ASN15,ND2,38.49,2.685,-28.38,C,NAG1,N2,39.143,5.369,-27.849
Ligand Bound Core,BLUE,9.163,2.371,True,A,ASN15,ND2,38.49,2.685,-28.38,C,NAG1,O5,36.886,3.399,-29.974
Thermal Noise,RED,4.064,3.182,False,A,ASN15,OD1,37.573,2.669,-26.32,A,GLY18,N,34.909,1.063,-26.989
Thermal Noise,RED,3.402,3.434,False,A,ASN15,OD1,37.573,2.669,-26.32,A,GLY18,O,34.778,4.653,-26.536
Phase Boundary,YELLOW,4.214,3.217,False,A,ASN15,OD1,37.573,2.669,-26.32,A,VAL19,N,34.601,2.909,-25.112
Bound Backbone,BLUE,6.863,2.896,False,A,ASN15,OD1,37.573,2.669,-26.32,A,VAL20,N,36.792,4.085,-23.918
Thermal Noise,RED,2.892,3.805,False,A,ASN15,OD1,37.573,2.669,-26.32,A,VAL20,O,37.43,6.331,-25.298
Ligand Fluctuation Noise,RED,3.717,3.477,True,A,ASN15,OD1,37.573,2.669,-26.32,C,NAG1,N2,39.143,5.369,-27.849
Ligand Boundary Hotspot,ORANGE,4.437,3.789,True,A,ASN15,OD1,37.573,2.669,-26.32,C,NAG1,O5,36.886,3.399,-29.974
Bound Backbone,BLUE,6.295,2.524,False,A,LYS16,N,37.687,-2.021,-26.527,A,THR17,N,35.231,-1.457,-26.381
Bound Backbone,BLUE,8.735,2.256,False,A,LYS16,O,34.516,-3.378,-27.324,A,THR17,N,35.231,-1.457,-26.381
Phase Boundary,YELLOW,4.848,3.592,False,A,LYS16,O,34.516,-3.378,-27.324,A,THR17,OG1,34.178,-2.209,-23.944
Bound Backbone,BLUE,6.067,2.612,False,A,THR17,N,35.231,-1.457,-26.381,A,GLY18,N,34.909,1.063,-26.989
Bound Backbone,BLUE,8.181,2.264,False,A,THR17,O,32.733,1.128,-26.366,A,GLY18,N,34.909,1.063,-26.989
Bound Backbone,BLUE,5.451,2.869,False,A,THR17,O,32.733,1.128,-26.366,A,VAL19,N,34.601,2.909,-25.112
Bound Backbone,BLUE,7.514,2.651,False,A,GLY18,N,34.909,1.063,-26.989,A,VAL19,N,34.601,2.909,-25.112
Bound Backbone,BLUE,9.831,2.258,False,A,GLY18,O,34.778,4.653,-26.536,A,VAL19,N,34.601,2.909,-25.112
Thermal Noise,RED,4.042,3.968,False,A,GLY18,O,34.778,4.653,-26.536,A,VAL19,O,35.479,5.458,-22.714
Phase Boundary,YELLOW,4.946,3.352,False,A,GLY18,O,34.778,4.653,-26.536,A,VAL20,N,36.792,4.085,-23.918
Thermal Noise,RED,3.818,3.374,False,A,GLY18,O,34.778,4.653,-26.536,A,VAL20,O,37.43,6.331,-25.298
Thermal Noise,RED,2.921,3.864,False,A,GLY18,O,34.778,4.653,-26.536,A,ARG21,NH2,35.113,8.219,-27.986
Bound Backbone,BLUE,5.887,2.758,False,A,VAL19,N,34.601,2.909,-25.112,A,VAL20,N,36.792,4.085,-23.918
Bound Backbone,BLUE,9.354,2.249,False,A,VAL19,O,35.479,5.458,-22.714,A,VAL20,N,36.792,4.085,-23.918
Phase Boundary,YELLOW,4.903,3.353,False,A,VAL19,O,35.479,5.458,-22.714,A,VAL20,O,37.43,6.331,-25.298
Thermal Noise,RED,3.104,3.652,False,A,VAL19,O,35.479,5.458,-22.714,A,ARG21,N,38.608,7.139,-23.564
Thermal Noise,RED,3.158,3.571,False,A,VAL20,N,36.792,4.085,-23.918,A,ARG21,N,38.608,7.139,-23.564
Bound Backbone,BLUE,10.935,2.247,False,A,VAL20,O,37.43,6.331,-25.298,A,ARG21,N,38.608,7.139,-23.564
Phase Boundary,YELLOW,4.136,3.263,False,A,VAL20,O,37.43,6.331,-25.298,A,ARG21,NE,36.661,9.225,-26.595
Ligand Bound Core,BLUE,5.402,3.22,True,A,VAL20,O,37.43,6.331,-25.298,C,NAG1,N2,39.143,5.369,-27.849
Thermal Noise,RED,3.279,3.566,False,A,ARG21,N,38.608,7.139,-23.564,A,SER22,N,40.635,9.926,-24.482
Bound Backbone,BLUE,6.605,3.006,False,A,ARG21,N,38.608,7.139,-23.564,A,TYR30,OH,39.669,6.17,-20.924
Bound Backbone,BLUE,12.006,2.259,False,A,ARG21,O,40.328,9.057,-22.42,A,SER22,N,40.635,9.926,-24.482
Phase Boundary,YELLOW,4.328,3.042,False,A,ARG21,O,40.328,9.057,-22.42,A,SER22,O,40.884,12.046,-22.52
Thermal Noise,RED,3.814,3.26,False,A,ARG21,O,40.328,9.057,-22.42,A,PRO23,N,42.843,11.079,-21.959
Phase Boundary,YELLOW,4.786,3.58,False,A,ARG21,O,40.328,9.057,-22.42,A,GLN28,NE2,40.889,7.726,-19.144
Bound Backbone,BLUE,7.574,2.902,False,A,ARG21,O,40.328,9.057,-22.42,A,GLN28,OE1,39.981,9.717,-19.615
Phase Boundary,YELLOW,4.106,3.318,False,A,ARG21,O,40.328,9.057,-22.42,A,TYR30,OH,39.669,6.17,-20.924
Ligand Boundary Hotspot,ORANGE,4.4,3.621,True,A,ARG21,NH1,35.644,10.446,-28.283,C,NAG2,O5,36.549,8.658,-31.299
Ligand Boundary Hotspot,ORANGE,4.938,3.256,True,A,ARG21,NH1,35.644,10.446,-28.283,C,NAG2,O6,37.911,11.021,-30.548
Ligand Fluctuation Noise,RED,3.224,3.797,True,A,ARG21,NH2,35.113,8.219,-27.986,C,NAG1,O3,38.251,7.265,-29.899
Ligand Bound Core,BLUE,6.159,3.106,True,A,ARG21,NH2,35.113,8.219,-27.986,C,NAG1,O4,35.453,6.743,-30.698
Ligand Boundary Hotspot,ORANGE,4.622,3.637,True,A,ARG21,NH2,35.113,8.219,-27.986,C,NAG2,O5,36.549,8.658,-31.299
Phase Boundary,YELLOW,4.21,3.545,False,A,SER22,N,40.635,9.926,-24.482,A,PRO23,N,42.843,11.079,-21.959
Bound Backbone,BLUE,8.176,2.256,False,A,SER22,O,40.884,12.046,-22.52,A,PRO23,N,42.843,11.079,-21.959
Phase Boundary,YELLOW,5.095,2.844,False,A,SER22,O,40.884,12.046,-22.52,A,PHE24,N,43.087,13.736,-21.903
Phase Boundary,YELLOW,4.553,2.982,False,A,SER22,O,40.884,12.046,-22.52,A,GLU25,N,40.98,14.999,-22.923
Thermal Noise,RED,3.966,3.222,False,A,SER22,O,40.884,12.046,-22.52,A,ALA26,N,38.516,14.121,-21.837
Phase Boundary,YELLOW,4.223,3.639,False,A,SER22,O,40.884,12.046,-22.52,A,ALA26,O,38.664,12.265,-19.645
Thermal Noise,RED,3.724,3.831,False,A,SER22,O,40.884,12.046,-22.52,A,GLN28,OE1,39.981,9.717,-19.615
Bound Backbone,BLUE,5.384,3.389,False,A,SER22,OG,43.521,12.172,-25.094,A,PRO23,N,42.843,11.079,-21.959
Phase Boundary,YELLOW,4.701,3.58,False,A,SER22,OG,43.521,12.172,-25.094,A,PHE24,N,43.087,13.736,-21.903
Thermal Noise,RED,3.708,3.775,False,A,SER22,OG,43.521,12.172,-25.094,A,GLU25,OE2,41.902,14.282,-27.773
Bound Backbone,BLUE,5.621,2.669,False,A,PRO23,N,42.843,11.079,-21.959,A,PHE24,N,43.087,13.736,-21.903
Thermal Noise,RED,3.155,3.942,False,A,PRO23,N,42.843,11.079,-21.959,A,GLN28,OE1,39.981,9.717,-19.615
Bound Backbone,BLUE,12.685,2.256,False,A,PRO23,O,43.506,13.808,-19.687,A,PHE24,N,43.087,13.736,-21.903
Bound Backbone,BLUE,7.105,2.852,False,A,PRO23,O,43.506,13.808,-19.687,A,PHE103,N,43.221,15.35,-17.305
Thermal Noise,RED,2.707,3.847,False,A,PRO23,O,43.506,13.808,-19.687,A,PHE103,O,43.719,17.646,-19.522
Bound Backbone,BLUE,6.186,2.66,False,A,PHE24,N,43.087,13.736,-21.903,A,GLU25,N,40.98,14.999,-22.923
Bound Backbone,BLUE,7.812,2.266,False,A,PHE24,O,42.042,16.996,-23.061,A,GLU25,N,40.98,14.999,-22.923
Thermal Noise,RED,3.824,3.97,False,A,PHE24,O,42.042,16.996,-23.061,A,PHE103,O,43.719,17.646,-19.522
Bound Backbone,BLUE,5.456,2.832,False,A,GLU25,N,40.98,14.999,-22.923,A,ALA26,N,38.516,14.121,-21.837
Bound Backbone,BLUE,9.075,2.257,False,A,GLU25,O,37.401,15.736,-22.952,A,ALA26,N,38.516,14.121,-21.837
Phase Boundary,YELLOW,4.144,3.728,False,A,ALA26,N,38.516,14.121,-21.837,A,PRO27,N,36.749,13.034,-18.739
Bound Backbone,BLUE,8.689,2.254,False,A,ALA26,O,38.664,12.265,-19.645,A,PRO27,N,36.749,13.034,-18.739
Phase Boundary,YELLOW,4.096,3.255,False,A,ALA26,O,38.664,12.265,-19.645,A,PRO27,O,36.42,10.226,-18.462
Phase Boundary,YELLOW,4.377,3.581,False,A,ALA26,O,38.664,12.265,-19.645,A,GLN28,N,37.936,10.221,-16.796
Phase Boundary,YELLOW,4.864,2.868,False,A,ALA26,O,38.664,12.265,-19.645,A,GLN28,OE1,39.981,9.717,-19.615
Thermal Noise,RED,3.616,3.619,False,A,PRO27,N,36.749,13.034,-18.739,A,GLN28,N,37.936,10.221,-16.796
Bound Backbone,BLUE,10.633,2.253,False,A,PRO27,O,36.42,10.226,-18.462,A,GLN28,N,37.936,10.221,-16.796
Thermal Noise,RED,2.971,3.777,False,A,PRO27,O,36.42,10.226,-18.462,A,GLN28,OE1,39.981,9.717,-19.615
Bound Backbone,BLUE,5.305,3.304,False,A,PRO27,O,36.42,10.226,-18.462,A,TYR29,N,36.081,8.457,-15.692
Bound Backbone,BLUE,5.664,2.788,False,A,GLN28,N,37.936,10.221,-16.796,A,TYR29,N,36.081,8.457,-15.692
Bound Backbone,BLUE,6.1,2.712,False,A,GLN28,N,37.936,10.221,-16.796,A,GLY101,O,39.477,12.113,-15.612
Bound Backbone,BLUE,8.031,2.242,False,A,GLN28,O,37.69,6.918,-15.427,A,TYR29,N,36.081,8.457,-15.692
Thermal Noise,RED,2.925,3.774,False,A,GLN28,O,37.69,6.918,-15.427,A,TYR29,O,34.284,5.605,-14.468
Phase Boundary,YELLOW,4.926,2.968,False,A,GLN28,O,37.69,6.918,-15.427,A,TYR30,N,35.05,6.098,-16.507
Bound Backbone,BLUE,5.483,2.733,False,A,GLN28,O,37.69,6.918,-15.427,A,LEU31,N,36.946,4.341,-15.953
Thermal Noise,RED,3.158,3.889,False,A,GLN28,O,37.69,6.918,-15.427,A,ALA32,N,36.853,3.784,-13.281
Bound Backbone,BLUE,7.265,2.66,False,A,GLN28,NE2,40.889,7.726,-19.144,A,TYR30,OH,39.669,6.17,-20.924
Thermal Noise,RED,2.991,3.794,False,A,GLN28,OE1,39.981,9.717,-19.615,A,TYR30,OH,39.669,6.17,-20.924
Bound Backbone,BLUE,5.806,2.7,False,A,TYR29,N,36.081,8.457,-15.692,A,TYR30,N,35.05,6.098,-16.507
Bound Backbone,BLUE,12.281,2.233,False,A,TYR29,O,34.284,5.605,-14.468,A,TYR30,N,35.05,6.098,-16.507
Thermal Noise,RED,3.162,3.841,False,A,TYR29,O,34.284,5.605,-14.468,A,TYR30,O,35.62,2.584,-16.429
Phase Boundary,YELLOW,4.149,3.3,False,A,TYR29,O,34.284,5.605,-14.468,A,LEU31,N,36.946,4.341,-15.953
Thermal Noise,RED,3.814,3.365,False,A,TYR29,O,34.284,5.605,-14.468,A,ALA32,N,36.853,3.784,-13.281
Bound Backbone,BLUE,8.004,2.751,False,A,TYR29,O,34.284,5.605,-14.468,A,ALA32,O,35.488,5.714,-11.997
Thermal Noise,RED,3.491,3.748,False,A,TYR29,OH,34.613,13.857,-12.642,A,HIS100,O,37.019,15.669,-14.872
Bound Backbone,BLUE,5.886,2.644,False,A,TYR30,N,35.05,6.098,-16.507,A,LEU31,N,36.946,4.341,-15.953
Bound Backbone,BLUE,8.115,2.252,False,A,TYR30,O,35.62,2.584,-16.429,A,LEU31,N,36.946,4.341,-15.953
Phase Boundary,YELLOW,4.633,3.588,False,A,TYR30,O,35.62,2.584,-16.429,A,ALA32,N,36.853,3.784,-13.281
Bound Backbone,BLUE,8.634,2.731,False,A,LEU31,N,36.946,4.341,-15.953,A,ALA32,N,36.853,3.784,-13.281
Bound Backbone,BLUE,7.874,2.258,False,A,LEU31,O,38.433,2.179,-13.448,A,ALA32,N,36.853,3.784,-13.281
Phase Boundary,YELLOW,4.23,3.639,False,A,ALA32,N,36.853,3.784,-13.281,A,GLU33,N,34.704,4.338,-10.397
Bound Backbone,BLUE,10.435,2.251,False,A,ALA32,O,35.488,5.714,-11.997,A,GLU33,N,34.704,4.338,-10.397
Bound Backbone,BLUE,7.211,2.887,False,A,ALA32,O,35.488,5.714,-11.997,A,GLU33,O,35.334,7.031,-9.432
Thermal Noise,RED,3.398,3.812,False,A,ALA32,O,35.488,5.714,-11.997,A,PRO34,N,33.188,7.69,-9.687
Thermal Noise,RED,2.916,3.747,False,A,GLU33,N,34.704,4.338,-10.397,A,PRO34,N,33.188,7.69,-9.687
Phase Boundary,YELLOW,4.385,3.508,False,A,GLU33,N,34.704,4.338,-10.397,A,GLN36,OE1,36.638,2.985,-7.802
Bound Backbone,BLUE,7.904,2.259,False,A,GLU33,O,35.334,7.031,-9.432,A,PRO34,N,33.188,7.69,-9.687
Thermal Noise,RED,3.27,3.685,False,A,GLU33,O,35.334,7.031,-9.432,A,PRO34,O,34.81,10.343,-7.905
Phase Boundary,YELLOW,4.243,3.495,False,A,GLU33,O,35.334,7.031,-9.432,A,TRP35,N,33.451,8.764,-7.051
Bound Backbone,BLUE,5.552,3.38,False,A,GLU33,O,35.334,7.031,-9.432,A,GLN36,N,35.919,7.789,-6.19
Thermal Noise,RED,3.266,3.763,False,A,GLU33,O,35.334,7.031,-9.432,A,PHE37,N,37.7,9.29,-7.572
Thermal Noise,RED,3.252,3.664,False,A,GLU33,OE2,33.45,1.824,-9.185,A,GLN36,OE1,36.638,2.985,-7.802
Bound Backbone,BLUE,7.548,2.859,False,A,PRO34,N,33.188,7.69,-9.687,A,TRP35,N,33.451,8.764,-7.051
Bound Backbone,BLUE,8.617,2.252,False,A,PRO34,O,34.81,10.343,-7.905,A,TRP35,N,33.451,8.764,-7.051
Phase Boundary,YELLOW,4.336,3.75,False,A,PRO34,O,34.81,10.343,-7.905,A,TRP35,O,35.955,9.26,-4.502
Phase Boundary,YELLOW,4.397,3.27,False,A,PRO34,O,34.81,10.343,-7.905,A,GLN36,N,35.919,7.789,-6.19
Phase Boundary,YELLOW,4.212,3.094,False,A,PRO34,O,34.81,10.343,-7.905,A,PHE37,N,37.7,9.29,-7.572
Phase Boundary,YELLOW,5.243,2.998,False,A,PRO34,O,34.81,10.343,-7.905,A,SER38,N,37.072,11.513,-6.324
Phase Boundary,YELLOW,4.804,3.251,False,A,PRO34,O,34.81,10.343,-7.905,A,SER38,OG,34.417,12.782,-5.791
Bound Backbone,BLUE,5.454,2.79,False,A,TRP35,N,33.451,8.764,-7.051,A,GLN36,N,35.919,7.789,-6.19
Bound Backbone,BLUE,10.867,2.239,False,A,TRP35,O,35.955,9.26,-4.502,A,GLN36,N,35.919,7.789,-6.19
Thermal Noise,RED,3.545,3.523,False,A,TRP35,O,35.955,9.26,-4.502,A,GLN36,O,39.179,8.979,-5.893
Phase Boundary,YELLOW,4.752,3.531,False,A,TRP35,O,35.955,9.26,-4.502,A,PHE37,N,37.7,9.29,-7.572
Phase Boundary,YELLOW,5.059,3.105,False,A,TRP35,O,35.955,9.26,-4.502,A,SER38,N,37.072,11.513,-6.324
Phase Boundary,YELLOW,4.872,2.917,False,A,TRP35,O,35.955,9.26,-4.502,A,MET39,N,38.135,11.07,-3.807
Bound Backbone,BLUE,6.36,2.708,False,A,GLN36,N,35.919,7.789,-6.19,A,PHE37,N,37.7,9.29,-7.572
Thermal Noise,RED,2.632,3.901,False,A,GLN36,N,35.919,7.789,-6.19,A,SER38,N,37.072,11.513,-6.324
Bound Backbone,BLUE,10.599,2.259,False,A,GLN36,O,39.179,8.979,-5.893,A,PHE37,N,37.7,9.29,-7.572
Thermal Noise,RED,3.222,3.61,False,A,GLN36,O,39.179,8.979,-5.893,A,PHE37,O,39.04,12.444,-6.895
Thermal Noise,RED,3.662,3.324,False,A,GLN36,O,39.179,8.979,-5.893,A,SER38,N,37.072,11.513,-6.324
Phase Boundary,YELLOW,5.229,3.133,False,A,GLN36,O,39.179,8.979,-5.893,A,MET39,N,38.135,11.07,-3.807
Phase Boundary,YELLOW,4.551,3.181,False,A,GLN36,O,39.179,8.979,-5.893,A,LEU40,N,40.845,11.203,-4.345
Bound Backbone,BLUE,6.64,2.626,False,A,PHE37,N,37.7,9.29,-7.572,A,SER38,N,37.072,11.513,-6.324
Bound Backbone,BLUE,8.224,2.251,False,A,PHE37,O,39.04,12.444,-6.895,A,SER38,N,37.072,11.513,-6.324
Phase Boundary,YELLOW,4.76,3.625,False,A,PHE37,O,39.04,12.444,-6.895,A,SER38,O,38.15,13.296,-3.486
Phase Boundary,YELLOW,4.889,3.499,False,A,PHE37,O,39.04,12.444,-6.895,A,MET39,N,38.135,11.07,-3.807
Phase Boundary,YELLOW,4.838,3.362,False,A,PHE37,O,39.04,12.444,-6.895,A,LEU40,N,40.845,11.203,-4.345
Bound Backbone,BLUE,5.276,3.042,False,A,PHE37,O,39.04,12.444,-6.895,A,ALA41,N,41.068,13.839,-5.108
Thermal Noise,RED,3.824,3.897,False,A,PHE37,O,39.04,12.444,-6.895,A,SER98,O,38.954,14.545,-10.176
Bound Backbone,BLUE,7.972,2.768,False,A,SER38,N,37.072,11.513,-6.324,A,MET39,N,38.135,11.07,-3.807
Bound Backbone,BLUE,8.014,2.249,False,A,SER38,O,38.15,13.296,-3.486,A,MET39,N,38.135,11.07,-3.807
Thermal Noise,RED,3.233,3.658,False,A,SER38,O,38.15,13.296,-3.486,A,MET39,O,41.214,11.781,-2.184
Thermal Noise,RED,3.355,3.519,False,A,SER38,O,38.15,13.296,-3.486,A,LEU40,N,40.845,11.203,-4.345
Thermal Noise,RED,4.01,3.382,False,A,SER38,O,38.15,13.296,-3.486,A,ALA41,N,41.068,13.839,-5.108
Phase Boundary,YELLOW,5.155,2.868,False,A,SER38,O,38.15,13.296,-3.486,A,ALA42,N,40.308,14.97,-2.612
Bound Backbone,BLUE,5.356,2.766,False,A,MET39,N,38.135,11.07,-3.807,A,LEU40,N,40.845,11.203,-4.345
Bound Backbone,BLUE,12.287,2.267,False,A,MET39,O,41.214,11.781,-2.184,A,LEU40,N,40.845,11.203,-4.345
Phase Boundary,YELLOW,4.497,3.275,False,A,MET39,O,41.214,11.781,-2.184,A,LEU40,O,43.053,13.752,-4.044
Phase Boundary,YELLOW,4.453,3.579,False,A,MET39,O,41.214,11.781,-2.184,A,ALA41,N,41.068,13.839,-5.108
Thermal Noise,RED,3.619,3.343,False,A,MET39,O,41.214,11.781,-2.184,A,ALA42,N,40.308,14.97,-2.612
Bound Backbone,BLUE,6.338,2.685,False,A,MET39,O,41.214,11.781,-2.184,A,TYR43,N,42.297,13.886,-0.917
Bound Backbone,BLUE,5.537,2.753,False,A,LEU40,N,40.845,11.203,-4.345,A,ALA41,N,41.068,13.839,-5.108
Bound Backbone,BLUE,8.995,2.254,False,A,LEU40,O,43.053,13.752,-4.044,A,ALA41,N,41.068,13.839,-5.108
Thermal Noise,RED,3.763,3.335,False,A,LEU40,O,43.053,13.752,-4.044,A,ALA41,O,41.693,16.663,-3.152
Thermal Noise,RED,4.042,3.327,False,A,LEU40,O,43.053,13.752,-4.044,A,ALA42,N,40.308,14.97,-2.612
Bound Backbone,BLUE,6.177,3.22,False,A,LEU40,O,43.053,13.752,-4.044,A,TYR43,N,42.297,13.886,-0.917
Bound Backbone,BLUE,6.827,2.741,False,A,LEU40,O,43.053,13.752,-4.044,A,MET44,N,44.676,14.999,-2.221
Bound Backbone,BLUE,7.375,2.844,False,A,ALA41,N,41.068,13.839,-5.108,A,ALA42,N,40.308,14.97,-2.612
Bound Backbone,BLUE,8.172,2.253,False,A,ALA41,O,41.693,16.663,-3.152,A,ALA42,N,40.308,14.97,-2.612
Bound Backbone,BLUE,6.768,3.052,False,A,ALA41,O,41.693,16.663,-3.152,A,ALA42,O,42.407,16.04,-0.251
Thermal Noise,RED,3.806,3.615,False,A,ALA41,O,41.693,16.663,-3.152,A,TYR43,N,42.297,13.886,-0.917
Thermal Noise,RED,3.333,3.54,False,A,ALA41,O,41.693,16.663,-3.152,A,MET44,N,44.676,14.999,-2.221
Phase Boundary,YELLOW,5.135,2.987,False,A,ALA41,O,41.693,16.663,-3.152,A,PHE45,N,44.128,17.644,-1.727
Bound Backbone,BLUE,6.142,2.829,False,A,ALA42,N,40.308,14.97,-2.612,A,TYR43,N,42.297,13.886,-0.917
Bound Backbone,BLUE,8.289,2.257,False,A,ALA42,O,42.407,16.04,-0.251,A,TYR43,N,42.297,13.886,-0.917
Thermal Noise,RED,3.641,3.316,False,A,ALA42,O,42.407,16.04,-0.251,A,TYR43,O,45.555,15.002,-0.145
Phase Boundary,YELLOW,4.924,3.18,False,A,ALA42,O,42.407,16.04,-0.251,A,MET44,N,44.676,14.999,-2.221
Bound Backbone,BLUE,6.121,2.777,False,A,ALA42,O,42.407,16.04,-0.251,A,PHE45,N,44.128,17.644,-1.727
Bound Backbone,BLUE,5.332,2.91,False,A,ALA42,O,42.407,16.04,-0.251,A,LEU46,N,44.363,17.753,1.056
Phase Boundary,YELLOW,5.24,2.932,False,A,TYR43,N,42.297,13.886,-0.917,A,MET44,N,44.676,14.999,-2.221
Bound Backbone,BLUE,12.123,2.254,False,A,TYR43,O,45.555,15.002,-0.145,A,MET44,N,44.676,14.999,-2.221
Thermal Noise,RED,3.606,3.542,False,A,TYR43,O,45.555,15.002,-0.145,A,MET44,O,46.326,18.065,-1.747
Thermal Noise,RED,3.955,3.394,False,A,TYR43,O,45.555,15.002,-0.145,A,PHE45,N,44.128,17.644,-1.727
Phase Boundary,YELLOW,4.174,3.23,False,A,TYR43,O,45.555,15.002,-0.145,A,LEU46,N,44.363,17.753,1.056
Phase Boundary,YELLOW,5.076,3.0,False,A,TYR43,O,45.555,15.002,-0.145,A,LEU47,N,47.063,17.176,1.269
Bound Backbone,BLUE,9.779,2.405,False,A,TYR43,OH,49.378,10.53,-1.039,A,PHE293,O,50.716,10.04,-2.976
Thermal Noise,RED,3.682,3.605,False,A,TYR43,OH,49.378,10.53,-1.039,A,PHE294,N,50.623,7.801,-3.039
Thermal Noise,RED,2.74,3.824,False,A,TYR43,OH,49.378,10.53,-1.039,A,PHE294,O,52.929,9.122,-0.858
Bound Backbone,BLUE,5.417,2.746,False,A,MET44,N,44.676,14.999,-2.221,A,PHE45,N,44.128,17.644,-1.727
Bound Backbone,BLUE,7.99,2.238,False,A,MET44,O,46.326,18.065,-1.747,A,PHE45,N,44.128,17.644,-1.727
Phase Boundary,YELLOW,4.589,3.429,False,A,MET44,O,46.326,18.065,-1.747,A,PHE45,O,44.95,19.917,0.79
Phase Boundary,YELLOW,4.825,3.436,False,A,MET44,O,46.326,18.065,-1.747,A,LEU46,N,44.363,17.753,1.056
Bound Backbone,BLUE,5.967,3.23,False,A,MET44,O,46.326,18.065,-1.747,A,LEU47,N,47.063,17.176,1.269
Bound Backbone,BLUE,5.827,2.93,False,A,MET44,O,46.326,18.065,-1.747,A,ILE48,N,48.21,19.354,0.09
Bound Backbone,BLUE,8.355,2.795,False,A,PHE45,N,44.128,17.644,-1.727,A,LEU46,N,44.363,17.753,1.056
Bound Backbone,BLUE,7.919,2.258,False,A,PHE45,O,44.95,19.917,0.79,A,LEU46,N,44.363,17.753,1.056
Thermal Noise,RED,3.582,3.79,False,A,PHE45,O,44.95,19.917,0.79,A,LEU46,O,47.077,18.077,3.331
Thermal Noise,RED,3.318,3.494,False,A,PHE45,O,44.95,19.917,0.79,A,LEU47,N,47.063,17.176,1.269
Thermal Noise,RED,3.595,3.382,False,A,PHE45,O,44.95,19.917,0.79,A,ILE48,N,48.21,19.354,0.09
Phase Boundary,YELLOW,4.885,2.982,False,A,PHE45,O,44.95,19.917,0.79,A,MET49,N,47.435,21.151,1.884
Phase Boundary,YELLOW,5.239,2.769,False,A,LEU46,N,44.363,17.753,1.056,A,LEU47,N,47.063,17.176,1.269
Bound Backbone,BLUE,12.126,2.25,False,A,LEU46,O,47.077,18.077,3.331,A,LEU47,N,47.063,17.176,1.269
Thermal Noise,RED,3.368,3.757,False,A,LEU46,O,47.077,18.077,3.331,A,LEU47,O,50.081,19.039,1.29
Phase Boundary,YELLOW,4.468,3.663,False,A,LEU46,O,47.077,18.077,3.331,A,ILE48,N,48.21,19.354,0.09
Thermal Noise,RED,3.82,3.416,False,A,LEU46,O,47.077,18.077,3.331,A,MET49,N,47.435,21.151,1.884
Phase Boundary,YELLOW,4.301,3.108,False,A,LEU46,O,47.077,18.077,3.331,A,LEU50,N,48.901,20.476,4.089
Bound Backbone,BLUE,6.01,2.729,False,A,LEU47,N,47.063,17.176,1.269,A,ILE48,N,48.21,19.354,0.09
Bound Backbone,BLUE,9.385,2.245,False,A,LEU47,O,50.081,19.039,1.29,A,ILE48,N,48.21,19.354,0.09
Thermal Noise,RED,2.932,3.695,False,A,LEU47,O,50.081,19.039,1.29,A,ILE48,O,49.033,22.581,1.189
Thermal Noise,RED,3.452,3.437,False,A,LEU47,O,50.081,19.039,1.29,A,MET49,N,47.435,21.151,1.884
Phase Boundary,YELLOW,5.109,3.36,False,A,LEU47,O,50.081,19.039,1.29,A,LEU50,N,48.901,20.476,4.089
Bound Backbone,BLUE,7.279,2.7,False,A,LEU47,O,50.081,19.039,1.29,A,GLY51,N,51.659,20.073,3.221
Bound Backbone,BLUE,7.328,2.655,False,A,ILE48,N,48.21,19.354,0.09,A,MET49,N,47.435,21.151,1.884
Bound Backbone,BLUE,8.352,2.254,False,A,ILE48,O,49.033,22.581,1.189,A,MET49,N,47.435,21.151,1.884
Phase Boundary,YELLOW,4.464,3.819,False,A,ILE48,O,49.033,22.581,1.189,A,MET49,O,48.562,22.525,4.978
Phase Boundary,YELLOW,4.408,3.586,False,A,ILE48,O,49.033,22.581,1.189,A,LEU50,N,48.901,20.476,4.089
Thermal Noise,RED,3.659,3.436,False,A,ILE48,O,49.033,22.581,1.189,A,PHE52,N,52.247,22.66,2.401
Bound Backbone,BLUE,7.581,2.733,False,A,MET49,N,47.435,21.151,1.884,A,LEU50,N,48.901,20.476,4.089
Bound Backbone,BLUE,8.614,2.259,False,A,MET49,O,48.562,22.525,4.978,A,LEU50,N,48.901,20.476,4.089
Thermal Noise,RED,2.76,3.809,False,A,MET49,O,48.562,22.525,4.978,A,LEU50,O,52.142,21.23,5.102
Phase Boundary,YELLOW,4.088,3.847,False,A,MET49,SD,43.619,22.264,5.183,B,ILE54,N,42.466,23.512,8.635
Phase Boundary,YELLOW,4.96,2.919,False,A,LEU50,N,48.901,20.476,4.089,A,GLY51,N,51.659,20.073,3.221
Bound Backbone,BLUE,11.282,2.261,False,A,LEU50,O,52.142,21.23,5.102,A,GLY51,N,51.659,20.073,3.221
Phase Boundary,YELLOW,4.103,3.612,False,A,LEU50,O,52.142,21.23,5.102,A,GLY51,O,54.427,22.182,2.472
Bound Backbone,BLUE,6.404,3.058,False,A,LEU50,O,52.142,21.23,5.102,A,PHE52,N,52.247,22.66,2.401
Thermal Noise,RED,3.176,3.565,False,A,LEU50,O,52.142,21.23,5.102,A,PRO53,N,52.289,24.768,4.687
Phase Boundary,YELLOW,4.725,3.139,False,A,LEU50,O,52.142,21.23,5.102,A,ILE54,N,53.898,23.289,6.693
Bound Backbone,BLUE,5.478,2.777,False,A,GLY51,N,51.659,20.073,3.221,A,PHE52,N,52.247,22.66,2.401
Bound Backbone,BLUE,8.032,2.233,False,A,GLY51,O,54.427,22.182,2.472,A,PHE52,N,52.247,22.66,2.401
Phase Boundary,YELLOW,4.682,3.057,False,A,GLY51,O,54.427,22.182,2.472,A,PHE52,O,54.296,25.003,3.642
Bound Backbone,BLUE,5.315,3.267,False,A,GLY51,O,54.427,22.182,2.472,A,ASN55,N,56.208,22.889,5.118
Bound Backbone,BLUE,6.194,2.542,False,A,GLY51,O,54.427,22.182,2.472,A,ASN55,ND2,56.356,20.527,2.417
Bound Backbone,BLUE,5.561,3.11,False,A,PHE52,N,52.247,22.66,2.401,A,PRO53,N,52.289,24.768,4.687
Bound Backbone,BLUE,8.771,2.275,False,A,PHE52,O,54.296,25.003,3.642,A,PRO53,N,52.289,24.768,4.687
Bound Backbone,BLUE,6.691,3.089,False,A,PHE52,O,54.296,25.003,3.642,A,PRO53,O,55.055,25.209,6.629
Phase Boundary,YELLOW,4.767,3.522,False,A,PHE52,O,54.296,25.003,3.642,A,ILE54,N,53.898,23.289,6.693
Phase Boundary,YELLOW,4.407,3.21,False,A,PHE52,O,54.296,25.003,3.642,A,ASN55,N,56.208,22.889,5.118
Bound Backbone,BLUE,6.449,2.559,False,A,PHE52,O,54.296,25.003,3.642,A,PHE56,N,56.686,25.522,4.394
Bound Backbone,BLUE,5.871,2.967,False,A,PRO53,N,52.289,24.768,4.687,A,ILE54,N,53.898,23.289,6.693
Bound Backbone,BLUE,7.962,2.243,False,A,PRO53,O,55.055,25.209,6.629,A,ILE54,N,53.898,23.289,6.693
Phase Boundary,YELLOW,4.084,3.148,False,A,PRO53,O,55.055,25.209,6.629,A,ILE54,O,57.313,23.056,7.05
Phase Boundary,YELLOW,5.168,2.999,False,A,PRO53,O,55.055,25.209,6.629,A,ASN55,N,56.208,22.889,5.118
Bound Backbone,BLUE,7.278,2.784,False,A,PRO53,O,55.055,25.209,6.629,A,PHE56,N,56.686,25.522,4.394
Bound Backbone,BLUE,6.259,2.537,False,A,PRO53,O,55.055,25.209,6.629,A,LEU57,N,56.977,26.844,6.896
Bound Backbone,BLUE,6.01,2.824,False,A,ILE54,N,53.898,23.289,6.693,A,ASN55,N,56.208,22.889,5.118
Bound Backbone,BLUE,11.864,2.232,False,A,ILE54,O,57.313,23.056,7.05,A,ASN55,N,56.208,22.889,5.118
Thermal Noise,RED,3.874,3.726,False,A,ILE54,O,57.313,23.056,7.05,A,ASN55,O,58.879,25.038,4.311
Thermal Noise,RED,3.94,3.678,False,A,ILE54,O,57.313,23.056,7.05,A,PHE56,N,56.686,25.522,4.394
Thermal Noise,RED,2.766,3.806,False,A,ILE54,O,57.313,23.056,7.05,A,LEU57,N,56.977,26.844,6.896
Phase Boundary,YELLOW,4.113,3.186,False,A,ILE54,O,57.313,23.056,7.05,A,THR58,N,59.125,25.541,7.883
Bound Backbone,BLUE,7.662,2.356,False,A,ILE54,O,57.313,23.056,7.05,A,THR58,OG1,59.53,22.755,7.787
Bound Backbone,BLUE,5.433,2.772,False,A,ASN55,N,56.208,22.889,5.118,A,PHE56,N,56.686,25.522,4.394
Bound Backbone,BLUE,7.931,2.247,False,A,ASN55,O,58.879,25.038,4.311,A,PHE56,N,56.686,25.522,4.394
Thermal Noise,RED,3.009,3.834,False,A,ASN55,O,58.879,25.038,4.311,A,PHE56,O,58.142,28.462,5.87
Thermal Noise,RED,3.876,3.683,False,A,ASN55,O,58.879,25.038,4.311,A,LEU57,N,56.977,26.844,6.896
Phase Boundary,YELLOW,4.963,3.616,False,A,ASN55,O,58.879,25.038,4.311,A,THR58,N,59.125,25.541,7.883
Bound Backbone,BLUE,5.344,3.015,False,A,ASN55,O,58.879,25.038,4.311,A,LEU59,N,60.897,26.439,6.059
Thermal Noise,RED,3.231,3.624,False,A,ASN55,ND2,56.356,20.527,2.417,A,ASP83,OD2,58.948,18.253,1.303
Bound Backbone,BLUE,7.304,2.464,False,A,ASN55,ND2,56.356,20.527,2.417,A,ALA299,O,56.141,18.292,1.403
Thermal Noise,RED,3.19,3.98,False,A,ASN55,OD1,58.527,20.786,2.879,A,ALA80,O,59.665,23.615,0.321
Phase Boundary,YELLOW,5.177,3.013,False,A,ASN55,OD1,58.527,20.786,2.879,A,ASP83,OD2,58.948,18.253,1.303
Thermal Noise,RED,3.119,3.754,False,A,ASN55,OD1,58.527,20.786,2.879,A,ALA299,O,56.141,18.292,1.403
Bound Backbone,BLUE,7.38,2.845,False,A,PHE56,N,56.686,25.522,4.394,A,LEU57,N,56.977,26.844,6.896
Bound Backbone,BLUE,9.02,2.242,False,A,PHE56,O,58.142,28.462,5.87,A,LEU57,N,56.977,26.844,6.896
Phase Boundary,YELLOW,4.583,3.574,False,A,PHE56,O,58.142,28.462,5.87,A,LEU57,O,59.702,27.437,8.918
Thermal Noise,RED,3.515,3.681,False,A,PHE56,O,58.142,28.462,5.87,A,THR58,N,59.125,25.541,7.883
Thermal Noise,RED,3.422,3.423,False,A,PHE56,O,58.142,28.462,5.87,A,LEU59,N,60.897,26.439,6.059
Bound Backbone,BLUE,5.28,2.784,False,A,PHE56,O,58.142,28.462,5.87,A,TYR60,N,60.738,29.32,6.395
Bound Backbone,BLUE,5.96,2.699,False,A,LEU57,N,56.977,26.844,6.896,A,THR58,N,59.125,25.541,7.883
Bound Backbone,BLUE,9.097,2.236,False,A,LEU57,O,59.702,27.437,8.918,A,THR58,N,59.125,25.541,7.883
Thermal Noise,RED,3.923,3.347,False,A,LEU57,O,59.702,27.437,8.918,A,THR58,O,62.508,26.17,7.606
Bound Backbone,BLUE,5.63,3.255,False,A,LEU57,O,59.702,27.437,8.918,A,LEU59,N,60.897,26.439,6.059
Phase Boundary,YELLOW,4.987,3.314,False,A,LEU57,O,59.702,27.437,8.918,A,TYR60,N,60.738,29.32,6.395
Phase Boundary,YELLOW,5.126,2.795,False,A,LEU57,O,59.702,27.437,8.918,A,VAL61,N,61.684,29.406,9.004
Bound Backbone,BLUE,7.104,2.697,False,A,THR58,N,59.125,25.541,7.883,A,LEU59,N,60.897,26.439,6.059
Bound Backbone,BLUE,10.287,2.25,False,A,THR58,O,62.508,26.17,7.606,A,LEU59,N,60.897,26.439,6.059
Thermal Noise,RED,3.882,3.4,False,A,THR58,O,62.508,26.17,7.606,A,LEU59,O,62.974,29.193,6.121
Thermal Noise,RED,2.933,3.811,False,A,THR58,O,62.508,26.17,7.606,A,TYR60,N,60.738,29.32,6.395
Thermal Noise,RED,3.344,3.62,False,A,THR58,O,62.508,26.17,7.606,A,VAL61,N,61.684,29.406,9.004
Thermal Noise,RED,3.908,3.361,False,A,THR58,O,62.508,26.17,7.606,A,THR62,N,64.457,28.551,8.957
Phase Boundary,YELLOW,4.239,3.077,False,A,THR58,O,62.508,26.17,7.606,A,THR62,OG1,65.578,26.168,7.82
Phase Boundary,YELLOW,4.783,2.905,False,A,LEU59,N,60.897,26.439,6.059,A,TYR60,N,60.738,29.32,6.395
Bound Backbone,BLUE,7.935,2.256,False,A,LEU59,O,62.974,29.193,6.121,A,TYR60,N,60.738,29.32,6.395
Phase Boundary,YELLOW,4.16,3.586,False,A,LEU59,O,62.974,29.193,6.121,A,TYR60,O,62.245,31.542,8.731
Bound Backbone,BLUE,6.101,3.166,False,A,LEU59,O,62.974,29.193,6.121,A,VAL61,N,61.684,29.406,9.004
Bound Backbone,BLUE,5.561,3.264,False,A,LEU59,O,62.974,29.193,6.121,A,THR62,N,64.457,28.551,8.957
Thermal Noise,RED,3.783,3.404,False,A,LEU59,O,62.974,29.193,6.121,A,VAL63,N,65.756,30.646,7.44
Bound Backbone,BLUE,8.108,2.777,False,A,TYR60,N,60.738,29.32,6.395,A,VAL61,N,61.684,29.406,9.004
Bound Backbone,BLUE,8.159,2.225,False,A,TYR60,O,62.245,31.542,8.731,A,VAL61,N,61.684,29.406,9.004
Phase Boundary,YELLOW,4.604,3.19,False,A,TYR60,O,62.245,31.542,8.731,A,VAL61,O,64.668,30.285,10.381
Thermal Noise,RED,2.888,3.727,False,A,TYR60,O,62.245,31.542,8.731,A,THR62,N,64.457,28.551,8.957
Thermal Noise,RED,2.899,3.847,False,A,TYR60,O,62.245,31.542,8.731,A,VAL63,N,65.756,30.646,7.44
Thermal Noise,RED,3.412,3.428,False,A,TYR60,O,62.245,31.542,8.731,A,GLN64,N,65.321,33.043,8.926
Phase Boundary,YELLOW,4.218,3.634,False,A,TYR60,OH,59.443,36.327,9.657,A,GLN64,OE1,61.543,35.511,12.508
Phase Boundary,YELLOW,4.752,2.902,False,A,VAL61,N,61.684,29.406,9.004,A,THR62,N,64.457,28.551,8.957
Bound Backbone,BLUE,9.881,2.254,False,A,VAL61,O,64.668,30.285,10.381,A,THR62,N,64.457,28.551,8.957
Thermal Noise,RED,3.818,3.504,False,A,VAL61,O,64.668,30.285,10.381,A,THR62,O,67.661,30.176,8.562
Bound Backbone,BLUE,6.236,3.157,False,A,VAL61,O,64.668,30.285,10.381,A,VAL63,N,65.756,30.646,7.44
Phase Boundary,YELLOW,4.466,3.186,False,A,VAL61,O,64.668,30.285,10.381,A,GLN64,N,65.321,33.043,8.926
Phase Boundary,YELLOW,4.458,3.09,False,A,VAL61,O,64.668,30.285,10.381,A,HIS65,N,66.635,32.459,11.356
Bound Backbone,BLUE,5.612,2.894,False,A,THR62,N,64.457,28.551,8.957,A,VAL63,N,65.756,30.646,7.44
Bound Backbone,BLUE,9.062,2.26,False,A,THR62,O,67.661,30.176,8.562,A,VAL63,N,65.756,30.646,7.44
Thermal Noise,RED,3.175,3.566,False,A,THR62,O,67.661,30.176,8.562,A,VAL63,O,67.351,33.704,8.148
Thermal Noise,RED,2.912,3.719,False,A,THR62,O,67.661,30.176,8.562,A,GLN64,N,65.321,33.043,8.926
Thermal Noise,RED,3.848,3.751,False,A,THR62,O,67.661,30.176,8.562,A,HIS65,N,66.635,32.459,11.356
Bound Backbone,BLUE,5.438,3.218,False,A,THR62,O,67.661,30.176,8.562,A,HIS65,O,69.414,30.985,11.137
Thermal Noise,RED,3.159,3.632,False,A,THR62,O,67.661,30.176,8.562,A,ARG69,NE,71.173,30.16,7.637
Phase Boundary,YELLOW,4.664,2.99,False,A,THR62,O,67.661,30.176,8.562,A,ARG69,NH2,69.866,32.044,7.794
Bound Backbone,BLUE,5.763,2.854,False,A,VAL63,N,65.756,30.646,7.44,A,GLN64,N,65.321,33.043,8.926
Bound Backbone,BLUE,8.329,2.272,False,A,VAL63,O,67.351,33.704,8.148,A,GLN64,N,65.321,33.043,8.926
Phase Boundary,YELLOW,4.489,3.751,False,A,VAL63,O,67.351,33.704,8.148,A,GLN64,O,66.793,34.687,11.725
Phase Boundary,YELLOW,4.957,3.515,False,A,VAL63,O,67.351,33.704,8.148,A,HIS65,N,66.635,32.459,11.356
Phase Boundary,YELLOW,4.385,3.034,False,A,VAL63,O,67.351,33.704,8.148,A,ARG69,NH2,69.866,32.044,7.794
Bound Backbone,BLUE,7.386,2.824,False,A,GLN64,N,65.321,33.043,8.926,A,HIS65,N,66.635,32.459,11.356
Bound Backbone,BLUE,7.941,2.264,False,A,GLN64,O,66.793,34.687,11.725,A,HIS65,N,66.635,32.459,11.356
Thermal Noise,RED,3.64,3.316,False,A,GLN64,O,66.793,34.687,11.725,A,LYS66,N,69.728,33.144,11.753
Thermal Noise,RED,3.295,3.695,False,A,GLN64,NE2,62.203,33.517,13.327,A,HIS65,NE2,64.108,30.803,14.957
Bound Backbone,BLUE,6.245,2.597,False,A,GLN64,NE2,62.203,33.517,13.327,A,THR320,OG1,61.385,31.168,14.075
Thermal Noise,RED,3.965,3.193,False,A,HIS65,N,66.635,32.459,11.356,A,LYS66,N,69.728,33.144,11.753
Bound Backbone,BLUE,8.153,2.267,False,A,HIS65,O,69.414,30.985,11.137,A,LYS66,N,69.728,33.144,11.753
Thermal Noise,RED,2.548,3.988,False,A,HIS65,O,69.414,30.985,11.137,A,LYS66,O,73.126,32.33,10.577
Phase Boundary,YELLOW,4.702,3.083,False,A,HIS65,O,69.414,30.985,11.137,A,LYS67,N,72.136,31.579,12.457
Phase Boundary,YELLOW,4.316,3.09,False,A,HIS65,O,69.414,30.985,11.137,A,LEU68,N,71.649,28.958,11.803
Phase Boundary,YELLOW,5.022,3.536,False,A,HIS65,O,69.414,30.985,11.137,A,ARG69,NH2,69.866,32.044,7.794
Phase Boundary,YELLOW,5.174,2.802,False,A,HIS65,ND1,65.928,31.933,14.885,A,LYS339,N,68.559,32.794,15.321
Thermal Noise,RED,3.981,3.584,False,A,HIS65,ND1,65.928,31.933,14.885,A,THR340,N,67.51,34.109,17.253
Phase Boundary,YELLOW,4.86,2.966,False,A,HIS65,NE2,64.108,30.803,14.957,A,CYS316,O,62.268,28.69,15.931
Phase Boundary,YELLOW,5.093,2.885,False,A,HIS65,NE2,64.108,30.803,14.957,A,THR320,OG1,61.385,31.168,14.075
Phase Boundary,YELLOW,4.742,2.957,False,A,LYS66,N,69.728,33.144,11.753,A,LYS67,N,72.136,31.579,12.457
Phase Boundary,YELLOW,4.418,3.771,False,A,LYS66,N,69.728,33.144,11.753,A,LYS339,N,68.559,32.794,15.321
Bound Backbone,BLUE,11.37,2.254,False,A,LYS66,O,73.126,32.33,10.577,A,LYS67,N,72.136,31.579,12.457
Thermal Noise,RED,2.827,3.88,False,A,LYS66,O,73.126,32.33,10.577,A,LEU68,N,71.649,28.958,11.803
Phase Boundary,YELLOW,4.289,3.839,False,A,LYS66,O,73.126,32.33,10.577,A,ARG69,NH1,71.99,32.197,6.912
Bound Backbone,BLUE,5.503,2.745,False,A,LYS67,N,72.136,31.579,12.457,A,LEU68,N,71.649,28.958,11.803
Bound Backbone,BLUE,5.306,3.335,False,A,LYS67,N,72.136,31.579,12.457,A,VAL337,O,70.868,30.476,15.338
Bound Backbone,BLUE,8.796,2.247,False,A,LYS67,O,73.555,28.218,12.734,A,LEU68,N,71.649,28.958,11.803
Bound Backbone,BLUE,6.648,3.049,False,A,LYS67,O,73.555,28.218,12.734,A,ARG69,N,73.035,27.18,9.915
Thermal Noise,RED,3.661,3.473,False,A,LYS67,NZ,76.098,30.868,17.946,A,THR336,O,73.258,29.441,19.345
Thermal Noise,RED,3.962,3.212,False,A,LYS67,NZ,76.098,30.868,17.946,A,GLN344,O,77.203,33.826,18.536
Bound Backbone,BLUE,5.842,2.941,False,A,LEU68,N,71.649,28.958,11.803,A,ARG69,N,73.035,27.18,9.915
Thermal Noise,RED,3.937,3.926,False,A,LEU68,N,71.649,28.958,11.803,A,VAL337,O,70.868,30.476,15.338
Bound Backbone,BLUE,8.581,2.263,False,A,LEU68,O,70.957,27.306,9.029,A,ARG69,N,73.035,27.18,9.915
Phase Boundary,YELLOW,4.432,3.183,False,A,LEU68,O,70.957,27.306,9.029,A,ARG69,NE,71.173,30.16,7.637
Thermal Noise,RED,3.479,3.778,False,A,LEU68,O,70.957,27.306,9.029,A,ASN73,ND2,70.582,24.35,11.351
Phase Boundary,YELLOW,4.824,2.961,False,A,ARG69,N,73.035,27.18,9.915,A,THR70,N,74.372,24.691,9.028
Bound Backbone,BLUE,9.977,2.234,False,A,ARG69,O,75.589,25.953,7.643,A,THR70,N,74.372,24.691,9.028
Thermal Noise,RED,3.183,3.572,False,A,ARG69,O,75.589,25.953,7.643,A,THR70,O,73.62,23.023,7.096
Thermal Noise,RED,3.567,3.681,False,A,THR70,N,74.372,24.691,9.028,A,PRO71,N,75.603,21.931,6.927
Bound Backbone,BLUE,7.793,2.27,False,A,THR70,O,73.62,23.023,7.096,A,PRO71,N,75.603,21.931,6.927
Phase Boundary,YELLOW,5.253,3.123,False,A,THR70,O,73.62,23.023,7.096,A,PRO71,O,72.903,20.799,5.024
Phase Boundary,YELLOW,4.462,2.995,False,A,THR70,O,73.62,23.023,7.096,A,LEU72,N,73.493,20.031,7.054
Bound Backbone,BLUE,5.48,2.797,False,A,THR70,O,73.62,23.023,7.096,A,ASN73,N,71.371,21.648,8.031
Bound Backbone,BLUE,6.117,2.725,False,A,THR70,O,73.62,23.023,7.096,A,TYR74,N,71.208,23.212,5.843
Phase Boundary,YELLOW,4.906,3.484,False,A,THR70,OG1,73.93,21.783,9.98,A,PRO71,N,75.603,21.931,6.927
Phase Boundary,YELLOW,4.945,3.438,False,A,THR70,OG1,73.93,21.783,9.98,A,LEU72,N,73.493,20.031,7.054
Phase Boundary,YELLOW,4.761,3.22,False,A,THR70,OG1,73.93,21.783,9.98,A,ASN73,N,71.371,21.648,8.031
Bound Backbone,BLUE,6.35,2.595,False,A,THR70,OG1,73.93,21.783,9.98,A,ASN73,OD1,71.557,22.396,10.834
Phase Boundary,YELLOW,4.96,2.842,False,A,PRO71,N,75.603,21.931,6.927,A,LEU72,N,73.493,20.031,7.054
Bound Backbone,BLUE,12.012,2.249,False,A,PRO71,O,72.903,20.799,5.024,A,LEU72,N,73.493,20.031,7.054
Phase Boundary,YELLOW,4.307,3.284,False,A,PRO71,O,72.903,20.799,5.024,A,LEU72,O,70.09,20.411,6.673
Phase Boundary,YELLOW,4.875,3.48,False,A,PRO71,O,72.903,20.799,5.024,A,ASN73,N,71.371,21.648,8.031
Phase Boundary,YELLOW,4.467,3.06,False,A,PRO71,O,72.903,20.799,5.024,A,TYR74,N,71.208,23.212,5.843
Bound Backbone,BLUE,6.669,2.692,False,A,PRO71,O,72.903,20.799,5.024,A,ILE75,N,70.817,21.526,3.485
Bound Backbone,BLUE,5.331,2.841,False,A,LEU72,N,73.493,20.031,7.054,A,ASN73,N,71.371,21.648,8.031
Thermal Noise,RED,2.629,3.956,False,A,LEU72,N,73.493,20.031,7.054,A,GLU134,OE2,76.447,17.534,7.886
Bound Backbone,BLUE,9.847,2.239,False,A,LEU72,O,70.09,20.411,6.673,A,ASN73,N,71.371,21.648,8.031
Thermal Noise,RED,3.203,3.541,False,A,LEU72,O,70.09,20.411,6.673,A,ASN73,O,69.098,23.8,6.409
Phase Boundary,YELLOW,4.273,3.128,False,A,LEU72,O,70.09,20.411,6.673,A,TYR74,N,71.208,23.212,5.843
Phase Boundary,YELLOW,5.17,3.455,False,A,LEU72,O,70.09,20.411,6.673,A,ILE75,N,70.817,21.526,3.485
Bound Backbone,BLUE,5.989,3.076,False,A,LEU72,O,70.09,20.411,6.673,A,LEU76,N,68.321,20.79,4.185
Bound Backbone,BLUE,7.826,2.694,False,A,ASN73,N,71.371,21.648,8.031,A,TYR74,N,71.208,23.212,5.843
Bound Backbone,BLUE,8.131,2.262,False,A,ASN73,O,69.098,23.8,6.409,A,TYR74,N,71.208,23.212,5.843
Phase Boundary,YELLOW,4.847,3.65,False,A,ASN73,O,69.098,23.8,6.409,A,TYR74,O,69.476,23.217,2.826
Thermal Noise,RED,3.329,3.822,False,A,ASN73,O,69.098,23.8,6.409,A,LEU76,N,68.321,20.79,4.185
Thermal Noise,RED,4.068,3.607,False,A,ASN73,O,69.098,23.8,6.409,A,LEU77,N,66.704,22.971,3.842
Thermal Noise,RED,2.83,3.925,False,A,ASN73,ND2,70.582,24.35,11.351,A,TYR306,OH,67.613,22.246,9.879
Phase Boundary,YELLOW,4.073,3.973,False,A,ASN73,ND2,70.582,24.35,11.351,A,GLN312,NE2,71.386,24.055,15.231
Bound Backbone,BLUE,6.612,2.925,False,A,TYR74,N,71.208,23.212,5.843,A,ILE75,N,70.817,21.526,3.485
Bound Backbone,BLUE,8.286,2.257,False,A,TYR74,O,69.476,23.217,2.826,A,ILE75,N,70.817,21.526,3.485
Thermal Noise,RED,2.826,3.795,False,A,TYR74,O,69.476,23.217,2.826,A,ILE75,O,67.949,19.799,2.201
Phase Boundary,YELLOW,4.983,3.012,False,A,TYR74,O,69.476,23.217,2.826,A,LEU76,N,68.321,20.79,4.185
Phase Boundary,YELLOW,4.901,2.963,False,A,TYR74,O,69.476,23.217,2.826,A,LEU77,N,66.704,22.971,3.842
Phase Boundary,YELLOW,4.227,3.274,False,A,TYR74,O,69.476,23.217,2.826,A,ASN78,N,66.562,23.199,1.333
Bound Backbone,BLUE,8.347,2.661,False,A,TYR74,OH,74.246,29.093,3.05,A,GLU150,OE1,75.17,30.055,5.352
Bound Backbone,BLUE,5.748,2.695,False,A,ILE75,N,70.817,21.526,3.485,A,LEU76,N,68.321,20.79,4.185
Bound Backbone,BLUE,11.835,2.249,False,A,ILE75,O,67.949,19.799,2.201,A,LEU76,N,68.321,20.79,4.185
Thermal Noise,RED,3.133,3.782,False,A,ILE75,O,67.949,19.799,2.201,A,LEU77,N,66.704,22.971,3.842
Thermal Noise,RED,2.906,3.773,False,A,ILE75,O,67.949,19.799,2.201,A,ASN78,N,66.562,23.199,1.333
Thermal Noise,RED,3.441,3.603,False,A,ILE75,O,67.949,19.799,2.201,A,LEU79,N,64.947,21.064,0.662
Bound Backbone,BLUE,5.397,2.737,False,A,LEU76,N,68.321,20.79,4.185,A,LEU77,N,66.704,22.971,3.842
Bound Backbone,BLUE,8.187,2.251,False,A,LEU76,O,64.84,21.83,4.381,A,LEU77,N,66.704,22.971,3.842
Thermal Noise,RED,3.777,3.806,False,A,LEU76,O,64.84,21.83,4.381,A,LEU77,O,64.577,24.292,1.491
Thermal Noise,RED,4.017,3.759,False,A,LEU76,O,64.84,21.83,4.381,A,ASN78,N,66.562,23.199,1.333
Phase Boundary,YELLOW,4.465,3.799,False,A,LEU76,O,64.84,21.83,4.381,A,LEU79,N,64.947,21.064,0.662
Phase Boundary,YELLOW,4.192,3.609,False,A,LEU76,O,64.84,21.83,4.381,A,ALA80,N,62.484,21.967,1.651
Bound Backbone,BLUE,10.24,2.523,False,A,LEU77,N,66.704,22.971,3.842,A,ASN78,N,66.562,23.199,1.333
Bound Backbone,BLUE,7.78,2.272,False,A,LEU77,O,64.577,24.292,1.491,A,ASN78,N,66.562,23.199,1.333
Phase Boundary,YELLOW,4.627,3.472,False,A,LEU77,O,64.577,24.292,1.491,A,ASN78,O,64.478,22.151,-1.241
Thermal Noise,RED,3.698,3.353,False,A,LEU77,O,64.577,24.292,1.491,A,LEU79,N,64.947,21.064,0.662
Phase Boundary,YELLOW,4.086,3.132,False,A,LEU77,O,64.577,24.292,1.491,A,ALA80,N,62.484,21.967,1.651
Phase Boundary,YELLOW,4.505,3.22,False,A,LEU77,O,64.577,24.292,1.491,A,VAL81,N,61.833,23.958,-0.161
Bound Backbone,BLUE,5.452,2.76,False,A,ASN78,N,66.562,23.199,1.333,A,LEU79,N,64.947,21.064,0.662
Bound Backbone,BLUE,11.623,2.241,False,A,ASN78,O,64.478,22.151,-1.241,A,LEU79,N,64.947,21.064,0.662
Thermal Noise,RED,3.357,3.604,False,A,ASN78,O,64.478,22.151,-1.241,A,LEU79,O,61.484,20.667,0.108
Phase Boundary,YELLOW,4.626,3.518,False,A,ASN78,O,64.478,22.151,-1.241,A,ALA80,N,62.484,21.967,1.651
Thermal Noise,RED,3.73,3.38,False,A,ASN78,O,64.478,22.151,-1.241,A,VAL81,N,61.833,23.958,-0.161
Phase Boundary,YELLOW,4.79,3.08,False,A,ASN78,O,64.478,22.151,-1.241,A,ALA82,N,61.781,22.589,-2.663
Thermal Noise,RED,3.625,3.389,False,A,ASN78,ND2,68.564,20.591,-2.239,A,SER127,OG,68.983,17.338,-1.386
Bound Backbone,BLUE,5.637,3.084,False,A,ASN78,ND2,68.564,20.591,-2.239,A,THR160,OG1,70.329,19.442,-4.492
Bound Backbone,BLUE,6.941,3.047,False,A,ASN78,OD1,67.335,22.4,-2.745,A,TRP161,NE1,67.148,22.984,-5.73
Bound Backbone,BLUE,5.495,2.804,False,A,LEU79,N,64.947,21.064,0.662,A,ALA80,N,62.484,21.967,1.651
Bound Backbone,BLUE,10.25,2.252,False,A,LEU79,O,61.484,20.667,0.108,A,ALA80,N,62.484,21.967,1.651
Thermal Noise,RED,3.331,3.471,False,A,LEU79,O,61.484,20.667,0.108,A,ALA80,O,59.665,23.615,0.321
Thermal Noise,RED,3.645,3.32,False,A,LEU79,O,61.484,20.667,0.108,A,VAL81,N,61.833,23.958,-0.161
Phase Boundary,YELLOW,4.981,3.385,False,A,LEU79,O,61.484,20.667,0.108,A,ALA82,N,61.781,22.589,-2.663
Bound Backbone,BLUE,7.125,2.775,False,A,LEU79,O,61.484,20.667,0.108,A,ASP83,N,59.71,20.914,-2.012
Bound Backbone,BLUE,5.372,2.783,False,A,LEU79,O,61.484,20.667,0.108,A,ASP83,OD1,59.999,18.418,-0.586
Thermal Noise,RED,3.118,3.7,False,A,LEU79,O,61.484,20.667,0.108,A,ASP83,OD2,58.948,18.253,1.303
Bound Backbone,BLUE,6.638,2.77,False,A,ALA80,N,62.484,21.967,1.651,A,VAL81,N,61.833,23.958,-0.161
Bound Backbone,BLUE,8.156,2.247,False,A,ALA80,O,59.665,23.615,0.321,A,VAL81,N,61.833,23.958,-0.161
Bound Backbone,BLUE,5.46,3.452,False,A,ALA80,O,59.665,23.615,0.321,A,VAL81,O,60.004,23.923,-3.1
Thermal Noise,RED,3.861,3.799,False,A,ALA80,O,59.665,23.615,0.321,A,ALA82,N,61.781,22.589,-2.663
Thermal Noise,RED,3.995,3.569,False,A,ALA80,O,59.665,23.615,0.321,A,ASP83,N,59.71,20.914,-2.012
Bound Backbone,BLUE,6.16,2.895,False,A,ALA80,O,59.665,23.615,0.321,A,LEU84,N,57.683,22.822,-1.635
Bound Backbone,BLUE,7.326,2.853,False,A,VAL81,N,61.833,23.958,-0.161,A,ALA82,N,61.781,22.589,-2.663
Bound Backbone,BLUE,7.989,2.265,False,A,VAL81,O,60.004,23.923,-3.1,A,ALA82,N,61.781,22.589,-2.663
Thermal Noise,RED,3.69,3.407,False,A,VAL81,O,60.004,23.923,-3.1,A,ALA82,O,59.232,20.803,-4.229
Phase Boundary,YELLOW,4.159,3.213,False,A,VAL81,O,60.004,23.923,-3.1,A,ASP83,N,59.71,20.914,-2.012
Bound Backbone,BLUE,5.291,2.957,False,A,VAL81,O,60.004,23.923,-3.1,A,LEU84,N,57.683,22.822,-1.635
Bound Backbone,BLUE,6.263,2.661,False,A,VAL81,O,60.004,23.923,-3.1,A,PHE85,N,57.593,23.671,-4.198
Bound Backbone,BLUE,5.514,2.742,False,A,ALA82,N,61.781,22.589,-2.663,A,ASP83,N,59.71,20.914,-2.012
Bound Backbone,BLUE,12.471,2.271,False,A,ALA82,O,59.232,20.803,-4.229,A,ASP83,N,59.71,20.914,-2.012
Thermal Noise,RED,3.783,3.526,False,A,ALA82,O,59.232,20.803,-4.229,A,ASP83,O,56.261,21.227,-2.378
Thermal Noise,RED,4.014,3.634,False,A,ALA82,O,59.232,20.803,-4.229,A,LEU84,N,57.683,22.822,-1.635
Thermal Noise,RED,3.668,3.303,False,A,ALA82,O,59.232,20.803,-4.229,A,PHE85,N,57.593,23.671,-4.198
Phase Boundary,YELLOW,5.157,2.912,False,A,ALA82,O,59.232,20.803,-4.229,A,MET86,N,56.61,21.411,-5.341
Phase Boundary,YELLOW,5.13,2.809,False,A,ASP83,N,59.71,20.914,-2.012,A,LEU84,N,57.683,22.822,-1.635
Bound Backbone,BLUE,8.356,2.262,False,A,ASP83,O,56.261,21.227,-2.378,A,LEU84,N,57.683,22.822,-1.635
Thermal Noise,RED,3.701,3.483,False,A,ASP83,O,56.261,21.227,-2.378,A,LEU84,O,55.444,24.25,-3.903
Phase Boundary,YELLOW,4.308,3.326,False,A,ASP83,O,56.261,21.227,-2.378,A,PHE85,N,57.593,23.671,-4.198
Bound Backbone,BLUE,7.28,2.989,False,A,ASP83,O,56.261,21.227,-2.378,A,MET86,N,56.61,21.411,-5.341
Bound Backbone,BLUE,6.579,2.757,False,A,ASP83,O,56.261,21.227,-2.378,A,VAL87,N,54.113,21.288,-4.106
Thermal Noise,RED,2.76,3.868,False,A,ASP83,OD1,59.999,18.418,-0.586,A,SER298,O,58.37,15.018,0.28
Phase Boundary,YELLOW,5.011,2.873,False,A,ASP83,OD1,59.999,18.418,-0.586,A,HOH971,O,61.524,16.074,-1.243
Thermal Noise,RED,3.568,3.442,False,A,ASP83,OD2,58.948,18.253,1.303,A,SER298,O,58.37,15.018,0.28
Phase Boundary,YELLOW,5.076,2.809,False,A,ASP83,OD2,58.948,18.253,1.303,A,ALA299,O,56.141,18.292,1.403
Thermal Noise,RED,2.767,3.836,False,A,ASP83,OD2,58.948,18.253,1.303,A,VAL300,N,55.823,16.12,1.933
Bound Backbone,BLUE,8.625,2.701,False,A,LEU84,N,57.683,22.822,-1.635,A,PHE85,N,57.593,23.671,-4.198
Bound Backbone,BLUE,8.027,2.245,False,A,LEU84,O,55.444,24.25,-3.903,A,PHE85,N,57.593,23.671,-4.198
Phase Boundary,YELLOW,4.729,3.561,False,A,LEU84,O,55.444,24.25,-3.903,A,PHE85,O,55.827,22.639,-7.056
Thermal Noise,RED,3.883,3.389,False,A,LEU84,O,55.444,24.25,-3.903,A,MET86,N,56.61,21.411,-5.341
Thermal Noise,RED,3.79,3.254,False,A,LEU84,O,55.444,24.25,-3.903,A,VAL87,N,54.113,21.288,-4.106
Bound Backbone,BLUE,5.375,2.912,False,A,LEU84,O,55.444,24.25,-3.903,A,PHE88,N,52.954,23.594,-5.262
Bound Backbone,BLUE,6.033,2.717,False,A,PHE85,N,57.593,23.671,-4.198,A,MET86,N,56.61,21.411,-5.341
Bound Backbone,BLUE,10.828,2.25,False,A,PHE85,O,55.827,22.639,-7.056,A,MET86,N,56.61,21.411,-5.341
Phase Boundary,YELLOW,4.277,3.13,False,A,PHE85,O,55.827,22.639,-7.056,A,MET86,O,53.436,20.806,-6.209
Phase Boundary,YELLOW,4.194,3.67,False,A,PHE85,O,55.827,22.639,-7.056,A,VAL87,N,54.113,21.288,-4.106
Thermal Noise,RED,3.766,3.519,False,A,PHE85,O,55.827,22.639,-7.056,A,PHE88,N,52.954,23.594,-5.262
Bound Backbone,BLUE,6.999,2.497,False,A,PHE85,O,55.827,22.639,-7.056,A,GLY89,N,53.797,23.746,-8.0
Thermal Noise,RED,3.822,3.557,False,A,PHE85,O,55.827,22.639,-7.056,A,GLY90,N,53.384,21.046,-9.093
Bound Backbone,BLUE,5.79,2.788,False,A,MET86,N,56.61,21.411,-5.341,A,VAL87,N,54.113,21.288,-4.106
Bound Backbone,BLUE,12.135,2.261,False,A,MET86,O,53.436,20.806,-6.209,A,VAL87,N,54.113,21.288,-4.106
Thermal Noise,RED,3.747,3.438,False,A,MET86,O,53.436,20.806,-6.209,A,VAL87,O,50.943,22.71,-4.802
Phase Boundary,YELLOW,4.784,2.984,False,A,MET86,O,53.436,20.806,-6.209,A,PHE88,N,52.954,23.594,-5.262
Thermal Noise,RED,3.909,3.461,False,A,MET86,O,53.436,20.806,-6.209,A,GLY89,N,53.797,23.746,-8.0
Bound Backbone,BLUE,7.795,2.894,False,A,MET86,O,53.436,20.806,-6.209,A,GLY90,N,53.384,21.046,-9.093
Bound Backbone,BLUE,5.946,2.771,False,A,MET86,O,53.436,20.806,-6.209,A,PHE91,N,51.31,19.598,-7.513
Phase Boundary,YELLOW,4.385,3.821,False,A,MET86,SD,57.66,16.854,-4.229,A,PHE116,O,57.712,17.771,-7.938
Bound Backbone,BLUE,5.536,2.828,False,A,VAL87,N,54.113,21.288,-4.106,A,PHE88,N,52.954,23.594,-5.262
Bound Backbone,BLUE,8.157,2.244,False,A,VAL87,O,50.943,22.71,-4.802,A,PHE88,N,52.954,23.594,-5.262
Phase Boundary,YELLOW,4.433,3.519,False,A,VAL87,O,50.943,22.71,-4.802,A,THR92,N,49.063,21.438,-7.491
Bound Backbone,BLUE,7.681,2.869,False,A,PHE88,N,52.954,23.594,-5.262,A,GLY89,N,53.797,23.746,-8.0
Bound Backbone,BLUE,8.122,2.245,False,A,PHE88,O,51.651,24.248,-8.43,A,GLY89,N,53.797,23.746,-8.0
Phase Boundary,YELLOW,5.01,3.274,False,A,PHE88,O,51.651,24.248,-8.43,A,GLY89,O,52.557,22.213,-10.829
Thermal Noise,RED,2.982,3.701,False,A,PHE88,O,51.651,24.248,-8.43,A,GLY90,N,53.384,21.046,-9.093
Thermal Noise,RED,2.68,3.934,False,A,PHE88,O,51.651,24.248,-8.43,A,THR92,N,49.063,21.438,-7.491
Bound Backbone,BLUE,6.901,2.479,False,A,PHE88,O,51.651,24.248,-8.43,A,THR92,OG1,49.342,23.761,-9.19
Phase Boundary,YELLOW,5.03,2.942,False,A,GLY89,N,53.797,23.746,-8.0,A,GLY90,N,53.384,21.046,-9.093
Bound Backbone,BLUE,10.908,2.249,False,A,GLY89,O,52.557,22.213,-10.829,A,GLY90,N,53.384,21.046,-9.093
Thermal Noise,RED,3.252,3.647,False,A,GLY89,O,52.557,22.213,-10.829,A,GLY90,O,50.314,19.648,-9.528
Thermal Noise,RED,2.883,3.927,False,A,GLY89,O,52.557,22.213,-10.829,A,THR92,OG1,49.342,23.761,-9.19
Thermal Noise,RED,3.954,3.335,False,A,GLY89,O,52.557,22.213,-10.829,A,THR93,OG1,49.524,21.771,-12.143
Thermal Noise,RED,3.349,3.638,False,A,GLY89,O,52.557,22.213,-10.829,A,LEU112,O,54.323,19.406,-12.324
Bound Backbone,BLUE,5.303,2.982,False,A,GLY90,N,53.384,21.046,-9.093,A,PHE91,N,51.31,19.598,-7.513
Phase Boundary,YELLOW,4.211,3.743,False,A,GLY90,N,53.384,21.046,-9.093,A,LEU112,O,54.323,19.406,-12.324
Bound Backbone,BLUE,11.964,2.248,False,A,GLY90,O,50.314,19.648,-9.528,A,PHE91,N,51.31,19.598,-7.513
Thermal Noise,RED,3.743,3.785,False,A,GLY90,O,50.314,19.648,-9.528,A,PHE91,O,47.733,19.782,-6.763
Bound Backbone,BLUE,5.816,2.986,False,A,GLY90,O,50.314,19.648,-9.528,A,THR92,N,49.063,21.438,-7.491
Phase Boundary,YELLOW,5.199,2.795,False,A,GLY90,O,50.314,19.648,-9.528,A,THR93,N,48.014,21.177,-9.959
Phase Boundary,YELLOW,4.559,3.46,False,A,GLY90,O,50.314,19.648,-9.528,A,THR93,OG1,49.524,21.771,-12.143
Phase Boundary,YELLOW,4.185,3.114,False,A,GLY90,O,50.314,19.648,-9.528,A,THR94,N,47.459,18.495,-9.996
Phase Boundary,YELLOW,4.745,2.904,False,A,PHE91,N,51.31,19.598,-7.513,A,THR92,N,49.063,21.438,-7.491
Bound Backbone,BLUE,8.47,2.245,False,A,PHE91,O,47.733,19.782,-6.763,A,THR92,N,49.063,21.438,-7.491
Phase Boundary,YELLOW,4.124,3.53,False,A,PHE91,O,47.733,19.782,-6.763,A,THR92,O,45.985,21.741,-9.123
Phase Boundary,YELLOW,5.006,3.498,False,A,PHE91,O,47.733,19.782,-6.763,A,THR93,N,48.014,21.177,-9.959
Phase Boundary,YELLOW,5.078,3.491,False,A,PHE91,O,47.733,19.782,-6.763,A,THR94,N,47.459,18.495,-9.996
Phase Boundary,YELLOW,4.386,3.22,False,A,PHE91,O,47.733,19.782,-6.763,A,LEU95,N,45.382,18.162,-8.251
Bound Backbone,BLUE,8.456,2.694,False,A,THR92,N,49.063,21.438,-7.491,A,THR93,N,48.014,21.177,-9.959
Bound Backbone,BLUE,8.471,2.266,False,A,THR92,O,45.985,21.741,-9.123,A,THR93,N,48.014,21.177,-9.959
Thermal Noise,RED,3.078,3.67,False,A,THR92,O,45.985,21.741,-9.123,A,THR94,N,47.459,18.495,-9.996
Thermal Noise,RED,2.972,3.733,False,A,THR92,O,45.985,21.741,-9.123,A,LEU95,N,45.382,18.162,-8.251
Thermal Noise,RED,3.683,3.309,False,A,THR92,O,45.985,21.741,-9.123,A,TYR96,N,43.41,19.695,-9.488
Phase Boundary,YELLOW,4.616,3.005,False,A,THR92,OG1,49.342,23.761,-9.19,A,THR93,N,48.014,21.177,-9.959
Phase Boundary,YELLOW,4.522,3.566,False,A,THR92,OG1,49.342,23.761,-9.19,A,THR93,OG1,49.524,21.771,-12.143
Bound Backbone,BLUE,5.335,2.739,False,A,THR93,N,48.014,21.177,-9.959,A,THR94,N,47.459,18.495,-9.996
Bound Backbone,BLUE,11.674,2.247,False,A,THR93,O,46.331,18.661,-11.932,A,THR94,N,47.459,18.495,-9.996
Thermal Noise,RED,3.372,3.923,False,A,THR93,O,46.331,18.661,-11.932,A,THR94,O,44.86,16.201,-9.254
Phase Boundary,YELLOW,4.32,3.834,False,A,THR93,O,46.331,18.661,-11.932,A,LEU95,N,45.382,18.162,-8.251
Thermal Noise,RED,3.197,3.946,False,A,THR93,O,46.331,18.661,-11.932,A,TYR96,N,43.41,19.695,-9.488
Thermal Noise,RED,3.77,3.262,False,A,THR93,O,46.331,18.661,-11.932,A,THR97,N,43.099,18.264,-11.743
Bound Backbone,BLUE,7.528,2.651,False,A,THR93,O,46.331,18.661,-11.932,A,THR97,OG1,45.042,17.314,-13.816
Bound Backbone,BLUE,6.747,2.733,False,A,THR94,N,47.459,18.495,-9.996,A,LEU95,N,45.382,18.162,-8.251
Bound Backbone,BLUE,8.786,2.264,False,A,THR94,O,44.86,16.201,-9.254,A,LEU95,N,45.382,18.162,-8.251
Thermal Noise,RED,2.837,3.807,False,A,THR94,O,44.86,16.201,-9.254,A,LEU95,O,41.863,18.412,-8.463
Thermal Noise,RED,2.793,3.79,False,A,THR94,O,44.86,16.201,-9.254,A,TYR96,N,43.41,19.695,-9.488
Thermal Noise,RED,3.812,3.681,False,A,THR94,O,44.86,16.201,-9.254,A,THR97,N,43.099,18.264,-11.743
Phase Boundary,YELLOW,4.813,3.081,False,A,THR94,O,44.86,16.201,-9.254,A,SER98,N,42.182,15.746,-10.708
Phase Boundary,YELLOW,4.528,3.013,False,A,THR94,O,44.86,16.201,-9.254,A,SER98,OG,43.116,13.824,-8.631
Thermal Noise,RED,2.669,3.887,False,A,THR94,OG1,47.626,15.017,-8.678,A,LEU95,N,45.382,18.162,-8.251
Thermal Noise,RED,3.677,3.404,False,A,THR94,OG1,47.626,15.017,-8.678,A,GLU113,OE1,50.845,15.228,-9.766
Phase Boundary,YELLOW,5.098,3.416,False,A,THR94,OG1,47.626,15.017,-8.678,A,CYS185,O,46.956,13.498,-11.663
Bound Backbone,BLUE,5.797,2.787,False,A,LEU95,N,45.382,18.162,-8.251,A,TYR96,N,43.41,19.695,-9.488
Bound Backbone,BLUE,8.895,2.256,False,A,LEU95,O,41.863,18.412,-8.463,A,TYR96,N,43.41,19.695,-9.488
Bound Backbone,BLUE,5.404,3.417,False,A,LEU95,O,41.863,18.412,-8.463,A,TYR96,O,40.912,18.859,-11.714
Phase Boundary,YELLOW,5.06,3.508,False,A,LEU95,O,41.863,18.412,-8.463,A,THR97,N,43.099,18.264,-11.743
Phase Boundary,YELLOW,4.123,3.5,False,A,LEU95,O,41.863,18.412,-8.463,A,SER98,N,42.182,15.746,-10.708
Phase Boundary,YELLOW,4.846,2.989,False,A,LEU95,O,41.863,18.412,-8.463,A,LEU99,N,39.783,16.552,-9.535
Bound Backbone,BLUE,8.013,2.689,False,A,TYR96,N,43.41,19.695,-9.488,A,THR97,N,43.099,18.264,-11.743
Bound Backbone,BLUE,7.79,2.267,False,A,TYR96,O,40.912,18.859,-11.714,A,THR97,N,43.099,18.264,-11.743
Thermal Noise,RED,3.385,3.525,False,A,TYR96,O,40.912,18.859,-11.714,A,THR97,O,41.189,15.489,-12.709
Thermal Noise,RED,3.419,3.509,False,A,TYR96,O,40.912,18.859,-11.714,A,SER98,N,42.182,15.746,-10.708
Phase Boundary,YELLOW,4.467,3.368,False,A,TYR96,O,40.912,18.859,-11.714,A,LEU99,N,39.783,16.552,-9.535
Phase Boundary,YELLOW,4.39,3.021,False,A,TYR96,O,40.912,18.859,-11.714,A,HIS100,N,38.379,17.217,-11.831
Bound Backbone,BLUE,5.554,2.778,False,A,TYR96,O,40.912,18.859,-11.714,A,HIS100,ND1,38.719,20.289,-12.644
Thermal Noise,RED,3.267,3.636,False,A,TYR96,OH,39.297,24.302,-14.559,A,HIS100,NE2,37.177,21.642,-13.273
Phase Boundary,YELLOW,5.25,2.873,False,A,THR97,N,43.099,18.264,-11.743,A,SER98,N,42.182,15.746,-10.708
Bound Backbone,BLUE,11.904,2.249,False,A,THR97,O,41.189,15.489,-12.709,A,SER98,N,42.182,15.746,-10.708
Phase Boundary,YELLOW,4.333,3.507,False,A,THR97,O,41.189,15.489,-12.709,A,SER98,O,38.954,14.545,-10.176
Phase Boundary,YELLOW,4.513,3.631,False,A,THR97,O,41.189,15.489,-12.709,A,LEU99,N,39.783,16.552,-9.535
Thermal Noise,RED,3.579,3.414,False,A,THR97,O,41.189,15.489,-12.709,A,HIS100,N,38.379,17.217,-11.831
Phase Boundary,YELLOW,4.92,2.895,False,A,THR97,O,41.189,15.489,-12.709,A,GLY101,N,38.443,14.825,-13.342
Bound Backbone,BLUE,6.175,3.09,False,A,THR97,O,41.189,15.489,-12.709,A,TYR102,N,40.314,14.191,-15.373
Bound Backbone,BLUE,6.172,3.18,False,A,THR97,O,41.189,15.489,-12.709,A,TYR102,O,41.95,16.287,-15.692
Thermal Noise,RED,2.713,3.848,False,A,THR97,O,41.189,15.489,-12.709,A,CYS185,SG,42.669,11.95,-12.401
Thermal Noise,RED,3.28,3.76,False,A,THR97,OG1,45.042,17.314,-13.816,A,TYR102,O,41.95,16.287,-15.692
Phase Boundary,YELLOW,4.138,3.367,False,A,THR97,OG1,45.042,17.314,-13.816,A,HOH965,O,45.266,20.181,-15.567
Bound Backbone,BLUE,5.722,2.789,False,A,SER98,N,42.182,15.746,-10.708,A,LEU99,N,39.783,16.552,-9.535
Bound Backbone,BLUE,8.205,2.264,False,A,SER98,O,38.954,14.545,-10.176,A,LEU99,N,39.783,16.552,-9.535
Thermal Noise,RED,3.291,3.507,False,A,SER98,O,38.954,14.545,-10.176,A,LEU99,O,36.472,16.978,-10.645
Phase Boundary,YELLOW,4.589,3.195,False,A,SER98,O,38.954,14.545,-10.176,A,HIS100,N,38.379,17.217,-11.831
Bound Backbone,BLUE,6.239,3.219,False,A,SER98,O,38.954,14.545,-10.176,A,GLY101,N,38.443,14.825,-13.342
Bound Backbone,BLUE,7.481,2.772,False,A,LEU99,N,39.783,16.552,-9.535,A,HIS100,N,38.379,17.217,-11.831
Bound Backbone,BLUE,9.224,2.258,False,A,LEU99,O,36.472,16.978,-10.645,A,HIS100,N,38.379,17.217,-11.831
Thermal Noise,RED,3.276,3.974,False,A,LEU99,O,36.472,16.978,-10.645,A,GLY101,N,38.443,14.825,-13.342
Bound Backbone,BLUE,5.904,2.83,False,A,HIS100,N,38.379,17.217,-11.831,A,GLY101,N,38.443,14.825,-13.342
Bound Backbone,BLUE,10.186,2.254,False,A,HIS100,O,37.019,15.669,-14.872,A,GLY101,N,38.443,14.825,-13.342
Thermal Noise,RED,3.047,3.646,False,A,HIS100,O,37.019,15.669,-14.872,A,TYR102,N,40.314,14.191,-15.373
Bound Backbone,BLUE,6.616,2.833,False,A,GLY101,N,38.443,14.825,-13.342,A,TYR102,N,40.314,14.191,-15.373
Bound Backbone,BLUE,7.941,2.253,False,A,GLY101,O,39.477,12.113,-15.612,A,TYR102,N,40.314,14.191,-15.373
Thermal Noise,RED,3.478,3.678,False,A,TYR102,N,40.314,14.191,-15.373,A,PHE103,N,43.221,15.35,-17.305
Bound Backbone,BLUE,10.407,2.257,False,A,TYR102,O,41.95,16.287,-15.692,A,PHE103,N,43.221,15.35,-17.305
Bound Backbone,BLUE,5.426,3.06,False,A,TYR102,O,41.95,16.287,-15.692,A,VAL104,N,42.725,18.478,-17.682
Thermal Noise,RED,3.969,3.189,False,A,PHE103,N,43.221,15.35,-17.305,A,VAL104,N,42.725,18.478,-17.682
Bound Backbone,BLUE,11.26,2.251,False,A,PHE103,O,43.719,17.646,-19.522,A,VAL104,N,42.725,18.478,-17.682
Thermal Noise,RED,3.505,3.422,False,A,PHE103,O,43.719,17.646,-19.522,A,VAL104,O,42.858,20.886,-20.207
Thermal Noise,RED,3.592,3.456,False,A,PHE103,O,43.719,17.646,-19.522,A,PHE105,N,44.145,20.873,-18.361
Phase Boundary,YELLOW,4.743,2.967,False,A,PHE103,O,43.719,17.646,-19.522,A,GLY106,N,45.604,19.802,-20.299
Phase Boundary,YELLOW,5.047,2.866,False,A,VAL104,N,42.725,18.478,-17.682,A,PHE105,N,44.145,20.873,-18.361
Thermal Noise,RED,3.489,3.719,False,A,VAL104,N,42.725,18.478,-17.682,A,HOH965,O,45.266,20.181,-15.567
Bound Backbone,BLUE,11.286,2.25,False,A,VAL104,O,42.858,20.886,-20.207,A,PHE105,N,44.145,20.873,-18.361
Phase Boundary,YELLOW,4.59,2.954,False,A,VAL104,O,42.858,20.886,-20.207,A,GLY106,N,45.604,19.802,-20.299
Bound Backbone,BLUE,7.626,2.652,False,A,PHE105,N,44.145,20.873,-18.361,A,GLY106,N,45.604,19.802,-20.299
Bound Backbone,BLUE,6.378,3.089,False,A,PHE105,N,44.145,20.873,-18.361,A,HOH965,O,45.266,20.181,-15.567
Bound Backbone,BLUE,7.852,2.258,False,A,PHE105,O,47.133,21.463,-20.296,A,GLY106,N,45.604,19.802,-20.299
Thermal Noise,RED,3.881,3.243,False,A,PHE105,O,47.133,21.463,-20.296,A,GLY106,O,48.094,18.419,-19.725
Thermal Noise,RED,3.074,3.81,False,A,PHE105,O,47.133,21.463,-20.296,A,PRO107,N,48.567,18.326,-21.914
Thermal Noise,RED,2.657,3.905,False,A,PHE105,O,47.133,21.463,-20.296,A,THR108,N,50.718,20.014,-20.838
Thermal Noise,RED,3.279,3.51,False,A,PHE105,O,47.133,21.463,-20.296,A,THR108,OG1,50.304,22.907,-19.875
Thermal Noise,RED,3.966,3.478,False,A,PHE105,O,47.133,21.463,-20.296,A,GLY109,N,49.79,20.339,-18.354
Thermal Noise,RED,3.311,3.683,False,A,GLY106,N,45.604,19.802,-20.299,A,PRO107,N,48.567,18.326,-21.914
Bound Backbone,BLUE,12.8,2.241,False,A,GLY106,O,48.094,18.419,-19.725,A,PRO107,N,48.567,18.326,-21.914
Thermal Noise,RED,2.929,3.723,False,A,GLY106,O,48.094,18.419,-19.725,A,PRO107,O,51.76,18.091,-20.286
Thermal Noise,RED,4.029,3.266,False,A,GLY106,O,48.094,18.419,-19.725,A,THR108,N,50.718,20.014,-20.838
Bound Backbone,BLUE,5.412,2.906,False,A,GLY106,O,48.094,18.419,-19.725,A,GLY109,N,49.79,20.339,-18.354
Bound Backbone,BLUE,5.819,3.02,False,A,GLY106,O,48.094,18.419,-19.725,A,CYS110,N,50.128,17.863,-17.563
Phase Boundary,YELLOW,5.031,2.938,False,A,PRO107,N,48.567,18.326,-21.914,A,THR108,N,50.718,20.014,-20.838
Bound Backbone,BLUE,8.165,2.256,False,A,PRO107,O,51.76,18.091,-20.286,A,THR108,N,50.718,20.014,-20.838
Phase Boundary,YELLOW,4.086,3.639,False,A,PRO107,O,51.76,18.091,-20.286,A,THR108,O,51.909,20.52,-17.581
Thermal Noise,RED,3.752,3.559,False,A,PRO107,O,51.76,18.091,-20.286,A,GLY109,N,49.79,20.339,-18.354
Bound Backbone,BLUE,5.791,3.183,False,A,PRO107,O,51.76,18.091,-20.286,A,CYS110,N,50.128,17.863,-17.563
Bound Backbone,BLUE,8.011,2.772,False,A,PRO107,O,51.76,18.091,-20.286,A,ASN111,N,52.775,17.7,-17.736
Phase Boundary,YELLOW,5.045,2.891,False,A,PRO107,O,51.76,18.091,-20.286,A,ASN111,ND2,54.43,18.816,-21.124
Thermal Noise,RED,2.813,3.774,False,A,PRO107,O,51.76,18.091,-20.286,A,ASN111,OD1,55.389,17.069,-20.111
Bound Backbone,BLUE,8.692,2.672,False,A,THR108,N,50.718,20.014,-20.838,A,GLY109,N,49.79,20.339,-18.354
Thermal Noise,RED,3.657,3.962,False,A,THR108,N,50.718,20.014,-20.838,A,CYS110,N,50.128,17.863,-17.563
Thermal Noise,RED,2.625,3.911,False,A,THR108,N,50.718,20.014,-20.838,A,ASN111,ND2,54.43,18.816,-21.124
Bound Backbone,BLUE,8.396,2.263,False,A,THR108,O,51.909,20.52,-17.581,A,GLY109,N,49.79,20.339,-18.354
Thermal Noise,RED,3.436,3.761,False,A,THR108,O,51.909,20.52,-17.581,A,GLY109,O,49.744,18.356,-15.395
Thermal Noise,RED,3.911,3.199,False,A,THR108,O,51.909,20.52,-17.581,A,CYS110,N,50.128,17.863,-17.563
Phase Boundary,YELLOW,4.594,2.954,False,A,THR108,O,51.909,20.52,-17.581,A,ASN111,N,52.775,17.7,-17.736
Bound Backbone,BLUE,7.217,2.667,False,A,THR108,O,51.909,20.52,-17.581,A,LEU112,N,53.663,19.582,-15.805
Phase Boundary,YELLOW,5.064,3.029,False,A,THR108,OG1,50.304,22.907,-19.875,A,GLY109,N,49.79,20.339,-18.354
Bound Backbone,BLUE,6.163,2.621,False,A,GLY109,N,49.79,20.339,-18.354,A,CYS110,N,50.128,17.863,-17.563
Bound Backbone,BLUE,12.48,2.256,False,A,GLY109,O,49.744,18.356,-15.395,A,CYS110,N,50.128,17.863,-17.563
Thermal Noise,RED,2.677,3.925,False,A,GLY109,O,49.744,18.356,-15.395,A,CYS110,O,52.773,16.012,-16.251
Thermal Noise,RED,3.263,3.886,False,A,GLY109,O,49.744,18.356,-15.395,A,ASN111,N,52.775,17.7,-17.736
Thermal Noise,RED,3.951,3.467,False,A,GLY109,O,49.744,18.356,-15.395,A,GLU113,N,52.657,18.431,-13.516
Bound Backbone,BLUE,5.681,2.658,False,A,CYS110,N,50.128,17.863,-17.563,A,ASN111,N,52.775,17.7,-17.736
Bound Backbone,BLUE,10.116,2.248,False,A,CYS110,O,52.773,16.012,-16.251,A,ASN111,N,52.775,17.7,-17.736
Thermal Noise,RED,3.247,3.551,False,A,CYS110,O,52.773,16.012,-16.251,A,ASN111,O,55.449,18.246,-15.572
Thermal Noise,RED,2.94,3.706,False,A,CYS110,O,52.773,16.012,-16.251,A,LEU112,N,53.663,19.582,-15.805
Thermal Noise,RED,4.069,3.653,False,A,CYS110,O,52.773,16.012,-16.251,A,GLU113,N,52.657,18.431,-13.516
Bound Backbone,BLUE,7.169,2.939,False,A,CYS110,O,52.773,16.012,-16.251,A,GLY114,N,53.868,15.886,-13.527
Thermal Noise,RED,3.092,3.613,False,A,CYS110,O,52.773,16.012,-16.251,A,CYS187,SG,50.403,13.317,-16.665
Phase Boundary,YELLOW,4.611,3.29,False,A,CYS110,SG,51.219,14.009,-18.386,A,TYR178,O,53.486,12.792,-20.436
Thermal Noise,RED,2.618,3.952,False,A,CYS110,SG,51.219,14.009,-18.386,A,ILE179,N,53.629,10.963,-19.114
Thermal Noise,RED,2.608,3.917,False,A,CYS110,SG,51.219,14.009,-18.386,A,PRO180,N,50.164,10.237,-18.454
Bound Backbone,BLUE,14.218,2.026,False,A,CYS110,SG,51.219,14.009,-18.386,A,CYS187,SG,50.403,13.317,-16.665
Bound Backbone,BLUE,6.428,2.839,False,A,ASN111,N,52.775,17.7,-17.736,A,LEU112,N,53.663,19.582,-15.805
Bound Backbone,BLUE,8.013,2.243,False,A,ASN111,O,55.449,18.246,-15.572,A,LEU112,N,53.663,19.582,-15.805
Phase Boundary,YELLOW,4.591,3.628,False,A,ASN111,O,55.449,18.246,-15.572,A,LEU112,O,54.323,19.406,-12.324
Thermal Noise,RED,4.06,3.472,False,A,ASN111,O,55.449,18.246,-15.572,A,GLU113,N,52.657,18.431,-13.516
Thermal Noise,RED,3.976,3.5,False,A,ASN111,O,55.449,18.246,-15.572,A,GLY114,N,53.868,15.886,-13.527
Bound Backbone,BLUE,7.154,2.678,False,A,ASN111,O,55.449,18.246,-15.572,A,PHE115,N,56.584,16.602,-13.788
Bound Backbone,BLUE,7.607,2.753,False,A,LEU112,N,53.663,19.582,-15.805,A,GLU113,N,52.657,18.431,-13.516
Bound Backbone,BLUE,9.141,2.269,False,A,LEU112,O,54.323,19.406,-12.324,A,GLU113,N,52.657,18.431,-13.516
Thermal Noise,RED,3.143,3.66,False,A,LEU112,O,54.323,19.406,-12.324,A,GLU113,O,53.709,15.953,-11.276
Thermal Noise,RED,3.036,3.748,False,A,LEU112,O,54.323,19.406,-12.324,A,GLY114,N,53.868,15.886,-13.527
Thermal Noise,RED,2.886,3.888,False,A,LEU112,O,54.323,19.406,-12.324,A,PHE115,N,56.584,16.602,-13.788
Thermal Noise,RED,3.806,3.303,False,A,LEU112,O,54.323,19.406,-12.324,A,PHE116,N,57.34,18.327,-11.521
Phase Boundary,YELLOW,5.038,2.818,False,A,GLU113,N,52.657,18.431,-13.516,A,GLY114,N,53.868,15.886,-13.527
Bound Backbone,BLUE,12.82,2.258,False,A,GLU113,O,53.709,15.953,-11.276,A,GLY114,N,53.868,15.886,-13.527
Thermal Noise,RED,2.948,3.817,False,A,GLU113,O,53.709,15.953,-11.276,A,GLY114,O,57.091,14.748,-12.573
Thermal Noise,RED,3.383,3.873,False,A,GLU113,O,53.709,15.953,-11.276,A,PHE115,N,56.584,16.602,-13.788
Thermal Noise,RED,3.223,3.755,False,A,GLU113,O,53.709,15.953,-11.276,A,ALA117,N,57.014,16.374,-9.545
Phase Boundary,YELLOW,4.446,3.217,False,A,GLU113,OE1,50.845,15.228,-9.766,A,LYS296,NZ,51.283,12.449,-8.206
Thermal Noise,RED,3.393,3.699,False,A,GLU113,OE2,51.173,14.16,-11.673,A,GLY114,N,53.868,15.886,-13.527
Thermal Noise,RED,2.664,3.898,False,A,GLU113,OE2,51.173,14.16,-11.673,A,SER186,OG,50.938,10.304,-11.153
Bound Backbone,BLUE,6.458,2.794,False,A,GLU113,OE2,51.173,14.16,-11.673,A,CYS187,N,51.059,12.013,-13.457
Thermal Noise,RED,3.004,3.897,False,A,GLU113,OE2,51.173,14.16,-11.673,A,CYS187,O,53.918,12.083,-13.499
Thermal Noise,RED,4.043,3.868,False,A,GLU113,OE2,51.173,14.16,-11.673,A,LYS296,NZ,51.283,12.449,-8.206
Phase Boundary,YELLOW,5.057,2.821,False,A,GLY114,N,53.868,15.886,-13.527,A,PHE115,N,56.584,16.602,-13.788
Thermal Noise,RED,2.767,3.803,False,A,GLY114,N,53.868,15.886,-13.527,A,CYS187,O,53.918,12.083,-13.499
Bound Backbone,BLUE,9.146,2.274,False,A,GLY114,O,57.091,14.748,-12.573,A,PHE115,N,56.584,16.602,-13.788
Thermal Noise,RED,3.762,3.339,False,A,GLY114,O,57.091,14.748,-12.573,A,PHE115,O,59.233,17.14,-11.658
Thermal Noise,RED,3.007,3.739,False,A,GLY114,O,57.091,14.748,-12.573,A,PHE116,N,57.34,18.327,-11.521
Phase Boundary,YELLOW,5.058,3.438,False,A,GLY114,O,57.091,14.748,-12.573,A,ALA117,N,57.014,16.374,-9.545
Bound Backbone,BLUE,5.744,3.172,False,A,GLY114,O,57.091,14.748,-12.573,A,THR118,N,58.819,14.526,-9.922
Bound Backbone,BLUE,5.278,2.763,False,A,GLY114,O,57.091,14.748,-12.573,A,THR118,OG1,59.217,13.007,-12.282
Bound Backbone,BLUE,6.342,2.947,False,A,PHE115,N,56.584,16.602,-13.788,A,PHE116,N,57.34,18.327,-11.521
Bound Backbone,BLUE,8.005,2.239,False,A,PHE115,O,59.233,17.14,-11.658,A,PHE116,N,57.34,18.327,-11.521
Phase Boundary,YELLOW,5.155,3.158,False,A,PHE115,O,59.233,17.14,-11.658,A,ALA117,N,57.014,16.374,-9.545
Phase Boundary,YELLOW,4.76,3.165,False,A,PHE115,O,59.233,17.14,-11.658,A,THR118,N,58.819,14.526,-9.922
Bound Backbone,BLUE,6.431,2.776,False,A,PHE115,O,59.233,17.14,-11.658,A,LEU119,N,61.134,16.04,-9.961
Bound Backbone,BLUE,6.738,2.797,False,A,PHE116,N,57.34,18.327,-11.521,A,ALA117,N,57.014,16.374,-9.545
Bound Backbone,BLUE,10.579,2.241,False,A,PHE116,O,57.712,17.771,-7.938,A,ALA117,N,57.014,16.374,-9.545
Thermal Noise,RED,2.958,3.961,False,A,PHE116,O,57.712,17.771,-7.938,A,THR118,N,58.819,14.526,-9.922
Thermal Noise,RED,3.341,3.499,False,A,PHE116,O,57.712,17.771,-7.938,A,GLY120,N,61.048,16.943,-7.282
Bound Backbone,BLUE,5.95,2.611,False,A,ALA117,N,57.014,16.374,-9.545,A,THR118,N,58.819,14.526,-9.922
Bound Backbone,BLUE,12.225,2.262,False,A,ALA117,O,58.648,13.78,-7.793,A,THR118,N,58.819,14.526,-9.922
Thermal Noise,RED,3.216,3.635,False,A,ALA117,O,58.648,13.78,-7.793,A,THR118,O,62.067,14.271,-8.924
Thermal Noise,RED,2.971,3.999,False,A,ALA117,O,58.648,13.78,-7.793,A,LEU119,N,61.134,16.04,-9.961
Phase Boundary,YELLOW,4.62,3.213,False,A,ALA117,O,58.648,13.78,-7.793,A,GLY121,N,61.244,14.466,-6.028
Phase Boundary,YELLOW,5.23,2.766,False,A,THR118,N,58.819,14.526,-9.922,A,LEU119,N,61.134,16.04,-9.961
Bound Backbone,BLUE,8.949,2.253,False,A,THR118,O,62.067,14.271,-8.924,A,LEU119,N,61.134,16.04,-9.961
Phase Boundary,YELLOW,4.484,3.194,False,A,THR118,O,62.067,14.271,-8.924,A,LEU119,O,63.288,16.804,-7.409
Phase Boundary,YELLOW,4.261,3.298,False,A,THR118,O,62.067,14.271,-8.924,A,GLY120,N,61.048,16.943,-7.282
Bound Backbone,BLUE,6.975,3.017,False,A,THR118,O,62.067,14.271,-8.924,A,GLY121,N,61.244,14.466,-6.028
Bound Backbone,BLUE,7.109,2.781,False,A,THR118,O,62.067,14.271,-8.924,A,GLU122,N,63.717,13.584,-6.794
Phase Boundary,YELLOW,4.725,3.511,False,A,THR118,OG1,59.217,13.007,-12.282,A,TYR178,OH,60.129,14.641,-15.253
Bound Backbone,BLUE,7.859,2.828,False,A,LEU119,N,61.134,16.04,-9.961,A,GLY120,N,61.048,16.943,-7.282
Bound Backbone,BLUE,7.936,2.248,False,A,LEU119,O,63.288,16.804,-7.409,A,GLY120,N,61.048,16.943,-7.282
Phase Boundary,YELLOW,4.421,3.668,False,A,LEU119,O,63.288,16.804,-7.409,A,GLY120,O,62.109,15.47,-4.202
Thermal Noise,RED,3.829,3.399,False,A,LEU119,O,63.288,16.804,-7.409,A,GLY121,N,61.244,14.466,-6.028
Thermal Noise,RED,3.742,3.306,False,A,LEU119,O,63.288,16.804,-7.409,A,GLU122,N,63.717,13.584,-6.794
Bound Backbone,BLUE,6.422,2.713,False,A,LEU119,O,63.288,16.804,-7.409,A,ILE123,N,65.328,15.753,-5.962
Bound Backbone,BLUE,5.834,2.783,False,A,GLY120,N,61.048,16.943,-7.282,A,GLY121,N,61.244,14.466,-6.028
Bound Backbone,BLUE,11.139,2.256,False,A,GLY120,O,62.109,15.47,-4.202,A,GLY121,N,61.244,14.466,-6.028
Thermal Noise,RED,3.146,3.607,False,A,GLY120,O,62.109,15.47,-4.202,A,GLY121,O,63.818,12.368,-4.888
Phase Boundary,YELLOW,4.146,3.586,False,A,GLY120,O,62.109,15.47,-4.202,A,GLU122,N,63.717,13.584,-6.794
Thermal Noise,RED,3.386,3.68,False,A,GLY120,O,62.109,15.47,-4.202,A,ILE123,N,65.328,15.753,-5.962
Thermal Noise,RED,3.793,3.298,False,A,GLY120,O,62.109,15.47,-4.202,A,ALA124,N,65.311,15.164,-3.473
Bound Backbone,BLUE,6.72,3.076,False,A,GLY120,O,62.109,15.47,-4.202,A,HOH971,O,61.524,16.074,-1.243
Bound Backbone,BLUE,5.617,2.735,False,A,GLY121,N,61.244,14.466,-6.028,A,GLU122,N,63.717,13.584,-6.794
Bound Backbone,BLUE,11.341,2.263,False,A,GLY121,O,63.818,12.368,-4.888,A,GLU122,N,63.717,13.584,-6.794
Thermal Noise,RED,2.82,3.859,False,A,GLY121,O,63.818,12.368,-4.888,A,ILE123,N,65.328,15.753,-5.962
Thermal Noise,RED,3.673,3.471,False,A,GLY121,O,63.818,12.368,-4.888,A,ALA124,N,65.311,15.164,-3.473
Phase Boundary,YELLOW,5.228,3.0,False,A,GLY121,O,63.818,12.368,-4.888,A,LEU125,N,66.37,12.4,-3.311
Bound Backbone,BLUE,5.283,2.827,False,A,GLU122,N,63.717,13.584,-6.794,A,ILE123,N,65.328,15.753,-5.962
Bound Backbone,BLUE,7.919,2.248,False,A,GLU122,O,67.115,14.389,-5.98,A,ILE123,N,65.328,15.753,-5.962
Phase Boundary,YELLOW,5.036,3.386,False,A,GLU122,O,67.115,14.389,-5.98,A,ILE123,O,67.264,16.25,-3.155
Bound Backbone,BLUE,5.503,3.184,False,A,GLU122,O,67.115,14.389,-5.98,A,ALA124,N,65.311,15.164,-3.473
Phase Boundary,YELLOW,4.78,3.411,False,A,GLU122,O,67.115,14.389,-5.98,A,LEU125,N,66.37,12.4,-3.311
Phase Boundary,YELLOW,5.001,3.087,False,A,GLU122,O,67.115,14.389,-5.98,A,TRP126,N,69.131,12.774,-4.29
Phase Boundary,YELLOW,4.531,3.01,False,A,GLU122,OE1,66.927,11.424,-9.33,A,TRP126,NE1,69.671,12.504,-8.728
Thermal Noise,RED,2.743,3.821,False,A,GLU122,OE1,66.927,11.424,-9.33,A,HIS211,O,67.112,7.609,-9.429
Bound Backbone,BLUE,5.532,3.16,False,A,GLU122,OE1,66.927,11.424,-9.33,A,HIS211,ND1,68.931,11.467,-11.773
Thermal Noise,RED,3.574,3.356,False,A,GLU122,OE2,65.078,10.259,-9.111,A,HIS211,O,67.112,7.609,-9.429
Bound Backbone,BLUE,9.803,2.558,False,A,ILE123,N,65.328,15.753,-5.962,A,ALA124,N,65.311,15.164,-3.473
Bound Backbone,BLUE,7.954,2.257,False,A,ILE123,O,67.264,16.25,-3.155,A,ALA124,N,65.311,15.164,-3.473
Thermal Noise,RED,4.071,3.363,False,A,ILE123,O,67.264,16.25,-3.155,A,ALA124,O,67.384,13.313,-1.522
Thermal Noise,RED,2.56,3.956,False,A,ILE123,O,67.264,16.25,-3.155,A,LEU125,N,66.37,12.4,-3.311
Thermal Noise,RED,3.941,3.24,False,A,ILE123,O,67.264,16.25,-3.155,A,SER127,N,69.991,14.667,-2.412
Bound Backbone,BLUE,7.015,2.696,False,A,ILE123,O,67.264,16.25,-3.155,A,SER127,OG,68.983,17.338,-1.386
Phase Boundary,YELLOW,4.563,2.964,False,A,ALA124,N,65.311,15.164,-3.473,A,LEU125,N,66.37,12.4,-3.311
Bound Backbone,BLUE,11.086,2.25,False,A,ALA124,O,67.384,13.313,-1.522,A,LEU125,N,66.37,12.4,-3.311
Phase Boundary,YELLOW,4.136,3.233,False,A,ALA124,O,67.384,13.313,-1.522,A,LEU125,O,69.626,11.286,-2.669
Phase Boundary,YELLOW,5.248,3.317,False,A,ALA124,O,67.384,13.313,-1.522,A,TRP126,N,69.131,12.774,-4.29
Phase Boundary,YELLOW,4.475,3.07,False,A,ALA124,O,67.384,13.313,-1.522,A,SER127,N,69.991,14.667,-2.412
Phase Boundary,YELLOW,4.64,3.087,False,A,ALA124,O,67.384,13.313,-1.522,A,LEU128,N,70.195,13.069,-0.27
Phase Boundary,YELLOW,4.91,2.953,False,A,LEU125,N,66.37,12.4,-3.311,A,TRP126,N,69.131,12.774,-4.29
Bound Backbone,BLUE,10.454,2.255,False,A,LEU125,O,69.626,11.286,-2.669,A,TRP126,N,69.131,12.774,-4.29
Thermal Noise,RED,3.155,3.562,False,A,LEU125,O,69.626,11.286,-2.669,A,TRP126,O,72.073,13.874,-2.685
Thermal Noise,RED,3.453,3.41,False,A,LEU125,O,69.626,11.286,-2.669,A,SER127,N,69.991,14.667,-2.412
Bound Backbone,BLUE,6.033,3.043,False,A,LEU125,O,69.626,11.286,-2.669,A,LEU128,N,70.195,13.069,-0.27
Thermal Noise,RED,4.032,3.427,False,A,LEU125,O,69.626,11.286,-2.669,A,VAL129,N,72.477,11.77,-0.83
Bound Backbone,BLUE,6.556,2.802,False,A,TRP126,N,69.131,12.774,-4.29,A,SER127,N,69.991,14.667,-2.412
Bound Backbone,BLUE,8.018,2.245,False,A,TRP126,O,72.073,13.874,-2.685,A,SER127,N,69.991,14.667,-2.412
Phase Boundary,YELLOW,5.17,3.521,False,A,TRP126,O,72.073,13.874,-2.685,A,SER127,O,71.582,14.529,0.74
Bound Backbone,BLUE,5.482,3.163,False,A,TRP126,O,72.073,13.874,-2.685,A,LEU128,N,70.195,13.069,-0.27
Bound Backbone,BLUE,6.342,2.834,False,A,TRP126,O,72.073,13.874,-2.685,A,VAL129,N,72.477,11.77,-0.83
Bound Backbone,BLUE,5.503,3.011,False,A,TRP126,O,72.073,13.874,-2.685,A,VAL130,N,74.427,13.753,-0.812
Bound Backbone,BLUE,5.756,3.098,False,A,TRP126,NE1,69.671,12.504,-8.728,A,MET163,O,69.399,14.45,-11.123
Bound Backbone,BLUE,5.663,3.301,False,A,TRP126,NE1,69.671,12.504,-8.728,A,HIS211,ND1,68.931,11.467,-11.773
Bound Backbone,BLUE,7.836,2.68,False,A,SER127,N,69.991,14.667,-2.412,A,LEU128,N,70.195,13.069,-0.27
Bound Backbone,BLUE,8.894,2.253,False,A,SER127,O,71.582,14.529,0.74,A,LEU128,N,70.195,13.069,-0.27
Thermal Noise,RED,2.761,3.828,False,A,SER127,O,71.582,14.529,0.74,A,LEU128,O,72.573,10.866,1.246
Phase Boundary,YELLOW,4.21,3.298,False,A,SER127,O,71.582,14.529,0.74,A,VAL129,N,72.477,11.77,-0.83
Phase Boundary,YELLOW,4.101,3.332,False,A,SER127,O,71.582,14.529,0.74,A,VAL130,N,74.427,13.753,-0.812
Phase Boundary,YELLOW,5.118,2.913,False,A,SER127,O,71.582,14.529,0.74,A,LEU131,N,74.273,14.203,1.808
Thermal Noise,RED,3.493,3.986,False,A,SER127,OG,68.983,17.338,-1.386,A,THR160,OG1,70.329,19.442,-4.492
Bound Backbone,BLUE,5.706,2.685,False,A,LEU128,N,70.195,13.069,-0.27,A,VAL129,N,72.477,11.77,-0.83
Bound Backbone,BLUE,11.952,2.266,False,A,LEU128,O,72.573,10.866,1.246,A,VAL129,N,72.477,11.77,-0.83
Thermal Noise,RED,3.016,3.791,False,A,LEU128,O,72.573,10.866,1.246,A,VAL129,O,75.863,12.157,-0.126
Thermal Noise,RED,2.83,3.787,False,A,LEU128,O,72.573,10.866,1.246,A,LEU131,N,74.273,14.203,1.808
Bound Backbone,BLUE,6.369,2.765,False,A,LEU128,O,72.573,10.866,1.246,A,ALA132,N,74.686,11.624,2.861
Phase Boundary,YELLOW,5.174,2.781,False,A,VAL129,N,72.477,11.77,-0.83,A,VAL130,N,74.427,13.753,-0.812
Bound Backbone,BLUE,8.343,2.254,False,A,VAL129,O,75.863,12.157,-0.126,A,VAL130,N,74.427,13.753,-0.812
Thermal Noise,RED,4.017,3.457,False,A,VAL129,O,75.863,12.157,-0.126,A,VAL130,O,76.401,14.97,1.81
Phase Boundary,YELLOW,4.7,3.233,False,A,VAL129,O,75.863,12.157,-0.126,A,LEU131,N,74.273,14.203,1.808
Bound Backbone,BLUE,5.804,3.254,False,A,VAL129,O,75.863,12.157,-0.126,A,ALA132,N,74.686,11.624,2.861
Bound Backbone,BLUE,7.106,2.852,False,A,VAL129,O,75.863,12.157,-0.126,A,ILE133,N,77.295,11.521,2.257
Bound Backbone,BLUE,9.121,2.663,False,A,VAL130,N,74.427,13.753,-0.812,A,LEU131,N,74.273,14.203,1.808
Bound Backbone,BLUE,7.822,2.262,False,A,VAL130,O,76.401,14.97,1.81,A,LEU131,N,74.273,14.203,1.808
Thermal Noise,RED,3.925,3.727,False,A,VAL130,O,76.401,14.97,1.81,A,LEU131,O,75.632,12.649,4.623
Thermal Noise,RED,2.747,3.904,False,A,VAL130,O,76.401,14.97,1.81,A,ALA132,N,74.686,11.624,2.861
Thermal Noise,RED,3.134,3.591,False,A,VAL130,O,76.401,14.97,1.81,A,ILE133,N,77.295,11.521,2.257
Bound Backbone,BLUE,6.121,2.86,False,A,VAL130,O,76.401,14.97,1.81,A,GLU134,N,78.288,13.79,3.606
Bound Backbone,BLUE,5.495,2.816,False,A,LEU131,N,74.273,14.203,1.808,A,ALA132,N,74.686,11.624,2.861
Bound Backbone,BLUE,11.025,2.247,False,A,LEU131,O,75.632,12.649,4.623,A,ALA132,N,74.686,11.624,2.861
Thermal Noise,RED,3.524,3.423,False,A,LEU131,O,75.632,12.649,4.623,A,ALA132,O,77.606,9.959,3.857
Bound Backbone,BLUE,5.689,3.104,False,A,LEU131,O,75.632,12.649,4.623,A,ILE133,N,77.295,11.521,2.257
Phase Boundary,YELLOW,4.56,3.064,False,A,LEU131,O,75.632,12.649,4.623,A,GLU134,N,78.288,13.79,3.606
Bound Backbone,BLUE,6.649,2.69,False,A,LEU131,O,75.632,12.649,4.623,A,ARG135,N,77.849,12.798,6.139
Bound Backbone,BLUE,5.752,2.68,False,A,ALA132,N,74.686,11.624,2.861,A,ILE133,N,77.295,11.521,2.257
Bound Backbone,BLUE,10.362,2.258,False,A,ALA132,O,77.606,9.959,3.857,A,ILE133,N,77.295,11.521,2.257
Thermal Noise,RED,3.49,3.394,False,A,ALA132,O,77.606,9.959,3.857,A,ILE133,O,79.964,12.383,4.144
Thermal Noise,RED,2.639,3.899,False,A,ALA132,O,77.606,9.959,3.857,A,GLU134,N,78.288,13.79,3.606
Thermal Noise,RED,3.75,3.651,False,A,ALA132,O,77.606,9.959,3.857,A,ARG135,N,77.849,12.798,6.139
Phase Boundary,YELLOW,4.852,3.328,False,A,ALA132,O,77.606,9.959,3.857,A,TYR136,N,79.76,10.644,6.3
Bound Backbone,BLUE,6.124,2.57,False,A,ALA132,O,77.606,9.959,3.857,A,CYS222,SG,78.028,7.446,4.194
Bound Backbone,BLUE,5.764,2.82,False,A,ILE133,N,77.295,11.521,2.257,A,GLU134,N,78.288,13.79,3.606
Bound Backbone,BLUE,8.167,2.253,False,A,ILE133,O,79.964,12.383,4.144,A,GLU134,N,78.288,13.79,3.606
Bound Backbone,BLUE,5.637,3.197,False,A,ILE133,O,79.964,12.383,4.144,A,GLU134,O,79.538,14.109,6.801
Bound Backbone,BLUE,6.002,2.937,False,A,ILE133,O,79.964,12.383,4.144,A,ARG135,N,77.849,12.798,6.139
Bound Backbone,BLUE,7.177,2.777,False,A,ILE133,O,79.964,12.383,4.144,A,TYR136,N,79.76,10.644,6.3
Bound Backbone,BLUE,5.282,3.05,False,A,ILE133,O,79.964,12.383,4.144,A,VAL137,N,82.386,12.053,5.968
Bound Backbone,BLUE,8.105,2.756,False,A,GLU134,N,78.288,13.79,3.606,A,ARG135,N,77.849,12.798,6.139
Bound Backbone,BLUE,8.433,2.238,False,A,GLU134,O,79.538,14.109,6.801,A,ARG135,N,77.849,12.798,6.139
Phase Boundary,YELLOW,5.009,3.05,False,A,GLU134,O,79.538,14.109,6.801,A,ARG135,O,80.076,11.538,8.351
Thermal Noise,RED,3.294,3.508,False,A,GLU134,O,79.538,14.109,6.801,A,TYR136,N,79.76,10.644,6.3
Thermal Noise,RED,3.175,3.61,False,A,GLU134,O,79.538,14.109,6.801,A,VAL137,N,82.386,12.053,5.968
Thermal Noise,RED,3.878,3.445,False,A,GLU134,O,79.538,14.109,6.801,A,VAL138,N,82.422,13.244,8.476
Phase Boundary,YELLOW,4.559,3.19,False,A,GLU134,OE1,76.876,15.383,7.735,A,ARG135,N,77.849,12.798,6.139
Thermal Noise,RED,3.265,3.812,False,A,GLU134,OE1,76.876,15.383,7.735,A,ARG135,NE,75.872,12.335,9.792
Bound Backbone,BLUE,8.987,2.625,False,A,GLU134,OE1,76.876,15.383,7.735,A,ARG135,NH1,76.335,14.567,10.171
Thermal Noise,RED,3.526,3.747,False,A,GLU134,OE2,76.447,17.534,7.886,A,ARG135,NH1,76.335,14.567,10.171
Phase Boundary,YELLOW,4.821,2.884,False,A,ARG135,N,77.849,12.798,6.139,A,TYR136,N,79.76,10.644,6.3
Bound Backbone,BLUE,11.948,2.26,False,A,ARG135,O,80.076,11.538,8.351,A,TYR136,N,79.76,10.644,6.3
Phase Boundary,YELLOW,4.928,2.888,False,A,ARG135,O,80.076,11.538,8.351,A,TYR136,O,82.782,10.723,7.757
Phase Boundary,YELLOW,4.685,3.359,False,A,ARG135,O,80.076,11.538,8.351,A,VAL137,N,82.386,12.053,5.968
Phase Boundary,YELLOW,4.753,2.903,False,A,ARG135,O,80.076,11.538,8.351,A,VAL138,N,82.422,13.244,8.476
Bound Backbone,BLUE,7.169,2.8,False,A,ARG135,O,80.076,11.538,8.351,A,VAL139,N,81.76,11.379,10.582
Thermal Noise,RED,3.455,3.921,False,A,ARG135,NE,75.872,12.335,9.792,A,THR251,N,73.215,11.698,12.604
Bound Backbone,BLUE,6.412,2.977,False,A,ARG135,NE,75.872,12.335,9.792,A,THR251,OG1,75.797,10.602,12.212
Bound Backbone,BLUE,5.418,3.214,False,A,ARG135,NH1,76.335,14.567,10.171,A,GLU247,OE1,78.061,15.507,12.714
Bound Backbone,BLUE,6.447,3.003,False,A,ARG135,NH2,76.614,13.037,11.86,A,GLU247,O,75.145,12.368,14.392
Phase Boundary,YELLOW,4.718,2.987,False,A,ARG135,NH2,76.614,13.037,11.86,A,GLU247,OE1,78.061,15.507,12.714
Thermal Noise,RED,2.952,3.728,False,A,ARG135,NH2,76.614,13.037,11.86,A,THR251,N,73.215,11.698,12.604
Bound Backbone,BLUE,6.025,2.592,False,A,ARG135,NH2,76.614,13.037,11.86,A,THR251,OG1,75.797,10.602,12.212
Phase Boundary,YELLOW,4.486,2.999,False,A,TYR136,N,79.76,10.644,6.3,A,VAL137,N,82.386,12.053,5.968
Bound Backbone,BLUE,10.909,2.264,False,A,TYR136,O,82.782,10.723,7.757,A,VAL137,N,82.386,12.053,5.968
Thermal Noise,RED,2.809,3.789,False,A,TYR136,O,82.782,10.723,7.757,A,VAL137,O,84.485,14.082,8.176
Bound Backbone,BLUE,5.984,2.646,False,A,TYR136,O,82.782,10.723,7.757,A,VAL138,N,82.422,13.244,8.476
Bound Backbone,BLUE,6.506,3.075,False,A,TYR136,O,82.782,10.723,7.757,A,VAL139,N,81.76,11.379,10.582
Phase Boundary,YELLOW,4.96,3.29,False,A,TYR136,O,82.782,10.723,7.757,A,CYS140,N,82.928,8.488,10.167
Bound Backbone,BLUE,7.886,2.777,False,A,VAL137,N,82.386,12.053,5.968,A,VAL138,N,82.422,13.244,8.476
Bound Backbone,BLUE,8.018,2.247,False,A,VAL137,O,84.485,14.082,8.176,A,VAL138,N,82.422,13.244,8.476
Bound Backbone,BLUE,6.411,2.89,False,A,VAL138,N,82.422,13.244,8.476,A,VAL139,N,81.76,11.379,10.582
Bound Backbone,BLUE,9.362,2.248,False,A,VAL138,O,83.291,12.502,11.786,A,VAL139,N,81.76,11.379,10.582
Thermal Noise,RED,2.964,3.697,False,A,VAL138,O,83.291,12.502,11.786,A,VAL139,O,83.53,8.849,12.302
Phase Boundary,YELLOW,4.09,3.146,False,A,VAL139,N,81.76,11.379,10.582,A,CYS140,N,82.928,8.488,10.167
Bound Backbone,BLUE,12.474,2.247,False,A,VAL139,O,83.53,8.849,12.302,A,CYS140,N,82.928,8.488,10.167
Bound Backbone,BLUE,6.322,2.779,False,A,VAL139,O,83.53,8.849,12.302,A,LYS141,N,85.778,8.793,10.67
Thermal Noise,RED,2.645,3.965,False,A,VAL139,O,83.53,8.849,12.302,A,THR229,OG1,81.339,5.694,13.287
Phase Boundary,YELLOW,4.816,2.91,False,A,CYS140,N,82.928,8.488,10.167,A,LYS141,N,85.778,8.793,10.67
Bound Backbone,BLUE,10.393,2.268,False,A,CYS140,O,86.092,7.266,9.023,A,LYS141,N,85.778,8.793,10.67
Thermal Noise,RED,3.896,3.205,False,A,CYS140,O,86.092,7.266,9.023,A,LYS141,O,88.812,8.961,8.985
Thermal Noise,RED,3.345,3.479,False,A,CYS140,O,86.092,7.266,9.023,A,PRO142,N,87.233,10.519,8.554
Thermal Noise,RED,3.415,3.452,False,A,CYS140,O,86.092,7.266,9.023,A,HOH963,O,88.886,5.318,8.461
Thermal Noise,RED,3.394,3.442,False,A,CYS140,SG,84.374,4.844,8.988,A,GLN225,O,81.63,2.788,8.687
Bound Backbone,BLUE,5.424,3.094,False,A,LYS141,N,85.778,8.793,10.67,A,PRO142,N,87.233,10.519,8.554
Bound Backbone,BLUE,8.019,2.26,False,A,LYS141,O,88.812,8.961,8.985,A,PRO142,N,87.233,10.519,8.554
Thermal Noise,RED,2.991,3.681,False,A,LYS141,O,88.812,8.961,8.985,A,HOH963,O,88.886,5.318,8.461
Thermal Noise,RED,3.724,3.732,False,A,PRO142,N,87.233,10.519,8.554,A,MET143,N,89.227,12.382,6.008
Bound Backbone,BLUE,12.21,2.271,False,A,PRO142,O,88.719,12.886,8.163,A,MET143,N,89.227,12.382,6.008
Thermal Noise,RED,3.384,3.601,False,A,PRO142,O,88.719,12.886,8.163,A,MET143,O,92.011,12.479,6.762
Thermal Noise,RED,3.463,3.458,False,A,PRO142,O,88.719,12.886,8.163,A,SER144,N,91.597,14.624,7.353
Thermal Noise,RED,3.511,3.529,False,A,MET143,N,89.227,12.382,6.008,A,SER144,N,91.597,14.624,7.353
Bound Backbone,BLUE,8.153,2.263,False,A,MET143,O,92.011,12.479,6.762,A,SER144,N,91.597,14.624,7.353
Thermal Noise,RED,2.533,3.98,False,A,MET143,O,92.011,12.479,6.762,A,SER144,OG,94.047,15.889,6.503
Bound Backbone,BLUE,6.356,2.772,False,A,SER144,N,91.597,14.624,7.353,A,ASN145,N,91.766,16.859,8.984
Bound Backbone,BLUE,9.725,2.257,False,A,SER144,O,93.218,15.819,10.364,A,ASN145,N,91.766,16.859,8.984
Phase Boundary,YELLOW,4.29,3.507,False,A,SER144,OG,94.047,15.889,6.503,A,ASN145,N,91.766,16.859,8.984
Thermal Noise,RED,3.519,3.432,False,A,SER144,OG,94.047,15.889,6.503,A,ASN145,ND2,92.512,18.849,7.314
Bound Backbone,BLUE,5.863,2.673,False,A,ASN145,N,91.766,16.859,8.984,A,PHE146,N,89.802,18.521,8.259
Bound Backbone,BLUE,11.659,2.268,False,A,ASN145,O,89.737,19.575,10.266,A,PHE146,N,89.802,18.521,8.259
Thermal Noise,RED,4.069,3.244,False,A,ASN145,O,89.737,19.575,10.266,A,PHE146,O,86.93,18.355,9.191
Thermal Noise,RED,3.082,3.945,False,A,ASN145,O,89.737,19.575,10.266,A,ARG147,N,86.542,20.279,8.061
Phase Boundary,YELLOW,5.123,2.889,False,A,ASN145,ND2,92.512,18.849,7.314,A,PHE146,N,89.802,18.521,8.259
Thermal Noise,RED,2.914,3.709,False,A,PHE146,N,89.802,18.521,8.259,A,ARG147,N,86.542,20.279,8.061
Bound Backbone,BLUE,9.038,2.265,False,A,PHE146,O,86.93,18.355,9.191,A,ARG147,N,86.542,20.279,8.061
Thermal Noise,RED,3.346,3.502,False,A,ARG147,N,86.542,20.279,8.061,A,PHE148,N,83.192,21.022,7.362
Bound Backbone,BLUE,8.093,2.259,False,A,ARG147,O,85.061,22.185,6.853,A,PHE148,N,83.192,21.022,7.362
Thermal Noise,RED,2.994,3.726,False,A,ARG147,O,85.061,22.185,6.853,A,PHE148,O,81.7,23.504,7.775
Thermal Noise,RED,3.001,3.783,False,A,ARG147,O,85.061,22.185,6.853,A,GLY149,N,81.96,23.93,5.568
Thermal Noise,RED,3.504,3.632,False,A,PHE148,N,83.192,21.022,7.362,A,GLY149,N,81.96,23.93,5.568
Bound Backbone,BLUE,12.549,2.263,False,A,PHE148,O,81.7,23.504,7.775,A,GLY149,N,81.96,23.93,5.568
Thermal Noise,RED,3.104,3.629,False,A,GLY149,N,81.96,23.93,5.568,A,GLU150,N,79.716,26.703,4.901
Thermal Noise,RED,3.603,3.831,False,A,GLY149,N,81.96,23.93,5.568,A,ASN151,ND2,82.305,26.605,2.848
Bound Backbone,BLUE,8.965,2.58,False,A,GLY149,N,81.96,23.93,5.568,A,HIS152,ND1,82.891,23.123,3.301
Bound Backbone,BLUE,8.357,2.245,False,A,GLY149,O,79.821,24.555,4.257,A,GLU150,N,79.716,26.703,4.901
Phase Boundary,YELLOW,4.1,3.525,False,A,GLY149,O,79.821,24.555,4.257,A,GLU150,O,77.795,26.285,1.949
Phase Boundary,YELLOW,4.77,3.245,False,A,GLY149,O,79.821,24.555,4.257,A,ASN151,N,79.889,27.066,2.203
Thermal Noise,RED,3.569,3.515,False,A,GLY149,O,79.821,24.555,4.257,A,ASN151,ND2,82.305,26.605,2.848
Bound Backbone,BLUE,5.904,3.302,False,A,GLY149,O,79.821,24.555,4.257,A,HIS152,N,80.51,24.511,1.028
Thermal Noise,RED,3.382,3.52,False,A,GLY149,O,79.821,24.555,4.257,A,HIS152,ND1,82.891,23.123,3.301
Phase Boundary,YELLOW,4.677,3.458,False,A,GLY149,O,79.821,24.555,4.257,A,ALA153,N,78.126,23.281,1.526
Bound Backbone,BLUE,8.727,2.728,False,A,GLU150,N,79.716,26.703,4.901,A,ASN151,N,79.889,27.066,2.203
Phase Boundary,YELLOW,4.561,3.306,False,A,GLU150,N,79.716,26.703,4.901,A,ASN151,ND2,82.305,26.605,2.848
Bound Backbone,BLUE,7.974,2.249,False,A,GLU150,O,77.795,26.285,1.949,A,ASN151,N,79.889,27.066,2.203
Bound Backbone,BLUE,5.392,3.263,False,A,GLU150,O,77.795,26.285,1.949,A,ASN151,O,79.35,25.303,-0.746
Thermal Noise,RED,3.688,3.371,False,A,GLU150,O,77.795,26.285,1.949,A,HIS152,N,80.51,24.511,1.028
Phase Boundary,YELLOW,4.35,3.052,False,A,GLU150,O,77.795,26.285,1.949,A,ALA153,N,78.126,23.281,1.526
Bound Backbone,BLUE,5.667,3.044,False,A,GLU150,O,77.795,26.285,1.949,A,ILE154,N,76.38,24.636,-0.183
Bound Backbone,BLUE,5.336,2.88,False,A,ASN151,N,79.889,27.066,2.203,A,HIS152,N,80.51,24.511,1.028
Bound Backbone,BLUE,10.874,2.263,False,A,ASN151,O,79.35,25.303,-0.746,A,HIS152,N,80.51,24.511,1.028
Thermal Noise,RED,3.175,3.577,False,A,ASN151,O,79.35,25.303,-0.746,A,HIS152,O,78.513,21.869,-0.199
Phase Boundary,YELLOW,4.861,3.279,False,A,ASN151,O,79.35,25.303,-0.746,A,ALA153,N,78.126,23.281,1.526
Phase Boundary,YELLOW,4.264,3.096,False,A,ASN151,O,79.35,25.303,-0.746,A,ILE154,N,76.38,24.636,-0.183
Phase Boundary,YELLOW,4.792,3.194,False,A,ASN151,O,79.35,25.303,-0.746,A,MET155,N,77.291,23.75,-2.63
Phase Boundary,YELLOW,4.219,3.939,False,A,ASN151,O,79.35,25.303,-0.746,A,MET155,SD,79.473,25.377,-4.682
Phase Boundary,YELLOW,4.373,3.304,False,A,ASN151,ND2,82.305,26.605,2.848,A,HIS152,N,80.51,24.511,1.028
Thermal Noise,RED,3.19,3.56,False,A,ASN151,ND2,82.305,26.605,2.848,A,HIS152,ND1,82.891,23.123,3.301
Thermal Noise,RED,2.7,3.853,False,A,ASN151,OD1,83.846,26.429,1.223,A,HIS152,N,80.51,24.511,1.028
Thermal Noise,RED,3.949,3.246,False,A,ASN151,OD1,83.846,26.429,1.223,A,HIS152,NE2,84.602,23.378,2.034
Bound Backbone,BLUE,5.49,2.728,False,A,HIS152,N,80.51,24.511,1.028,A,ALA153,N,78.126,23.281,1.526
Bound Backbone,BLUE,10.71,2.263,False,A,HIS152,O,78.513,21.869,-0.199,A,ALA153,N,78.126,23.281,1.526
Thermal Noise,RED,3.066,3.614,False,A,HIS152,O,78.513,21.869,-0.199,A,ALA153,O,75.032,22.833,-0.086
Thermal Noise,RED,3.279,3.494,False,A,HIS152,O,78.513,21.869,-0.199,A,ILE154,N,76.38,24.636,-0.183
Phase Boundary,YELLOW,4.915,3.308,False,A,HIS152,O,78.513,21.869,-0.199,A,MET155,N,77.291,23.75,-2.63
Bound Backbone,BLUE,5.427,3.179,False,A,HIS152,O,78.513,21.869,-0.199,A,GLY156,N,76.604,21.107,-2.624
Bound Backbone,BLUE,6.348,2.794,False,A,ALA153,N,78.126,23.281,1.526,A,ILE154,N,76.38,24.636,-0.183
Bound Backbone,BLUE,7.891,2.253,False,A,ALA153,O,75.032,22.833,-0.086,A,ILE154,N,76.38,24.636,-0.183
Phase Boundary,YELLOW,4.303,3.789,False,A,ALA153,O,75.032,22.833,-0.086,A,ILE154,O,75.322,24.254,-3.586
Phase Boundary,YELLOW,4.293,3.524,False,A,ALA153,O,75.032,22.833,-0.086,A,MET155,N,77.291,23.75,-2.63
Phase Boundary,YELLOW,4.525,3.448,False,A,ALA153,O,75.032,22.833,-0.086,A,GLY156,N,76.604,21.107,-2.624
Bound Backbone,BLUE,5.819,3.113,False,A,ALA153,O,75.032,22.833,-0.086,A,VAL157,N,73.885,21.367,-2.581
Bound Backbone,BLUE,7.902,2.757,False,A,ILE154,N,76.38,24.636,-0.183,A,MET155,N,77.291,23.75,-2.63
Bound Backbone,BLUE,8.847,2.246,False,A,ILE154,O,75.322,24.254,-3.586,A,MET155,N,77.291,23.75,-2.63
Thermal Noise,RED,3.44,3.549,False,A,ILE154,O,75.322,24.254,-3.586,A,MET155,O,76.539,21.176,-4.868
Thermal Noise,RED,3.36,3.532,False,A,ILE154,O,75.322,24.254,-3.586,A,GLY156,N,76.604,21.107,-2.624
Thermal Noise,RED,3.705,3.378,False,A,ILE154,O,75.322,24.254,-3.586,A,VAL157,N,73.885,21.367,-2.581
Bound Backbone,BLUE,6.393,2.705,False,A,ILE154,O,75.322,24.254,-3.586,A,ALA158,N,73.535,22.777,-4.98
Bound Backbone,BLUE,5.366,2.731,False,A,MET155,N,77.291,23.75,-2.63,A,GLY156,N,76.604,21.107,-2.624
Bound Backbone,BLUE,12.973,2.246,False,A,MET155,O,76.539,21.176,-4.868,A,GLY156,N,76.604,21.107,-2.624
Thermal Noise,RED,3.708,3.391,False,A,MET155,O,76.539,21.176,-4.868,A,GLY156,O,73.827,19.455,-3.78
Phase Boundary,YELLOW,4.13,3.509,False,A,MET155,O,76.539,21.176,-4.868,A,VAL157,N,73.885,21.367,-2.581
Thermal Noise,RED,3.452,3.406,False,A,MET155,O,76.539,21.176,-4.868,A,ALA158,N,73.535,22.777,-4.98
Bound Backbone,BLUE,6.671,2.759,False,A,MET155,O,76.539,21.176,-4.868,A,PHE159,N,74.467,20.857,-6.662
Bound Backbone,BLUE,5.364,2.732,False,A,GLY156,N,76.604,21.107,-2.624,A,VAL157,N,73.885,21.367,-2.581
Bound Backbone,BLUE,9.262,2.258,False,A,GLY156,O,73.827,19.455,-3.78,A,VAL157,N,73.885,21.367,-2.581
Thermal Noise,RED,3.466,3.547,False,A,GLY156,O,73.827,19.455,-3.78,A,VAL157,O,71.519,21.796,-5.113
Thermal Noise,RED,3.419,3.544,False,A,GLY156,O,73.827,19.455,-3.78,A,ALA158,N,73.535,22.777,-4.98
Bound Backbone,BLUE,5.601,3.268,False,A,GLY156,O,73.827,19.455,-3.78,A,PHE159,N,74.467,20.857,-6.662
Bound Backbone,BLUE,7.691,2.767,False,A,GLY156,O,73.827,19.455,-3.78,A,THR160,N,72.645,18.685,-6.16
Thermal Noise,RED,3.22,3.57,False,A,GLY156,O,73.827,19.455,-3.78,A,THR160,OG1,70.329,19.442,-4.492
Bound Backbone,BLUE,7.457,2.805,False,A,VAL157,N,73.885,21.367,-2.581,A,ALA158,N,73.535,22.777,-4.98
Bound Backbone,BLUE,7.951,2.246,False,A,VAL157,O,71.519,21.796,-5.113,A,ALA158,N,73.535,22.777,-4.98
Phase Boundary,YELLOW,4.954,3.493,False,A,VAL157,O,71.519,21.796,-5.113,A,ALA158,O,73.063,21.643,-8.243
Thermal Noise,RED,3.769,3.46,False,A,VAL157,O,71.519,21.796,-5.113,A,PHE159,N,74.467,20.857,-6.662
Thermal Noise,RED,3.516,3.47,False,A,VAL157,O,71.519,21.796,-5.113,A,THR160,N,72.645,18.685,-6.16
Bound Backbone,BLUE,5.632,2.71,False,A,VAL157,O,71.519,21.796,-5.113,A,THR160,OG1,70.329,19.442,-4.492
Phase Boundary,YELLOW,5.149,3.212,False,A,VAL157,O,71.519,21.796,-5.113,A,TRP161,N,70.431,19.84,-7.417
Bound Backbone,BLUE,6.741,2.717,False,A,ALA158,N,73.535,22.777,-4.98,A,PHE159,N,74.467,20.857,-6.662
Bound Backbone,BLUE,10.323,2.256,False,A,ALA158,O,73.063,21.643,-8.243,A,PHE159,N,74.467,20.857,-6.662
Thermal Noise,RED,3.545,3.361,False,A,ALA158,O,73.063,21.643,-8.243,A,PHE159,O,72.937,18.286,-8.36
Thermal Noise,RED,3.645,3.642,False,A,ALA158,O,73.063,21.643,-8.243,A,THR160,N,72.645,18.685,-6.16
Thermal Noise,RED,3.832,3.296,False,A,ALA158,O,73.063,21.643,-8.243,A,TRP161,N,70.431,19.84,-7.417
Phase Boundary,YELLOW,5.059,3.114,False,A,ALA158,O,73.063,21.643,-8.243,A,VAL162,N,71.207,19.967,-10.099
Phase Boundary,YELLOW,4.921,2.879,False,A,PHE159,N,74.467,20.857,-6.662,A,THR160,N,72.645,18.685,-6.16
Bound Backbone,BLUE,12.639,2.255,False,A,PHE159,O,72.937,18.286,-8.36,A,THR160,N,72.645,18.685,-6.16
Thermal Noise,RED,3.541,3.395,False,A,PHE159,O,72.937,18.286,-8.36,A,THR160,O,69.637,17.759,-7.763
Phase Boundary,YELLOW,4.422,3.096,False,A,PHE159,O,72.937,18.286,-8.36,A,TRP161,N,70.431,19.84,-7.417
Bound Backbone,BLUE,5.511,2.974,False,A,PHE159,O,72.937,18.286,-8.36,A,VAL162,N,71.207,19.967,-10.099
Bound Backbone,BLUE,6.982,2.841,False,A,PHE159,O,72.937,18.286,-8.36,A,MET163,N,71.531,17.329,-10.636
Bound Backbone,BLUE,5.779,2.796,False,A,THR160,N,72.645,18.685,-6.16,A,TRP161,N,70.431,19.84,-7.417
Bound Backbone,BLUE,7.995,2.254,False,A,THR160,O,69.637,17.759,-7.763,A,TRP161,N,70.431,19.84,-7.417
Thermal Noise,RED,4.035,3.718,False,A,THR160,O,69.637,17.759,-7.763,A,TRP161,O,69.034,19.973,-10.689
Thermal Noise,RED,3.976,3.577,False,A,THR160,O,69.637,17.759,-7.763,A,VAL162,N,71.207,19.967,-10.099
Phase Boundary,YELLOW,4.781,3.468,False,A,THR160,O,69.637,17.759,-7.763,A,MET163,N,71.531,17.329,-10.636
Bound Backbone,BLUE,7.127,2.873,False,A,THR160,O,69.637,17.759,-7.763,A,ALA164,N,68.949,16.461,-10.232
Bound Backbone,BLUE,7.45,2.954,False,A,THR160,OG1,70.329,19.442,-4.492,A,TRP161,N,70.431,19.84,-7.417
Bound Backbone,BLUE,8.126,2.795,False,A,TRP161,N,70.431,19.84,-7.417,A,VAL162,N,71.207,19.967,-10.099
Bound Backbone,BLUE,8.238,2.252,False,A,TRP161,O,69.034,19.973,-10.689,A,VAL162,N,71.207,19.967,-10.099
Thermal Noise,RED,3.837,3.561,False,A,TRP161,O,69.034,19.973,-10.689,A,VAL162,O,70.891,17.751,-12.761
Thermal Noise,RED,3.026,3.637,False,A,TRP161,O,69.034,19.973,-10.689,A,MET163,N,71.531,17.329,-10.636
Thermal Noise,RED,3.223,3.543,False,A,TRP161,O,69.034,19.973,-10.689,A,ALA164,N,68.949,16.461,-10.232
Phase Boundary,YELLOW,5.233,2.945,False,A,TRP161,O,69.034,19.973,-10.689,A,LEU165,N,67.519,17.84,-12.041
Bound Backbone,BLUE,5.579,2.712,False,A,VAL162,N,71.207,19.967,-10.099,A,MET163,N,71.531,17.329,-10.636
Bound Backbone,BLUE,12.258,2.259,False,A,VAL162,O,70.891,17.751,-12.761,A,MET163,N,71.531,17.329,-10.636
Thermal Noise,RED,2.806,3.976,False,A,VAL162,O,70.891,17.751,-12.761,A,MET163,O,69.399,14.45,-11.123
Phase Boundary,YELLOW,4.546,3.44,False,A,VAL162,O,70.891,17.751,-12.761,A,ALA164,N,68.949,16.461,-10.232
Thermal Noise,RED,3.457,3.449,False,A,VAL162,O,70.891,17.751,-12.761,A,LEU165,N,67.519,17.84,-12.041
Bound Backbone,BLUE,6.437,2.707,False,A,VAL162,O,70.891,17.751,-12.761,A,ALA166,N,68.781,16.846,-14.195
Bound Backbone,BLUE,5.35,2.754,False,A,MET163,N,71.531,17.329,-10.636,A,ALA164,N,68.949,16.461,-10.232
Bound Backbone,BLUE,8.736,2.245,False,A,MET163,O,69.399,14.45,-11.123,A,ALA164,N,68.949,16.461,-10.232
Thermal Noise,RED,2.701,3.925,False,A,MET163,O,69.399,14.45,-11.123,A,ALA164,O,66.008,16.165,-12.106
Thermal Noise,RED,2.607,3.984,False,A,MET163,O,69.399,14.45,-11.123,A,LEU165,N,67.519,17.84,-12.041
Thermal Noise,RED,3.565,3.945,False,A,MET163,O,69.399,14.45,-11.123,A,ALA166,N,68.781,16.846,-14.195
Phase Boundary,YELLOW,4.283,3.726,False,A,MET163,O,69.399,14.45,-11.123,A,CYS167,N,67.587,14.44,-14.379
Phase Boundary,YELLOW,4.313,3.089,False,A,MET163,O,69.399,14.45,-11.123,A,HIS211,ND1,68.931,11.467,-11.773
Thermal Noise,RED,3.192,3.98,False,A,MET163,O,69.399,14.45,-11.123,A,HIS211,NE2,69.9,11.445,-13.684
Bound Backbone,BLUE,7.143,2.687,False,A,ALA164,N,68.949,16.461,-10.232,A,LEU165,N,67.519,17.84,-12.041
Phase Boundary,YELLOW,4.106,3.985,False,A,ALA164,N,68.949,16.461,-10.232,A,ALA166,N,68.781,16.846,-14.195
Bound Backbone,BLUE,7.862,2.257,False,A,ALA164,O,66.008,16.165,-12.106,A,LEU165,N,67.519,17.84,-12.041
Phase Boundary,YELLOW,4.428,3.712,False,A,ALA164,O,66.008,16.165,-12.106,A,LEU165,O,66.998,17.368,-15.475
Thermal Noise,RED,3.907,3.538,False,A,ALA164,O,66.008,16.165,-12.106,A,ALA166,N,68.781,16.846,-14.195
Phase Boundary,YELLOW,4.926,3.261,False,A,ALA164,O,66.008,16.165,-12.106,A,CYS167,N,67.587,14.44,-14.379
Bound Backbone,BLUE,7.103,2.816,False,A,ALA164,O,66.008,16.165,-12.106,A,ALA168,N,64.808,14.975,-14.358
Bound Backbone,BLUE,7.809,2.687,False,A,LEU165,N,67.519,17.84,-12.041,A,ALA166,N,68.781,16.846,-14.195
Bound Backbone,BLUE,9.473,2.256,False,A,LEU165,O,66.998,17.368,-15.475,A,ALA166,N,68.781,16.846,-14.195
Thermal Noise,RED,3.123,3.664,False,A,LEU165,O,66.998,17.368,-15.475,A,ALA166,O,68.361,14.118,-16.477
Phase Boundary,YELLOW,4.253,3.181,False,A,LEU165,O,66.998,17.368,-15.475,A,CYS167,N,67.587,14.44,-14.379
Thermal Noise,RED,3.629,3.431,False,A,LEU165,O,66.998,17.368,-15.475,A,ALA168,N,64.808,14.975,-14.358
Bound Backbone,BLUE,5.431,2.803,False,A,LEU165,O,66.998,17.368,-15.475,A,ALA169,N,64.367,17.024,-16.378
Bound Backbone,BLUE,5.538,2.692,False,A,ALA166,N,68.781,16.846,-14.195,A,CYS167,N,67.587,14.44,-14.379
Bound Backbone,BLUE,12.143,2.259,False,A,ALA166,O,68.361,14.118,-16.477,A,CYS167,N,67.587,14.44,-14.379
Thermal Noise,RED,2.746,3.854,False,A,ALA166,O,68.361,14.118,-16.477,A,CYS167,O,64.658,13.284,-15.809
Bound Backbone,BLUE,5.972,2.612,False,A,ALA166,O,68.361,14.118,-16.477,A,TYR206,OH,69.976,12.113,-16.919
Phase Boundary,YELLOW,4.997,2.83,False,A,CYS167,N,67.587,14.44,-14.379,A,ALA168,N,64.808,14.975,-14.358
Thermal Noise,RED,2.76,3.847,False,A,CYS167,N,67.587,14.44,-14.379,A,HIS211,NE2,69.9,11.445,-13.684
Bound Backbone,BLUE,10.18,2.233,False,A,CYS167,O,64.658,13.284,-15.809,A,ALA168,N,64.808,14.975,-14.358
Thermal Noise,RED,2.603,3.963,False,A,CYS167,O,64.658,13.284,-15.809,A,ALA168,O,62.248,16.345,-16.537
Thermal Noise,RED,2.82,3.794,False,A,CYS167,O,64.658,13.284,-15.809,A,ALA169,N,64.367,17.024,-16.378
Thermal Noise,RED,2.701,3.962,False,A,CYS167,SG,65.327,11.239,-13.144,A,ALA168,N,64.808,14.975,-14.358
Thermal Noise,RED,2.897,3.863,False,A,CYS167,SG,65.327,11.239,-13.144,A,HIS211,ND1,68.931,11.467,-11.773
Bound Backbone,BLUE,6.171,2.911,False,A,ALA168,N,64.808,14.975,-14.358,A,ALA169,N,64.367,17.024,-16.378
Bound Backbone,BLUE,8.068,2.231,False,A,ALA168,O,62.248,16.345,-16.537,A,ALA169,N,64.367,17.024,-16.378
Phase Boundary,YELLOW,4.311,3.719,False,A,ALA168,O,62.248,16.345,-16.537,A,ALA169,O,63.423,17.688,-19.8
Thermal Noise,RED,3.717,3.76,False,A,ALA168,O,62.248,16.345,-16.537,A,PRO170,N,64.919,16.125,-19.174
Phase Boundary,YELLOW,4.939,3.007,False,A,ALA168,O,62.248,16.345,-16.537,A,TYR178,OH,60.129,14.641,-15.253
Bound Backbone,BLUE,6.978,2.988,False,A,ALA169,N,64.367,17.024,-16.378,A,PRO170,N,64.919,16.125,-19.174
Bound Backbone,BLUE,8.277,2.252,False,A,ALA169,O,63.423,17.688,-19.8,A,PRO170,N,64.919,16.125,-19.174
Phase Boundary,YELLOW,4.752,3.354,False,A,ALA169,O,63.423,17.688,-19.8,A,PRO170,O,63.243,15.389,-22.235
Thermal Noise,RED,3.874,3.236,False,A,ALA169,O,63.423,17.688,-19.8,A,PRO171,N,62.515,14.618,-20.269
Phase Boundary,YELLOW,5.091,2.954,False,A,ALA169,O,63.423,17.688,-19.8,A,LEU172,N,60.92,16.713,-21.03
Phase Boundary,YELLOW,5.072,3.499,False,A,ALA169,O,63.423,17.688,-19.8,A,VAL173,N,62.148,17.8,-23.056
Phase Boundary,YELLOW,4.684,3.041,False,A,PRO170,N,64.919,16.125,-19.174,A,PRO171,N,62.515,14.618,-20.269
Bound Backbone,BLUE,11.975,2.234,False,A,PRO170,O,63.243,15.389,-22.235,A,PRO171,N,62.515,14.618,-20.269
Thermal Noise,RED,2.616,3.919,False,A,PRO170,O,63.243,15.389,-22.235,A,PRO171,O,59.336,15.365,-21.935
Phase Boundary,YELLOW,5.153,2.933,False,A,PRO170,O,63.243,15.389,-22.235,A,LEU172,N,60.92,16.713,-21.03
Bound Backbone,BLUE,5.498,2.772,False,A,PRO170,O,63.243,15.389,-22.235,A,VAL173,N,62.148,17.8,-23.056
Bound Backbone,BLUE,6.663,3.064,False,A,PRO170,O,63.243,15.389,-22.235,A,GLY174,N,62.338,15.906,-25.116
Bound Backbone,BLUE,5.653,3.136,False,A,PRO170,O,63.243,15.389,-22.235,A,TRP175,N,63.437,13.443,-24.686
Thermal Noise,RED,3.978,3.172,False,A,PRO170,O,63.243,15.389,-22.235,A,TRP175,O,62.611,12.281,-22.222
Bound Backbone,BLUE,5.589,2.741,False,A,PRO171,N,62.515,14.618,-20.269,A,LEU172,N,60.92,16.713,-21.03
Bound Backbone,BLUE,5.437,3.047,False,A,PRO171,N,62.515,14.618,-20.269,A,TRP175,O,62.611,12.281,-22.222
Bound Backbone,BLUE,8.566,2.268,False,A,PRO171,O,59.336,15.365,-21.935,A,LEU172,N,60.92,16.713,-21.03
Thermal Noise,RED,2.792,3.885,False,A,PRO171,O,59.336,15.365,-21.935,A,VAL173,N,62.148,17.8,-23.056
Thermal Noise,RED,3.291,3.68,False,A,PRO171,O,59.336,15.365,-21.935,A,SER176,O,60.072,12.111,-23.487
Bound Backbone,BLUE,8.155,2.607,False,A,LEU172,N,60.92,16.713,-21.03,A,VAL173,N,62.148,17.8,-23.056
Bound Backbone,BLUE,7.959,2.271,False,A,LEU172,O,60.508,19.303,-23.514,A,VAL173,N,62.148,17.8,-23.056
Bound Backbone,BLUE,6.833,2.805,False,A,VAL173,N,62.148,17.8,-23.056,A,GLY174,N,62.338,15.906,-25.116
Bound Backbone,BLUE,9.794,2.252,False,A,VAL173,O,63.29,17.404,-26.502,A,GLY174,N,62.338,15.906,-25.116
Bound Backbone,BLUE,5.45,2.731,False,A,GLY174,N,62.338,15.906,-25.116,A,TRP175,N,63.437,13.443,-24.686
Bound Backbone,BLUE,11.351,2.262,False,A,GLY174,O,62.571,12.581,-26.589,A,TRP175,N,63.437,13.443,-24.686
Phase Boundary,YELLOW,4.464,3.578,False,A,GLY174,O,62.571,12.581,-26.589,A,SER176,N,62.2,10.566,-23.656
Phase Boundary,YELLOW,4.794,2.908,False,A,GLY174,O,62.571,12.581,-26.589,A,THR198,O,62.569,9.703,-26.173
Thermal Noise,RED,3.911,3.297,False,A,TRP175,N,63.437,13.443,-24.686,A,SER176,N,62.2,10.566,-23.656
Thermal Noise,RED,2.927,3.812,False,A,TRP175,N,63.437,13.443,-24.686,A,SER176,O,60.072,12.111,-23.487
Bound Backbone,BLUE,9.708,2.273,False,A,TRP175,O,62.611,12.281,-22.222,A,SER176,N,62.2,10.566,-23.656
Bound Backbone,BLUE,5.581,2.842,False,A,TRP175,O,62.611,12.281,-22.222,A,SER176,O,60.072,12.111,-23.487
Thermal Noise,RED,2.729,3.839,False,A,TRP175,O,62.611,12.281,-22.222,A,ARG177,N,59.039,10.915,-21.886
Thermal Noise,RED,3.566,3.393,False,A,TRP175,NE1,66.746,9.018,-23.898,A,ASN199,O,64.024,7.111,-24.579
Thermal Noise,RED,3.357,3.471,False,A,TRP175,NE1,66.746,9.018,-23.898,A,SER202,OG,68.109,5.858,-24.353
Thermal Noise,RED,3.574,3.604,False,A,TRP175,NE1,66.746,9.018,-23.898,A,PHE203,N,65.729,6.07,-22.091
Thermal Noise,RED,3.476,3.64,False,A,SER176,N,62.2,10.566,-23.656,A,ARG177,N,59.039,10.915,-21.886
Bound Backbone,BLUE,8.644,2.686,False,A,SER176,N,62.2,10.566,-23.656,A,THR198,O,62.569,9.703,-26.173
Bound Backbone,BLUE,10.457,2.25,False,A,SER176,O,60.072,12.111,-23.487,A,ARG177,N,59.039,10.915,-21.886
Bound Backbone,BLUE,6.075,2.691,False,A,SER176,OG,60.445,8.882,-20.821,A,ARG177,N,59.039,10.915,-21.886
Thermal Noise,RED,2.819,3.822,False,A,SER176,OG,60.445,8.882,-20.821,A,ARG177,O,57.098,10.537,-20.004
Thermal Noise,RED,3.186,3.739,False,A,SER176,OG,60.445,8.882,-20.821,A,ASP190,N,57.308,7.595,-19.246
Bound Backbone,BLUE,5.847,3.02,False,A,SER176,OG,60.445,8.882,-20.821,A,ASN200,ND2,59.308,7.132,-23.004
Thermal Noise,RED,3.439,3.648,False,A,ARG177,N,59.039,10.915,-21.886,A,TYR178,N,56.346,12.662,-20.152
Thermal Noise,RED,2.69,3.954,False,A,ARG177,N,59.039,10.915,-21.886,A,ASN200,ND2,59.308,7.132,-23.004
Bound Backbone,BLUE,7.864,2.259,False,A,ARG177,O,57.098,10.537,-20.004,A,TYR178,N,56.346,12.662,-20.152
Thermal Noise,RED,3.196,3.607,False,A,ARG177,O,57.098,10.537,-20.004,A,ILE179,N,53.629,10.963,-19.114
Bound Backbone,BLUE,5.537,3.239,False,A,ARG177,O,57.098,10.537,-20.004,A,GLY188,O,55.407,10.107,-17.275
Phase Boundary,YELLOW,4.485,3.045,False,A,ARG177,O,57.098,10.537,-20.004,A,ASP190,N,57.308,7.595,-19.246
Bound Backbone,BLUE,5.278,2.913,False,A,ARG177,NE,55.013,9.355,-24.752,A,ASP190,OD2,55.375,6.754,-23.491
Thermal Noise,RED,2.891,3.982,False,A,ARG177,NH1,53.63,10.002,-26.491,A,HIS195,ND1,56.782,8.487,-28.396
Bound Backbone,BLUE,5.999,3.054,False,A,ARG177,NH2,53.809,7.776,-25.905,A,ASP190,OD2,55.375,6.754,-23.491
Thermal Noise,RED,3.584,3.375,False,A,ARG177,NH2,53.809,7.776,-25.905,A,THR193,OG1,54.847,4.621,-25.307
Thermal Noise,RED,3.227,3.943,False,A,ARG177,NH2,53.809,7.776,-25.905,A,HIS195,ND1,56.782,8.487,-28.396
Thermal Noise,RED,3.74,3.368,False,A,TYR178,N,56.346,12.662,-20.152,A,ILE179,N,53.629,10.963,-19.114
Thermal Noise,RED,3.408,3.961,False,A,TYR178,N,56.346,12.662,-20.152,A,GLY188,O,55.407,10.107,-17.275
Bound Backbone,BLUE,9.529,2.261,False,A,TYR178,O,53.486,12.792,-20.436,A,ILE179,N,53.629,10.963,-19.114
Thermal Noise,RED,3.152,3.601,False,A,ILE179,N,53.629,10.963,-19.114,A,PRO180,N,50.164,10.237,-18.454
Bound Backbone,BLUE,7.127,2.697,False,A,ILE179,N,53.629,10.963,-19.114,A,GLY188,O,55.407,10.107,-17.275
Bound Backbone,BLUE,9.296,2.252,False,A,ILE179,O,52.024,9.796,-17.264,A,PRO180,N,50.164,10.237,-18.454
Thermal Noise,RED,3.344,3.478,False,A,ILE179,O,52.024,9.796,-17.264,A,PRO180,O,49.352,7.615,-17.708
Thermal Noise,RED,3.394,3.662,False,A,ILE179,O,52.024,9.796,-17.264,A,GLU181,N,49.135,8.322,-15.564
Thermal Noise,RED,2.64,3.922,False,A,ILE179,O,52.024,9.796,-17.264,A,CYS187,SG,50.403,13.317,-16.665
Bound Backbone,BLUE,6.562,2.872,False,A,ILE179,O,52.024,9.796,-17.264,A,GLY188,N,53.79,10.546,-15.127
Thermal Noise,RED,3.468,3.397,False,A,ILE179,O,52.024,9.796,-17.264,A,GLY188,O,55.407,10.107,-17.275
Phase Boundary,YELLOW,4.304,3.616,False,A,PRO180,N,50.164,10.237,-18.454,A,GLU181,N,49.135,8.322,-15.564
Thermal Noise,RED,3.642,3.57,False,A,PRO180,N,50.164,10.237,-18.454,A,CYS187,SG,50.403,13.317,-16.665
Bound Backbone,BLUE,12.205,2.268,False,A,PRO180,O,49.352,7.615,-17.708,A,GLU181,N,49.135,8.322,-15.564
Thermal Noise,RED,3.479,3.461,False,A,PRO180,O,49.352,7.615,-17.708,A,GLN184,OE1,46.006,7.671,-18.591
Phase Boundary,YELLOW,4.256,3.072,False,A,PRO180,O,49.352,7.615,-17.708,A,HOH952,O,48.543,4.66,-17.489
Thermal Noise,RED,3.307,3.672,False,A,GLU181,N,49.135,8.322,-15.564,A,GLY182,N,47.701,5.321,-14.007
Bound Backbone,BLUE,5.373,2.887,False,A,GLU181,N,49.135,8.322,-15.564,A,SER186,O,49.298,10.92,-14.315
Bound Backbone,BLUE,8.247,2.253,False,A,GLU181,O,47.377,7.467,-13.404,A,GLY182,N,47.701,5.321,-14.007
Thermal Noise,RED,3.083,3.737,False,A,GLU181,O,47.377,7.467,-13.404,A,GLY182,O,44.849,5.036,-14.695
Phase Boundary,YELLOW,4.087,3.176,False,A,GLU181,O,47.377,7.467,-13.404,A,MET183,N,44.6,6.089,-12.715
Phase Boundary,YELLOW,4.665,3.029,False,A,GLU181,O,47.377,7.467,-13.404,A,GLN184,N,44.586,8.085,-14.406
Thermal Noise,RED,2.693,3.855,False,A,GLU181,O,47.377,7.467,-13.404,A,CYS185,N,45.297,10.713,-13.399
Bound Backbone,BLUE,5.287,3.185,False,A,GLU181,O,47.377,7.467,-13.404,A,HOH958,O,45.681,8.826,-11.076
Thermal Noise,RED,3.223,3.815,False,A,GLU181,OE1,53.254,8.011,-13.136,A,SER186,OG,50.938,10.304,-11.153
Phase Boundary,YELLOW,4.634,3.268,False,A,GLU181,OE1,53.254,8.011,-13.136,A,GLY188,N,53.79,10.546,-15.127
Bound Backbone,BLUE,5.277,2.898,False,A,GLU181,OE1,53.254,8.011,-13.136,A,TYR268,OH,55.847,7.505,-11.944
Phase Boundary,YELLOW,4.206,3.247,False,A,GLU181,OE2,53.612,6.072,-14.138,A,TYR192,OH,51.503,3.997,-15.475
Phase Boundary,YELLOW,4.245,3.444,False,A,GLU181,OE2,53.612,6.072,-14.138,A,TYR268,OH,55.847,7.505,-11.944
Thermal Noise,RED,3.672,3.446,False,A,GLY182,N,47.701,5.321,-14.007,A,MET183,N,44.6,6.089,-12.715
Thermal Noise,RED,4.032,3.748,False,A,GLY182,N,47.701,5.321,-14.007,A,GLN184,NE2,45.634,6.1,-17.035
Phase Boundary,YELLOW,4.769,3.643,False,A,GLY182,N,47.701,5.321,-14.007,A,HOH952,O,48.543,4.66,-17.489
Bound Backbone,BLUE,11.713,2.256,False,A,GLY182,O,44.849,5.036,-14.695,A,MET183,N,44.6,6.089,-12.715
Phase Boundary,YELLOW,4.259,3.074,False,A,GLY182,O,44.849,5.036,-14.695,A,GLN184,N,44.586,8.085,-14.406
Bound Backbone,BLUE,8.212,2.688,False,A,GLY182,O,44.849,5.036,-14.695,A,GLN184,NE2,45.634,6.1,-17.035
Thermal Noise,RED,3.489,3.977,False,A,GLY182,O,44.849,5.036,-14.695,A,PRO285,O,45.633,2.633,-11.624
Bound Backbone,BLUE,7.403,2.616,False,A,MET183,N,44.6,6.089,-12.715,A,GLN184,N,44.586,8.085,-14.406
Thermal Noise,RED,2.968,3.768,False,A,MET183,N,44.6,6.089,-12.715,A,PRO285,O,45.633,2.633,-11.624
Bound Backbone,BLUE,6.303,3.118,False,A,MET183,N,44.6,6.089,-12.715,A,THR289,OG1,45.249,4.999,-9.867
Thermal Noise,RED,4.059,3.368,False,A,MET183,N,44.6,6.089,-12.715,A,HOH958,O,45.681,8.826,-11.076
Bound Backbone,BLUE,7.744,2.281,False,A,MET183,O,42.362,8.533,-14.166,A,GLN184,N,44.586,8.085,-14.406
Thermal Noise,RED,2.945,3.736,False,A,MET183,O,42.362,8.533,-14.166,A,CYS185,N,45.297,10.713,-13.399
Thermal Noise,RED,3.047,3.858,False,A,MET183,O,42.362,8.533,-14.166,A,CYS185,SG,42.669,11.95,-12.401
Phase Boundary,YELLOW,5.113,2.903,False,A,GLN184,N,44.586,8.085,-14.406,A,CYS185,N,45.297,10.713,-13.399
Phase Boundary,YELLOW,4.831,3.583,False,A,GLN184,N,44.586,8.085,-14.406,A,HOH958,O,45.681,8.826,-11.076
Bound Backbone,BLUE,12.127,2.242,False,A,GLN184,O,44.906,11.572,-15.433,A,CYS185,N,45.297,10.713,-13.399
Thermal Noise,RED,3.929,3.787,False,A,GLN184,O,44.906,11.572,-15.433,A,CYS185,SG,42.669,11.95,-12.401
Thermal Noise,RED,3.771,3.277,False,A,GLN184,NE2,45.634,6.1,-17.035,A,HOH952,O,48.543,4.66,-17.489
Bound Backbone,BLUE,5.88,2.719,False,A,CYS185,N,45.297,10.713,-13.399,A,SER186,N,47.702,11.492,-12.398
Bound Backbone,BLUE,6.054,3.017,False,A,CYS185,N,45.297,10.713,-13.399,A,HOH958,O,45.681,8.826,-11.076
Bound Backbone,BLUE,8.34,2.263,False,A,CYS185,O,46.956,13.498,-11.663,A,SER186,N,47.702,11.492,-12.398
Thermal Noise,RED,3.339,3.558,False,A,SER186,N,47.702,11.492,-12.398,A,CYS187,N,51.059,12.013,-13.457
Thermal Noise,RED,3.359,3.597,False,A,SER186,N,47.702,11.492,-12.398,A,HOH958,O,45.681,8.826,-11.076
Bound Backbone,BLUE,8.694,2.243,False,A,SER186,O,49.298,10.92,-14.315,A,CYS187,N,51.059,12.013,-13.457
Phase Boundary,YELLOW,4.106,3.534,False,A,SER186,O,49.298,10.92,-14.315,A,CYS187,SG,50.403,13.317,-16.665
Bound Backbone,BLUE,6.844,2.871,False,A,SER186,OG,50.938,10.304,-11.153,A,CYS187,N,51.059,12.013,-13.457
Phase Boundary,YELLOW,4.216,3.661,False,A,SER186,OG,50.938,10.304,-11.153,A,LYS296,NZ,51.283,12.449,-8.206
Thermal Noise,RED,3.69,3.521,False,A,CYS187,N,51.059,12.013,-13.457,A,GLY188,N,53.79,10.546,-15.127
Bound Backbone,BLUE,10.626,2.243,False,A,CYS187,O,53.918,12.083,-13.499,A,GLY188,N,53.79,10.546,-15.127
Thermal Noise,RED,3.146,3.635,False,A,GLY188,N,53.79,10.546,-15.127,A,ILE189,N,56.99,9.074,-16.025
Bound Backbone,BLUE,9.302,2.266,False,A,GLY188,O,55.407,10.107,-17.275,A,ILE189,N,56.99,9.074,-16.025
Thermal Noise,RED,3.024,3.638,False,A,GLY188,O,55.407,10.107,-17.275,A,ILE189,O,56.556,6.656,-17.357
Thermal Noise,RED,3.417,3.716,False,A,GLY188,O,55.407,10.107,-17.275,A,ASP190,N,57.308,7.595,-19.246
Phase Boundary,YELLOW,4.808,3.559,False,A,ILE189,N,56.99,9.074,-16.025,A,ASP190,N,57.308,7.595,-19.246
Thermal Noise,RED,3.646,3.724,False,A,ILE189,N,56.99,9.074,-16.025,A,TYR191,OH,57.706,6.314,-13.63
Bound Backbone,BLUE,11.592,2.24,False,A,ILE189,O,56.556,6.656,-17.357,A,ASP190,N,57.308,7.595,-19.246
Phase Boundary,YELLOW,5.072,3.161,False,A,ILE189,O,56.556,6.656,-17.357,A,TYR191,N,56.78,4.255,-19.4
Phase Boundary,YELLOW,4.116,3.915,False,A,ILE189,O,56.556,6.656,-17.357,A,TYR191,OH,57.706,6.314,-13.63
Thermal Noise,RED,3.497,3.385,False,A,ASP190,N,57.308,7.595,-19.246,A,TYR191,N,56.78,4.255,-19.4
Bound Backbone,BLUE,8.885,2.269,False,A,ASP190,O,58.576,5.131,-20.474,A,TYR191,N,56.78,4.255,-19.4
Phase Boundary,YELLOW,5.02,3.308,False,A,ASP190,O,58.576,5.131,-20.474,A,ASN200,ND2,59.308,7.132,-23.004
Bound Backbone,BLUE,5.834,3.121,False,A,ASP190,OD1,55.226,5.201,-21.936,A,TYR191,N,56.78,4.255,-19.4
Phase Boundary,YELLOW,4.752,3.131,False,A,ASP190,OD1,55.226,5.201,-21.936,A,TYR192,N,55.194,2.504,-20.346
Phase Boundary,YELLOW,4.561,3.133,False,A,ASP190,OD1,55.226,5.201,-21.936,A,THR193,N,54.762,2.414,-23.291
Thermal Noise,RED,3.273,3.978,False,A,ASP190,OD1,55.226,5.201,-21.936,A,THR193,O,57.177,3.032,-24.64
Bound Backbone,BLUE,5.442,3.441,False,A,ASP190,OD1,55.226,5.201,-21.936,A,THR193,OG1,54.847,4.621,-25.307
Bound Backbone,BLUE,6.197,2.851,False,A,ASP190,OD2,55.375,6.754,-23.491,A,THR193,OG1,54.847,4.621,-25.307
Thermal Noise,RED,2.549,3.981,False,A,ASP190,OD2,55.375,6.754,-23.491,A,ASN200,ND2,59.308,7.132,-23.004
Thermal Noise,RED,3.235,3.73,False,A,ASP190,OD2,55.375,6.754,-23.491,A,ASN200,OD1,58.696,7.149,-25.143
Bound Backbone,BLUE,6.723,2.545,False,A,TYR191,N,56.78,4.255,-19.4,A,TYR192,N,55.194,2.504,-20.346
Bound Backbone,BLUE,7.879,2.255,False,A,TYR191,O,56.666,0.798,-20.268,A,TYR192,N,55.194,2.504,-20.346
Thermal Noise,RED,3.487,3.869,False,A,TYR191,O,56.666,0.798,-20.268,A,TYR192,O,53.908,0.348,-22.944
Thermal Noise,RED,3.587,3.921,False,A,TYR191,O,56.666,0.798,-20.268,A,THR193,N,54.762,2.414,-23.291
Thermal Noise,RED,2.846,3.998,False,A,TYR191,O,56.666,0.798,-20.268,A,ILE275,O,56.257,-2.721,-18.415
Thermal Noise,RED,3.826,3.841,False,A,TYR191,O,56.666,0.798,-20.268,A,PHE276,N,57.53,-1.321,-17.183
Bound Backbone,BLUE,5.774,3.15,False,A,TYR191,O,56.666,0.798,-20.268,A,GLN279,OE1,57.885,-0.51,-22.861
Bound Backbone,BLUE,6.402,2.778,False,A,TYR191,OH,57.706,6.314,-13.63,A,TYR268,OH,55.847,7.505,-11.944
Bound Backbone,BLUE,7.322,2.978,False,A,TYR192,N,55.194,2.504,-20.346,A,THR193,N,54.762,2.414,-23.291
Bound Backbone,BLUE,7.936,2.262,False,A,TYR192,O,53.908,0.348,-22.944,A,THR193,N,54.762,2.414,-23.291
Thermal Noise,RED,3.606,3.641,False,A,TYR192,OH,51.503,3.997,-15.475,A,HOH952,O,48.543,4.66,-17.489
Phase Boundary,YELLOW,4.256,3.664,False,A,THR193,N,54.762,2.414,-23.291,A,PRO194,N,56.686,1.58,-26.296
Bound Backbone,BLUE,10.554,2.256,False,A,THR193,O,57.177,3.032,-24.64,A,PRO194,N,56.686,1.58,-26.296
Phase Boundary,YELLOW,4.482,3.443,False,A,THR193,O,57.177,3.032,-24.64,A,PRO194,O,59.54,3.444,-27.11
Phase Boundary,YELLOW,5.236,3.516,False,A,THR193,O,57.177,3.032,-24.64,A,HIS195,N,57.476,3.562,-28.103
Thermal Noise,RED,3.076,3.689,False,A,THR193,OG1,54.847,4.621,-25.307,A,PRO194,N,56.686,1.58,-26.296
Thermal Noise,RED,3.317,3.981,False,A,THR193,OG1,54.847,4.621,-25.307,A,HIS195,N,57.476,3.562,-28.103
Bound Backbone,BLUE,6.48,2.796,False,A,PRO194,N,56.686,1.58,-26.296,A,HIS195,N,57.476,3.562,-28.103
Bound Backbone,BLUE,8.516,2.293,False,A,PRO194,O,59.54,3.444,-27.11,A,HIS195,N,57.476,3.562,-28.103
Phase Boundary,YELLOW,5.143,2.99,False,A,PRO194,O,59.54,3.444,-27.11,A,HIS195,O,59.703,6.056,-28.556
Bound Backbone,BLUE,7.454,2.92,False,A,PRO194,O,59.54,3.444,-27.11,A,GLU196,N,59.605,4.248,-29.916
Thermal Noise,RED,3.287,3.946,False,A,PRO194,O,59.54,3.444,-27.11,A,GLU201,N,62.498,3.416,-24.499
Bound Backbone,BLUE,6.045,2.879,False,A,HIS195,N,57.476,3.562,-28.103,A,GLU196,N,59.605,4.248,-29.916
Bound Backbone,BLUE,9.595,2.265,False,A,HIS195,O,59.703,6.056,-28.556,A,GLU196,N,59.605,4.248,-29.916
Thermal Noise,RED,3.42,3.789,False,A,HIS195,O,59.703,6.056,-28.556,A,GLU196,O,62.734,5.831,-30.819
Bound Backbone,BLUE,8.307,2.727,False,A,HIS195,O,59.703,6.056,-28.556,A,GLU197,N,60.611,6.56,-31.078
Thermal Noise,RED,3.559,3.419,False,A,HIS195,O,59.703,6.056,-28.556,A,THR198,N,61.323,8.944,-29.406
Phase Boundary,YELLOW,4.504,3.18,False,A,HIS195,O,59.703,6.056,-28.556,A,THR198,OG1,59.491,8.862,-27.075
Thermal Noise,RED,2.785,3.848,False,A,HIS195,O,59.703,6.056,-28.556,A,ASN199,N,62.875,8.066,-27.716
Thermal Noise,RED,3.566,3.929,False,A,HIS195,O,59.703,6.056,-28.556,A,ASN200,N,62.217,6.151,-25.538
Phase Boundary,YELLOW,4.433,3.723,False,A,HIS195,O,59.703,6.056,-28.556,A,ASN200,OD1,58.696,7.149,-25.143
Phase Boundary,YELLOW,4.861,3.037,False,A,HIS195,ND1,56.782,8.487,-28.396,A,THR198,OG1,59.491,8.862,-27.075
Thermal Noise,RED,2.823,3.974,False,A,HIS195,NE2,55.318,8.542,-29.958,A,HOH950,O,52.811,11.127,-31.639
Bound Backbone,BLUE,5.771,2.776,False,A,GLU196,N,59.605,4.248,-29.916,A,GLU197,N,60.611,6.56,-31.078
Bound Backbone,BLUE,7.904,2.26,False,A,GLU196,O,62.734,5.831,-30.819,A,GLU197,N,60.611,6.56,-31.078
Thermal Noise,RED,3.198,3.698,False,A,GLU196,O,62.734,5.831,-30.819,A,THR198,N,61.323,8.944,-29.406
Thermal Noise,RED,3.876,3.827,False,A,GLU196,O,62.734,5.831,-30.819,A,ASN199,N,62.875,8.066,-27.716
Thermal Noise,RED,3.154,3.653,False,A,GLU196,OE1,60.652,2.926,-34.895,A,GLU197,OE2,59.932,6.353,-35.936
Bound Backbone,BLUE,5.335,2.998,False,A,GLU197,N,60.611,6.56,-31.078,A,THR198,N,61.323,8.944,-29.406
Bound Backbone,BLUE,10.195,2.279,False,A,GLU197,O,60.254,10.133,-31.03,A,THR198,N,61.323,8.944,-29.406
Bound Backbone,BLUE,8.627,2.457,False,A,THR198,N,61.323,8.944,-29.406,A,ASN199,N,62.875,8.066,-27.716
Bound Backbone,BLUE,10.047,2.27,False,A,THR198,O,62.569,9.703,-26.173,A,ASN199,N,62.875,8.066,-27.716
Thermal Noise,RED,4.018,3.373,False,A,THR198,O,62.569,9.703,-26.173,A,ASN199,O,64.024,7.111,-24.579
Thermal Noise,RED,3.104,3.625,False,A,THR198,O,62.569,9.703,-26.173,A,ASN200,N,62.217,6.151,-25.538
Thermal Noise,RED,3.27,3.535,False,A,THR198,OG1,59.491,8.862,-27.075,A,ASN199,N,62.875,8.066,-27.716
Bound Backbone,BLUE,7.267,2.702,False,A,THR198,OG1,59.491,8.862,-27.075,A,ASN200,OD1,58.696,7.149,-25.143
Bound Backbone,BLUE,6.07,2.974,False,A,ASN199,N,62.875,8.066,-27.716,A,ASN200,N,62.217,6.151,-25.538
Bound Backbone,BLUE,8.735,2.26,False,A,ASN199,O,64.024,7.111,-24.579,A,ASN200,N,62.217,6.151,-25.538
Thermal Noise,RED,3.955,3.503,False,A,ASN199,O,64.024,7.111,-24.579,A,ASN200,O,62.799,4.529,-22.553
Thermal Noise,RED,2.504,3.999,False,A,ASN199,O,64.024,7.111,-24.579,A,GLU201,N,62.498,3.416,-24.499
Thermal Noise,RED,3.168,3.583,False,A,ASN199,O,64.024,7.111,-24.579,A,SER202,N,65.108,3.745,-23.999
Bound Backbone,BLUE,5.452,3.191,False,A,ASN199,O,64.024,7.111,-24.579,A,PHE203,N,65.729,6.07,-22.091
Phase Boundary,YELLOW,5.001,2.939,False,A,ASN200,N,62.217,6.151,-25.538,A,GLU201,N,62.498,3.416,-24.499
Bound Backbone,BLUE,11.506,2.262,False,A,ASN200,O,62.799,4.529,-22.553,A,GLU201,N,62.498,3.416,-24.499
Thermal Noise,RED,3.378,3.442,False,A,ASN200,O,62.799,4.529,-22.553,A,GLU201,O,65.134,2.0,-22.571
Bound Backbone,BLUE,5.804,2.835,False,A,ASN200,O,62.799,4.529,-22.553,A,SER202,N,65.108,3.745,-23.999
Thermal Noise,RED,3.625,3.343,False,A,ASN200,O,62.799,4.529,-22.553,A,PHE203,N,65.729,6.07,-22.091
Phase Boundary,YELLOW,4.911,3.463,False,A,ASN200,O,62.799,4.529,-22.553,A,VAL204,N,64.412,5.242,-19.573
Bound Backbone,BLUE,5.705,2.678,False,A,GLU201,N,62.498,3.416,-24.499,A,SER202,N,65.108,3.745,-23.999
Thermal Noise,RED,3.644,3.768,False,A,GLU201,N,62.498,3.416,-24.499,A,HOH974,O,65.267,3.409,-27.054
Bound Backbone,BLUE,9.879,2.255,False,A,GLU201,O,65.134,2.0,-22.571,A,SER202,N,65.108,3.745,-23.999
Thermal Noise,RED,3.495,3.512,False,A,GLU201,O,65.134,2.0,-22.571,A,SER202,O,67.217,4.549,-21.346
Thermal Noise,RED,2.599,3.946,False,A,GLU201,OE1,62.146,-1.046,-23.684,A,GLN279,NE2,58.577,-2.644,-23.153
Bound Backbone,BLUE,5.285,3.071,False,A,SER202,N,65.108,3.745,-23.999,A,PHE203,N,65.729,6.07,-22.091
Bound Backbone,BLUE,6.875,3.078,False,A,SER202,N,65.108,3.745,-23.999,A,HOH974,O,65.267,3.409,-27.054
Bound Backbone,BLUE,8.421,2.254,False,A,SER202,O,67.217,4.549,-21.346,A,PHE203,N,65.729,6.07,-22.091
Phase Boundary,YELLOW,4.511,3.521,False,A,SER202,O,67.217,4.549,-21.346,A,PHE203,O,66.064,6.372,-18.563
Phase Boundary,YELLOW,4.089,3.39,False,A,SER202,O,67.217,4.549,-21.346,A,VAL204,N,64.412,5.242,-19.573
Bound Backbone,BLUE,5.851,3.136,False,A,SER202,O,67.217,4.549,-21.346,A,ILE205,N,66.128,3.178,-18.744
Bound Backbone,BLUE,5.959,3.226,False,A,SER202,O,67.217,4.549,-21.346,A,TYR206,N,68.41,4.563,-18.349
Phase Boundary,YELLOW,4.808,3.29,False,A,SER202,OG,68.109,5.858,-24.353,A,PHE203,N,65.729,6.07,-22.091
Bound Backbone,BLUE,6.672,2.96,False,A,PHE203,N,65.729,6.07,-22.091,A,VAL204,N,64.412,5.242,-19.573
Bound Backbone,BLUE,8.991,2.242,False,A,PHE203,O,66.064,6.372,-18.563,A,VAL204,N,64.412,5.242,-19.573
Thermal Noise,RED,3.596,3.62,False,A,PHE203,O,66.064,6.372,-18.563,A,VAL204,O,65.335,3.386,-16.651
Thermal Noise,RED,3.917,3.2,False,A,PHE203,O,66.064,6.372,-18.563,A,ILE205,N,66.128,3.178,-18.744
Phase Boundary,YELLOW,4.551,2.97,False,A,PHE203,O,66.064,6.372,-18.563,A,TYR206,N,68.41,4.563,-18.349
Bound Backbone,BLUE,7.95,2.689,False,A,PHE203,O,66.064,6.372,-18.563,A,MET207,N,67.564,6.509,-16.335
Bound Backbone,BLUE,5.352,2.809,False,A,VAL204,N,64.412,5.242,-19.573,A,ILE205,N,66.128,3.178,-18.744
Bound Backbone,BLUE,12.29,2.248,False,A,VAL204,O,65.335,3.386,-16.651,A,ILE205,N,66.128,3.178,-18.744
Thermal Noise,RED,3.269,3.499,False,A,VAL204,O,65.335,3.386,-16.651,A,ILE205,O,68.826,3.152,-16.634
Thermal Noise,RED,3.306,3.705,False,A,VAL204,O,65.335,3.386,-16.651,A,TYR206,N,68.41,4.563,-18.349
Thermal Noise,RED,2.712,3.85,False,A,VAL204,O,65.335,3.386,-16.651,A,MET207,N,67.564,6.509,-16.335
Bound Backbone,BLUE,5.434,3.198,False,A,VAL204,O,65.335,3.386,-16.651,A,PHE208,N,66.816,4.722,-14.151
Bound Backbone,BLUE,5.571,2.698,False,A,ILE205,N,66.128,3.178,-18.744,A,TYR206,N,68.41,4.563,-18.349
Bound Backbone,BLUE,10.713,2.259,False,A,ILE205,O,68.826,3.152,-16.634,A,TYR206,N,68.41,4.563,-18.349
Phase Boundary,YELLOW,4.287,3.176,False,A,ILE205,O,68.826,3.152,-16.634,A,TYR206,O,69.598,6.018,-15.503
Thermal Noise,RED,3.104,3.599,False,A,ILE205,O,68.826,3.152,-16.634,A,MET207,N,67.564,6.509,-16.335
Phase Boundary,YELLOW,4.137,3.56,False,A,ILE205,O,68.826,3.152,-16.634,A,PHE208,N,66.816,4.722,-14.151
Bound Backbone,BLUE,7.087,3.014,False,A,ILE205,O,68.826,3.152,-16.634,A,VAL209,N,69.299,3.565,-13.686
Bound Backbone,BLUE,6.086,2.926,False,A,TYR206,N,68.41,4.563,-18.349,A,MET207,N,67.564,6.509,-16.335
Bound Backbone,BLUE,8.579,2.252,False,A,TYR206,O,69.598,6.018,-15.503,A,MET207,N,67.564,6.509,-16.335
Phase Boundary,YELLOW,4.946,3.369,False,A,TYR206,O,69.598,6.018,-15.503,A,MET207,O,67.584,6.346,-12.822
Thermal Noise,RED,3.926,3.354,False,A,TYR206,O,69.598,6.018,-15.503,A,PHE208,N,66.816,4.722,-14.151
Phase Boundary,YELLOW,5.204,3.067,False,A,TYR206,O,69.598,6.018,-15.503,A,VAL209,N,69.299,3.565,-13.686
Bound Backbone,BLUE,7.167,2.765,False,A,TYR206,O,69.598,6.018,-15.503,A,VAL210,N,71.349,5.635,-13.398
Thermal Noise,RED,3.933,3.973,False,A,TYR206,O,69.598,6.018,-15.503,A,HIS211,N,69.84,7.452,-11.806
Bound Backbone,BLUE,5.902,3.304,False,A,TYR206,OH,69.976,12.113,-16.919,A,HIS211,NE2,69.9,11.445,-13.684
Bound Backbone,BLUE,6.368,2.919,False,A,MET207,N,67.564,6.509,-16.335,A,PHE208,N,66.816,4.722,-14.151
Bound Backbone,BLUE,9.819,2.235,False,A,MET207,O,67.584,6.346,-12.822,A,PHE208,N,66.816,4.722,-14.151
Thermal Noise,RED,3.09,3.717,False,A,MET207,O,67.584,6.346,-12.822,A,PHE208,O,68.658,2.998,-11.615
Thermal Noise,RED,3.65,3.38,False,A,MET207,O,67.584,6.346,-12.822,A,VAL209,N,69.299,3.565,-13.686
Thermal Noise,RED,2.703,3.875,False,A,MET207,O,67.584,6.346,-12.822,A,VAL210,N,71.349,5.635,-13.398
Bound Backbone,BLUE,5.936,2.71,False,A,MET207,O,67.584,6.346,-12.822,A,HIS211,N,69.84,7.452,-11.806
Phase Boundary,YELLOW,4.652,3.651,False,A,MET207,O,67.584,6.346,-12.822,A,HIS211,O,67.112,7.609,-9.429
Phase Boundary,YELLOW,4.615,3.678,False,A,MET207,O,67.584,6.346,-12.822,A,PHE212,N,68.842,6.167,-9.37
Bound Backbone,BLUE,5.276,2.779,False,A,PHE208,N,66.816,4.722,-14.151,A,VAL209,N,69.299,3.565,-13.686
Bound Backbone,BLUE,12.302,2.241,False,A,PHE208,O,68.658,2.998,-11.615,A,VAL209,N,69.299,3.565,-13.686
Thermal Noise,RED,3.426,3.418,False,A,PHE208,O,68.658,2.998,-11.615,A,VAL209,O,71.776,4.397,-11.555
Thermal Noise,RED,3.209,3.888,False,A,PHE208,O,68.658,2.998,-11.615,A,PHE212,N,68.842,6.167,-9.37
Bound Backbone,BLUE,6.372,3.142,False,A,PHE208,O,68.658,2.998,-11.615,A,ILE213,N,69.608,3.301,-8.635
Phase Boundary,YELLOW,4.698,2.928,False,A,VAL209,N,69.299,3.565,-13.686,A,VAL210,N,71.349,5.635,-13.398
Bound Backbone,BLUE,11.14,2.261,False,A,VAL209,O,71.776,4.397,-11.555,A,VAL210,N,71.349,5.635,-13.398
Thermal Noise,RED,2.736,3.859,False,A,VAL209,O,71.776,4.397,-11.555,A,VAL210,O,71.762,8.201,-10.908
Thermal Noise,RED,3.054,3.625,False,A,VAL209,O,71.776,4.397,-11.555,A,HIS211,N,69.84,7.452,-11.806
Thermal Noise,RED,3.817,3.798,False,A,VAL209,O,71.776,4.397,-11.555,A,ILE213,N,69.608,3.301,-8.635
Bound Backbone,BLUE,6.094,3.219,False,A,VAL209,O,71.776,4.397,-11.555,A,ILE214,N,72.468,3.707,-8.488
Bound Backbone,BLUE,5.913,2.848,False,A,VAL210,N,71.349,5.635,-13.398,A,HIS211,N,69.84,7.452,-11.806
Bound Backbone,BLUE,8.708,2.25,False,A,VAL210,O,71.762,8.201,-10.908,A,HIS211,N,69.84,7.452,-11.806
Thermal Noise,RED,2.93,3.877,False,A,VAL210,O,71.762,8.201,-10.908,A,PHE212,N,68.842,6.167,-9.37
Bound Backbone,BLUE,6.716,2.929,False,A,HIS211,N,69.84,7.452,-11.806,A,PHE212,N,68.842,6.167,-9.37
Bound Backbone,BLUE,7.888,2.253,False,A,HIS211,O,67.112,7.609,-9.429,A,PHE212,N,68.842,6.167,-9.37
Phase Boundary,YELLOW,4.442,3.056,False,A,PHE212,N,68.842,6.167,-9.37,A,ILE213,N,69.608,3.301,-8.635
Bound Backbone,BLUE,12.008,2.245,False,A,PHE212,O,69.469,4.283,-6.621,A,ILE213,N,69.608,3.301,-8.635
Thermal Noise,RED,3.989,3.169,False,A,PHE212,O,69.469,4.283,-6.621,A,ILE213,O,72.192,2.667,-6.5
Thermal Noise,RED,3.665,3.579,False,A,PHE212,O,69.469,4.283,-6.621,A,ILE214,N,72.468,3.707,-8.488
Thermal Noise,RED,2.637,3.897,False,A,PHE212,O,69.469,4.283,-6.621,A,PRO215,N,72.85,6.217,-6.741
Bound Backbone,BLUE,5.285,3.117,False,A,PHE212,O,69.469,4.283,-6.621,A,LEU216,N,71.677,5.003,-4.542
Phase Boundary,YELLOW,4.792,2.892,False,A,ILE213,N,69.608,3.301,-8.635,A,ILE214,N,72.468,3.707,-8.488
Bound Backbone,BLUE,11.687,2.261,False,A,ILE213,O,72.192,2.667,-6.5,A,ILE214,N,72.468,3.707,-8.488
Phase Boundary,YELLOW,4.429,3.051,False,A,ILE213,O,72.192,2.667,-6.5,A,ILE214,O,74.313,4.757,-5.835
Thermal Noise,RED,3.065,3.618,False,A,ILE213,O,72.192,2.667,-6.5,A,PRO215,N,72.85,6.217,-6.741
Phase Boundary,YELLOW,5.257,3.091,False,A,ILE213,O,72.192,2.667,-6.5,A,LEU216,N,71.677,5.003,-4.542
Bound Backbone,BLUE,8.7,2.632,False,A,ILE213,O,72.192,2.667,-6.5,A,ILE217,N,73.365,2.883,-4.154
Phase Boundary,YELLOW,5.075,3.082,False,A,ILE214,N,72.468,3.707,-8.488,A,PRO215,N,72.85,6.217,-6.741
Bound Backbone,BLUE,8.664,2.257,False,A,ILE214,O,74.313,4.757,-5.835,A,PRO215,N,72.85,6.217,-6.741
Bound Backbone,BLUE,5.537,3.203,False,A,ILE214,O,74.313,4.757,-5.835,A,PRO215,O,73.09,6.171,-3.234
Phase Boundary,YELLOW,5.175,2.946,False,A,ILE214,O,74.313,4.757,-5.835,A,LEU216,N,71.677,5.003,-4.542
Bound Backbone,BLUE,6.905,2.69,False,A,ILE214,O,74.313,4.757,-5.835,A,ILE217,N,73.365,2.883,-4.154
Bound Backbone,BLUE,6.912,2.905,False,A,ILE214,O,74.313,4.757,-5.835,A,VAL218,N,75.718,4.123,-3.373
Bound Backbone,BLUE,7.292,2.772,False,A,PRO215,N,72.85,6.217,-6.741,A,LEU216,N,71.677,5.003,-4.542
Bound Backbone,BLUE,9.585,2.252,False,A,PRO215,O,73.09,6.171,-3.234,A,LEU216,N,71.677,5.003,-4.542
Thermal Noise,RED,2.959,3.788,False,A,PRO215,O,73.09,6.171,-3.234,A,LEU216,O,72.599,2.602,-2.064
Thermal Noise,RED,3.568,3.425,False,A,PRO215,O,73.09,6.171,-3.234,A,ILE217,N,73.365,2.883,-4.154
Thermal Noise,RED,3.603,3.335,False,A,PRO215,O,73.09,6.171,-3.234,A,VAL218,N,75.718,4.123,-3.373
Bound Backbone,BLUE,7.357,2.744,False,A,PRO215,O,73.09,6.171,-3.234,A,ILE219,N,74.714,5.582,-1.102
Bound Backbone,BLUE,5.408,2.738,False,A,LEU216,N,71.677,5.003,-4.542,A,ILE217,N,73.365,2.883,-4.154
Bound Backbone,BLUE,12.34,2.244,False,A,LEU216,O,72.599,2.602,-2.064,A,ILE217,N,73.365,2.883,-4.154
Thermal Noise,RED,3.755,3.267,False,A,LEU216,O,72.599,2.602,-2.064,A,ILE217,O,75.856,2.393,-1.921
Thermal Noise,RED,3.14,3.709,False,A,LEU216,O,72.599,2.602,-2.064,A,VAL218,N,75.718,4.123,-3.373
Thermal Noise,RED,2.918,3.779,False,A,LEU216,O,72.599,2.602,-2.064,A,ILE219,N,74.714,5.582,-1.102
Bound Backbone,BLUE,6.284,3.019,False,A,LEU216,O,72.599,2.602,-2.064,A,PHE220,N,74.117,3.397,0.422
Bound Backbone,BLUE,5.471,2.772,False,A,ILE217,N,73.365,2.883,-4.154,A,VAL218,N,75.718,4.123,-3.373
Bound Backbone,BLUE,9.864,2.263,False,A,ILE217,O,75.856,2.393,-1.921,A,VAL218,N,75.718,4.123,-3.373
Phase Boundary,YELLOW,4.385,3.27,False,A,ILE217,O,75.856,2.393,-1.921,A,VAL218,O,76.717,5.052,-0.224
Thermal Noise,RED,3.411,3.485,False,A,ILE217,O,75.856,2.393,-1.921,A,ILE219,N,74.714,5.582,-1.102
Bound Backbone,BLUE,5.745,3.086,False,A,ILE217,O,75.856,2.393,-1.921,A,PHE220,N,74.117,3.397,0.422
Bound Backbone,BLUE,8.752,2.694,False,A,ILE217,O,75.856,2.393,-1.921,A,PHE221,N,76.548,2.108,0.667
Bound Backbone,BLUE,6.734,2.88,False,A,VAL218,N,75.718,4.123,-3.373,A,ILE219,N,74.714,5.582,-1.102
Bound Backbone,BLUE,8.669,2.25,False,A,VAL218,O,76.717,5.052,-0.224,A,ILE219,N,74.714,5.582,-1.102
Phase Boundary,YELLOW,4.121,3.577,False,A,VAL218,O,76.717,5.052,-0.224,A,ILE219,O,74.221,4.633,2.304
Phase Boundary,YELLOW,4.144,3.149,False,A,VAL218,O,76.717,5.052,-0.224,A,PHE220,N,74.117,3.397,0.422
Phase Boundary,YELLOW,4.442,3.081,False,A,VAL218,O,76.717,5.052,-0.224,A,PHE221,N,76.548,2.108,0.667
Bound Backbone,BLUE,7.086,2.817,False,A,VAL218,O,76.717,5.052,-0.224,A,CYS222,N,78.012,3.954,2.024
Bound Backbone,BLUE,6.434,2.73,False,A,ILE219,N,74.714,5.582,-1.102,A,PHE220,N,74.117,3.397,0.422
Bound Backbone,BLUE,11.372,2.254,False,A,ILE219,O,74.221,4.633,2.304,A,PHE220,N,74.117,3.397,0.422
Thermal Noise,RED,2.562,3.954,False,A,ILE219,O,74.221,4.633,2.304,A,PHE220,O,75.778,1.002,2.469
Thermal Noise,RED,3.092,3.804,False,A,ILE219,O,74.221,4.633,2.304,A,PHE221,N,76.548,2.108,0.667
Thermal Noise,RED,2.693,3.861,False,A,ILE219,O,74.221,4.633,2.304,A,CYS222,N,78.012,3.954,2.024
Phase Boundary,YELLOW,4.883,3.216,False,A,ILE219,O,74.221,4.633,2.304,A,TYR223,N,76.621,4.064,4.368
Bound Backbone,BLUE,5.27,2.762,False,A,PHE220,N,74.117,3.397,0.422,A,PHE221,N,76.548,2.108,0.667
Bound Backbone,BLUE,11.13,2.25,False,A,PHE220,O,75.778,1.002,2.469,A,PHE221,N,76.548,2.108,0.667
Thermal Noise,RED,2.744,3.827,False,A,PHE220,O,75.778,1.002,2.469,A,PHE221,O,79.354,2.327,2.794
Thermal Noise,RED,2.905,3.729,False,A,PHE220,O,75.778,1.002,2.469,A,CYS222,N,78.012,3.954,2.024
Thermal Noise,RED,3.413,3.7,False,A,PHE220,O,75.778,1.002,2.469,A,TYR223,N,76.621,4.064,4.368
Bound Backbone,BLUE,6.059,3.106,False,A,PHE220,O,75.778,1.002,2.469,A,GLY224,N,77.309,1.573,5.11
Bound Backbone,BLUE,6.272,2.719,False,A,PHE221,N,76.548,2.108,0.667,A,CYS222,N,78.012,3.954,2.024
Bound Backbone,BLUE,8.533,2.245,False,A,PHE221,O,79.354,2.327,2.794,A,CYS222,N,78.012,3.954,2.024
Phase Boundary,YELLOW,4.815,3.372,False,A,PHE221,O,79.354,2.327,2.794,A,CYS222,O,78.614,4.389,5.357
Thermal Noise,RED,3.462,3.601,False,A,PHE221,O,79.354,2.327,2.794,A,TYR223,N,76.621,4.064,4.368
Bound Backbone,BLUE,5.292,3.18,False,A,PHE221,O,79.354,2.327,2.794,A,GLY224,N,77.309,1.573,5.11
Bound Backbone,BLUE,6.772,3.082,False,A,PHE221,O,79.354,2.327,2.794,A,GLN225,N,79.859,1.91,5.806
Thermal Noise,RED,2.92,3.861,False,A,PHE221,O,79.354,2.327,2.794,A,GLN225,OE1,82.491,0.592,4.229
Bound Backbone,BLUE,7.905,2.728,False,A,CYS222,N,78.012,3.954,2.024,A,TYR223,N,76.621,4.064,4.368
Thermal Noise,RED,3.537,3.961,False,A,CYS222,N,78.012,3.954,2.024,A,GLY224,N,77.309,1.573,5.11
Bound Backbone,BLUE,8.89,2.249,False,A,CYS222,O,78.614,4.389,5.357,A,TYR223,N,76.621,4.064,4.368
Thermal Noise,RED,3.658,3.585,False,A,CYS222,O,78.614,4.389,5.357,A,TYR223,O,76.714,2.0,7.238
Phase Boundary,YELLOW,4.145,3.114,False,A,CYS222,O,78.614,4.389,5.357,A,GLY224,N,77.309,1.573,5.11
Phase Boundary,YELLOW,5.15,2.81,False,A,CYS222,O,78.614,4.389,5.357,A,GLN225,N,79.859,1.91,5.806
Bound Backbone,BLUE,7.355,2.862,False,A,CYS222,O,78.614,4.389,5.357,A,LEU226,N,79.712,3.692,7.906
Thermal Noise,RED,2.98,3.667,False,A,CYS222,SG,78.028,7.446,4.194,A,TYR223,N,76.621,4.064,4.368
Bound Backbone,BLUE,5.804,2.689,False,A,TYR223,N,76.621,4.064,4.368,A,GLY224,N,77.309,1.573,5.11
Bound Backbone,BLUE,12.398,2.25,False,A,TYR223,O,76.714,2.0,7.238,A,GLY224,N,77.309,1.573,5.11
Thermal Noise,RED,2.715,3.851,False,A,TYR223,O,76.714,2.0,7.238,A,GLY224,O,79.928,-0.087,6.856
Thermal Noise,RED,3.715,3.457,False,A,TYR223,O,76.714,2.0,7.238,A,GLN225,N,79.859,1.91,5.806
Thermal Noise,RED,3.33,3.507,False,A,TYR223,O,76.714,2.0,7.238,A,LEU226,N,79.712,3.692,7.906
Thermal Noise,RED,3.546,3.887,False,A,TYR223,O,76.714,2.0,7.238,A,VAL227,N,79.373,2.025,10.073
Thermal Noise,RED,3.886,3.779,False,A,TYR223,OH,72.18,0.519,9.755,A,LYS231,O,74.451,1.187,12.701
Bound Backbone,BLUE,5.881,2.665,False,A,GLY224,N,77.309,1.573,5.11,A,GLN225,N,79.859,1.91,5.806
Bound Backbone,BLUE,8.936,2.257,False,A,GLY224,O,79.928,-0.087,6.856,A,GLN225,N,79.859,1.91,5.806
Thermal Noise,RED,3.162,3.81,False,A,GLY224,O,79.928,-0.087,6.856,A,GLN225,O,81.63,2.788,8.687
Thermal Noise,RED,3.778,3.732,False,A,GLY224,O,79.928,-0.087,6.856,A,GLN225,OE1,82.491,0.592,4.229
Thermal Noise,RED,2.712,3.928,False,A,GLY224,O,79.928,-0.087,6.856,A,LEU226,N,79.712,3.692,7.906
Thermal Noise,RED,3.8,3.888,False,A,GLY224,O,79.928,-0.087,6.856,A,VAL227,N,79.373,2.025,10.073
Bound Backbone,BLUE,7.202,2.758,False,A,GLN225,N,79.859,1.91,5.806,A,LEU226,N,79.712,3.692,7.906
Bound Backbone,BLUE,8.434,2.26,False,A,GLN225,O,81.63,2.788,8.687,A,LEU226,N,79.712,3.692,7.906
Bound Backbone,BLUE,6.115,2.756,False,A,GLN225,O,81.63,2.788,8.687,A,VAL227,N,79.373,2.025,10.073
Bound Backbone,BLUE,6.263,3.073,False,A,GLN225,O,81.63,2.788,8.687,A,PHE228,N,81.405,1.272,11.351
Bound Backbone,BLUE,7.349,2.755,False,A,LEU226,N,79.712,3.692,7.906,A,VAL227,N,79.373,2.025,10.073
Bound Backbone,BLUE,8.506,2.259,False,A,LEU226,O,77.851,3.477,10.896,A,VAL227,N,79.373,2.025,10.073
Phase Boundary,YELLOW,4.185,3.831,False,A,LEU226,O,77.851,3.477,10.896,A,VAL230,N,79.062,4.413,14.408
Bound Backbone,BLUE,9.142,2.489,False,A,LEU226,O,77.851,3.477,10.896,A,VAL230,O,76.393,3.308,12.906
Bound Backbone,BLUE,7.361,2.516,False,A,VAL227,N,79.373,2.025,10.073,A,PHE228,N,81.405,1.272,11.351
Bound Backbone,BLUE,9.787,2.26,False,A,VAL227,O,80.28,-0.086,12.764,A,PHE228,N,81.405,1.272,11.351
Thermal Noise,RED,3.723,3.505,False,A,VAL227,O,80.28,-0.086,12.764,A,PHE228,O,83.016,1.342,14.426
Thermal Noise,RED,3.595,3.377,False,A,VAL227,O,80.28,-0.086,12.764,A,THR229,N,81.708,2.902,13.423
Bound Backbone,BLUE,7.888,2.654,False,A,PHE228,N,81.405,1.272,11.351,A,THR229,N,81.708,2.902,13.423
Bound Backbone,BLUE,8.736,2.269,False,A,PHE228,O,83.016,1.342,14.426,A,THR229,N,81.708,2.902,13.423
Thermal Noise,RED,2.687,3.995,False,A,PHE228,O,83.016,1.342,14.426,A,THR229,O,79.494,2.667,15.769
Phase Boundary,YELLOW,4.138,3.202,False,A,THR229,N,81.708,2.902,13.423,A,VAL230,N,79.062,4.413,14.408
Bound Backbone,BLUE,9.689,2.256,False,A,THR229,O,79.494,2.667,15.769,A,VAL230,N,79.062,4.413,14.408
Phase Boundary,YELLOW,5.202,2.879,False,A,THR229,O,79.494,2.667,15.769,A,LYS231,N,76.856,2.099,14.766
Bound Backbone,BLUE,5.441,2.843,False,A,THR229,OG1,81.339,5.694,13.287,A,VAL230,N,79.062,4.413,14.408
Thermal Noise,RED,3.897,3.217,False,A,VAL230,N,79.062,4.413,14.408,A,LYS231,N,76.856,2.099,14.766
Bound Backbone,BLUE,11.133,2.266,False,A,VAL230,O,76.393,3.308,12.906,A,LYS231,N,76.856,2.099,14.766
Phase Boundary,YELLOW,4.83,2.883,False,A,VAL230,O,76.393,3.308,12.906,A,LYS231,O,74.451,1.187,12.701
Thermal Noise,RED,3.085,3.889,False,A,VAL230,O,76.393,3.308,12.906,A,GLU232,N,73.861,1.124,14.892
Thermal Noise,RED,4.032,3.152,False,A,LYS231,N,76.856,2.099,14.766,A,GLU232,N,73.861,1.124,14.892
Bound Backbone,BLUE,12.372,2.27,False,A,LYS231,O,74.451,1.187,12.701,A,GLU232,N,73.861,1.124,14.892
Bound Backbone,BLUE,7.74,2.659,False,A,GLU232,N,73.861,1.124,14.892,A,ALA233,N,72.578,2.284,16.911
Bound Backbone,BLUE,9.138,2.267,False,A,GLU232,O,70.674,2.618,15.726,A,ALA233,N,72.578,2.284,16.911
Thermal Noise,RED,3.337,3.626,False,A,GLU232,O,70.674,2.618,15.726,A,ALA233,O,72.947,5.066,17.135
Phase Boundary,YELLOW,4.254,3.631,False,A,GLU232,O,70.674,2.618,15.726,A,HOH972,O,68.515,3.071,18.61
Thermal Noise,RED,3.51,3.715,False,A,ALA233,N,72.578,2.284,16.911,A,ALA234,N,71.726,5.202,19.046
Bound Backbone,BLUE,11.245,2.272,False,A,ALA233,O,72.947,5.066,17.135,A,ALA234,N,71.726,5.202,19.046
Bound Backbone,BLUE,7.605,2.767,False,A,ALA234,N,71.726,5.202,19.046,A,ALA235,N,70.773,6.329,21.387
Thermal Noise,RED,2.682,3.878,False,A,ALA234,N,71.726,5.202,19.046,A,HOH972,O,68.515,3.071,18.61
Bound Backbone,BLUE,9.147,2.266,False,A,ALA234,O,70.2,8.174,20.202,A,ALA235,N,70.773,6.329,21.387
Phase Boundary,YELLOW,4.841,3.663,False,A,ALA234,O,70.2,8.174,20.202,A,ALA235,O,69.996,8.671,23.825
Thermal Noise,RED,2.944,3.842,False,A,ALA234,O,70.2,8.174,20.202,A,ARG252,NH1,67.026,6.532,18.791
Phase Boundary,YELLOW,4.449,3.162,False,A,SER240,N,72.103,18.005,20.168,A,ALA241,N,74.096,20.072,18.843
Thermal Noise,RED,3.572,3.94,False,A,SER240,N,72.103,18.005,20.168,A,THR242,OG1,73.387,20.121,23.233
Bound Backbone,BLUE,9.976,2.261,False,A,SER240,O,72.787,21.164,20.329,A,ALA241,N,74.096,20.072,18.843
Thermal Noise,RED,3.23,3.543,False,A,SER240,O,72.787,21.164,20.329,A,ALA241,O,76.124,22.241,20.837
Phase Boundary,YELLOW,4.636,3.019,False,A,SER240,O,72.787,21.164,20.329,A,THR242,N,75.468,20.103,21.224
Bound Backbone,BLUE,6.25,3.143,False,A,SER240,O,72.787,21.164,20.329,A,THR242,OG1,73.387,20.121,23.233
Thermal Noise,RED,3.937,3.419,False,A,SER240,O,72.787,21.164,20.329,A,THR335,N,73.081,24.139,21.988
Thermal Noise,RED,3.624,3.693,False,A,SER240,OG,70.456,20.23,20.989,A,THR242,OG1,73.387,20.121,23.233
Thermal Noise,RED,3.629,3.995,False,A,SER240,OG,70.456,20.23,20.989,A,SER334,N,71.709,22.01,24.339
Bound Backbone,BLUE,7.83,2.748,False,A,ALA241,N,74.096,20.072,18.843,A,THR242,N,75.468,20.103,21.224
Bound Backbone,BLUE,7.913,2.27,False,A,ALA241,O,76.124,22.241,20.837,A,THR242,N,75.468,20.103,21.224
Thermal Noise,RED,3.236,3.997,False,A,ALA241,O,76.124,22.241,20.837,A,THR242,O,78.02,19.994,23.545
Thermal Noise,RED,2.989,3.767,False,A,ALA241,O,76.124,22.241,20.837,A,THR335,N,73.081,24.139,21.988
Phase Boundary,YELLOW,4.909,3.043,False,A,THR242,N,75.468,20.103,21.224,A,THR243,N,77.248,18.075,22.631
Bound Backbone,BLUE,8.639,2.261,False,A,THR242,O,78.02,19.994,23.545,A,THR243,N,77.248,18.075,22.631
Phase Boundary,YELLOW,4.943,3.093,False,A,THR242,O,78.02,19.994,23.545,A,THR243,OG1,77.616,17.411,25.198
Bound Backbone,BLUE,5.799,2.758,False,A,THR242,OG1,73.387,20.121,23.233,A,SER334,N,71.709,22.01,24.339
Thermal Noise,RED,3.059,3.624,False,A,THR243,N,77.248,18.075,22.631,A,GLN244,N,79.262,15.076,22.337
Bound Backbone,BLUE,10.578,2.26,False,A,THR243,O,78.96,16.561,20.66,A,GLN244,N,79.262,15.076,22.337
Thermal Noise,RED,2.854,3.845,False,A,THR243,O,78.96,16.561,20.66,A,GLN244,O,78.784,12.888,19.536
Thermal Noise,RED,2.867,3.775,False,A,THR243,O,78.96,16.561,20.66,A,LYS245,N,77.433,13.177,21.344
Thermal Noise,RED,2.987,3.756,False,A,THR243,O,78.96,16.561,20.66,A,ALA246,N,75.91,14.655,19.576
Bound Backbone,BLUE,5.441,2.817,False,A,GLN244,N,79.262,15.076,22.337,A,LYS245,N,77.433,13.177,21.344
Bound Backbone,BLUE,10.835,2.275,False,A,GLN244,O,78.784,12.888,19.536,A,LYS245,N,77.433,13.177,21.344
Thermal Noise,RED,3.118,3.867,False,A,GLN244,O,78.784,12.888,19.536,A,LYS245,NZ,79.547,9.649,21.506
Thermal Noise,RED,3.516,3.374,False,A,GLN244,O,78.784,12.888,19.536,A,ALA246,N,75.91,14.655,19.576
Thermal Noise,RED,3.315,3.913,False,A,GLN244,O,78.784,12.888,19.536,A,GLU247,N,76.275,14.487,16.994
Bound Backbone,BLUE,6.613,2.762,False,A,LYS245,N,77.433,13.177,21.344,A,ALA246,N,75.91,14.655,19.576
Bound Backbone,BLUE,7.947,2.254,False,A,LYS245,O,74.133,13.294,19.841,A,ALA246,N,75.91,14.655,19.576
Thermal Noise,RED,3.791,3.902,False,A,LYS245,O,74.133,13.294,19.841,A,ALA246,O,74.281,15.445,16.589
Thermal Noise,RED,3.871,3.757,False,A,LYS245,O,74.133,13.294,19.841,A,GLU247,N,76.275,14.487,16.994
Thermal Noise,RED,3.895,3.871,False,A,LYS245,O,74.133,13.294,19.841,A,LYS248,N,75.607,11.876,16.554
Phase Boundary,YELLOW,4.697,3.543,False,A,LYS245,O,74.133,13.294,19.841,A,GLU249,N,72.919,11.976,16.784
Thermal Noise,RED,3.833,3.792,False,A,LYS245,NZ,79.547,9.649,21.506,A,LYS248,NZ,78.772,7.358,18.585
Bound Backbone,BLUE,9.503,2.613,False,A,ALA246,N,75.91,14.655,19.576,A,GLU247,N,76.275,14.487,16.994
Bound Backbone,BLUE,8.076,2.249,False,A,ALA246,O,74.281,15.445,16.589,A,GLU247,N,76.275,14.487,16.994
Thermal Noise,RED,3.204,3.878,False,A,ALA246,O,74.281,15.445,16.589,A,GLU247,O,75.145,12.368,14.392
Thermal Noise,RED,2.761,3.808,False,A,ALA246,O,74.281,15.445,16.589,A,LYS248,N,75.607,11.876,16.554
Thermal Noise,RED,2.879,3.732,False,A,ALA246,O,74.281,15.445,16.589,A,GLU249,N,72.919,11.976,16.784
Thermal Noise,RED,3.811,3.56,False,A,ALA246,O,74.281,15.445,16.589,A,VAL250,N,72.237,13.352,14.561
Bound Backbone,BLUE,5.455,2.731,False,A,GLU247,N,76.275,14.487,16.994,A,LYS248,N,75.607,11.876,16.554
Bound Backbone,BLUE,12.325,2.265,False,A,GLU247,O,75.145,12.368,14.392,A,LYS248,N,75.607,11.876,16.554
Thermal Noise,RED,3.178,3.709,False,A,GLU247,O,75.145,12.368,14.392,A,LYS248,O,72.718,9.946,15.807
Phase Boundary,YELLOW,4.937,3.291,False,A,GLU247,O,75.145,12.368,14.392,A,GLU249,N,72.919,11.976,16.784
Phase Boundary,YELLOW,4.242,3.075,False,A,GLU247,O,75.145,12.368,14.392,A,VAL250,N,72.237,13.352,14.561
Bound Backbone,BLUE,6.928,2.715,False,A,GLU247,O,75.145,12.368,14.392,A,THR251,N,73.215,11.698,12.604
Bound Backbone,BLUE,6.582,2.88,False,A,GLU247,O,75.145,12.368,14.392,A,THR251,OG1,75.797,10.602,12.212
Bound Backbone,BLUE,5.516,2.7,False,A,LYS248,N,75.607,11.876,16.554,A,GLU249,N,72.919,11.976,16.784
Bound Backbone,BLUE,8.752,2.262,False,A,LYS248,O,72.718,9.946,15.807,A,GLU249,N,72.919,11.976,16.784
Thermal Noise,RED,2.793,3.88,False,A,LYS248,O,72.718,9.946,15.807,A,GLU249,O,70.103,12.595,14.712
Thermal Noise,RED,3.211,3.659,False,A,LYS248,O,72.718,9.946,15.807,A,VAL250,N,72.237,13.352,14.561
Phase Boundary,YELLOW,4.366,3.685,False,A,LYS248,O,72.718,9.946,15.807,A,THR251,N,73.215,11.698,12.604
Bound Backbone,BLUE,7.237,2.912,False,A,LYS248,O,72.718,9.946,15.807,A,ARG252,N,71.733,9.309,13.142
Bound Backbone,BLUE,7.844,2.702,False,A,GLU249,N,72.919,11.976,16.784,A,VAL250,N,72.237,13.352,14.561
Bound Backbone,BLUE,7.793,2.269,False,A,GLU249,O,70.103,12.595,14.712,A,VAL250,N,72.237,13.352,14.561
Phase Boundary,YELLOW,4.653,3.644,False,A,GLU249,O,70.103,12.595,14.712,A,VAL250,O,71.48,12.401,11.344
Thermal Noise,RED,3.188,3.864,False,A,GLU249,O,70.103,12.595,14.712,A,THR251,N,73.215,11.698,12.604
Thermal Noise,RED,2.762,3.99,False,A,GLU249,O,70.103,12.595,14.712,A,ARG252,N,71.733,9.309,13.142
Phase Boundary,YELLOW,4.897,3.286,False,A,GLU249,O,70.103,12.595,14.712,A,MET253,N,69.39,10.395,12.378
Thermal Noise,RED,3.012,3.704,False,A,GLU249,OE1,70.122,16.199,17.058,A,MET309,O,66.676,15.129,16.221
Thermal Noise,RED,3.848,3.818,False,A,GLU249,OE1,70.122,16.199,17.058,A,ASN310,ND2,69.053,18.257,14.025
Bound Backbone,BLUE,5.336,3.201,False,A,GLU249,OE2,68.663,15.761,18.65,A,MET309,O,66.676,15.129,16.221
Thermal Noise,RED,3.388,3.487,False,A,GLU249,OE2,68.663,15.761,18.65,A,LYS311,N,66.606,18.475,17.902
Bound Backbone,BLUE,7.044,2.743,False,A,VAL250,N,72.237,13.352,14.561,A,THR251,N,73.215,11.698,12.604
Bound Backbone,BLUE,9.419,2.257,False,A,VAL250,O,71.48,12.401,11.344,A,THR251,N,73.215,11.698,12.604
Thermal Noise,RED,3.82,3.255,False,A,VAL250,O,71.48,12.401,11.344,A,THR251,O,71.661,9.18,10.913
Thermal Noise,RED,3.611,3.586,False,A,VAL250,O,71.48,12.401,11.344,A,ARG252,N,71.733,9.309,13.142
Phase Boundary,YELLOW,4.534,3.076,False,A,VAL250,O,71.48,12.401,11.344,A,MET253,N,69.39,10.395,12.378
Bound Backbone,BLUE,6.671,2.737,False,A,VAL250,O,71.48,12.401,11.344,A,VAL254,N,69.698,11.222,9.634
Phase Boundary,YELLOW,4.994,2.862,False,A,THR251,N,73.215,11.698,12.604,A,ARG252,N,71.733,9.309,13.142
Bound Backbone,BLUE,13.101,2.234,False,A,THR251,O,71.661,9.18,10.913,A,ARG252,N,71.733,9.309,13.142
Thermal Noise,RED,3.85,3.317,False,A,THR251,O,71.661,9.18,10.913,A,ARG252,O,68.61,8.352,11.917
Phase Boundary,YELLOW,5.267,2.963,False,A,THR251,O,71.661,9.18,10.913,A,MET253,N,69.39,10.395,12.378
Phase Boundary,YELLOW,4.59,3.108,False,A,THR251,O,71.661,9.18,10.913,A,VAL254,N,69.698,11.222,9.634
Bound Backbone,BLUE,6.689,2.869,False,A,THR251,O,71.661,9.18,10.913,A,ILE255,N,69.895,8.682,8.707
Bound Backbone,BLUE,5.801,2.693,False,A,ARG252,N,71.733,9.309,13.142,A,MET253,N,69.39,10.395,12.378
Bound Backbone,BLUE,8.229,2.235,False,A,ARG252,O,68.61,8.352,11.917,A,MET253,N,69.39,10.395,12.378
Phase Boundary,YELLOW,5.004,3.293,False,A,ARG252,O,68.61,8.352,11.917,A,MET253,O,67.643,10.313,9.455
Thermal Noise,RED,3.355,3.825,False,A,ARG252,O,68.61,8.352,11.917,A,VAL254,N,69.698,11.222,9.634
Phase Boundary,YELLOW,5.12,3.473,False,A,ARG252,O,68.61,8.352,11.917,A,ILE255,N,69.895,8.682,8.707
Bound Backbone,BLUE,5.43,3.353,False,A,ARG252,O,68.61,8.352,11.917,A,ILE256,N,67.346,7.751,8.87
Thermal Noise,RED,3.244,3.824,False,A,ARG252,NE,67.422,6.098,16.544,A,HOH972,O,68.515,3.071,18.61
Thermal Noise,RED,2.817,3.772,False,A,ARG252,NH1,67.026,6.532,18.791,A,HOH972,O,68.515,3.071,18.61
Thermal Noise,RED,3.953,3.254,False,A,ARG252,NH2,65.917,4.824,17.734,A,HOH972,O,68.515,3.071,18.61
Bound Backbone,BLUE,7.595,2.882,False,A,MET253,N,69.39,10.395,12.378,A,VAL254,N,69.698,11.222,9.634
Bound Backbone,BLUE,7.908,2.254,False,A,MET253,O,67.643,10.313,9.455,A,VAL254,N,69.698,11.222,9.634
Phase Boundary,YELLOW,4.354,3.598,False,A,MET253,O,67.643,10.313,9.455,A,VAL254,O,69.579,9.369,6.573
Phase Boundary,YELLOW,5.034,2.879,False,A,MET253,O,67.643,10.313,9.455,A,ILE255,N,69.895,8.682,8.707
Bound Backbone,BLUE,5.9,2.645,False,A,MET253,O,67.643,10.313,9.455,A,ILE256,N,67.346,7.751,8.87
Bound Backbone,BLUE,5.595,3.09,False,A,MET253,O,67.643,10.313,9.455,A,MET257,N,65.841,9.185,7.212
Bound Backbone,BLUE,5.85,2.711,False,A,VAL254,N,69.698,11.222,9.634,A,ILE255,N,69.895,8.682,8.707
Bound Backbone,BLUE,12.222,2.264,False,A,VAL254,O,69.579,9.369,6.573,A,ILE255,N,69.895,8.682,8.707
Thermal Noise,RED,3.917,3.589,False,A,VAL254,O,69.579,9.369,6.573,A,ILE256,N,67.346,7.751,8.87
Thermal Noise,RED,2.826,3.797,False,A,VAL254,O,69.579,9.369,6.573,A,MET257,N,65.841,9.185,7.212
Thermal Noise,RED,3.155,3.773,False,A,VAL254,O,69.579,9.369,6.573,A,VAL258,N,66.483,7.985,4.919
Bound Backbone,BLUE,5.427,2.719,False,A,ILE255,N,69.895,8.682,8.707,A,ILE256,N,67.346,7.751,8.87
Bound Backbone,BLUE,8.697,2.246,False,A,ILE255,O,67.864,5.748,7.995,A,ILE256,N,67.346,7.751,8.87
Thermal Noise,RED,3.609,3.869,False,A,ILE255,O,67.864,5.748,7.995,A,ILE259,N,65.276,5.542,5.127
Bound Backbone,BLUE,7.061,2.659,False,A,ILE256,N,67.346,7.751,8.87,A,MET257,N,65.841,9.185,7.212
Bound Backbone,BLUE,7.932,2.248,False,A,ILE256,O,64.335,7.52,7.094,A,MET257,N,65.841,9.185,7.212
Phase Boundary,YELLOW,4.382,3.711,False,A,ILE256,O,64.335,7.52,7.094,A,MET257,O,64.878,9.097,3.779
Bound Backbone,BLUE,5.504,3.092,False,A,ILE256,O,64.335,7.52,7.094,A,VAL258,N,66.483,7.985,4.919
Bound Backbone,BLUE,5.929,2.944,False,A,ILE256,O,64.335,7.52,7.094,A,ILE259,N,65.276,5.542,5.127
Bound Backbone,BLUE,6.442,2.837,False,A,ILE256,O,64.335,7.52,7.094,A,ALA260,N,62.617,6.354,5.161
Bound Backbone,BLUE,8.278,2.666,False,A,MET257,N,65.841,9.185,7.212,A,VAL258,N,66.483,7.985,4.919
Bound Backbone,BLUE,9.095,2.261,False,A,MET257,O,64.878,9.097,3.779,A,VAL258,N,66.483,7.985,4.919
Thermal Noise,RED,3.078,3.674,False,A,MET257,O,64.878,9.097,3.779,A,VAL258,O,65.084,5.541,2.879
Thermal Noise,RED,2.955,3.823,False,A,MET257,O,64.878,9.097,3.779,A,ILE259,N,65.276,5.542,5.127
Thermal Noise,RED,2.981,3.814,False,A,MET257,O,64.878,9.097,3.779,A,ALA260,N,62.617,6.354,5.161
Phase Boundary,YELLOW,4.313,3.163,False,A,MET257,O,64.878,9.097,3.779,A,PHE261,N,62.451,7.398,2.672
Bound Backbone,BLUE,5.378,2.733,False,A,VAL258,N,66.483,7.985,4.919,A,ILE259,N,65.276,5.542,5.127
Bound Backbone,BLUE,12.829,2.256,False,A,VAL258,O,65.084,5.541,2.879,A,ILE259,N,65.276,5.542,5.127
Thermal Noise,RED,3.694,3.44,False,A,VAL258,O,65.084,5.541,2.879,A,ILE259,O,62.116,4.398,4.191
Phase Boundary,YELLOW,4.276,3.458,False,A,VAL258,O,65.084,5.541,2.879,A,ALA260,N,62.617,6.354,5.161
Thermal Noise,RED,3.849,3.229,False,A,VAL258,O,65.084,5.541,2.879,A,PHE261,N,62.451,7.398,2.672
Bound Backbone,BLUE,5.389,3.02,False,A,VAL258,O,65.084,5.541,2.879,A,LEU262,N,62.702,5.117,1.072
Phase Boundary,YELLOW,5.177,2.78,False,A,ILE259,N,65.276,5.542,5.127,A,ALA260,N,62.617,6.354,5.161
Bound Backbone,BLUE,8.927,2.24,False,A,ILE259,O,62.116,4.398,4.191,A,ALA260,N,62.617,6.354,5.161
Phase Boundary,YELLOW,4.198,3.302,False,A,ILE259,O,62.116,4.398,4.191,A,ALA260,O,60.313,6.676,2.622
Thermal Noise,RED,3.955,3.379,False,A,ILE259,O,62.116,4.398,4.191,A,PHE261,N,62.451,7.398,2.672
Bound Backbone,BLUE,5.989,3.254,False,A,ILE259,O,62.116,4.398,4.191,A,LEU262,N,62.702,5.117,1.072
Bound Backbone,BLUE,5.598,3.147,False,A,ILE259,O,62.116,4.398,4.191,A,ILE263,N,60.351,3.507,1.743
Bound Backbone,BLUE,8.423,2.704,False,A,ALA260,N,62.617,6.354,5.161,A,PHE261,N,62.451,7.398,2.672
Bound Backbone,BLUE,7.858,2.257,False,A,ALA260,O,60.313,6.676,2.622,A,PHE261,N,62.451,7.398,2.672
Bound Backbone,BLUE,6.07,3.202,False,A,ALA260,O,60.313,6.676,2.622,A,PHE261,O,61.359,6.218,-0.37
Phase Boundary,YELLOW,4.348,3.247,False,A,ALA260,O,60.313,6.676,2.622,A,LEU262,N,62.702,5.117,1.072
Thermal Noise,RED,3.868,3.289,False,A,ALA260,O,60.313,6.676,2.622,A,ILE263,N,60.351,3.507,1.743
Bound Backbone,BLUE,5.904,2.942,False,A,ALA260,O,60.313,6.676,2.622,A,CYS264,N,58.556,5.332,0.683
Bound Backbone,BLUE,6.178,2.797,False,A,PHE261,N,62.451,7.398,2.672,A,LEU262,N,62.702,5.117,1.072
Thermal Noise,RED,2.953,3.844,False,A,PHE261,N,62.451,7.398,2.672,A,TYR301,OH,61.053,10.673,1.223
Bound Backbone,BLUE,9.894,2.257,False,A,PHE261,O,61.359,6.218,-0.37,A,LEU262,N,62.702,5.117,1.072
Phase Boundary,YELLOW,4.42,3.012,False,A,PHE261,O,61.359,6.218,-0.37,A,LEU262,O,60.292,3.406,-0.525
Thermal Noise,RED,3.81,3.582,False,A,PHE261,O,61.359,6.218,-0.37,A,ILE263,N,60.351,3.507,1.743
Phase Boundary,YELLOW,4.401,3.123,False,A,PHE261,O,61.359,6.218,-0.37,A,CYS264,N,58.556,5.332,0.683
Bound Backbone,BLUE,6.189,2.83,False,A,PHE261,O,61.359,6.218,-0.37,A,TRP265,N,59.174,5.737,-2.103
Phase Boundary,YELLOW,4.826,2.927,False,A,LEU262,N,62.702,5.117,1.072,A,ILE263,N,60.351,3.507,1.743
Bound Backbone,BLUE,12.684,2.271,False,A,LEU262,O,60.292,3.406,-0.525,A,ILE263,N,60.351,3.507,1.743
Thermal Noise,RED,3.591,3.436,False,A,LEU262,O,60.292,3.406,-0.525,A,ILE263,O,57.033,3.697,0.525
Bound Backbone,BLUE,5.446,2.86,False,A,LEU262,O,60.292,3.406,-0.525,A,CYS264,N,58.556,5.332,0.683
Phase Boundary,YELLOW,5.116,3.029,False,A,LEU262,O,60.292,3.406,-0.525,A,TRP265,N,59.174,5.737,-2.103
Bound Backbone,BLUE,9.358,2.627,False,A,LEU262,O,60.292,3.406,-0.525,A,LEU266,N,59.854,3.175,-3.105
Bound Backbone,BLUE,5.699,2.771,False,A,ILE263,N,60.351,3.507,1.743,A,CYS264,N,58.556,5.332,0.683
Bound Backbone,BLUE,8.001,2.24,False,A,ILE263,O,57.033,3.697,0.525,A,CYS264,N,58.556,5.332,0.683
Thermal Noise,RED,4.024,3.722,False,A,ILE263,O,57.033,3.697,0.525,A,CYS264,O,56.948,5.997,-2.4
Thermal Noise,RED,3.275,3.956,False,A,ILE263,O,57.033,3.697,0.525,A,TRP265,N,59.174,5.737,-2.103
Bound Backbone,BLUE,7.681,2.882,False,A,CYS264,N,58.556,5.332,0.683,A,TRP265,N,59.174,5.737,-2.103
Bound Backbone,BLUE,7.916,2.261,False,A,CYS264,O,56.948,5.997,-2.4,A,TRP265,N,59.174,5.737,-2.103
Phase Boundary,YELLOW,4.69,3.347,False,A,CYS264,SG,56.898,8.872,-0.22,A,ALA295,O,55.582,10.862,-2.568
Thermal Noise,RED,3.605,3.61,False,A,CYS264,SG,56.898,8.872,-0.22,A,THR297,OG1,54.088,10.127,1.667
Thermal Noise,RED,2.624,3.906,False,A,CYS264,SG,56.898,8.872,-0.22,A,SER298,N,55.781,12.614,-0.297
Bound Backbone,BLUE,5.38,2.834,False,A,TRP265,N,59.174,5.737,-2.103,A,LEU266,N,59.854,3.175,-3.105
Bound Backbone,BLUE,12.419,2.247,False,A,TRP265,O,59.796,3.915,-5.226,A,LEU266,N,59.854,3.175,-3.105
Thermal Noise,RED,3.859,3.222,False,A,TRP265,O,59.796,3.915,-5.226,A,LEU266,O,58.868,0.832,-5.346
Thermal Noise,RED,3.262,3.726,False,A,TRP265,O,59.796,3.915,-5.226,A,PRO267,N,57.638,1.393,-3.534
Thermal Noise,RED,3.076,3.624,False,A,TRP265,O,59.796,3.915,-5.226,A,TYR268,N,56.381,2.785,-5.663
Bound Backbone,BLUE,7.458,2.781,False,A,TRP265,O,59.796,3.915,-5.226,A,ALA269,N,58.585,2.961,-7.54
Phase Boundary,YELLOW,4.908,2.876,False,A,LEU266,N,59.854,3.175,-3.105,A,PRO267,N,57.638,1.393,-3.534
Bound Backbone,BLUE,11.031,2.261,False,A,LEU266,O,58.868,0.832,-5.346,A,PRO267,N,57.638,1.393,-3.534
Phase Boundary,YELLOW,4.341,3.15,False,A,LEU266,O,58.868,0.832,-5.346,A,PRO267,O,55.915,0.706,-6.434
Thermal Noise,RED,3.988,3.178,False,A,LEU266,O,58.868,0.832,-5.346,A,TYR268,N,56.381,2.785,-5.663
Bound Backbone,BLUE,5.625,3.07,False,A,LEU266,O,58.868,0.832,-5.346,A,ALA269,N,58.585,2.961,-7.54
Bound Backbone,BLUE,10.28,2.496,False,A,LEU266,O,58.868,0.832,-5.346,A,GLY270,N,59.034,0.267,-7.772
Bound Backbone,BLUE,6.752,2.837,False,A,PRO267,N,57.638,1.393,-3.534,A,TYR268,N,56.381,2.785,-5.663
Bound Backbone,BLUE,8.37,2.266,False,A,PRO267,O,55.915,0.706,-6.434,A,TYR268,N,56.381,2.785,-5.663
Phase Boundary,YELLOW,5.086,3.311,False,A,PRO267,O,55.915,0.706,-6.434,A,TYR268,O,56.977,2.456,-9.036
Thermal Noise,RED,3.151,3.666,False,A,PRO267,O,55.915,0.706,-6.434,A,ALA269,N,58.585,2.961,-7.54
Thermal Noise,RED,3.75,3.422,False,A,PRO267,O,55.915,0.706,-6.434,A,GLY270,N,59.034,0.267,-7.772
Bound Backbone,BLUE,6.642,2.916,False,A,PRO267,O,55.915,0.706,-6.434,A,VAL271,N,56.489,-0.93,-8.779
Bound Backbone,BLUE,6.026,2.9,False,A,TYR268,N,56.381,2.785,-5.663,A,ALA269,N,58.585,2.961,-7.54
Bound Backbone,BLUE,10.09,2.254,False,A,TYR268,O,56.977,2.456,-9.036,A,ALA269,N,58.585,2.961,-7.54
Thermal Noise,RED,3.623,3.392,False,A,TYR268,O,56.977,2.456,-9.036,A,ALA269,O,59.711,0.644,-9.899
Phase Boundary,YELLOW,4.129,3.259,False,A,TYR268,O,56.977,2.456,-9.036,A,GLY270,N,59.034,0.267,-7.772
Thermal Noise,RED,3.413,3.431,False,A,TYR268,O,56.977,2.456,-9.036,A,VAL271,N,56.489,-0.93,-8.779
Bound Backbone,BLUE,6.57,2.856,False,A,TYR268,O,56.977,2.456,-9.036,A,ALA272,N,56.544,0.552,-11.12
Bound Backbone,BLUE,5.351,2.741,False,A,ALA269,N,58.585,2.961,-7.54,A,GLY270,N,59.034,0.267,-7.772
Bound Backbone,BLUE,12.197,2.264,False,A,ALA269,O,59.711,0.644,-9.899,A,GLY270,N,59.034,0.267,-7.772
Thermal Noise,RED,3.983,3.172,False,A,ALA269,O,59.711,0.644,-9.899,A,GLY270,O,57.997,-2.021,-10.039
Thermal Noise,RED,2.996,3.757,False,A,ALA269,O,59.711,0.644,-9.899,A,VAL271,N,56.489,-0.93,-8.779
Thermal Noise,RED,3.757,3.395,False,A,ALA269,O,59.711,0.644,-9.899,A,ALA272,N,56.544,0.552,-11.12
Bound Backbone,BLUE,7.059,2.918,False,A,ALA269,O,59.711,0.644,-9.899,A,PHE273,N,58.788,-0.332,-12.489
Phase Boundary,YELLOW,4.809,2.987,False,A,GLY270,N,59.034,0.267,-7.772,A,VAL271,N,56.489,-0.93,-8.779
Bound Backbone,BLUE,9.506,2.248,False,A,GLY270,O,57.997,-2.021,-10.039,A,VAL271,N,56.489,-0.93,-8.779
Thermal Noise,RED,3.574,3.672,False,A,GLY270,O,57.997,-2.021,-10.039,A,VAL271,O,55.175,-0.927,-12.118
Phase Boundary,YELLOW,4.346,3.146,False,A,GLY270,O,57.997,-2.021,-10.039,A,ALA272,N,56.544,0.552,-11.12
Bound Backbone,BLUE,5.922,3.079,False,A,GLY270,O,57.997,-2.021,-10.039,A,PHE273,N,58.788,-0.332,-12.489
Bound Backbone,BLUE,6.505,3.13,False,A,GLY270,O,57.997,-2.021,-10.039,A,TYR274,N,58.019,-2.843,-13.059
Bound Backbone,BLUE,7.578,2.771,False,A,VAL271,N,56.489,-0.93,-8.779,A,ALA272,N,56.544,0.552,-11.12
Bound Backbone,BLUE,8.905,2.249,False,A,VAL271,O,55.175,-0.927,-12.118,A,ALA272,N,56.544,0.552,-11.12
Thermal Noise,RED,3.127,3.94,False,A,VAL271,O,55.175,-0.927,-12.118,A,ALA272,O,58.021,0.566,-14.397
Thermal Noise,RED,2.974,3.68,False,A,VAL271,O,55.175,-0.927,-12.118,A,PHE273,N,58.788,-0.332,-12.489
Thermal Noise,RED,3.306,3.556,False,A,VAL271,O,55.175,-0.927,-12.118,A,TYR274,N,58.019,-2.843,-13.059
Phase Boundary,YELLOW,5.006,3.413,False,A,VAL271,O,55.175,-0.927,-12.118,A,ILE275,N,56.01,-2.533,-15.012
Bound Backbone,BLUE,6.01,2.773,False,A,ALA272,N,56.544,0.552,-11.12,A,PHE273,N,58.788,-0.332,-12.489
Bound Backbone,BLUE,11.605,2.244,False,A,ALA272,O,58.021,0.566,-14.397,A,PHE273,N,58.788,-0.332,-12.489
Thermal Noise,RED,2.998,3.675,False,A,ALA272,O,58.021,0.566,-14.397,A,PHE273,O,59.358,-2.821,-14.894
Thermal Noise,RED,3.238,3.662,False,A,ALA272,O,58.021,0.566,-14.397,A,TYR274,N,58.019,-2.843,-13.059
Thermal Noise,RED,2.902,3.745,False,A,ALA272,O,58.021,0.566,-14.397,A,ILE275,N,56.01,-2.533,-15.012
Phase Boundary,YELLOW,4.939,3.401,False,A,ALA272,O,58.021,0.566,-14.397,A,PHE276,N,57.53,-1.321,-17.183
Bound Backbone,BLUE,5.701,2.687,False,A,PHE273,N,58.788,-0.332,-12.489,A,TYR274,N,58.019,-2.843,-13.059
Bound Backbone,BLUE,10.975,2.272,False,A,PHE273,O,59.358,-2.821,-14.894,A,TYR274,N,58.019,-2.843,-13.059
Phase Boundary,YELLOW,4.138,3.19,False,A,PHE273,O,59.358,-2.821,-14.894,A,TYR274,O,56.793,-4.482,-15.811
Thermal Noise,RED,3.543,3.362,False,A,PHE273,O,59.358,-2.821,-14.894,A,ILE275,N,56.01,-2.533,-15.012
Phase Boundary,YELLOW,4.832,3.291,False,A,PHE273,O,59.358,-2.821,-14.894,A,PHE276,N,57.53,-1.321,-17.183
Bound Backbone,BLUE,6.291,3.18,False,A,PHE273,O,59.358,-2.821,-14.894,A,THR277,N,58.913,-3.559,-17.955
Phase Boundary,YELLOW,4.862,2.998,False,A,PHE273,O,59.358,-2.821,-14.894,A,THR277,OG1,59.007,-5.572,-16.032
Bound Backbone,BLUE,6.575,2.819,False,A,TYR274,N,58.019,-2.843,-13.059,A,ILE275,N,56.01,-2.533,-15.012
Bound Backbone,BLUE,8.562,2.247,False,A,TYR274,O,56.793,-4.482,-15.811,A,ILE275,N,56.01,-2.533,-15.012
Bound Backbone,BLUE,5.605,3.189,False,A,TYR274,O,56.793,-4.482,-15.811,A,ILE275,O,56.257,-2.721,-18.415
Thermal Noise,RED,3.534,3.524,False,A,TYR274,O,56.793,-4.482,-15.811,A,PHE276,N,57.53,-1.321,-17.183
Phase Boundary,YELLOW,5.209,3.153,False,A,TYR274,O,56.793,-4.482,-15.811,A,THR277,N,58.913,-3.559,-17.955
Bound Backbone,BLUE,6.552,2.478,False,A,TYR274,O,56.793,-4.482,-15.811,A,THR277,OG1,59.007,-5.572,-16.032
Bound Backbone,BLUE,7.982,2.77,False,A,TYR274,O,56.793,-4.482,-15.811,A,HIS278,N,56.914,-5.609,-18.338
Thermal Noise,RED,3.415,3.523,False,A,TYR274,O,56.793,-4.482,-15.811,A,HIS278,ND1,57.08,-7.825,-16.884
Thermal Noise,RED,4.047,3.871,False,A,TYR274,OH,52.282,-7.89,-14.646,A,SER281,OG,50.636,-7.524,-18.131
Bound Backbone,BLUE,6.377,2.914,False,A,ILE275,N,56.01,-2.533,-15.012,A,PHE276,N,57.53,-1.321,-17.183
Bound Backbone,BLUE,9.337,2.258,False,A,ILE275,O,56.257,-2.721,-18.415,A,PHE276,N,57.53,-1.321,-17.183
Thermal Noise,RED,3.655,3.506,False,A,ILE275,O,56.257,-2.721,-18.415,A,PHE276,O,59.405,-2.607,-19.954
Phase Boundary,YELLOW,5.107,2.823,False,A,ILE275,O,56.257,-2.721,-18.415,A,THR277,N,58.913,-3.559,-17.955
Thermal Noise,RED,2.853,3.999,False,A,ILE275,O,56.257,-2.721,-18.415,A,THR277,O,58.035,-5.773,-20.29
Phase Boundary,YELLOW,4.561,2.963,False,A,ILE275,O,56.257,-2.721,-18.415,A,HIS278,N,56.914,-5.609,-18.338
Thermal Noise,RED,3.589,3.374,False,A,ILE275,O,56.257,-2.721,-18.415,A,HIS278,O,53.697,-4.832,-19.028
Bound Backbone,BLUE,5.818,3.035,False,A,ILE275,O,56.257,-2.721,-18.415,A,GLN279,N,55.255,-4.537,-20.631
Bound Backbone,BLUE,5.592,2.742,False,A,PHE276,N,57.53,-1.321,-17.183,A,THR277,N,58.913,-3.559,-17.955
Bound Backbone,BLUE,11.625,2.268,False,A,PHE276,O,59.405,-2.607,-19.954,A,THR277,N,58.913,-3.559,-17.955
Thermal Noise,RED,3.351,3.466,False,A,PHE276,O,59.405,-2.607,-19.954,A,THR277,O,58.035,-5.773,-20.29
Bound Backbone,BLUE,5.85,3.305,False,A,PHE276,O,59.405,-2.607,-19.954,A,GLN279,NE2,58.577,-2.644,-23.153
Thermal Noise,RED,3.577,3.893,False,A,PHE276,O,59.405,-2.607,-19.954,A,GLN279,OE1,57.885,-0.51,-22.861
Phase Boundary,YELLOW,4.849,2.889,False,A,THR277,N,58.913,-3.559,-17.955,A,HIS278,N,56.914,-5.609,-18.338
Bound Backbone,BLUE,11.596,2.257,False,A,THR277,O,58.035,-5.773,-20.29,A,HIS278,N,56.914,-5.609,-18.338
Phase Boundary,YELLOW,4.304,3.061,False,A,THR277,O,58.035,-5.773,-20.29,A,GLN279,N,55.255,-4.537,-20.631
Bound Backbone,BLUE,5.925,2.897,False,A,THR277,O,58.035,-5.773,-20.29,A,HOH964,O,60.297,-6.045,-22.08
Bound Backbone,BLUE,5.565,3.114,False,A,THR277,OG1,59.007,-5.572,-16.032,A,HIS278,N,56.914,-5.609,-18.338
Phase Boundary,YELLOW,4.41,3.085,False,A,THR277,OG1,59.007,-5.572,-16.032,A,HIS278,ND1,57.08,-7.825,-16.884
Bound Backbone,BLUE,5.965,3.026,False,A,HIS278,N,56.914,-5.609,-18.338,A,GLN279,N,55.255,-4.537,-20.631
Bound Backbone,BLUE,10.404,2.255,False,A,HIS278,O,53.697,-4.832,-19.028,A,GLN279,N,55.255,-4.537,-20.631
Phase Boundary,YELLOW,5.147,3.547,False,A,HIS278,O,53.697,-4.832,-19.028,A,GLN279,O,53.449,-5.374,-22.525
Thermal Noise,RED,3.89,3.89,False,A,HIS278,O,53.697,-4.832,-19.028,A,GLY280,N,52.232,-3.492,-22.373
Thermal Noise,RED,3.786,3.599,False,A,HIS278,O,53.697,-4.832,-19.028,A,SER281,N,50.874,-5.462,-21.169
Bound Backbone,BLUE,5.604,3.308,False,A,HIS278,NE2,56.458,-9.485,-15.68,A,HOH959,O,56.778,-10.786,-12.656
Thermal Noise,RED,3.456,3.642,False,A,GLN279,N,55.255,-4.537,-20.631,A,GLY280,N,52.232,-3.492,-22.373
Bound Backbone,BLUE,7.954,2.246,False,A,GLN279,O,53.449,-5.374,-22.525,A,GLY280,N,52.232,-3.492,-22.373
Bound Backbone,BLUE,5.373,2.912,False,A,GLN279,O,53.449,-5.374,-22.525,A,SER281,N,50.874,-5.462,-21.169
Thermal Noise,RED,2.672,3.959,False,A,GLN279,NE2,58.577,-2.644,-23.153,A,HOH964,O,60.297,-6.045,-22.08
Bound Backbone,BLUE,6.295,2.679,False,A,GLY280,N,52.232,-3.492,-22.373,A,SER281,N,50.874,-5.462,-21.169
Bound Backbone,BLUE,10.484,2.253,False,A,GLY280,O,49.32,-5.648,-22.789,A,SER281,N,50.874,-5.462,-21.169
Bound Backbone,BLUE,6.052,3.203,False,A,GLY280,O,49.32,-5.648,-22.789,A,SER281,O,48.687,-4.665,-19.807
Ligand Fluctuation Noise,RED,3.468,3.821,True,A,GLY280,O,49.32,-5.648,-22.789,D,NAG1,N2,48.331,-8.394,-25.255
Ligand Fluctuation Noise,RED,2.652,3.972,True,A,GLY280,O,49.32,-5.648,-22.789,D,NAG1,O5,47.423,-8.973,-21.73
Ligand Bound Core,BLUE,7.878,2.837,True,A,GLY280,O,49.32,-5.648,-22.789,D,NAG1,O7,48.723,-6.192,-25.509
Phase Boundary,YELLOW,4.818,3.184,False,A,GLY280,O,49.32,-5.648,-22.789,A,HOH953,O,48.02,-3.426,-24.662
Thermal Noise,RED,3.676,3.644,False,A,SER281,N,50.874,-5.462,-21.169,A,ASP282,N,48.216,-6.738,-19.028
Bound Backbone,BLUE,8.395,2.264,False,A,SER281,O,48.687,-4.665,-19.807,A,ASP282,N,48.216,-6.738,-19.028
Phase Boundary,YELLOW,4.916,3.466,False,A,SER281,O,48.687,-4.665,-19.807,A,PHE283,N,46.948,-4.606,-16.809
Bound Backbone,BLUE,5.885,2.698,False,A,SER281,OG,50.636,-7.524,-18.131,A,ASP282,N,48.216,-6.738,-19.028
Ligand Fluctuation Noise,RED,3.526,3.485,True,A,SER281,OG,50.636,-7.524,-18.131,D,NAG1,O6,48.068,-9.577,-19.287
Phase Boundary,YELLOW,4.635,3.328,False,A,ASP282,N,48.216,-6.738,-19.028,A,PHE283,N,46.948,-4.606,-16.809
Ligand Boundary Hotspot,ORANGE,4.209,3.595,True,A,ASP282,N,48.216,-6.738,-19.028,D,NAG1,O5,47.423,-8.973,-21.73
Ligand Boundary Hotspot,ORANGE,4.937,2.855,True,A,ASP282,N,48.216,-6.738,-19.028,D,NAG1,O6,48.068,-9.577,-19.287
Bound Backbone,BLUE,8.374,2.255,False,A,ASP282,O,47.087,-6.74,-16.093,A,PHE283,N,46.948,-4.606,-16.809
Thermal Noise,RED,3.909,3.429,False,A,ASP282,OD1,44.199,-5.813,-18.466,A,PHE283,N,46.948,-4.606,-16.809
Thermal Noise,RED,3.106,3.889,False,A,ASP282,OD1,44.199,-5.813,-18.466,A,PHE283,O,45.218,-2.658,-16.434
Phase Boundary,YELLOW,4.105,3.61,False,A,PHE283,N,46.948,-4.606,-16.809,A,GLY284,N,45.414,-2.661,-14.183
Bound Backbone,BLUE,12.79,2.26,False,A,PHE283,O,45.218,-2.658,-16.434,A,GLY284,N,45.414,-2.661,-14.183
Thermal Noise,RED,3.465,3.93,False,A,PHE283,O,45.218,-2.658,-16.434,A,GLY284,O,45.952,-0.065,-13.574
Thermal Noise,RED,3.68,3.332,False,A,PHE283,O,45.218,-2.658,-16.434,A,HOH967,O,41.942,-2.596,-17.04
Thermal Noise,RED,3.022,3.666,False,A,GLY284,N,45.414,-2.661,-14.183,A,PRO285,N,43.791,0.578,-13.625
Bound Backbone,BLUE,7.871,2.255,False,A,GLY284,O,45.952,-0.065,-13.574,A,PRO285,N,43.791,0.578,-13.625
Phase Boundary,YELLOW,4.353,3.344,False,A,GLY284,O,45.952,-0.065,-13.574,A,PRO285,O,45.633,2.633,-11.624
Thermal Noise,RED,3.999,3.644,False,A,GLY284,O,45.952,-0.065,-13.574,A,ILE286,N,43.883,1.41,-10.962
Phase Boundary,YELLOW,5.119,3.575,False,A,GLY284,O,45.952,-0.065,-13.574,A,PHE287,N,46.143,-0.01,-10.005
Bound Backbone,BLUE,8.11,2.791,False,A,PRO285,N,43.791,0.578,-13.625,A,ILE286,N,43.883,1.41,-10.962
Bound Backbone,BLUE,8.457,2.235,False,A,PRO285,O,45.633,2.633,-11.624,A,ILE286,N,43.883,1.41,-10.962
Bound Backbone,BLUE,5.613,3.328,False,A,PRO285,O,45.633,2.633,-11.624,A,ILE286,O,46.388,1.697,-8.521
Phase Boundary,YELLOW,4.742,3.141,False,A,PRO285,O,45.633,2.633,-11.624,A,PHE287,N,46.143,-0.01,-10.005
Thermal Noise,RED,3.551,3.48,False,A,PRO285,O,45.633,2.633,-11.624,A,MET288,N,48.709,1.525,-10.431
Phase Boundary,YELLOW,4.185,3.478,False,A,PRO285,O,45.633,2.633,-11.624,A,THR289,N,47.87,4.065,-9.378
Bound Backbone,BLUE,5.539,2.972,False,A,PRO285,O,45.633,2.633,-11.624,A,THR289,OG1,45.249,4.999,-9.867
Bound Backbone,BLUE,5.339,2.835,False,A,ILE286,N,43.883,1.41,-10.962,A,PHE287,N,46.143,-0.01,-10.005
Thermal Noise,RED,2.63,3.993,False,A,ILE286,N,43.883,1.41,-10.962,A,THR289,OG1,45.249,4.999,-9.867
Bound Backbone,BLUE,9.825,2.275,False,A,ILE286,O,46.388,1.697,-8.521,A,PHE287,N,46.143,-0.01,-10.005
Phase Boundary,YELLOW,4.52,2.976,False,A,ILE286,O,46.388,1.697,-8.521,A,PHE287,O,49.117,0.512,-8.445
Bound Backbone,BLUE,5.546,3.011,False,A,ILE286,O,46.388,1.697,-8.521,A,MET288,N,48.709,1.525,-10.431
Phase Boundary,YELLOW,4.944,2.922,False,A,ILE286,O,46.388,1.697,-8.521,A,THR289,N,47.87,4.065,-9.378
Thermal Noise,RED,3.091,3.743,False,A,ILE286,O,46.388,1.697,-8.521,A,THR289,OG1,45.249,4.999,-9.867
Phase Boundary,YELLOW,4.087,3.43,False,A,ILE286,O,46.388,1.697,-8.521,A,ILE290,N,47.823,4.143,-6.592
Phase Boundary,YELLOW,4.443,3.02,False,A,PHE287,N,46.143,-0.01,-10.005,A,MET288,N,48.709,1.525,-10.431
Bound Backbone,BLUE,11.598,2.266,False,A,PHE287,O,49.117,0.512,-8.445,A,MET288,N,48.709,1.525,-10.431
Thermal Noise,RED,2.757,3.879,False,A,PHE287,O,49.117,0.512,-8.445,A,THR289,N,47.87,4.065,-9.378
Phase Boundary,YELLOW,5.256,2.875,False,A,MET288,N,48.709,1.525,-10.431,A,THR289,N,47.87,4.065,-9.378
Bound Backbone,BLUE,8.129,2.253,False,A,MET288,O,50.009,4.567,-8.878,A,THR289,N,47.87,4.065,-9.378
Bound Backbone,BLUE,5.304,3.103,False,A,MET288,O,50.009,4.567,-8.878,A,THR289,O,48.453,6.306,-6.832
Phase Boundary,YELLOW,5.213,3.191,False,A,MET288,O,50.009,4.567,-8.878,A,ILE290,N,47.823,4.143,-6.592
Phase Boundary,YELLOW,4.96,3.566,False,A,MET288,O,50.009,4.567,-8.878,A,PRO291,N,50.706,3.719,-5.485
Bound Backbone,BLUE,5.318,3.121,False,A,MET288,O,50.009,4.567,-8.878,A,ALA292,N,51.918,5.827,-6.754
Bound Backbone,BLUE,8.425,2.787,False,A,THR289,N,47.87,4.065,-9.378,A,ILE290,N,47.823,4.143,-6.592
Bound Backbone,BLUE,7.852,2.266,False,A,THR289,O,48.453,6.306,-6.832,A,ILE290,N,47.823,4.143,-6.592
Phase Boundary,YELLOW,5.242,3.324,False,A,THR289,O,48.453,6.306,-6.832,A,ILE290,O,49.958,5.297,-4.045
Thermal Noise,RED,3.197,3.686,False,A,THR289,O,48.453,6.306,-6.832,A,PRO291,N,50.706,3.719,-5.485
Thermal Noise,RED,3.27,3.499,False,A,THR289,O,48.453,6.306,-6.832,A,ALA292,N,51.918,5.827,-6.754
Bound Backbone,BLUE,5.483,2.795,False,A,THR289,O,48.453,6.306,-6.832,A,PHE293,N,50.378,8.107,-5.903
Phase Boundary,YELLOW,4.449,3.117,False,A,ILE290,N,47.823,4.143,-6.592,A,PRO291,N,50.706,3.719,-5.485
Bound Backbone,BLUE,9.824,2.263,False,A,ILE290,O,49.958,5.297,-4.045,A,PRO291,N,50.706,3.719,-5.485
Thermal Noise,RED,3.69,3.354,False,A,ILE290,O,49.958,5.297,-4.045,A,PRO291,O,53.091,6.178,-4.855
Phase Boundary,YELLOW,4.915,3.385,False,A,ILE290,O,49.958,5.297,-4.045,A,ALA292,N,51.918,5.827,-6.754
Phase Boundary,YELLOW,4.135,3.395,False,A,ILE290,O,49.958,5.297,-4.045,A,PHE293,N,50.378,8.107,-5.903
Bound Backbone,BLUE,5.613,2.779,False,A,ILE290,O,49.958,5.297,-4.045,A,PHE294,N,50.623,7.801,-3.039
Bound Backbone,BLUE,6.044,2.743,False,A,PRO291,N,50.706,3.719,-5.485,A,ALA292,N,51.918,5.827,-6.754
Bound Backbone,BLUE,11.363,2.259,False,A,PRO291,O,53.091,6.178,-4.855,A,ALA292,N,51.918,5.827,-6.754
Phase Boundary,YELLOW,4.417,3.109,False,A,PRO291,O,53.091,6.178,-4.855,A,ALA292,O,52.444,9.047,-5.864
Thermal Noise,RED,3.474,3.49,False,A,PRO291,O,53.091,6.178,-4.855,A,PHE293,N,50.378,8.107,-5.903
Thermal Noise,RED,3.91,3.467,False,A,PRO291,O,53.091,6.178,-4.855,A,PHE294,N,50.623,7.801,-3.039
Bound Backbone,BLUE,6.713,2.812,False,A,PRO291,O,53.091,6.178,-4.855,A,ALA295,N,53.332,8.127,-2.843
Phase Boundary,YELLOW,5.093,2.88,False,A,ALA292,N,51.918,5.827,-6.754,A,PHE293,N,50.378,8.107,-5.903
Bound Backbone,BLUE,7.767,2.27,False,A,ALA292,O,52.444,9.047,-5.864,A,PHE293,N,50.378,8.107,-5.903
Phase Boundary,YELLOW,4.652,3.509,False,A,ALA292,O,52.444,9.047,-5.864,A,PHE293,O,50.716,10.04,-2.976
Phase Boundary,YELLOW,4.346,3.585,False,A,ALA292,O,52.444,9.047,-5.864,A,PHE294,N,50.623,7.801,-3.039
Bound Backbone,BLUE,5.726,3.28,False,A,ALA292,O,52.444,9.047,-5.864,A,ALA295,N,53.332,8.127,-2.843
Phase Boundary,YELLOW,5.097,3.315,False,A,ALA292,O,52.444,9.047,-5.864,A,LYS296,N,53.425,10.814,-3.236
Bound Backbone,BLUE,7.781,2.891,False,A,PHE293,N,50.378,8.107,-5.903,A,PHE294,N,50.623,7.801,-3.039
Bound Backbone,BLUE,7.967,2.242,False,A,PHE293,O,50.716,10.04,-2.976,A,PHE294,N,50.623,7.801,-3.039
Phase Boundary,YELLOW,5.006,3.198,False,A,PHE293,O,50.716,10.04,-2.976,A,PHE294,O,52.929,9.122,-0.858
Thermal Noise,RED,3.808,3.244,False,A,PHE293,O,50.716,10.04,-2.976,A,ALA295,N,53.332,8.127,-2.843
Phase Boundary,YELLOW,5.026,2.829,False,A,PHE293,O,50.716,10.04,-2.976,A,LYS296,N,53.425,10.814,-3.236
Thermal Noise,RED,3.062,3.969,False,A,PHE293,O,50.716,10.04,-2.976,A,THR297,N,53.405,11.896,-0.723
Bound Backbone,BLUE,5.365,2.736,False,A,PHE294,N,50.623,7.801,-3.039,A,ALA295,N,53.332,8.127,-2.843
Bound Backbone,BLUE,11.728,2.257,False,A,PHE294,O,52.929,9.122,-0.858,A,ALA295,N,53.332,8.127,-2.843
Thermal Noise,RED,3.522,3.604,False,A,PHE294,O,52.929,9.122,-0.858,A,ALA295,O,55.582,10.862,-2.568
Bound Backbone,BLUE,6.442,2.96,False,A,PHE294,O,52.929,9.122,-0.858,A,LYS296,N,53.425,10.814,-3.236
Phase Boundary,YELLOW,5.048,2.818,False,A,PHE294,O,52.929,9.122,-0.858,A,THR297,N,53.405,11.896,-0.723
Bound Backbone,BLUE,6.716,2.954,False,A,PHE294,O,52.929,9.122,-0.858,A,THR297,OG1,54.088,10.127,1.667
Bound Backbone,BLUE,5.493,2.717,False,A,ALA295,N,53.332,8.127,-2.843,A,LYS296,N,53.425,10.814,-3.236
Bound Backbone,BLUE,8.282,2.259,False,A,ALA295,O,55.582,10.862,-2.568,A,LYS296,N,53.425,10.814,-3.236
Bound Backbone,BLUE,5.366,3.035,False,A,ALA295,O,55.582,10.862,-2.568,A,THR297,N,53.405,11.896,-0.723
Bound Backbone,BLUE,6.763,2.875,False,A,ALA295,O,55.582,10.862,-2.568,A,SER298,N,55.781,12.614,-0.297
Bound Backbone,BLUE,5.41,2.725,False,A,ALA295,O,55.582,10.862,-2.568,A,SER298,OG,57.073,13.133,-2.779
Bound Backbone,BLUE,8.216,2.736,False,A,LYS296,N,53.425,10.814,-3.236,A,THR297,N,53.405,11.896,-0.723
Bound Backbone,BLUE,8.49,2.251,False,A,LYS296,O,53.267,14.006,-1.494,A,THR297,N,53.405,11.896,-0.723
Phase Boundary,YELLOW,4.518,3.113,False,A,LYS296,O,53.267,14.006,-1.494,A,SER298,N,55.781,12.614,-0.297
Thermal Noise,RED,3.642,3.401,False,A,LYS296,O,53.267,14.006,-1.494,A,ALA299,N,56.271,15.266,-0.518
Bound Backbone,BLUE,6.425,2.518,False,A,THR297,N,53.405,11.896,-0.723,A,SER298,N,55.781,12.614,-0.297
Bound Backbone,BLUE,12.47,2.239,False,A,THR297,O,55.44,13.295,1.809,A,SER298,N,55.781,12.614,-0.297
Thermal Noise,RED,3.189,3.727,False,A,THR297,O,55.44,13.295,1.809,A,SER298,O,58.37,15.018,0.28
Bound Backbone,BLUE,5.388,3.161,False,A,THR297,O,55.44,13.295,1.809,A,ALA299,N,56.271,15.266,-0.518
Phase Boundary,YELLOW,4.921,2.854,False,A,THR297,O,55.44,13.295,1.809,A,VAL300,N,55.823,16.12,1.933
Bound Backbone,BLUE,5.67,3.148,False,A,THR297,O,55.44,13.295,1.809,A,TYR301,N,56.846,14.578,4.316
Thermal Noise,RED,3.69,3.593,False,A,THR297,OG1,54.088,10.127,1.667,A,SER298,N,55.781,12.614,-0.297
Bound Backbone,BLUE,5.489,2.706,False,A,SER298,N,55.781,12.614,-0.297,A,ALA299,N,56.271,15.266,-0.518
Bound Backbone,BLUE,8.463,2.259,False,A,SER298,O,58.37,15.018,0.28,A,ALA299,N,56.271,15.266,-0.518
Phase Boundary,YELLOW,4.475,3.23,False,A,SER298,O,58.37,15.018,0.28,A,VAL300,N,55.823,16.12,1.933
Thermal Noise,RED,3.063,3.913,False,A,SER298,O,58.37,15.018,0.28,A,ASN302,ND2,61.683,14.576,2.315
Thermal Noise,RED,3.32,3.658,False,A,SER298,O,58.37,15.018,0.28,A,HOH971,O,61.524,16.074,-1.243
Phase Boundary,YELLOW,5.11,3.21,False,A,SER298,OG,57.073,13.133,-2.779,A,ALA299,N,56.271,15.266,-0.518
Bound Backbone,BLUE,8.948,2.634,False,A,ALA299,N,56.271,15.266,-0.518,A,VAL300,N,55.823,16.12,1.933
Bound Backbone,BLUE,8.123,2.258,False,A,ALA299,O,56.141,18.292,1.403,A,VAL300,N,55.823,16.12,1.933
Bound Backbone,BLUE,6.142,3.017,False,A,VAL300,N,55.823,16.12,1.933,A,TYR301,N,56.846,14.578,4.316
Bound Backbone,BLUE,9.553,2.235,False,A,VAL300,O,56.453,16.403,5.545,A,TYR301,N,56.846,14.578,4.316
Thermal Noise,RED,3.236,3.703,False,A,VAL300,O,56.453,16.403,5.545,A,TYR301,O,59.182,14.424,7.078
Thermal Noise,RED,3.084,3.63,False,A,VAL300,O,56.453,16.403,5.545,A,ASN302,N,59.737,14.963,4.98
Thermal Noise,RED,3.599,3.932,False,A,VAL300,O,56.453,16.403,5.545,A,VAL304,N,58.847,16.906,8.623
Phase Boundary,YELLOW,4.613,2.991,False,A,TYR301,N,56.846,14.578,4.316,A,ASN302,N,59.737,14.963,4.98
Bound Backbone,BLUE,12.487,2.236,False,A,TYR301,O,59.182,14.424,7.078,A,ASN302,N,59.737,14.963,4.98
Thermal Noise,RED,4.053,3.164,False,A,TYR301,O,59.182,14.424,7.078,A,ASN302,O,61.75,16.212,7.546
Thermal Noise,RED,3.558,3.395,False,A,TYR301,O,59.182,14.424,7.078,A,PRO303,N,60.34,17.545,6.413
Bound Backbone,BLUE,5.432,2.943,False,A,TYR301,O,59.182,14.424,7.078,A,VAL304,N,58.847,16.906,8.623
Bound Backbone,BLUE,6.576,3.072,False,A,TYR301,O,59.182,14.424,7.078,A,ILE305,N,60.195,14.913,9.937
Phase Boundary,YELLOW,5.039,3.014,False,A,ASN302,N,59.737,14.963,4.98,A,PRO303,N,60.34,17.545,6.413
Bound Backbone,BLUE,9.209,2.247,False,A,ASN302,O,61.75,16.212,7.546,A,PRO303,N,60.34,17.545,6.413
Thermal Noise,RED,3.848,3.634,False,A,ASN302,O,61.75,16.212,7.546,A,PRO303,O,60.005,18.349,9.911
Phase Boundary,YELLOW,4.266,3.173,False,A,ASN302,O,61.75,16.212,7.546,A,VAL304,N,58.847,16.906,8.623
Bound Backbone,BLUE,5.584,3.134,False,A,ASN302,O,61.75,16.212,7.546,A,ILE305,N,60.195,14.913,9.937
Bound Backbone,BLUE,6.632,3.102,False,A,ASN302,O,61.75,16.212,7.546,A,TYR306,N,62.544,16.3,10.543
Phase Boundary,YELLOW,4.127,3.864,False,A,ASN302,ND2,61.683,14.576,2.315,A,HOH971,O,61.524,16.074,-1.243
Bound Backbone,BLUE,7.52,2.743,False,A,PRO303,N,60.34,17.545,6.413,A,VAL304,N,58.847,16.906,8.623
Bound Backbone,BLUE,9.51,2.254,False,A,PRO303,O,60.005,18.349,9.911,A,VAL304,N,58.847,16.906,8.623
Thermal Noise,RED,3.904,3.495,False,A,PRO303,O,60.005,18.349,9.911,A,VAL304,O,59.155,15.553,11.828
Thermal Noise,RED,3.379,3.441,False,A,PRO303,O,60.005,18.349,9.911,A,ILE305,N,60.195,14.913,9.937
Thermal Noise,RED,3.707,3.323,False,A,PRO303,O,60.005,18.349,9.911,A,TYR306,N,62.544,16.3,10.543
Bound Backbone,BLUE,6.618,2.936,False,A,PRO303,O,60.005,18.349,9.911,A,ILE307,N,61.689,18.48,12.313
Bound Backbone,BLUE,6.103,2.741,False,A,VAL304,N,58.847,16.906,8.623,A,ILE305,N,60.195,14.913,9.937
Bound Backbone,BLUE,11.445,2.251,False,A,VAL304,O,59.155,15.553,11.828,A,ILE305,N,60.195,14.913,9.937
Thermal Noise,RED,3.306,3.515,False,A,VAL304,O,59.155,15.553,11.828,A,ILE305,O,62.585,15.121,12.465
Thermal Noise,RED,3.147,3.701,False,A,VAL304,O,59.155,15.553,11.828,A,TYR306,N,62.544,16.3,10.543
Thermal Noise,RED,2.655,3.902,False,A,VAL304,O,59.155,15.553,11.828,A,ILE307,N,61.689,18.48,12.313
Phase Boundary,YELLOW,4.333,3.519,False,A,VAL304,O,59.155,15.553,11.828,A,MET308,N,61.18,16.84,14.402
Phase Boundary,YELLOW,4.566,3.642,False,A,VAL304,O,59.155,15.553,11.828,A,MET308,SD,57.564,15.745,15.098
Bound Backbone,BLUE,5.278,2.794,False,A,ILE305,N,60.195,14.913,9.937,A,TYR306,N,62.544,16.3,10.543
Bound Backbone,BLUE,11.506,2.255,False,A,ILE305,O,62.585,15.121,12.465,A,TYR306,N,62.544,16.3,10.543
Phase Boundary,YELLOW,4.098,3.188,False,A,ILE305,O,62.585,15.121,12.465,A,TYR306,O,63.665,18.01,13.273
Thermal Noise,RED,3.309,3.48,False,A,ILE305,O,62.585,15.121,12.465,A,ILE307,N,61.689,18.48,12.313
Bound Backbone,BLUE,5.878,2.946,False,A,ILE305,O,62.585,15.121,12.465,A,MET308,N,61.18,16.84,14.402
Bound Backbone,BLUE,8.429,2.762,False,A,ILE305,O,62.585,15.121,12.465,A,MET309,N,63.184,15.112,15.161
Bound Backbone,BLUE,5.719,2.935,False,A,TYR306,N,62.544,16.3,10.543,A,ILE307,N,61.689,18.48,12.313
Bound Backbone,BLUE,8.851,2.247,False,A,TYR306,O,63.665,18.01,13.273,A,ILE307,N,61.689,18.48,12.313
Phase Boundary,YELLOW,4.955,2.97,False,A,TYR306,O,63.665,18.01,13.273,A,MET308,N,61.18,16.84,14.402
Thermal Noise,RED,3.892,3.492,False,A,TYR306,O,63.665,18.01,13.273,A,MET309,N,63.184,15.112,15.161
Bound Backbone,BLUE,5.82,3.021,False,A,TYR306,O,63.665,18.01,13.273,A,ASN310,N,65.379,16.789,15.441
Bound Backbone,BLUE,7.551,2.704,False,A,ILE307,N,61.689,18.48,12.313,A,MET308,N,61.18,16.84,14.402
Bound Backbone,BLUE,8.964,2.255,False,A,ILE307,O,59.873,18.346,15.454,A,MET308,N,61.18,16.84,14.402
Thermal Noise,RED,3.296,3.496,False,A,ILE307,O,59.873,18.346,15.454,A,MET308,SD,57.564,15.745,15.098
Bound Backbone,BLUE,5.537,2.753,False,A,MET308,N,61.18,16.84,14.402,A,MET309,N,63.184,15.112,15.161
Bound Backbone,BLUE,11.491,2.258,False,A,MET308,O,62.087,14.69,17.089,A,MET309,N,63.184,15.112,15.161
Phase Boundary,YELLOW,5.191,2.975,False,A,MET308,O,62.087,14.69,17.089,A,ARG314,NH1,62.517,17.26,18.525
Thermal Noise,RED,3.923,3.389,False,A,MET308,SD,57.564,15.745,15.098,B,ALA41,O,54.703,14.731,16.606
Phase Boundary,YELLOW,5.225,2.776,False,A,MET309,N,63.184,15.112,15.161,A,ASN310,N,65.379,16.789,15.441
Bound Backbone,BLUE,8.539,2.246,False,A,MET309,O,66.676,15.129,16.221,A,ASN310,N,65.379,16.789,15.441
Thermal Noise,RED,3.219,3.745,False,A,MET309,O,66.676,15.129,16.221,A,LYS311,N,66.606,18.475,17.902
Bound Backbone,BLUE,5.271,3.226,False,A,ASN310,N,65.379,16.789,15.441,A,LYS311,N,66.606,18.475,17.902
Bound Backbone,BLUE,9.847,2.264,False,A,ASN310,O,65.452,19.776,16.453,A,LYS311,N,66.606,18.475,17.902
Phase Boundary,YELLOW,4.539,3.569,False,A,ASN310,O,65.452,19.776,16.453,A,LYS311,O,65.956,21.667,19.438
Phase Boundary,YELLOW,5.233,2.999,False,A,ASN310,O,65.452,19.776,16.453,A,GLN312,N,67.625,21.112,18.03
Phase Boundary,YELLOW,4.294,3.102,False,A,ASN310,O,65.452,19.776,16.453,A,PHE313,N,66.588,22.576,15.752
Phase Boundary,YELLOW,4.458,3.002,False,A,ASN310,O,65.452,19.776,16.453,A,ARG314,N,63.803,22.274,16.229
Phase Boundary,YELLOW,4.101,3.948,False,A,ASN310,OD1,68.258,20.367,14.205,A,GLN312,N,67.625,21.112,18.03
Phase Boundary,YELLOW,4.579,3.172,False,A,ASN310,OD1,68.258,20.367,14.205,A,PHE313,N,66.588,22.576,15.752
Phase Boundary,YELLOW,5.004,2.83,False,A,LYS311,N,66.606,18.475,17.902,A,GLN312,N,67.625,21.112,18.03
Bound Backbone,BLUE,9.844,2.253,False,A,LYS311,O,65.956,21.667,19.438,A,GLN312,N,67.625,21.112,18.03
Phase Boundary,YELLOW,4.594,3.321,False,A,LYS311,O,65.956,21.667,19.438,A,GLN312,O,66.321,24.174,17.291
Phase Boundary,YELLOW,4.279,3.849,False,A,LYS311,O,65.956,21.667,19.438,A,PHE313,N,66.588,22.576,15.752
Thermal Noise,RED,3.736,3.912,False,A,LYS311,O,65.956,21.667,19.438,A,ARG314,N,63.803,22.274,16.229
Thermal Noise,RED,3.297,3.524,False,A,LYS311,O,65.956,21.667,19.438,A,ASN315,N,63.086,23.599,18.77
Bound Backbone,BLUE,6.937,2.886,False,A,LYS311,O,65.956,21.667,19.438,A,ASN315,OD1,64.728,22.672,21.849
Thermal Noise,RED,3.804,3.643,False,A,LYS311,NZ,65.596,20.014,24.184,A,ASN315,OD1,64.728,22.672,21.849
Bound Backbone,BLUE,6.629,2.9,False,A,GLN312,N,67.625,21.112,18.03,A,PHE313,N,66.588,22.576,15.752
Bound Backbone,BLUE,10.434,2.235,False,A,GLN312,O,66.321,24.174,17.291,A,PHE313,N,66.588,22.576,15.752
Thermal Noise,RED,3.959,3.52,False,A,GLN312,O,66.321,24.174,17.291,A,PHE313,O,63.494,24.256,15.196
Thermal Noise,RED,3.847,3.328,False,A,GLN312,O,66.321,24.174,17.291,A,ARG314,N,63.803,22.274,16.229
Thermal Noise,RED,3.413,3.603,False,A,GLN312,O,66.321,24.174,17.291,A,ASN315,N,63.086,23.599,18.77
Thermal Noise,RED,3.938,3.205,False,A,GLN312,O,66.321,24.174,17.291,A,CYS316,N,63.691,25.958,17.707
Thermal Noise,RED,3.368,3.525,False,A,GLN312,O,66.321,24.174,17.291,A,CYS316,SG,66.556,27.562,16.345
Bound Backbone,BLUE,6.424,3.044,False,A,GLN312,OE1,72.3,24.442,17.262,A,THR335,O,72.274,25.916,19.925
Phase Boundary,YELLOW,5.045,2.842,False,A,PHE313,N,66.588,22.576,15.752,A,ARG314,N,63.803,22.274,16.229
Bound Backbone,BLUE,8.91,2.256,False,A,PHE313,O,63.494,24.256,15.196,A,ARG314,N,63.803,22.274,16.229
Bound Backbone,BLUE,5.468,3.135,False,A,PHE313,O,63.494,24.256,15.196,A,ARG314,O,61.365,24.283,17.497
Phase Boundary,YELLOW,4.812,3.657,False,A,PHE313,O,63.494,24.256,15.196,A,ASN315,N,63.086,23.599,18.77
Bound Backbone,BLUE,6.211,3.04,False,A,PHE313,O,63.494,24.256,15.196,A,CYS316,N,63.691,25.958,17.707
Phase Boundary,YELLOW,4.621,2.978,False,A,PHE313,O,63.494,24.256,15.196,A,MET317,N,61.671,26.539,15.773
Bound Backbone,BLUE,6.745,2.954,False,A,ARG314,N,63.803,22.274,16.229,A,ASN315,N,63.086,23.599,18.77
Thermal Noise,RED,2.762,3.971,False,A,ARG314,N,63.803,22.274,16.229,A,CYS316,N,63.691,25.958,17.707
Bound Backbone,BLUE,9.543,2.247,False,A,ARG314,O,61.365,24.283,17.497,A,ASN315,N,63.086,23.599,18.77
Thermal Noise,RED,4.033,3.403,False,A,ARG314,O,61.365,24.283,17.497,A,ASN315,O,62.42,27.009,19.239
Phase Boundary,YELLOW,4.862,2.874,False,A,ARG314,O,61.365,24.283,17.497,A,CYS316,N,63.691,25.958,17.707
Bound Backbone,BLUE,6.045,2.856,False,A,ARG314,O,61.365,24.283,17.497,A,MET317,N,61.671,26.539,15.773
Phase Boundary,YELLOW,4.568,2.96,False,A,ARG314,O,61.365,24.283,17.497,A,VAL318,N,59.697,26.728,17.486
Bound Backbone,BLUE,6.245,2.657,False,A,ASN315,N,63.086,23.599,18.77,A,CYS316,N,63.691,25.958,17.707
Bound Backbone,BLUE,10.226,2.251,False,A,ASN315,O,62.42,27.009,19.239,A,CYS316,N,63.691,25.958,17.707
Phase Boundary,YELLOW,4.367,3.714,False,A,ASN315,O,62.42,27.009,19.239,A,CYS316,O,62.268,28.69,15.931
Phase Boundary,YELLOW,4.997,3.577,False,A,ASN315,O,62.42,27.009,19.239,A,MET317,N,61.671,26.539,15.773
Phase Boundary,YELLOW,4.488,3.251,False,A,ASN315,O,62.42,27.009,19.239,A,VAL318,N,59.697,26.728,17.486
Bound Backbone,BLUE,5.294,2.774,False,A,ASN315,O,62.42,27.009,19.239,A,THR319,N,60.432,28.887,18.777
Phase Boundary,YELLOW,4.437,3.108,False,A,ASN315,O,62.42,27.009,19.239,A,THR319,OG1,63.032,29.874,20.276
Thermal Noise,RED,3.057,3.713,False,A,ASN315,ND2,62.759,23.598,22.461,A,ASN326,ND2,62.195,27.108,23.533
Thermal Noise,RED,3.178,3.919,False,A,ASN315,ND2,62.759,23.598,22.461,A,HOH962,O,59.588,23.647,24.763
Bound Backbone,BLUE,6.337,2.856,False,A,CYS316,N,63.691,25.958,17.707,A,MET317,N,61.671,26.539,15.773
Bound Backbone,BLUE,8.016,2.238,False,A,CYS316,O,62.268,28.69,15.931,A,MET317,N,61.671,26.539,15.773
Thermal Noise,RED,2.695,3.856,False,A,CYS316,O,62.268,28.69,15.931,A,MET317,O,58.475,28.019,16.104
Thermal Noise,RED,3.479,3.589,False,A,CYS316,O,62.268,28.69,15.931,A,VAL318,N,59.697,26.728,17.486
Phase Boundary,YELLOW,5.034,3.393,False,A,CYS316,O,62.268,28.69,15.931,A,THR319,N,60.432,28.887,18.777
Phase Boundary,YELLOW,4.581,3.04,False,A,CYS316,O,62.268,28.69,15.931,A,THR320,N,60.257,30.777,16.85
Phase Boundary,YELLOW,4.678,3.219,False,A,CYS316,O,62.268,28.69,15.931,A,THR320,OG1,61.385,31.168,14.075
Thermal Noise,RED,3.012,3.671,False,A,CYS316,SG,66.556,27.562,16.345,A,SER338,N,69.383,29.838,16.899
Bound Backbone,BLUE,7.413,2.62,False,A,MET317,N,61.671,26.539,15.773,A,VAL318,N,59.697,26.728,17.486
Bound Backbone,BLUE,9.786,2.252,False,A,MET317,O,58.475,28.019,16.104,A,VAL318,N,59.697,26.728,17.486
Phase Boundary,YELLOW,4.223,3.881,False,A,MET317,O,58.475,28.019,16.104,A,VAL318,O,58.448,29.076,19.838
Phase Boundary,YELLOW,4.735,3.425,False,A,MET317,O,58.475,28.019,16.104,A,THR319,N,60.432,28.887,18.777
Thermal Noise,RED,3.64,3.367,False,A,MET317,O,58.475,28.019,16.104,A,THR320,N,60.257,30.777,16.85
Phase Boundary,YELLOW,5.024,2.825,False,A,MET317,O,58.475,28.019,16.104,A,LEU321,N,57.518,30.673,16.242
Bound Backbone,BLUE,6.727,2.621,False,A,VAL318,N,59.697,26.728,17.486,A,THR319,N,60.432,28.887,18.777
Bound Backbone,BLUE,8.954,2.258,False,A,VAL318,O,58.448,29.076,19.838,A,THR319,N,60.432,28.887,18.777
Thermal Noise,RED,3.083,3.752,False,A,VAL318,O,58.448,29.076,19.838,A,THR319,O,59.842,32.28,18.471
Thermal Noise,RED,3.649,3.885,False,A,VAL318,O,58.448,29.076,19.838,A,THR320,N,60.257,30.777,16.85
Thermal Noise,RED,4.032,3.267,False,A,VAL318,O,58.448,29.076,19.838,A,CYS322,N,56.578,31.508,18.715
Phase Boundary,YELLOW,4.201,3.334,False,A,VAL318,O,58.448,29.076,19.838,A,CYS322,SG,55.717,29.939,21.544
Bound Backbone,BLUE,7.237,2.705,False,A,THR319,N,60.432,28.887,18.777,A,THR320,N,60.257,30.777,16.85
Bound Backbone,BLUE,10.526,2.249,False,A,THR319,O,59.842,32.28,18.471,A,THR320,N,60.257,30.777,16.85
Phase Boundary,YELLOW,5.078,3.256,False,A,THR319,O,59.842,32.28,18.471,A,THR320,O,57.734,32.918,16.073
Thermal Noise,RED,3.844,3.599,False,A,THR319,O,59.842,32.28,18.471,A,LEU321,N,57.518,30.673,16.242
Thermal Noise,RED,3.551,3.363,False,A,THR319,O,59.842,32.28,18.471,A,CYS322,N,56.578,31.508,18.715
Thermal Noise,RED,3.334,3.477,False,A,THR319,O,59.842,32.28,18.471,A,CYS323,N,56.985,34.227,18.836
Phase Boundary,YELLOW,5.056,2.913,False,A,THR319,O,59.842,32.28,18.471,A,GLY324,N,59.683,35.018,19.454
Phase Boundary,YELLOW,5.229,2.808,False,A,THR320,N,60.257,30.777,16.85,A,LEU321,N,57.518,30.673,16.242
Bound Backbone,BLUE,7.852,2.262,False,A,THR320,O,57.734,32.918,16.073,A,LEU321,N,57.518,30.673,16.242
Thermal Noise,RED,3.154,3.802,False,A,THR320,O,57.734,32.918,16.073,A,LEU321,O,54.533,31.895,17.852
Bound Backbone,BLUE,5.558,3.21,False,A,THR320,O,57.734,32.918,16.073,A,CYS322,N,56.578,31.508,18.715
Bound Backbone,BLUE,6.019,3.148,False,A,THR320,O,57.734,32.918,16.073,A,CYS323,N,56.985,34.227,18.836
Bound Backbone,BLUE,7.829,2.774,False,A,LEU321,N,57.518,30.673,16.242,A,CYS322,N,56.578,31.508,18.715
Bound Backbone,BLUE,8.619,2.253,False,A,LEU321,O,54.533,31.895,17.852,A,CYS322,N,56.578,31.508,18.715
Thermal Noise,RED,3.382,3.524,False,A,LEU321,O,54.533,31.895,17.852,A,CYS323,N,56.985,34.227,18.836
Bound Backbone,BLUE,5.291,2.752,False,A,CYS322,N,56.578,31.508,18.715,A,CYS323,N,56.985,34.227,18.836
Bound Backbone,BLUE,12.687,2.268,False,A,CYS322,O,57.174,34.146,21.095,A,CYS323,N,56.985,34.227,18.836
Phase Boundary,YELLOW,4.827,3.122,False,A,CYS322,O,57.174,34.146,21.095,A,GLY324,N,59.683,35.018,19.454
Thermal Noise,RED,3.588,3.428,False,A,CYS322,O,57.174,34.146,21.095,A,LYS325,N,60.441,34.441,22.09
Thermal Noise,RED,3.148,3.718,False,A,CYS322,O,57.174,34.146,21.095,A,LYS325,O,59.742,31.837,22.473
Phase Boundary,YELLOW,4.971,2.879,False,A,CYS323,N,56.985,34.227,18.836,A,GLY324,N,59.683,35.018,19.454
Bound Backbone,BLUE,8.03,2.256,False,A,CYS323,O,59.234,37.19,19.039,A,GLY324,N,59.683,35.018,19.454
Bound Backbone,BLUE,7.962,2.803,False,A,GLY324,N,59.683,35.018,19.454,A,LYS325,N,60.441,34.441,22.09
Bound Backbone,BLUE,8.278,2.249,False,A,GLY324,O,62.607,34.447,21.486,A,LYS325,N,60.441,34.441,22.09
Thermal Noise,RED,2.599,3.999,False,A,GLY324,O,62.607,34.447,21.486,A,LYS325,O,59.742,31.837,22.473
Thermal Noise,RED,3.732,3.691,False,A,LYS325,N,60.441,34.441,22.09,A,ASN326,N,60.733,31.657,24.496
Bound Backbone,BLUE,11.833,2.26,False,A,LYS325,O,59.742,31.837,22.473,A,ASN326,N,60.733,31.657,24.496
Phase Boundary,YELLOW,4.511,3.371,False,A,ASN326,N,60.733,31.657,24.496,A,PRO327,N,59.353,29.55,26.737
Bound Backbone,BLUE,7.886,2.253,False,A,ASN326,O,61.605,29.597,26.676,A,PRO327,N,59.353,29.55,26.737
Phase Boundary,YELLOW,4.741,3.401,False,A,ASN326,OD1,60.065,27.47,24.142,A,PRO327,N,59.353,29.55,26.737
Thermal Noise,RED,2.67,3.902,False,A,ASN326,OD1,60.065,27.47,24.142,A,HOH962,O,59.588,23.647,24.763
Phase Boundary,YELLOW,4.338,3.456,False,A,SER334,N,71.709,22.01,24.339,A,THR335,N,73.081,24.139,21.988
Bound Backbone,BLUE,10.496,2.256,False,A,SER334,O,71.748,24.935,23.625,A,THR335,N,73.081,24.139,21.988
Phase Boundary,YELLOW,4.245,3.864,False,A,SER334,O,71.748,24.935,23.625,A,THR335,O,72.274,25.916,19.925
Phase Boundary,YELLOW,4.205,3.441,False,A,SER334,O,71.748,24.935,23.625,A,THR336,N,72.549,27.515,21.494
Thermal Noise,RED,3.4,3.453,False,A,THR335,N,73.081,24.139,21.988,A,THR336,N,72.549,27.515,21.494
Bound Backbone,BLUE,10.272,2.257,False,A,THR335,O,72.274,25.916,19.925,A,THR336,N,72.549,27.515,21.494
Thermal Noise,RED,2.96,3.705,False,A,THR335,O,72.274,25.916,19.925,A,THR336,O,73.258,29.441,19.345
Phase Boundary,YELLOW,4.266,3.255,False,A,THR335,O,72.274,25.916,19.925,A,VAL337,N,71.339,28.666,18.455
Phase Boundary,YELLOW,4.955,3.468,False,A,THR336,N,72.549,27.515,21.494,A,VAL337,N,71.339,28.666,18.455
Bound Backbone,BLUE,8.668,2.253,False,A,THR336,O,73.258,29.441,19.345,A,VAL337,N,71.339,28.666,18.455
Bound Backbone,BLUE,6.313,2.761,False,A,VAL337,N,71.339,28.666,18.455,A,SER338,N,69.383,29.838,16.899
Bound Backbone,BLUE,10.361,2.247,False,A,VAL337,O,70.868,30.476,15.338,A,SER338,N,69.383,29.838,16.899
Phase Boundary,YELLOW,4.789,3.24,False,A,VAL337,O,70.868,30.476,15.338,A,SER338,O,69.291,32.422,17.393
Thermal Noise,RED,3.739,3.272,False,A,VAL337,O,70.868,30.476,15.338,A,LYS339,N,68.559,32.794,15.321
Thermal Noise,RED,3.808,3.451,False,A,SER338,N,69.383,29.838,16.899,A,LYS339,N,68.559,32.794,15.321
Bound Backbone,BLUE,12.488,2.229,False,A,SER338,O,69.291,32.422,17.393,A,LYS339,N,68.559,32.794,15.321
Bound Backbone,BLUE,6.642,2.457,False,A,SER338,O,69.291,32.422,17.393,A,THR340,N,67.51,34.109,17.253
Bound Backbone,BLUE,6.256,2.914,False,A,SER338,O,69.291,32.422,17.393,A,THR340,O,67.261,32.42,19.484
Thermal Noise,RED,3.818,3.837,False,A,SER338,O,69.291,32.422,17.393,A,GLU341,N,68.006,34.35,20.451
Phase Boundary,YELLOW,4.423,3.694,False,A,SER338,O,69.291,32.422,17.393,A,GLU341,O,70.844,33.011,20.692
Bound Backbone,BLUE,8.306,2.562,False,A,LYS339,N,68.559,32.794,15.321,A,THR340,N,67.51,34.109,17.253
Bound Backbone,BLUE,8.367,2.291,False,A,LYS339,O,67.987,36.163,16.358,A,THR340,N,67.51,34.109,17.253
Bound Backbone,BLUE,6.149,3.245,False,A,THR340,N,67.51,34.109,17.253,A,GLU341,N,68.006,34.35,20.451
Bound Backbone,BLUE,8.55,2.284,False,A,THR340,O,67.261,32.42,19.484,A,GLU341,N,68.006,34.35,20.451
Thermal Noise,RED,2.906,3.827,False,A,THR340,O,67.261,32.42,19.484,A,GLU341,O,70.844,33.011,20.692
Phase Boundary,YELLOW,4.151,3.285,False,A,GLU341,N,68.006,34.35,20.451,A,THR342,N,70.906,34.951,21.872
Bound Backbone,BLUE,9.088,2.272,False,A,GLU341,O,70.844,33.011,20.692,A,THR342,N,70.906,34.951,21.872
Phase Boundary,YELLOW,4.447,3.007,False,A,GLU341,O,70.844,33.011,20.692,A,THR342,O,73.753,33.728,20.437
Phase Boundary,YELLOW,5.185,2.973,False,A,GLU341,O,70.844,33.011,20.692,A,SER343,N,72.391,35.116,19.273
Bound Backbone,BLUE,6.583,2.998,False,A,THR342,N,70.906,34.951,21.872,A,SER343,N,72.391,35.116,19.273
Bound Backbone,BLUE,9.099,2.266,False,A,THR342,O,73.753,33.728,20.437,A,SER343,N,72.391,35.116,19.273
Bound Backbone,BLUE,5.786,2.978,False,A,THR342,O,73.753,33.728,20.437,A,GLN344,N,75.025,35.551,18.456
Thermal Noise,RED,2.959,3.94,False,A,THR342,O,73.753,33.728,20.437,A,GLN344,O,77.203,33.826,18.536
Bound Backbone,BLUE,5.414,2.792,False,A,SER343,N,72.391,35.116,19.273,A,GLN344,N,75.025,35.551,18.456
Bound Backbone,BLUE,12.424,2.26,False,A,SER343,O,74.476,35.23,16.287,A,GLN344,N,75.025,35.551,18.456
Thermal Noise,RED,3.382,3.803,False,A,SER343,O,74.476,35.23,16.287,A,GLN344,O,77.203,33.826,18.536
Thermal Noise,RED,2.7,3.894,False,A,SER343,O,74.476,35.23,16.287,A,VAL345,N,78.297,35.101,17.027
Thermal Noise,RED,3.4,3.599,False,A,GLN344,N,75.025,35.551,18.456,A,VAL345,N,78.297,35.101,17.027
Bound Backbone,BLUE,10.078,2.258,False,A,GLN344,O,77.203,33.826,18.536,A,VAL345,N,78.297,35.101,17.027
Phase Boundary,YELLOW,4.14,3.118,False,A,GLN344,O,77.203,33.826,18.536,A,VAL345,O,80.284,34.203,18.829
Thermal Noise,RED,2.866,3.796,False,A,GLN344,O,77.203,33.826,18.536,A,ALA346,N,80.56,32.271,17.686
Thermal Noise,RED,3.011,3.683,False,A,VAL345,N,78.297,35.101,17.027,A,ALA346,N,80.56,32.271,17.686
Bound Backbone,BLUE,9.095,2.262,False,A,VAL345,O,80.284,34.203,18.829,A,ALA346,N,80.56,32.271,17.686
Phase Boundary,YELLOW,5.041,2.853,False,A,ALA346,N,80.56,32.271,17.686,A,PRO347,N,83.127,31.163,17.119
Bound Backbone,BLUE,10.826,2.262,False,A,ALA346,O,82.9,29.756,18.875,A,PRO347,N,83.127,31.163,17.119
Phase Boundary,YELLOW,4.875,2.877,False,A,ALA346,O,82.9,29.756,18.875,A,PRO347,O,85.567,30.784,18.547
Thermal Noise,RED,3.008,3.67,False,A,PRO347,N,83.127,31.163,17.119,A,ALA348,N,86.716,30.592,16.61
Bound Backbone,BLUE,11.494,2.26,False,A,PRO347,O,85.567,30.784,18.547,A,ALA348,N,86.716,30.592,16.61
Phase Boundary,YELLOW,4.528,3.549,False,B,MET1,N,52.127,-7.41,40.963,B,ASN2,N,50.235,-6.63,38.064
Bound Backbone,BLUE,7.938,2.259,False,B,MET1,O,52.405,-6.086,38.379,B,ASN2,N,50.235,-6.63,38.064
Bound Backbone,BLUE,5.289,2.883,False,B,MET1,O,52.405,-6.086,38.379,B,GLY3,N,50.545,-4.198,37.244
Thermal Noise,RED,3.225,3.574,False,B,MET1,O,52.405,-6.086,38.379,B,GLY3,O,51.655,-2.677,39.146
Thermal Noise,RED,3.574,3.392,False,B,MET1,O,52.405,-6.086,38.379,B,SER14,OG,55.688,-6.566,37.676
Bound Backbone,BLUE,6.372,2.585,False,B,ASN2,N,50.235,-6.63,38.064,B,GLY3,N,50.545,-4.198,37.244
Bound Backbone,BLUE,12.562,2.247,False,B,ASN2,O,50.12,-4.673,35.089,B,GLY3,N,50.545,-4.198,37.244
Phase Boundary,YELLOW,4.215,3.082,False,B,ASN2,ND2,47.531,-8.701,36.861,B,GLY280,O,45.243,-6.637,36.889
Thermal Noise,RED,3.625,3.731,False,B,ASN2,ND2,47.531,-8.701,36.861,B,SER281,O,46.241,-6.142,34.472
Ligand Bound Core,BLUE,7.177,2.79,True,B,ASN2,ND2,47.531,-8.701,36.861,F,NAG1,N2,46.306,-9.902,39.061
Ligand Bound Core,BLUE,8.831,2.371,True,B,ASN2,ND2,47.531,-8.701,36.861,F,NAG1,O5,46.34,-10.143,35.404
Bound Backbone,BLUE,5.394,3.429,False,B,ASN2,OD1,49.628,-9.339,36.316,B,ASP282,OD1,49.942,-10.264,33.029
Ligand Fluctuation Noise,RED,3.397,3.506,True,B,ASN2,OD1,49.628,-9.339,36.316,F,NAG1,O5,46.34,-10.143,35.404
Thermal Noise,RED,3.103,3.63,False,B,GLY3,N,50.545,-4.198,37.244,B,THR4,N,51.633,-0.8,37.913
Bound Backbone,BLUE,9.456,2.246,False,B,GLY3,O,51.655,-2.677,39.146,B,THR4,N,51.633,-0.8,37.913
Thermal Noise,RED,3.616,3.39,False,B,GLY3,O,51.655,-2.677,39.146,B,THR4,OG1,54.426,-0.91,38.315
Phase Boundary,YELLOW,4.864,3.327,False,B,THR4,N,51.633,-0.8,37.913,B,GLU5,N,50.838,1.304,40.365
Bound Backbone,BLUE,7.032,2.991,False,B,THR4,N,51.633,-0.8,37.913,B,VAL11,O,51.672,0.152,35.078
Phase Boundary,YELLOW,4.54,3.302,False,B,THR4,N,51.633,-0.8,37.913,B,PHE13,O,53.935,-2.042,35.897
Bound Backbone,BLUE,12.053,2.252,False,B,THR4,O,51.316,2.106,38.316,B,GLU5,N,50.838,1.304,40.365
Bound Backbone,BLUE,7.474,2.888,False,B,THR4,O,51.316,2.106,38.316,B,VAL11,N,50.845,3.009,35.614
Thermal Noise,RED,4.056,3.799,False,B,THR4,O,51.316,2.106,38.316,B,VAL11,O,51.672,0.152,35.078
Bound Backbone,BLUE,8.173,2.715,False,B,THR4,OG1,54.426,-0.91,38.315,B,PHE13,O,53.935,-2.042,35.897
Phase Boundary,YELLOW,4.12,3.119,False,B,THR4,OG1,54.426,-0.91,38.315,B,ASN15,N,56.325,-3.38,38.18
Thermal Noise,RED,3.276,3.569,False,B,GLU5,N,50.838,1.304,40.365,B,GLY6,N,50.437,4.728,41.287
Bound Backbone,BLUE,8.653,2.259,False,B,GLU5,O,51.809,3.181,42.196,B,GLY6,N,50.437,4.728,41.287
Thermal Noise,RED,2.611,3.947,False,B,GLU5,OE2,45.829,3.724,42.937,B,GLY6,O,48.747,6.306,42.308
Thermal Noise,RED,3.857,3.567,False,B,GLY6,N,50.437,4.728,41.287,B,PRO7,N,50.236,7.585,43.413
Bound Backbone,BLUE,5.622,3.077,False,B,GLY6,N,50.437,4.728,41.287,B,PHE9,O,48.485,5.591,39.07
Bound Backbone,BLUE,9.095,2.253,False,B,GLY6,O,48.747,6.306,42.308,B,PRO7,N,50.236,7.585,43.413
Thermal Noise,RED,3.306,3.553,False,B,GLY6,O,48.747,6.306,42.308,B,PRO7,O,47.133,9.334,43.229
Phase Boundary,YELLOW,4.225,3.1,False,B,GLY6,O,48.747,6.306,42.308,B,ASN8,N,48.912,9.366,41.843
Phase Boundary,YELLOW,4.43,3.612,False,B,GLY6,O,48.747,6.306,42.308,B,PHE9,N,48.998,8.277,39.292
Bound Backbone,BLUE,5.798,3.326,False,B,GLY6,O,48.747,6.306,42.308,B,PHE9,O,48.485,5.591,39.07
Bound Backbone,BLUE,6.565,2.718,False,B,PRO7,N,50.236,7.585,43.413,B,ASN8,N,48.912,9.366,41.843
Bound Backbone,BLUE,9.758,2.255,False,B,PRO7,O,47.133,9.334,43.229,B,ASN8,N,48.912,9.366,41.843
Bound Backbone,BLUE,7.297,2.566,False,B,PRO7,O,47.133,9.334,43.229,B,ARG177,NH1,45.01,9.389,41.789
Thermal Noise,RED,3.155,3.903,False,B,PRO7,O,47.133,9.334,43.229,B,ARG177,NH2,44.661,7.257,41.036
Bound Backbone,BLUE,7.991,2.775,False,B,ASN8,N,48.912,9.366,41.843,B,PHE9,N,48.998,8.277,39.292
Thermal Noise,RED,2.628,3.902,False,B,ASN8,N,48.912,9.366,41.843,B,ARG177,NH1,45.01,9.389,41.789
Bound Backbone,BLUE,8.793,2.25,False,B,ASN8,O,48.049,10.085,38.347,B,PHE9,N,48.998,8.277,39.292
Thermal Noise,RED,3.903,3.389,False,B,ASN8,ND2,50.982,10.596,40.766,B,PHE9,N,48.998,8.277,39.292
Thermal Noise,RED,3.711,3.69,False,B,PHE9,N,48.998,8.277,39.292,B,TYR10,N,49.165,5.454,36.921
Bound Backbone,BLUE,12.371,2.258,False,B,PHE9,O,48.485,5.591,39.07,B,TYR10,N,49.165,5.454,36.921
Phase Boundary,YELLOW,4.202,3.242,False,B,TYR10,N,49.165,5.454,36.921,B,VAL11,N,50.845,3.009,35.614
Bound Backbone,BLUE,9.124,2.27,False,B,TYR10,O,48.992,3.559,34.423,B,VAL11,N,50.845,3.009,35.614
Thermal Noise,RED,3.09,3.755,False,B,TYR10,O,48.992,3.559,34.423,B,PRO12,N,50.875,0.628,33.022
Phase Boundary,YELLOW,4.332,3.717,False,B,TYR10,O,48.992,3.559,34.423,B,GLN184,NE2,50.343,4.667,31.142
Thermal Noise,RED,3.915,3.395,False,B,TYR10,O,48.992,3.559,34.423,B,GLN184,OE1,50.856,5.955,32.902
Phase Boundary,YELLOW,4.345,3.52,False,B,VAL11,N,50.845,3.009,35.614,B,PRO12,N,50.875,0.628,33.022
Bound Backbone,BLUE,12.021,2.256,False,B,VAL11,O,51.672,0.152,35.078,B,PRO12,N,50.875,0.628,33.022
Bound Backbone,BLUE,7.328,2.579,False,B,VAL11,O,51.672,0.152,35.078,B,PHE13,N,52.58,-1.732,33.569
Thermal Noise,RED,3.925,3.257,False,B,VAL11,O,51.672,0.152,35.078,B,PHE13,O,53.935,-2.042,35.897
Phase Boundary,YELLOW,4.659,2.962,False,B,PRO12,N,50.875,0.628,33.022,B,PHE13,N,52.58,-1.732,33.569
Bound Backbone,BLUE,12.715,2.246,False,B,PRO12,O,52.184,-2.058,31.382,B,PHE13,N,52.58,-1.732,33.569
Thermal Noise,RED,3.697,3.5,False,B,PHE13,N,52.58,-1.732,33.569,B,SER14,N,54.664,-4.049,35.163
Bound Backbone,BLUE,8.378,2.258,False,B,PHE13,O,53.935,-2.042,35.897,B,SER14,N,54.664,-4.049,35.163
Thermal Noise,RED,2.697,3.86,False,B,PHE13,O,53.935,-2.042,35.897,B,SER14,O,57.325,-3.861,36.21
Thermal Noise,RED,3.969,3.566,False,B,PHE13,O,53.935,-2.042,35.897,B,ASN15,N,56.325,-3.38,38.18
Phase Boundary,YELLOW,4.781,3.508,False,B,SER14,N,54.664,-4.049,35.163,B,ASN15,N,56.325,-3.38,38.18
Bound Backbone,BLUE,11.61,2.261,False,B,SER14,O,57.325,-3.861,36.21,B,ASN15,N,56.325,-3.38,38.18
Bound Backbone,BLUE,5.764,3.226,False,B,SER14,O,57.325,-3.861,36.21,B,LYS16,N,58.238,-5.051,39.066
Thermal Noise,RED,3.337,3.489,False,B,SER14,O,57.325,-3.861,36.21,B,THR17,OG1,60.751,-4.249,35.679
Thermal Noise,RED,3.757,3.288,False,B,SER14,OG,55.688,-6.566,37.676,B,ASN15,N,56.325,-3.38,38.18
Phase Boundary,YELLOW,4.157,3.276,False,B,SER14,OG,55.688,-6.566,37.676,B,LYS16,N,58.238,-5.051,39.066
Bound Backbone,BLUE,5.912,2.69,False,B,ASN15,N,56.325,-3.38,38.18,B,LYS16,N,58.238,-5.051,39.066
Bound Backbone,BLUE,9.913,2.277,False,B,ASN15,O,58.912,-3.496,40.586,B,LYS16,N,58.238,-5.051,39.066
Phase Boundary,YELLOW,4.129,3.551,False,B,ASN15,O,58.912,-3.496,40.586,B,THR17,N,60.61,-5.436,38.144
Phase Boundary,YELLOW,4.342,3.254,False,B,ASN15,O,58.912,-3.496,40.586,B,GLY18,N,61.749,-3.246,39.011
Thermal Noise,RED,3.502,3.921,False,B,ASN15,O,58.912,-3.496,40.586,B,HOH951,O,57.744,-1.116,43.475
Thermal Noise,RED,3.86,3.598,False,B,ASN15,ND2,58.29,0.331,40.611,B,VAL20,O,59.357,2.93,38.364
Ligand Boundary Hotspot,ORANGE,4.989,2.838,True,B,ASN15,ND2,58.29,0.331,40.611,E,NAG1,N2,58.515,3.151,40.835
Ligand Bound Core,BLUE,8.692,2.338,True,B,ASN15,ND2,58.29,0.331,40.611,E,NAG1,O5,60.242,0.109,41.878
Ligand Fluctuation Noise,RED,3.554,3.367,True,B,ASN15,ND2,58.29,0.331,40.611,E,NAG1,O7,56.277,3.007,40.965
Bound Backbone,BLUE,5.639,3.255,False,B,ASN15,ND2,58.29,0.331,40.611,B,HOH951,O,57.744,-1.116,43.475
Thermal Noise,RED,3.727,3.279,False,B,ASN15,OD1,59.437,-0.926,39.176,B,GLY18,N,61.749,-3.246,39.011
Phase Boundary,YELLOW,4.897,3.111,False,B,ASN15,OD1,59.437,-0.926,39.176,B,VAL19,N,62.059,-0.951,37.502
Bound Backbone,BLUE,6.012,3.087,False,B,ASN15,OD1,59.437,-0.926,39.176,B,VAL20,N,60.073,0.705,36.633
Thermal Noise,RED,2.646,3.941,False,B,ASN15,OD1,59.437,-0.926,39.176,B,VAL20,O,59.357,2.93,38.364
Ligand Bound Core,BLUE,6.722,3.003,True,B,ASN15,OD1,59.437,-0.926,39.176,E,NAG1,O5,60.242,0.109,41.878
Bound Backbone,BLUE,6.534,2.574,False,B,LYS16,N,58.238,-5.051,39.066,B,THR17,N,60.61,-5.436,38.144
Thermal Noise,RED,2.568,3.948,False,B,LYS16,N,58.238,-5.051,39.066,B,GLY18,N,61.749,-3.246,39.011
Bound Backbone,BLUE,10.947,2.255,False,B,LYS16,O,61.254,-6.679,39.912,B,THR17,N,60.61,-5.436,38.144
Thermal Noise,RED,3.242,3.584,False,B,LYS16,O,61.254,-6.679,39.912,B,GLY18,N,61.749,-3.246,39.011
Bound Backbone,BLUE,6.255,2.616,False,B,THR17,N,60.61,-5.436,38.144,B,GLY18,N,61.749,-3.246,39.011
Bound Backbone,BLUE,8.867,2.27,False,B,THR17,O,63.713,-3.631,37.94,B,GLY18,N,61.749,-3.246,39.011
Thermal Noise,RED,2.993,3.763,False,B,THR17,O,63.713,-3.631,37.94,B,GLY18,O,63.39,-0.062,39.089
Thermal Noise,RED,4.006,3.18,False,B,THR17,O,63.713,-3.631,37.94,B,VAL19,N,62.059,-0.951,37.502
Phase Boundary,YELLOW,4.701,3.62,False,B,THR17,OG1,60.751,-4.249,35.679,B,GLY18,N,61.749,-3.246,39.011
Thermal Noise,RED,2.85,3.989,False,B,THR17,OG1,60.751,-4.249,35.679,B,VAL19,N,62.059,-0.951,37.502
Bound Backbone,BLUE,6.232,2.764,False,B,GLY18,N,61.749,-3.246,39.011,B,VAL19,N,62.059,-0.951,37.502
Bound Backbone,BLUE,10.362,2.254,False,B,GLY18,O,63.39,-0.062,39.089,B,VAL19,N,62.059,-0.951,37.502
Thermal Noise,RED,2.918,3.713,False,B,GLY18,O,63.39,-0.062,39.089,B,ARG21,NH1,63.864,3.605,39.432
Bound Backbone,BLUE,6.417,2.498,False,B,GLY18,O,63.39,-0.062,39.089,B,ARG21,NH2,62.144,2.102,39.143
Ligand Bound Core,BLUE,6.058,3.241,True,B,GLY18,O,63.39,-0.062,39.089,E,NAG1,O6,63.364,-0.933,42.211
Bound Backbone,BLUE,5.725,2.728,False,B,VAL19,N,62.059,-0.951,37.502,B,VAL20,N,60.073,0.705,36.633
Thermal Noise,RED,3.804,3.467,False,B,VAL19,N,62.059,-0.951,37.502,B,ARG21,NH2,62.144,2.102,39.143
Bound Backbone,BLUE,9.16,2.244,False,B,VAL19,O,61.501,2.043,35.535,B,VAL20,N,60.073,0.705,36.633
Phase Boundary,YELLOW,4.127,3.659,False,B,VAL19,O,61.501,2.043,35.535,B,VAL20,O,59.357,2.93,38.364
Phase Boundary,YELLOW,4.078,3.202,False,B,VAL19,O,61.501,2.043,35.535,B,ARG21,N,59.108,3.994,36.384
Bound Backbone,BLUE,5.291,3.206,False,B,VAL19,O,61.501,2.043,35.535,B,ARG21,NE,62.153,4.057,37.943
Phase Boundary,YELLOW,4.816,3.665,False,B,VAL19,O,61.501,2.043,35.535,B,ARG21,NH2,62.144,2.102,39.143
Thermal Noise,RED,3.4,3.437,False,B,VAL20,N,60.073,0.705,36.633,B,ARG21,N,59.108,3.994,36.384
Phase Boundary,YELLOW,4.211,3.541,False,B,VAL20,N,60.073,0.705,36.633,B,ARG21,NH2,62.144,2.102,39.143
Bound Backbone,BLUE,11.642,2.262,False,B,VAL20,O,59.357,2.93,38.364,B,ARG21,N,59.108,3.994,36.384
Phase Boundary,YELLOW,4.372,3.044,False,B,VAL20,O,59.357,2.93,38.364,B,ARG21,NE,62.153,4.057,37.943
Phase Boundary,YELLOW,4.606,3.01,False,B,VAL20,O,59.357,2.93,38.364,B,ARG21,NH2,62.144,2.102,39.143
Ligand Bound Core,BLUE,9.132,2.62,True,B,VAL20,O,59.357,2.93,38.364,E,NAG1,N2,58.515,3.151,40.835
Thermal Noise,RED,3.174,3.627,False,B,ARG21,N,59.108,3.994,36.384,B,SER22,N,57.687,7.194,37.33
Bound Backbone,BLUE,5.57,3.149,False,B,ARG21,N,59.108,3.994,36.384,B,TYR30,OH,57.193,3.427,33.949
Bound Backbone,BLUE,10.732,2.261,False,B,ARG21,O,57.268,5.795,35.604,B,SER22,N,57.687,7.194,37.33
Thermal Noise,RED,3.455,3.415,False,B,ARG21,O,57.268,5.795,35.604,B,SER22,O,57.423,9.188,35.247
Thermal Noise,RED,3.019,3.658,False,B,ARG21,O,57.268,5.795,35.604,B,PRO23,N,55.198,8.778,35.159
Bound Backbone,BLUE,6.181,3.111,False,B,ARG21,O,57.268,5.795,35.604,B,GLN28,NE2,55.823,5.532,32.862
Bound Backbone,BLUE,6.621,3.081,False,B,ARG21,O,57.268,5.795,35.604,B,GLN28,OE1,57.73,6.67,32.686
Bound Backbone,BLUE,5.792,2.89,False,B,ARG21,O,57.268,5.795,35.604,B,TYR30,OH,57.193,3.427,33.949
Ligand Fluctuation Noise,RED,4.064,3.885,True,B,ARG21,NH1,63.864,3.605,39.432,E,NAG1,O4,62.765,2.485,42.986
Ligand Boundary Hotspot,ORANGE,4.458,3.654,True,B,ARG21,NH1,63.864,3.605,39.432,E,NAG2,O5,62.472,4.695,42.63
Ligand Boundary Hotspot,ORANGE,4.222,3.912,True,B,ARG21,NH2,62.144,2.102,39.143,E,NAG1,O4,62.765,2.485,42.986
Ligand Fluctuation Noise,RED,3.494,3.882,True,B,ARG21,NH2,62.144,2.102,39.143,E,NAG1,O5,60.242,0.109,41.878
Thermal Noise,RED,3.649,3.663,False,B,SER22,N,57.687,7.194,37.33,B,PRO23,N,55.198,8.778,35.159
Bound Backbone,BLUE,7.814,2.264,False,B,SER22,O,57.423,9.188,35.247,B,PRO23,N,55.198,8.778,35.159
Phase Boundary,YELLOW,4.504,2.982,False,B,SER22,O,57.423,9.188,35.247,B,PHE24,N,55.395,11.372,35.149
Thermal Noise,RED,4.067,3.189,False,B,SER22,O,57.423,9.188,35.247,B,GLU25,N,57.873,12.259,35.981
Thermal Noise,RED,4.047,3.168,False,B,SER22,O,57.423,9.188,35.247,B,ALA26,N,60.064,10.869,34.762
Bound Backbone,BLUE,6.114,3.043,False,B,SER22,O,57.423,9.188,35.247,B,ALA26,O,59.218,9.096,32.792
Thermal Noise,RED,4.069,3.605,False,B,SER22,O,57.423,9.188,35.247,B,GLN28,OE1,57.73,6.67,32.686
Bound Backbone,BLUE,6.318,3.145,False,B,SER22,OG,55.179,9.859,38.112,B,PRO23,N,55.198,8.778,35.159
Bound Backbone,BLUE,5.41,3.334,False,B,SER22,OG,55.179,9.859,38.112,B,PHE24,N,55.395,11.372,35.149
Thermal Noise,RED,3.066,3.987,False,B,SER22,OG,55.179,9.859,38.112,B,GLU25,OE1,57.095,12.463,40.445
Bound Backbone,BLUE,5.913,2.601,False,B,PRO23,N,55.198,8.778,35.159,B,PHE24,N,55.395,11.372,35.149
Bound Backbone,BLUE,12.494,2.26,False,B,PRO23,O,54.87,11.62,32.965,B,PHE24,N,55.395,11.372,35.149
Bound Backbone,BLUE,8.796,2.579,False,B,PRO23,O,54.87,11.62,32.965,B,PHE103,N,55.021,12.961,30.767
Thermal Noise,RED,2.756,3.811,False,B,PRO23,O,54.87,11.62,32.965,B,PHE103,O,55.444,15.387,32.928
Bound Backbone,BLUE,5.556,2.76,False,B,PHE24,N,55.395,11.372,35.149,B,GLU25,N,57.873,12.259,35.981
Bound Backbone,BLUE,7.944,2.257,False,B,PHE24,O,57.286,14.418,35.687,B,GLU25,N,57.873,12.259,35.981
Phase Boundary,YELLOW,4.71,3.456,False,B,PHE24,O,57.286,14.418,35.687,B,PHE103,O,55.444,15.387,32.928
Bound Backbone,BLUE,5.43,2.867,False,B,GLU25,N,57.873,12.259,35.981,B,ALA26,N,60.064,10.869,34.762
Bound Backbone,BLUE,8.143,2.251,False,B,GLU25,O,61.425,12.592,35.257,B,ALA26,N,60.064,10.869,34.762
Thermal Noise,RED,3.477,3.956,False,B,GLU25,O,61.425,12.592,35.257,B,TYR102,OH,60.847,15.134,32.281
Phase Boundary,YELLOW,4.65,3.61,False,B,ALA26,N,60.064,10.869,34.762,B,PRO27,N,60.999,9.597,31.515
Bound Backbone,BLUE,9.545,2.248,False,B,ALA26,O,59.218,9.096,32.792,B,PRO27,N,60.999,9.597,31.515
Phase Boundary,YELLOW,4.873,3.066,False,B,ALA26,O,59.218,9.096,32.792,B,PRO27,O,60.631,6.801,31.33
Phase Boundary,YELLOW,4.522,3.57,False,B,ALA26,O,59.218,9.096,32.792,B,GLN28,N,58.969,7.13,29.822
Phase Boundary,YELLOW,4.939,2.848,False,B,ALA26,O,59.218,9.096,32.792,B,GLN28,OE1,57.73,6.67,32.686
Thermal Noise,RED,3.488,3.616,False,B,PRO27,N,60.999,9.597,31.515,B,GLN28,N,58.969,7.13,29.822
Bound Backbone,BLUE,9.967,2.268,False,B,PRO27,O,60.631,6.801,31.33,B,GLN28,N,58.969,7.13,29.822
Phase Boundary,YELLOW,4.34,3.205,False,B,PRO27,O,60.631,6.801,31.33,B,GLN28,OE1,57.73,6.67,32.686
Phase Boundary,YELLOW,5.113,3.402,False,B,PRO27,O,60.631,6.801,31.33,B,TYR29,N,60.233,5.153,28.381
Bound Backbone,BLUE,6.198,2.754,False,B,GLN28,N,58.969,7.13,29.822,B,TYR29,N,60.233,5.153,28.381
Bound Backbone,BLUE,6.369,2.679,False,B,GLN28,N,58.969,7.13,29.822,B,GLY101,O,57.511,8.987,28.556
Bound Backbone,BLUE,7.916,2.251,False,B,GLN28,O,58.29,4.024,28.259,B,TYR29,N,60.233,5.153,28.381
Thermal Noise,RED,2.752,3.973,False,B,GLN28,O,58.29,4.024,28.259,B,TYR29,O,61.461,2.124,26.804
Phase Boundary,YELLOW,4.703,2.962,False,B,GLN28,O,58.29,4.024,28.259,B,TYR30,N,60.779,2.557,28.91
Phase Boundary,YELLOW,4.64,2.942,False,B,GLN28,O,58.29,4.024,28.259,B,LEU31,N,58.605,1.107,28.48
Thermal Noise,RED,3.21,3.942,False,B,GLN28,O,58.29,4.024,28.259,B,ALA32,N,57.861,0.968,25.807
Bound Backbone,BLUE,5.88,2.737,False,B,GLN28,NE2,55.823,5.532,32.862,B,TYR30,OH,57.193,3.427,33.949
Thermal Noise,RED,3.491,3.521,False,B,GLN28,OE1,57.73,6.67,32.686,B,TYR30,OH,57.193,3.427,33.949
Bound Backbone,BLUE,5.602,2.705,False,B,TYR29,N,60.233,5.153,28.381,B,TYR30,N,60.779,2.557,28.91
Bound Backbone,BLUE,12.229,2.256,False,B,TYR29,O,61.461,2.124,26.804,B,TYR30,N,60.779,2.557,28.91
Thermal Noise,RED,3.832,3.464,False,B,TYR29,O,61.461,2.124,26.804,B,LEU31,N,58.605,1.107,28.48
Thermal Noise,RED,2.726,3.91,False,B,TYR29,O,61.461,2.124,26.804,B,ALA32,N,57.861,0.968,25.807
Bound Backbone,BLUE,8.072,2.649,False,B,TYR29,O,61.461,2.124,26.804,B,ALA32,O,59.904,2.239,24.664
Phase Boundary,YELLOW,4.844,3.447,False,B,TYR29,OH,61.626,10.297,24.775,B,HIS100,O,60.245,11.635,27.636
Thermal Noise,RED,3.746,3.417,False,B,TYR29,OH,61.626,10.297,24.775,B,GLY101,N,58.649,11.351,26.079
Bound Backbone,BLUE,5.802,2.648,False,B,TYR30,N,60.779,2.557,28.91,B,LEU31,N,58.605,1.107,28.48
Bound Backbone,BLUE,8.592,2.264,False,B,TYR30,O,59.467,-0.783,29.381,B,LEU31,N,58.605,1.107,28.48
Thermal Noise,RED,3.563,3.942,False,B,TYR30,O,59.467,-0.783,29.381,B,LEU31,O,56.997,-1.062,26.322
Bound Backbone,BLUE,8.24,2.778,False,B,LEU31,N,58.605,1.107,28.48,B,ALA32,N,57.861,0.968,25.807
Bound Backbone,BLUE,8.054,2.266,False,B,LEU31,O,56.997,-1.062,26.322,B,ALA32,N,57.861,0.968,25.807
Phase Boundary,YELLOW,4.321,3.678,False,B,ALA32,N,57.861,0.968,25.807,B,GLU33,N,59.78,1.202,22.678
Bound Backbone,BLUE,11.911,2.244,False,B,ALA32,O,59.904,2.239,24.664,B,GLU33,N,59.78,1.202,22.678
Bound Backbone,BLUE,5.506,3.281,False,B,ALA32,O,59.904,2.239,24.664,B,GLU33,O,59.749,3.852,21.811
Thermal Noise,RED,3.341,3.987,False,B,ALA32,O,59.904,2.239,24.664,B,PRO34,N,62.0,4.066,21.807
Thermal Noise,RED,2.981,3.727,False,B,GLU33,N,59.78,1.202,22.678,B,PRO34,N,62.0,4.066,21.807
Thermal Noise,RED,4.017,3.463,False,B,GLU33,N,59.78,1.202,22.678,B,GLN36,OE1,56.95,0.824,20.718
Bound Backbone,BLUE,7.827,2.261,False,B,GLU33,O,59.749,3.852,21.811,B,PRO34,N,62.0,4.066,21.807
Bound Backbone,BLUE,5.361,3.234,False,B,GLU33,O,59.749,3.852,21.811,B,TRP35,N,61.392,4.932,19.243
Bound Backbone,BLUE,5.4,3.385,False,B,GLU33,O,59.749,3.852,21.811,B,GLN36,N,58.712,4.599,18.677
Thermal Noise,RED,3.049,3.824,False,B,GLU33,O,59.749,3.852,21.811,B,PHE37,N,57.608,6.575,20.191
Bound Backbone,BLUE,8.03,2.774,False,B,PRO34,N,62.0,4.066,21.807,B,TRP35,N,61.392,4.932,19.243
Bound Backbone,BLUE,8.162,2.268,False,B,PRO34,O,61.337,7.11,19.874,B,TRP35,N,61.392,4.932,19.243
Thermal Noise,RED,3.689,3.805,False,B,PRO34,O,61.337,7.11,19.874,B,TRP35,O,58.877,6.209,17.114
Thermal Noise,RED,2.906,3.825,False,B,PRO34,O,61.337,7.11,19.874,B,GLN36,N,58.712,4.599,18.677
Thermal Noise,RED,2.813,3.78,False,B,PRO34,O,61.337,7.11,19.874,B,PHE37,N,57.608,6.575,20.191
Thermal Noise,RED,3.427,3.47,False,B,PRO34,O,61.337,7.11,19.874,B,SER38,N,58.52,8.986,19.109
Bound Backbone,BLUE,5.397,2.759,False,B,TRP35,N,61.392,4.932,19.243,B,GLN36,N,58.712,4.599,18.677
Bound Backbone,BLUE,10.333,2.25,False,B,TRP35,O,58.877,6.209,17.114,B,GLN36,N,58.712,4.599,18.677
Thermal Noise,RED,3.2,3.839,False,B,TRP35,O,58.877,6.209,17.114,B,GLN36,O,55.624,6.357,19.148
Bound Backbone,BLUE,5.487,3.348,False,B,TRP35,O,58.877,6.209,17.114,B,PHE37,N,57.608,6.575,20.191
Phase Boundary,YELLOW,4.112,3.438,False,B,TRP35,O,58.877,6.209,17.114,B,SER38,N,58.52,8.986,19.109
Phase Boundary,YELLOW,4.89,2.87,False,B,TRP35,O,58.877,6.209,17.114,B,MET39,N,57.31,8.596,16.824
Bound Backbone,BLUE,6.458,2.723,False,B,GLN36,N,58.712,4.599,18.677,B,PHE37,N,57.608,6.575,20.191
Bound Backbone,BLUE,8.968,2.252,False,B,GLN36,O,55.624,6.357,19.148,B,PHE37,N,57.608,6.575,20.191
Thermal Noise,RED,2.832,3.806,False,B,GLN36,O,55.624,6.357,19.148,B,PHE37,O,56.641,9.946,19.903
Thermal Noise,RED,2.616,3.912,False,B,GLN36,O,55.624,6.357,19.148,B,SER38,N,58.52,8.986,19.109
Thermal Noise,RED,3.802,3.641,False,B,GLN36,O,55.624,6.357,19.148,B,MET39,N,57.31,8.596,16.824
Phase Boundary,YELLOW,4.744,3.145,False,B,GLN36,O,55.624,6.357,19.148,B,LEU40,N,54.658,8.863,17.512
Bound Backbone,BLUE,5.609,2.796,False,B,PHE37,N,57.608,6.575,20.191,B,SER38,N,58.52,8.986,19.109
Thermal Noise,RED,3.78,3.938,False,B,PHE37,N,57.608,6.575,20.191,B,MET39,N,57.31,8.596,16.824
Bound Backbone,BLUE,8.495,2.254,False,B,PHE37,O,56.641,9.946,19.903,B,SER38,N,58.52,8.986,19.109
Phase Boundary,YELLOW,4.479,3.758,False,B,PHE37,O,56.641,9.946,19.903,B,SER38,O,57.374,10.785,16.314
Phase Boundary,YELLOW,5.155,3.428,False,B,PHE37,O,56.641,9.946,19.903,B,MET39,N,57.31,8.596,16.824
Phase Boundary,YELLOW,4.941,3.29,False,B,PHE37,O,56.641,9.946,19.903,B,LEU40,N,54.658,8.863,17.512
Bound Backbone,BLUE,5.399,2.972,False,B,PHE37,O,56.641,9.946,19.903,B,ALA41,N,54.733,11.537,18.271
Thermal Noise,RED,3.959,3.814,False,B,PHE37,O,56.641,9.946,19.903,B,SER98,O,57.984,11.591,23.071
Bound Backbone,BLUE,8.697,2.615,False,B,SER38,N,58.52,8.986,19.109,B,MET39,N,57.31,8.596,16.824
Bound Backbone,BLUE,8.175,2.249,False,B,SER38,O,57.374,10.785,16.314,B,MET39,N,57.31,8.596,16.824
Thermal Noise,RED,3.614,3.405,False,B,SER38,O,57.374,10.785,16.314,B,MET39,O,54.331,9.57,15.388
Thermal Noise,RED,3.434,3.536,False,B,SER38,O,57.374,10.785,16.314,B,LEU40,N,54.658,8.863,17.512
Phase Boundary,YELLOW,4.274,3.372,False,B,SER38,O,57.374,10.785,16.314,B,ALA41,N,54.733,11.537,18.271
Phase Boundary,YELLOW,4.613,2.973,False,B,SER38,O,57.374,10.785,16.314,B,ALA42,N,55.113,12.647,15.807
Bound Backbone,BLUE,5.491,2.753,False,B,MET39,N,57.31,8.596,16.824,B,LEU40,N,54.658,8.863,17.512
Bound Backbone,BLUE,12.205,2.262,False,B,MET39,O,54.331,9.57,15.388,B,LEU40,N,54.658,8.863,17.512
Thermal Noise,RED,3.857,3.625,False,B,MET39,O,54.331,9.57,15.388,B,LEU40,O,52.542,11.677,17.733
Phase Boundary,YELLOW,4.632,3.513,False,B,MET39,O,54.331,9.57,15.388,B,ALA41,N,54.733,11.537,18.271
Thermal Noise,RED,3.945,3.202,False,B,MET39,O,54.331,9.57,15.388,B,ALA42,N,55.113,12.647,15.807
Phase Boundary,YELLOW,4.494,3.072,False,B,MET39,O,54.331,9.57,15.388,B,TYR43,N,52.831,12.08,14.445
Bound Backbone,BLUE,5.421,2.781,False,B,LEU40,N,54.658,8.863,17.512,B,ALA41,N,54.733,11.537,18.271
Bound Backbone,BLUE,8.115,2.26,False,B,LEU40,O,52.542,11.677,17.733,B,ALA41,N,54.733,11.537,18.271
Thermal Noise,RED,2.76,3.907,False,B,LEU40,O,52.542,11.677,17.733,B,ALA41,O,54.703,14.731,16.606
Phase Boundary,YELLOW,4.299,3.356,False,B,LEU40,O,52.542,11.677,17.733,B,ALA42,N,55.113,12.647,15.807
Bound Backbone,BLUE,5.872,3.325,False,B,LEU40,O,52.542,11.677,17.733,B,TYR43,N,52.831,12.08,14.445
Bound Backbone,BLUE,5.672,2.939,False,B,LEU40,O,52.542,11.677,17.733,B,MET44,N,51.109,13.558,15.987
Bound Backbone,BLUE,8.161,2.729,False,B,ALA41,N,54.733,11.537,18.271,B,ALA42,N,55.113,12.647,15.807
Bound Backbone,BLUE,8.385,2.269,False,B,ALA41,O,54.703,14.731,16.606,B,ALA42,N,55.113,12.647,15.807
Phase Boundary,YELLOW,4.329,3.725,False,B,ALA41,O,54.703,14.731,16.606,B,ALA42,O,53.14,14.014,13.302
Thermal Noise,RED,3.147,3.899,False,B,ALA41,O,54.703,14.731,16.606,B,TYR43,N,52.831,12.08,14.445
Thermal Noise,RED,2.772,3.831,False,B,ALA41,O,54.703,14.731,16.606,B,MET44,N,51.109,13.558,15.987
Phase Boundary,YELLOW,4.453,3.154,False,B,ALA41,O,54.703,14.731,16.606,B,PHE45,N,52.122,16.003,15.315
Bound Backbone,BLUE,6.286,2.717,False,B,ALA42,N,55.113,12.647,15.807,B,TYR43,N,52.831,12.08,14.445
Bound Backbone,BLUE,9.041,2.268,False,B,ALA42,O,53.14,14.014,13.302,B,TYR43,N,52.831,12.08,14.445
Thermal Noise,RED,3.851,3.278,False,B,ALA42,O,53.14,14.014,13.302,B,TYR43,O,49.954,13.872,14.061
Phase Boundary,YELLOW,4.846,3.397,False,B,ALA42,O,53.14,14.014,13.302,B,MET44,N,51.109,13.558,15.987
Bound Backbone,BLUE,5.686,3.007,False,B,ALA42,O,53.14,14.014,13.302,B,PHE45,N,52.122,16.003,15.315
Phase Boundary,YELLOW,4.898,2.897,False,B,ALA42,O,53.14,14.014,13.302,B,LEU46,N,51.359,16.219,12.701
Bound Backbone,BLUE,6.385,2.744,False,B,TYR43,N,52.831,12.08,14.445,B,MET44,N,51.109,13.558,15.987
Bound Backbone,BLUE,11.356,2.268,False,B,TYR43,O,49.954,13.872,14.061,B,MET44,N,51.109,13.558,15.987
Thermal Noise,RED,3.529,3.645,False,B,TYR43,O,49.954,13.872,14.061,B,MET44,O,50.193,16.979,15.951
Thermal Noise,RED,4.043,3.288,False,B,TYR43,O,49.954,13.872,14.061,B,PHE45,N,52.122,16.003,15.315
Phase Boundary,YELLOW,4.829,3.055,False,B,TYR43,O,49.954,13.872,14.061,B,LEU46,N,51.359,16.219,12.701
Bound Backbone,BLUE,5.45,2.842,False,B,TYR43,O,49.954,13.872,14.061,B,LEU47,N,48.526,16.056,12.935
Bound Backbone,BLUE,9.484,2.602,False,B,TYR43,OH,45.305,9.535,15.084,B,PHE293,O,44.761,9.336,17.621
Thermal Noise,RED,3.559,3.892,False,B,TYR43,OH,45.305,9.535,15.084,B,PHE294,N,44.058,7.225,17.957
Thermal Noise,RED,3.461,3.484,False,B,TYR43,OH,45.305,9.535,15.084,B,PHE294,O,41.988,9.1,16.056
Bound Backbone,BLUE,5.575,2.731,False,B,MET44,N,51.109,13.558,15.987,B,PHE45,N,52.122,16.003,15.315
Bound Backbone,BLUE,8.28,2.253,False,B,MET44,O,50.193,16.979,15.951,B,PHE45,N,52.122,16.003,15.315
Phase Boundary,YELLOW,4.597,3.559,False,B,MET44,O,50.193,16.979,15.951,B,PHE45,O,51.359,18.477,12.94
Phase Boundary,YELLOW,4.923,3.535,False,B,MET44,O,50.193,16.979,15.951,B,LEU46,N,51.359,16.219,12.701
Phase Boundary,YELLOW,4.575,3.568,False,B,MET44,O,50.193,16.979,15.951,B,LEU47,N,48.526,16.056,12.935
Phase Boundary,YELLOW,5.166,3.08,False,B,MET44,O,50.193,16.979,15.951,B,ILE48,N,48.208,18.463,14.123
Phase Boundary,YELLOW,4.555,3.759,False,B,MET44,SD,48.698,13.443,18.798,B,THR94,OG1,49.385,13.834,22.473
Bound Backbone,BLUE,8.489,2.732,False,B,PHE45,N,52.122,16.003,15.315,B,LEU46,N,51.359,16.219,12.701
Bound Backbone,BLUE,7.817,2.271,False,B,PHE45,O,51.359,18.477,12.94,B,LEU46,N,51.359,16.219,12.701
Thermal Noise,RED,3.923,3.434,False,B,PHE45,O,51.359,18.477,12.94,B,LEU46,O,48.518,17.565,11.24
Thermal Noise,RED,2.882,3.727,False,B,PHE45,O,51.359,18.477,12.94,B,LEU47,N,48.526,16.056,12.935
Thermal Noise,RED,3.81,3.366,False,B,PHE45,O,51.359,18.477,12.94,B,ILE48,N,48.208,18.463,14.123
Phase Boundary,YELLOW,4.71,2.964,False,B,PHE45,O,51.359,18.477,12.94,B,MET49,N,49.207,20.397,12.257
Phase Boundary,YELLOW,4.958,2.847,False,B,LEU46,N,51.359,16.219,12.701,B,LEU47,N,48.526,16.056,12.935
Bound Backbone,BLUE,10.529,2.269,False,B,LEU46,O,48.518,17.565,11.24,B,LEU47,N,48.526,16.056,12.935
Phase Boundary,YELLOW,4.272,3.436,False,B,LEU46,O,48.518,17.565,11.24,B,LEU47,O,46.056,18.523,13.437
Bound Backbone,BLUE,6.837,3.035,False,B,LEU46,O,48.518,17.565,11.24,B,ILE48,N,48.208,18.463,14.123
Phase Boundary,YELLOW,4.49,3.087,False,B,LEU46,O,48.518,17.565,11.24,B,MET49,N,49.207,20.397,12.257
Phase Boundary,YELLOW,4.53,3.052,False,B,LEU46,O,48.518,17.565,11.24,B,LEU50,N,47.201,20.17,10.349
Bound Backbone,BLUE,6.151,2.703,False,B,LEU47,N,48.526,16.056,12.935,B,ILE48,N,48.208,18.463,14.123
Bound Backbone,BLUE,8.299,2.259,False,B,LEU47,O,46.056,18.523,13.437,B,ILE48,N,48.208,18.463,14.123
Thermal Noise,RED,3.344,3.474,False,B,LEU47,O,46.056,18.523,13.437,B,ILE48,O,47.511,21.652,13.037
Thermal Noise,RED,2.859,3.851,False,B,LEU47,O,46.056,18.523,13.437,B,MET49,N,49.207,20.397,12.257
Phase Boundary,YELLOW,4.272,3.682,False,B,LEU47,O,46.056,18.523,13.437,B,LEU50,N,47.201,20.17,10.349
Bound Backbone,BLUE,6.919,2.738,False,B,LEU47,O,46.056,18.523,13.437,B,GLY51,N,44.738,20.029,11.568
Bound Backbone,BLUE,6.181,2.867,False,B,ILE48,N,48.208,18.463,14.123,B,MET49,N,49.207,20.397,12.257
Bound Backbone,BLUE,8.515,2.249,False,B,ILE48,O,47.511,21.652,13.037,B,MET49,N,49.207,20.397,12.257
Bound Backbone,BLUE,6.236,3.085,False,B,ILE48,O,47.511,21.652,13.037,B,LEU50,N,47.201,20.17,10.349
Thermal Noise,RED,3.559,3.533,False,B,ILE48,O,47.511,21.652,13.037,B,GLY51,N,44.738,20.029,11.568
Phase Boundary,YELLOW,4.193,3.124,False,B,ILE48,O,47.511,21.652,13.037,B,PHE52,N,44.596,22.61,12.449
Bound Backbone,BLUE,6.744,2.778,False,B,MET49,N,49.207,20.397,12.257,B,LEU50,N,47.201,20.17,10.349
Bound Backbone,BLUE,9.914,2.257,False,B,MET49,O,48.215,21.572,8.899,B,LEU50,N,47.201,20.17,10.349
Bound Backbone,BLUE,5.945,2.752,False,B,LEU50,N,47.201,20.17,10.349,B,GLY51,N,44.738,20.029,11.568
Bound Backbone,BLUE,10.995,2.265,False,B,LEU50,O,43.915,21.101,9.75,B,GLY51,N,44.738,20.029,11.568
Phase Boundary,YELLOW,4.386,3.621,False,B,LEU50,O,43.915,21.101,9.75,B,GLY51,O,42.37,22.414,12.75
Bound Backbone,BLUE,5.838,3.166,False,B,LEU50,O,43.915,21.101,9.75,B,PHE52,N,44.596,22.61,12.449
Thermal Noise,RED,3.222,3.536,False,B,LEU50,O,43.915,21.101,9.75,B,PRO53,N,44.683,24.534,10.107
Phase Boundary,YELLOW,4.749,3.026,False,B,LEU50,O,43.915,21.101,9.75,B,ILE54,N,42.466,23.512,8.635
Bound Backbone,BLUE,5.722,2.731,False,B,GLY51,N,44.738,20.029,11.568,B,PHE52,N,44.596,22.61,12.449
Bound Backbone,BLUE,7.961,2.255,False,B,GLY51,O,42.37,22.414,12.75,B,PHE52,N,44.596,22.61,12.449
Thermal Noise,RED,3.918,3.373,False,B,GLY51,O,42.37,22.414,12.75,B,PHE52,O,42.972,25.41,11.321
Phase Boundary,YELLOW,4.695,3.327,False,B,GLY51,O,42.37,22.414,12.75,B,ASN55,N,40.21,23.511,10.469
Bound Backbone,BLUE,6.502,2.526,False,B,GLY51,O,42.37,22.414,12.75,B,ASN55,ND2,40.22,21.235,13.357
Bound Backbone,BLUE,6.005,3.032,False,B,PHE52,N,44.596,22.61,12.449,B,PRO53,N,44.683,24.534,10.107
Bound Backbone,BLUE,9.148,2.273,False,B,PHE52,O,42.972,25.41,11.321,B,PRO53,N,44.683,24.534,10.107
Bound Backbone,BLUE,5.935,3.255,False,B,PHE52,O,42.972,25.41,11.321,B,PRO53,O,41.965,25.683,8.238
Phase Boundary,YELLOW,5.113,3.328,False,B,PHE52,O,42.972,25.41,11.321,B,ILE54,N,42.466,23.512,8.635
Thermal Noise,RED,3.475,3.458,False,B,PHE52,O,42.972,25.41,11.321,B,ASN55,N,40.21,23.511,10.469
Phase Boundary,YELLOW,4.833,2.878,False,B,PHE52,O,42.972,25.41,11.321,B,PHE56,N,40.187,26.133,11.262
Bound Backbone,BLUE,5.76,2.851,False,B,PRO53,N,44.683,24.534,10.107,B,ILE54,N,42.466,23.512,8.635
Bound Backbone,BLUE,7.967,2.263,False,B,PRO53,O,41.965,25.683,8.238,B,ILE54,N,42.466,23.512,8.635
Thermal Noise,RED,2.897,3.731,False,B,PRO53,O,41.965,25.683,8.238,B,ILE54,O,38.883,23.62,8.646
Thermal Noise,RED,3.909,3.574,False,B,PRO53,O,41.965,25.683,8.238,B,ASN55,N,40.21,23.511,10.469
Phase Boundary,YELLOW,4.688,3.537,False,B,PRO53,O,41.965,25.683,8.238,B,PHE56,N,40.187,26.133,11.262
Bound Backbone,BLUE,5.617,2.704,False,B,PRO53,O,41.965,25.683,8.238,B,LEU57,N,39.953,27.404,8.787
Bound Backbone,BLUE,5.933,2.907,False,B,ILE54,N,42.466,23.512,8.635,B,ASN55,N,40.21,23.511,10.469
Bound Backbone,BLUE,11.112,2.257,False,B,ILE54,O,38.883,23.62,8.646,B,ASN55,N,40.21,23.511,10.469
Thermal Noise,RED,3.866,3.72,False,B,ILE54,O,38.883,23.62,8.646,B,ASN55,O,37.942,25.993,11.352
Thermal Noise,RED,3.483,3.855,False,B,ILE54,O,38.883,23.62,8.646,B,PHE56,N,40.187,26.133,11.262
Thermal Noise,RED,2.587,3.935,False,B,ILE54,O,38.883,23.62,8.646,B,LEU57,N,39.953,27.404,8.787
Thermal Noise,RED,3.507,3.41,False,B,ILE54,O,38.883,23.62,8.646,B,THR58,N,37.398,26.633,8.06
Bound Backbone,BLUE,5.759,2.647,False,B,ILE54,O,38.883,23.62,8.646,B,THR58,OG1,36.277,23.975,8.35
Bound Backbone,BLUE,5.617,2.739,False,B,ASN55,N,40.21,23.511,10.469,B,PHE56,N,40.187,26.133,11.262
Bound Backbone,BLUE,7.905,2.251,False,B,ASN55,O,37.942,25.993,11.352,B,PHE56,N,40.187,26.133,11.262
Thermal Noise,RED,3.279,3.68,False,B,ASN55,O,37.942,25.993,11.352,B,PHE56,O,39.024,29.162,9.827
Phase Boundary,YELLOW,4.226,3.552,False,B,ASN55,O,37.942,25.993,11.352,B,LEU57,N,39.953,27.404,8.787
Bound Backbone,BLUE,5.539,3.397,False,B,ASN55,O,37.942,25.993,11.352,B,THR58,N,37.398,26.633,8.06
Thermal Noise,RED,3.437,3.982,False,B,ASN55,O,37.942,25.993,11.352,B,THR58,OG1,36.277,23.975,8.35
Phase Boundary,YELLOW,5.21,2.914,False,B,ASN55,O,37.942,25.993,11.352,B,LEU59,N,36.105,27.919,10.165
Thermal Noise,RED,3.002,3.745,False,B,ASN55,ND2,40.22,21.235,13.357,B,ASP83,OD2,37.16,19.361,14.429
Bound Backbone,BLUE,6.0,2.627,False,B,ASN55,ND2,40.22,21.235,13.357,B,ALA299,O,39.746,18.725,13.972
Bound Backbone,BLUE,6.134,2.802,False,B,ASN55,OD1,38.063,21.489,12.846,B,ASP83,OD2,37.16,19.361,14.429
Thermal Noise,RED,3.643,3.426,False,B,ASN55,OD1,38.063,21.489,12.846,B,ALA299,O,39.746,18.725,13.972
Bound Backbone,BLUE,7.7,2.792,False,B,PHE56,N,40.187,26.133,11.262,B,LEU57,N,39.953,27.404,8.787
Bound Backbone,BLUE,9.035,2.244,False,B,PHE56,O,39.024,29.162,9.827,B,LEU57,N,39.953,27.404,8.787
Bound Backbone,BLUE,5.924,3.092,False,B,PHE56,O,39.024,29.162,9.827,B,LEU57,O,37.244,28.771,7.329
Thermal Noise,RED,3.828,3.487,False,B,PHE56,O,39.024,29.162,9.827,B,THR58,N,37.398,26.633,8.06
Thermal Noise,RED,3.959,3.191,False,B,PHE56,O,39.024,29.162,9.827,B,LEU59,N,36.105,27.919,10.165
Bound Backbone,BLUE,5.392,2.738,False,B,PHE56,O,39.024,29.162,9.827,B,TYR60,N,36.706,30.578,9.484
Bound Backbone,BLUE,5.461,2.766,False,B,LEU57,N,39.953,27.404,8.787,B,THR58,N,37.398,26.633,8.06
Bound Backbone,BLUE,8.32,2.265,False,B,LEU57,O,37.244,28.771,7.329,B,THR58,N,37.398,26.633,8.06
Thermal Noise,RED,4.044,3.33,False,B,LEU57,O,37.244,28.771,7.329,B,THR58,O,34.327,28.082,8.781
Bound Backbone,BLUE,5.997,3.173,False,B,LEU57,O,37.244,28.771,7.329,B,LEU59,N,36.105,27.919,10.165
Bound Backbone,BLUE,6.641,2.863,False,B,LEU57,O,37.244,28.771,7.329,B,TYR60,N,36.706,30.578,9.484
Phase Boundary,YELLOW,4.991,2.837,False,B,LEU57,O,37.244,28.771,7.329,B,VAL61,N,35.295,30.821,7.115
Bound Backbone,BLUE,7.035,2.785,False,B,THR58,N,37.398,26.633,8.06,B,LEU59,N,36.105,27.919,10.165
Bound Backbone,BLUE,9.715,2.259,False,B,THR58,O,34.327,28.082,8.781,B,LEU59,N,36.105,27.919,10.165
Thermal Noise,RED,3.937,3.392,False,B,THR58,O,34.327,28.082,8.781,B,LEU59,O,34.703,31.079,10.324
Thermal Noise,RED,3.314,3.519,False,B,THR58,O,34.327,28.082,8.781,B,TYR60,N,36.706,30.578,9.484
Phase Boundary,YELLOW,4.131,3.349,False,B,THR58,O,34.327,28.082,8.781,B,VAL61,N,35.295,30.821,7.115
Phase Boundary,YELLOW,4.124,3.284,False,B,THR58,O,34.327,28.082,8.781,B,THR62,N,32.368,30.331,7.406
Thermal Noise,RED,3.763,3.401,False,B,THR58,O,34.327,28.082,8.781,B,THR62,OG1,31.501,29.492,10.043
Phase Boundary,YELLOW,5.258,2.81,False,B,LEU59,N,36.105,27.919,10.165,B,TYR60,N,36.706,30.578,9.484
Bound Backbone,BLUE,8.783,2.229,False,B,LEU59,O,34.703,31.079,10.324,B,TYR60,N,36.706,30.578,9.484
Thermal Noise,RED,3.942,3.82,False,B,LEU59,O,34.703,31.079,10.324,B,TYR60,O,35.505,33.059,7.157
Bound Backbone,BLUE,6.019,3.273,False,B,LEU59,O,34.703,31.079,10.324,B,VAL61,N,35.295,30.821,7.115
Thermal Noise,RED,3.783,3.811,False,B,LEU59,O,34.703,31.079,10.324,B,THR62,N,32.368,30.331,7.406
Thermal Noise,RED,3.127,3.585,False,B,LEU59,O,34.703,31.079,10.324,B,THR62,OG1,31.501,29.492,10.043
Thermal Noise,RED,4.002,3.296,False,B,LEU59,O,34.703,31.079,10.324,B,VAL63,N,31.958,32.441,9.111
Bound Backbone,BLUE,7.658,2.768,False,B,TYR60,N,36.706,30.578,9.484,B,VAL61,N,35.295,30.821,7.115
Bound Backbone,BLUE,7.92,2.248,False,B,TYR60,O,35.505,33.059,7.157,B,VAL61,N,35.295,30.821,7.115
Thermal Noise,RED,3.401,3.551,False,B,TYR60,O,35.505,33.059,7.157,B,VAL61,O,32.307,32.075,5.969
Phase Boundary,YELLOW,4.307,3.064,False,B,TYR60,O,35.505,33.059,7.157,B,GLN64,N,32.861,34.558,7.542
Phase Boundary,YELLOW,4.528,2.982,False,B,VAL61,N,35.295,30.821,7.115,B,THR62,N,32.368,30.331,7.406
Bound Backbone,BLUE,9.845,2.261,False,B,VAL61,O,32.307,32.075,5.969,B,THR62,N,32.368,30.331,7.406
Phase Boundary,YELLOW,4.357,3.455,False,B,VAL61,O,32.307,32.075,5.969,B,THR62,O,29.855,32.628,8.339
Bound Backbone,BLUE,6.403,3.182,False,B,VAL61,O,32.307,32.075,5.969,B,VAL63,N,31.958,32.441,9.111
Phase Boundary,YELLOW,5.261,2.991,False,B,VAL61,O,32.307,32.075,5.969,B,GLN64,N,32.861,34.558,7.542
Bound Backbone,BLUE,6.221,2.597,False,B,VAL61,O,32.307,32.075,5.969,B,HIS65,N,31.144,34.284,5.254
Bound Backbone,BLUE,6.623,2.744,False,B,THR62,N,32.368,30.331,7.406,B,VAL63,N,31.958,32.441,9.111
Bound Backbone,BLUE,8.514,2.248,False,B,THR62,O,29.855,32.628,8.339,B,VAL63,N,31.958,32.441,9.111
Thermal Noise,RED,3.571,3.35,False,B,THR62,O,29.855,32.628,8.339,B,VAL63,O,31.159,35.71,8.486
Thermal Noise,RED,3.078,3.66,False,B,THR62,O,29.855,32.628,8.339,B,GLN64,N,32.861,34.558,7.542
Phase Boundary,YELLOW,4.125,3.731,False,B,THR62,O,29.855,32.628,8.339,B,HIS65,N,31.144,34.284,5.254
Phase Boundary,YELLOW,5.012,3.313,False,B,THR62,O,29.855,32.628,8.339,B,HIS65,O,28.099,33.827,5.799
Thermal Noise,RED,2.582,3.939,False,B,THR62,O,29.855,32.628,8.339,B,LEU68,O,26.368,30.803,8.186
Phase Boundary,YELLOW,4.406,3.478,False,B,THR62,O,29.855,32.628,8.339,B,ARG69,NH1,27.707,33.713,10.85
Thermal Noise,RED,3.424,3.509,False,B,THR62,O,29.855,32.628,8.339,B,ARG69,NH2,27.998,35.427,9.353
Phase Boundary,YELLOW,4.326,3.126,False,B,THR62,OG1,31.501,29.492,10.043,B,VAL63,N,31.958,32.441,9.111
Bound Backbone,BLUE,6.199,2.785,False,B,VAL63,N,31.958,32.441,9.111,B,GLN64,N,32.861,34.558,7.542
Bound Backbone,BLUE,8.691,2.262,False,B,VAL63,O,31.159,35.71,8.486,B,GLN64,N,32.861,34.558,7.542
Phase Boundary,YELLOW,4.746,3.678,False,B,VAL63,O,31.159,35.71,8.486,B,GLN64,O,31.414,36.489,4.9
Phase Boundary,YELLOW,4.915,3.533,False,B,VAL63,O,31.159,35.71,8.486,B,HIS65,N,31.144,34.284,5.254
Thermal Noise,RED,3.861,3.29,False,B,VAL63,O,31.159,35.71,8.486,B,ARG69,NH2,27.998,35.427,9.353
Bound Backbone,BLUE,6.801,2.874,False,B,GLN64,N,32.861,34.558,7.542,B,HIS65,N,31.144,34.284,5.254
Bound Backbone,BLUE,8.033,2.249,False,B,GLN64,O,31.414,36.489,4.9,B,HIS65,N,31.144,34.284,5.254
Thermal Noise,RED,3.436,3.428,False,B,GLN64,O,31.414,36.489,4.9,B,LYS66,N,28.108,35.68,4.49
Thermal Noise,RED,2.902,3.738,False,B,GLN64,NE2,36.031,35.517,2.521,B,THR320,OG1,35.349,31.882,1.977
Thermal Noise,RED,3.219,3.973,False,B,GLN64,OE1,34.16,34.274,2.668,B,HIS65,N,31.144,34.284,5.254
Phase Boundary,YELLOW,4.297,3.426,False,B,GLN64,OE1,34.16,34.274,2.668,B,HIS65,NE2,31.823,33.06,0.476
Bound Backbone,BLUE,5.467,2.759,False,B,GLN64,OE1,34.16,34.274,2.668,B,THR320,OG1,35.349,31.882,1.977
Thermal Noise,RED,3.514,3.428,False,B,HIS65,N,31.144,34.284,5.254,B,LYS66,N,28.108,35.68,4.49
Bound Backbone,BLUE,9.422,2.269,False,B,HIS65,O,28.099,33.827,5.799,B,LYS66,N,28.108,35.68,4.49
Thermal Noise,RED,3.021,3.64,False,B,HIS65,O,28.099,33.827,5.799,B,LYS66,O,24.784,35.33,5.75
Phase Boundary,YELLOW,4.701,3.24,False,B,HIS65,O,28.099,33.827,5.799,B,LYS67,N,25.595,34.443,3.837
Thermal Noise,RED,3.984,3.204,False,B,HIS65,O,28.099,33.827,5.799,B,LEU68,N,25.571,31.951,5.201
Thermal Noise,RED,4.025,3.899,False,B,HIS65,O,28.099,33.827,5.799,B,ARG69,NH2,27.998,35.427,9.353
Phase Boundary,YELLOW,4.766,3.097,False,B,HIS65,ND1,29.847,33.512,1.168,B,LYS66,NZ,27.888,35.412,-0.296
Thermal Noise,RED,3.565,3.356,False,B,HIS65,NE2,31.823,33.06,0.476,B,CYS316,O,33.593,30.219,0.233
Phase Boundary,YELLOW,4.997,2.876,False,B,LYS66,N,28.108,35.68,4.49,B,LYS67,N,25.595,34.443,3.837
Bound Backbone,BLUE,11.418,2.259,False,B,LYS66,O,24.784,35.33,5.75,B,LYS67,N,25.595,34.443,3.837
Thermal Noise,RED,3.294,3.513,False,B,LYS66,O,24.784,35.33,5.75,B,LEU68,N,25.571,31.951,5.201
Thermal Noise,RED,3.887,3.948,False,B,LYS66,O,24.784,35.33,5.75,B,ARG69,NE,26.074,34.177,9.299
Bound Backbone,BLUE,5.686,2.841,False,B,LYS67,N,25.595,34.443,3.837,B,LEU68,N,25.571,31.951,5.201
Bound Backbone,BLUE,10.225,2.256,False,B,LYS67,O,24.161,31.115,3.651,B,LEU68,N,25.571,31.951,5.201
Phase Boundary,YELLOW,4.141,3.956,False,B,LYS67,O,24.161,31.115,3.651,B,ARG69,N,24.222,30.472,7.554
Bound Backbone,BLUE,5.741,3.089,False,B,LEU68,N,25.571,31.951,5.201,B,ARG69,N,24.222,30.472,7.554
Bound Backbone,BLUE,8.214,2.261,False,B,LEU68,O,26.368,30.803,8.186,B,ARG69,N,24.222,30.472,7.554
Thermal Noise,RED,3.344,3.565,False,B,LEU68,O,26.368,30.803,8.186,B,ARG69,NE,26.074,34.177,9.299
Thermal Noise,RED,3.127,3.784,False,B,LEU68,O,26.368,30.803,8.186,B,ASN73,OD1,25.518,27.498,6.552
Phase Boundary,YELLOW,5.221,2.887,False,B,ARG69,N,24.222,30.472,7.554,B,THR70,N,22.824,28.184,8.625
Thermal Noise,RED,3.664,3.395,False,B,ARG69,N,24.222,30.472,7.554,B,ASN73,OD1,25.518,27.498,6.552
Bound Backbone,BLUE,9.792,2.25,False,B,ARG69,O,21.725,29.582,10.004,B,THR70,N,22.824,28.184,8.625
Thermal Noise,RED,3.249,3.543,False,B,ARG69,O,21.725,29.582,10.004,B,THR70,O,23.504,26.58,10.617
Thermal Noise,RED,3.724,3.657,False,B,THR70,N,22.824,28.184,8.625,B,PRO71,N,21.45,25.664,10.891
Thermal Noise,RED,2.726,3.982,False,B,THR70,N,22.824,28.184,8.625,B,ASN73,ND2,25.257,25.366,7.213
Phase Boundary,YELLOW,4.085,3.468,False,B,THR70,N,22.824,28.184,8.625,B,ASN73,OD1,25.518,27.498,6.552
Bound Backbone,BLUE,7.869,2.266,False,B,THR70,O,23.504,26.58,10.617,B,PRO71,N,21.45,25.664,10.891
Phase Boundary,YELLOW,4.871,3.245,False,B,THR70,O,23.504,26.58,10.617,B,PRO71,O,24.054,24.221,12.777
Phase Boundary,YELLOW,4.329,3.044,False,B,THR70,O,23.504,26.58,10.617,B,LEU72,N,23.203,23.556,10.785
Bound Backbone,BLUE,5.463,2.791,False,B,THR70,O,23.504,26.58,10.617,B,ASN73,N,25.457,24.791,9.737
Bound Backbone,BLUE,5.498,2.877,False,B,THR70,O,23.504,26.58,10.617,B,TYR74,N,26.034,26.269,11.95
Thermal Noise,RED,3.138,3.624,False,B,THR70,OG1,21.962,26.656,6.432,B,ASN73,ND2,25.257,25.366,7.213
Thermal Noise,RED,2.996,3.656,False,B,THR70,OG1,21.962,26.656,6.432,B,ASN73,OD1,25.518,27.498,6.552
Bound Backbone,BLUE,5.321,2.744,False,B,PRO71,N,21.45,25.664,10.891,B,LEU72,N,23.203,23.556,10.785
Bound Backbone,BLUE,11.628,2.266,False,B,PRO71,O,24.054,24.221,12.777,B,LEU72,N,23.203,23.556,10.785
Phase Boundary,YELLOW,4.661,3.196,False,B,PRO71,O,24.054,24.221,12.777,B,LEU72,O,26.573,23.314,11.031
Phase Boundary,YELLOW,5.238,3.396,False,B,PRO71,O,24.054,24.221,12.777,B,ASN73,N,25.457,24.791,9.737
Phase Boundary,YELLOW,4.773,2.966,False,B,PRO71,O,24.054,24.221,12.777,B,TYR74,N,26.034,26.269,11.95
Bound Backbone,BLUE,6.197,2.707,False,B,PRO71,O,24.054,24.221,12.777,B,ILE75,N,26.452,24.38,14.023
Bound Backbone,BLUE,5.666,2.776,False,B,LEU72,N,23.203,23.556,10.785,B,ASN73,N,25.457,24.791,9.737
Bound Backbone,BLUE,9.484,2.259,False,B,LEU72,O,26.573,23.314,11.031,B,ASN73,N,25.457,24.791,9.737
Thermal Noise,RED,2.989,3.662,False,B,LEU72,O,26.573,23.314,11.031,B,ASN73,O,28.147,26.615,11.222
Phase Boundary,YELLOW,4.277,3.141,False,B,LEU72,O,26.573,23.314,11.031,B,TYR74,N,26.034,26.269,11.95
Bound Backbone,BLUE,6.195,3.179,False,B,LEU72,O,26.573,23.314,11.031,B,ILE75,N,26.452,24.38,14.023
Bound Backbone,BLUE,6.969,2.713,False,B,LEU72,O,26.573,23.314,11.031,B,LEU76,N,28.583,23.064,12.836
Bound Backbone,BLUE,7.666,2.723,False,B,ASN73,N,25.457,24.791,9.737,B,TYR74,N,26.034,26.269,11.95
Bound Backbone,BLUE,8.341,2.262,False,B,ASN73,O,28.147,26.615,11.222,B,TYR74,N,26.034,26.269,11.95
Phase Boundary,YELLOW,5.07,3.557,False,B,ASN73,O,28.147,26.615,11.222,B,TYR74,O,28.067,25.809,14.686
Thermal Noise,RED,3.356,3.964,False,B,ASN73,O,28.147,26.615,11.222,B,ILE75,N,26.452,24.38,14.023
Thermal Noise,RED,2.877,3.925,False,B,ASN73,O,28.147,26.615,11.222,B,LEU76,N,28.583,23.064,12.836
Phase Boundary,YELLOW,4.623,3.193,False,B,ASN73,O,28.147,26.615,11.222,B,LEU77,N,30.429,25.153,12.911
Thermal Noise,RED,2.786,3.79,False,B,ASN73,ND2,25.257,25.366,7.213,B,TYR306,OH,28.991,24.715,7.246
Phase Boundary,YELLOW,4.617,3.729,False,B,ASN73,ND2,25.257,25.366,7.213,B,GLN312,OE1,25.248,26.2,3.578
Bound Backbone,BLUE,5.778,3.256,False,B,ASN73,OD1,25.518,27.498,6.552,B,GLN312,OE1,25.248,26.2,3.578
Bound Backbone,BLUE,6.67,2.836,False,B,TYR74,N,26.034,26.269,11.95,B,ILE75,N,26.452,24.38,14.023
Bound Backbone,BLUE,8.295,2.256,False,B,TYR74,O,28.067,25.809,14.686,B,ILE75,N,26.452,24.38,14.023
Thermal Noise,RED,3.845,3.232,False,B,TYR74,O,28.067,25.809,14.686,B,ILE75,O,29.384,22.867,14.919
Phase Boundary,YELLOW,4.258,3.35,False,B,TYR74,O,28.067,25.809,14.686,B,LEU76,N,28.583,23.064,12.836
Bound Backbone,BLUE,5.325,3.027,False,B,TYR74,O,28.067,25.809,14.686,B,LEU77,N,30.429,25.153,12.911
Phase Boundary,YELLOW,4.759,2.969,False,B,TYR74,O,28.067,25.809,14.686,B,ASN78,N,30.892,25.4,15.501
Thermal Noise,RED,3.829,3.323,False,B,TYR74,OH,23.871,32.544,13.362,B,GLU150,OE2,23.489,35.693,12.371
Bound Backbone,BLUE,5.818,2.772,False,B,ILE75,N,26.452,24.38,14.023,B,LEU76,N,28.583,23.064,12.836
Bound Backbone,BLUE,12.359,2.24,False,B,ILE75,O,29.384,22.867,14.919,B,LEU76,N,28.583,23.064,12.836
Thermal Noise,RED,3.545,3.794,False,B,ILE75,O,29.384,22.867,14.919,B,LEU76,O,32.104,23.745,12.424
Phase Boundary,YELLOW,4.825,3.217,False,B,ILE75,O,29.384,22.867,14.919,B,LEU77,N,30.429,25.153,12.911
Phase Boundary,YELLOW,4.538,3.005,False,B,ILE75,O,29.384,22.867,14.919,B,ASN78,N,30.892,25.4,15.501
Phase Boundary,YELLOW,4.945,3.01,False,B,ILE75,O,29.384,22.867,14.919,B,LEU79,N,32.097,22.875,16.222
Phase Boundary,YELLOW,5.148,2.789,False,B,LEU76,N,28.583,23.064,12.836,B,LEU77,N,30.429,25.153,12.911
Bound Backbone,BLUE,8.203,2.242,False,B,LEU76,O,32.104,23.745,12.424,B,LEU77,N,30.429,25.153,12.911
Phase Boundary,YELLOW,4.435,3.478,False,B,LEU76,O,32.104,23.745,12.424,B,LEU77,O,33.038,25.925,14.968
Phase Boundary,YELLOW,4.216,3.698,False,B,LEU76,O,32.104,23.745,12.424,B,ASN78,N,30.892,25.4,15.501
Phase Boundary,YELLOW,4.23,3.896,False,B,LEU76,O,32.104,23.745,12.424,B,LEU79,N,32.097,22.875,16.222
Phase Boundary,YELLOW,4.845,3.294,False,B,LEU76,O,32.104,23.745,12.424,B,ALA80,N,34.416,23.342,14.735
Bound Backbone,BLUE,9.234,2.643,False,B,LEU77,N,30.429,25.153,12.911,B,ASN78,N,30.892,25.4,15.501
Bound Backbone,BLUE,8.02,2.273,False,B,LEU77,O,33.038,25.925,14.968,B,ASN78,N,30.892,25.4,15.501
Bound Backbone,BLUE,6.547,2.965,False,B,LEU77,O,33.038,25.925,14.968,B,ASN78,O,33.367,24.305,17.43
Thermal Noise,RED,3.693,3.429,False,B,LEU77,O,33.038,25.925,14.968,B,LEU79,N,32.097,22.875,16.222
Phase Boundary,YELLOW,4.659,2.937,False,B,LEU77,O,33.038,25.925,14.968,B,ALA80,N,34.416,23.342,14.735
Bound Backbone,BLUE,5.338,2.912,False,B,LEU77,O,33.038,25.925,14.968,B,VAL81,N,35.555,25.294,16.29
Phase Boundary,YELLOW,4.984,2.889,False,B,ASN78,N,30.892,25.4,15.501,B,LEU79,N,32.097,22.875,16.222
Bound Backbone,BLUE,9.24,2.262,False,B,ASN78,O,33.367,24.305,17.43,B,LEU79,N,32.097,22.875,16.222
Thermal Noise,RED,3.799,3.384,False,B,ASN78,O,33.367,24.305,17.43,B,LEU79,O,35.491,21.986,16.181
Bound Backbone,BLUE,6.45,3.048,False,B,ASN78,O,33.367,24.305,17.43,B,ALA80,N,34.416,23.342,14.735
Bound Backbone,BLUE,6.328,2.658,False,B,ASN78,O,33.367,24.305,17.43,B,VAL81,N,35.555,25.294,16.29
Bound Backbone,BLUE,5.753,2.804,False,B,ASN78,O,33.367,24.305,17.43,B,ALA82,N,35.845,23.966,18.697
Thermal Noise,RED,3.803,3.343,False,B,ASN78,ND2,29.241,23.4,19.598,B,SER127,OG,28.054,20.454,18.556
Thermal Noise,RED,3.33,3.928,False,B,ASN78,ND2,29.241,23.4,19.598,B,VAL157,O,27.048,25.334,22.221
Bound Backbone,BLUE,7.381,2.757,False,B,ASN78,ND2,29.241,23.4,19.598,B,THR160,OG1,27.714,22.717,21.79
Thermal Noise,RED,4.01,3.645,False,B,ASN78,ND2,29.241,23.4,19.598,B,TRP161,NE1,30.797,25.387,22.228
Bound Backbone,BLUE,8.675,2.726,False,B,ASN78,OD1,30.249,25.418,19.558,B,TRP161,NE1,30.797,25.387,22.228
Bound Backbone,BLUE,6.05,2.794,False,B,LEU79,N,32.097,22.875,16.222,B,ALA80,N,34.416,23.342,14.735
Bound Backbone,BLUE,9.929,2.255,False,B,LEU79,O,35.491,21.986,16.181,B,ALA80,N,34.416,23.342,14.735
Thermal Noise,RED,3.268,3.551,False,B,LEU79,O,35.491,21.986,16.181,B,ALA80,O,37.563,24.766,15.414
Thermal Noise,RED,3.654,3.31,False,B,LEU79,O,35.491,21.986,16.181,B,VAL81,N,35.555,25.294,16.29
Bound Backbone,BLUE,5.354,3.221,False,B,LEU79,O,35.491,21.986,16.181,B,ALA82,N,35.845,23.966,18.697
Bound Backbone,BLUE,7.483,2.617,False,B,LEU79,O,35.491,21.986,16.181,B,ASP83,N,37.447,22.009,17.92
Phase Boundary,YELLOW,4.787,2.909,False,B,LEU79,O,35.491,21.986,16.181,B,ASP83,OD1,36.692,19.367,16.581
Thermal Noise,RED,3.621,3.57,False,B,LEU79,O,35.491,21.986,16.181,B,ASP83,OD2,37.16,19.361,14.429
Bound Backbone,BLUE,6.405,2.743,False,B,ALA80,N,34.416,23.342,14.735,B,VAL81,N,35.555,25.294,16.29
Bound Backbone,BLUE,8.639,2.253,False,B,ALA80,O,37.563,24.766,15.414,B,VAL81,N,35.555,25.294,16.29
Phase Boundary,YELLOW,4.224,3.917,False,B,ALA80,O,37.563,24.766,15.414,B,VAL81,O,37.492,25.394,19.28
Phase Boundary,YELLOW,4.114,3.791,False,B,ALA80,O,37.563,24.766,15.414,B,ALA82,N,35.845,23.966,18.697
Thermal Noise,RED,3.709,3.728,False,B,ALA80,O,37.563,24.766,15.414,B,ASP83,N,37.447,22.009,17.92
Phase Boundary,YELLOW,5.001,3.171,False,B,ALA80,O,37.563,24.766,15.414,B,LEU84,N,39.651,23.484,17.427
Bound Backbone,BLUE,7.764,2.764,False,B,VAL81,N,35.555,25.294,16.29,B,ALA82,N,35.845,23.966,18.697
Bound Backbone,BLUE,8.194,2.256,False,B,VAL81,O,37.492,25.394,19.28,B,ALA82,N,35.845,23.966,18.697
Thermal Noise,RED,2.826,3.812,False,B,VAL81,O,37.492,25.394,19.28,B,ALA82,O,38.199,21.728,20.047
Thermal Noise,RED,3.273,3.648,False,B,VAL81,O,37.492,25.394,19.28,B,ASP83,N,37.447,22.009,17.92
Thermal Noise,RED,4.042,3.427,False,B,VAL81,O,37.492,25.394,19.28,B,LEU84,N,39.651,23.484,17.427
Thermal Noise,RED,3.916,3.243,False,B,VAL81,O,37.492,25.394,19.28,B,PHE85,N,40.431,24.21,19.969
Bound Backbone,BLUE,6.031,2.646,False,B,ALA82,N,35.845,23.966,18.697,B,ASP83,N,37.447,22.009,17.92
Bound Backbone,BLUE,12.056,2.273,False,B,ALA82,O,38.199,21.728,20.047,B,ASP83,N,37.447,22.009,17.92
Thermal Noise,RED,3.694,3.759,False,B,ALA82,O,38.199,21.728,20.047,B,ASP83,O,40.913,21.619,17.449
Phase Boundary,YELLOW,4.522,3.472,False,B,ALA82,O,38.199,21.728,20.047,B,LEU84,N,39.651,23.484,17.427
Thermal Noise,RED,3.591,3.339,False,B,ALA82,O,38.199,21.728,20.047,B,PHE85,N,40.431,24.21,19.969
Phase Boundary,YELLOW,5.011,2.918,False,B,ALA82,O,38.199,21.728,20.047,B,MET86,N,40.961,21.688,20.987
Bound Backbone,BLUE,5.617,2.697,False,B,ASP83,N,37.447,22.009,17.92,B,LEU84,N,39.651,23.484,17.427
Bound Backbone,BLUE,7.892,2.252,False,B,ASP83,O,40.913,21.619,17.449,B,LEU84,N,39.651,23.484,17.427
Thermal Noise,RED,3.633,3.565,False,B,ASP83,O,40.913,21.619,17.449,B,LEU84,O,42.551,24.257,19.2
Thermal Noise,RED,3.925,3.646,False,B,ASP83,O,40.913,21.619,17.449,B,PHE85,N,40.431,24.21,19.969
Phase Boundary,YELLOW,5.228,3.539,False,B,ASP83,O,40.913,21.619,17.449,B,MET86,N,40.961,21.688,20.987
Bound Backbone,BLUE,5.357,3.077,False,B,ASP83,O,40.913,21.619,17.449,B,VAL87,N,43.205,21.136,19.445
Thermal Noise,RED,3.109,3.722,False,B,ASP83,OD1,36.692,19.367,16.581,B,SER298,O,37.216,15.915,15.291
Thermal Noise,RED,3.29,3.553,False,B,ASP83,OD2,37.16,19.361,14.429,B,SER298,O,37.216,15.915,15.291
Bound Backbone,BLUE,5.581,2.702,False,B,ASP83,OD2,37.16,19.361,14.429,B,ALA299,O,39.746,18.725,13.972
Bound Backbone,BLUE,8.119,2.756,False,B,LEU84,N,39.651,23.484,17.427,B,PHE85,N,40.431,24.21,19.969
Bound Backbone,BLUE,8.447,2.256,False,B,LEU84,O,42.551,24.257,19.2,B,PHE85,N,40.431,24.21,19.969
Phase Boundary,YELLOW,5.102,3.431,False,B,LEU84,O,42.551,24.257,19.2,B,PHE85,O,42.569,22.674,22.244
Thermal Noise,RED,3.784,3.51,False,B,LEU84,O,42.551,24.257,19.2,B,MET86,N,40.961,21.688,20.987
Thermal Noise,RED,3.927,3.198,False,B,LEU84,O,42.551,24.257,19.2,B,VAL87,N,43.205,21.136,19.445
Phase Boundary,YELLOW,5.255,2.863,False,B,LEU84,O,42.551,24.257,19.2,B,PHE88,N,45.088,23.374,20.189
Bound Backbone,BLUE,5.66,2.771,False,B,PHE85,N,40.431,24.21,19.969,B,MET86,N,40.961,21.688,20.987
Bound Backbone,BLUE,9.314,2.267,False,B,PHE85,O,42.569,22.674,22.244,B,MET86,N,40.961,21.688,20.987
Phase Boundary,YELLOW,4.853,2.95,False,B,PHE85,O,42.569,22.674,22.244,B,MET86,O,43.919,20.2,21.371
Bound Backbone,BLUE,5.548,3.256,False,B,PHE85,O,42.569,22.674,22.244,B,VAL87,N,43.205,21.136,19.445
Phase Boundary,YELLOW,4.498,3.325,False,B,PHE85,O,42.569,22.674,22.244,B,PHE88,N,45.088,23.374,20.189
Bound Backbone,BLUE,6.25,2.598,False,B,PHE85,O,42.569,22.674,22.244,B,GLY89,N,44.857,23.645,22.999
Phase Boundary,YELLOW,4.299,3.28,False,B,PHE85,O,42.569,22.674,22.244,B,GLY90,N,44.868,20.989,23.867
Bound Backbone,BLUE,6.202,2.778,False,B,MET86,N,40.961,21.688,20.987,B,VAL87,N,43.205,21.136,19.445
Bound Backbone,BLUE,11.493,2.257,False,B,MET86,O,43.919,20.2,21.371,B,VAL87,N,43.205,21.136,19.445
Thermal Noise,RED,3.498,3.582,False,B,MET86,O,43.919,20.2,21.371,B,VAL87,O,46.691,21.843,19.807
Thermal Noise,RED,3.333,3.583,False,B,MET86,O,43.919,20.2,21.371,B,PHE88,N,45.088,23.374,20.189
Thermal Noise,RED,2.884,3.924,False,B,MET86,O,43.919,20.2,21.371,B,GLY89,N,44.857,23.645,22.999
Bound Backbone,BLUE,7.801,2.784,False,B,MET86,O,43.919,20.2,21.371,B,GLY90,N,44.868,20.989,23.867
Bound Backbone,BLUE,5.315,2.774,False,B,MET86,O,43.919,20.2,21.371,B,PHE91,N,46.378,19.024,21.887
Phase Boundary,YELLOW,4.564,3.018,False,B,VAL87,N,43.205,21.136,19.445,B,PHE88,N,45.088,23.374,20.189
Bound Backbone,BLUE,8.055,2.249,False,B,VAL87,O,46.691,21.843,19.807,B,PHE88,N,45.088,23.374,20.189
Thermal Noise,RED,3.761,3.915,False,B,VAL87,O,46.691,21.843,19.807,B,PHE88,O,47.077,23.98,23.065
Thermal Noise,RED,3.955,3.517,False,B,VAL87,O,46.691,21.843,19.807,B,PHE91,N,46.378,19.024,21.887
Phase Boundary,YELLOW,4.619,3.269,False,B,VAL87,O,46.691,21.843,19.807,B,THR92,N,48.851,20.394,21.788
Thermal Noise,RED,4.065,3.421,False,B,VAL87,O,46.691,21.843,19.807,B,THR92,OG1,49.167,23.292,21.671
Bound Backbone,BLUE,8.112,2.832,False,B,PHE88,N,45.088,23.374,20.189,B,GLY89,N,44.857,23.645,22.999
Bound Backbone,BLUE,7.937,2.246,False,B,PHE88,O,47.077,23.98,23.065,B,GLY89,N,44.857,23.645,22.999
Phase Boundary,YELLOW,4.827,3.313,False,B,PHE88,O,47.077,23.98,23.065,B,GLY89,O,46.309,21.788,25.427
Thermal Noise,RED,2.844,3.804,False,B,PHE88,O,47.077,23.98,23.065,B,GLY90,N,44.868,20.989,23.867
Bound Backbone,BLUE,6.974,2.605,False,B,PHE88,O,47.077,23.98,23.065,B,THR92,OG1,49.167,23.292,21.671
Bound Backbone,BLUE,5.44,2.794,False,B,GLY89,N,44.857,23.645,22.999,B,GLY90,N,44.868,20.989,23.867
Bound Backbone,BLUE,10.111,2.269,False,B,GLY89,O,46.309,21.788,25.427,B,GLY90,N,44.868,20.989,23.867
Thermal Noise,RED,3.815,3.462,False,B,GLY89,O,46.309,21.788,25.427,B,GLY90,O,47.617,19.033,23.788
Thermal Noise,RED,3.302,3.625,False,B,GLY89,O,46.309,21.788,25.427,B,THR93,OG1,49.399,20.425,26.743
Phase Boundary,YELLOW,4.964,3.172,False,B,GLY90,N,44.868,20.989,23.867,B,PHE91,N,46.378,19.024,21.887
Bound Backbone,BLUE,11.244,2.269,False,B,GLY90,O,47.617,19.033,23.788,B,PHE91,N,46.378,19.024,21.887
Thermal Noise,RED,4.055,3.711,False,B,GLY90,O,47.617,19.033,23.788,B,PHE91,O,49.865,18.62,20.865
Bound Backbone,BLUE,7.299,2.716,False,B,GLY90,O,47.617,19.033,23.788,B,THR92,N,48.851,20.394,21.788
Phase Boundary,YELLOW,5.24,2.781,False,B,GLY90,O,47.617,19.033,23.788,B,THR93,N,50.237,19.88,24.175
Thermal Noise,RED,4.051,3.721,False,B,GLY90,O,47.617,19.033,23.788,B,THR93,OG1,49.399,20.425,26.743
Thermal Noise,RED,3.615,3.344,False,B,GLY90,O,47.617,19.033,23.788,B,THR94,N,50.249,17.014,24.212
Phase Boundary,YELLOW,5.005,2.829,False,B,PHE91,N,46.378,19.024,21.887,B,THR92,N,48.851,20.394,21.788
Bound Backbone,BLUE,8.819,2.242,False,B,PHE91,O,49.865,18.62,20.865,B,THR92,N,48.851,20.394,21.788
Phase Boundary,YELLOW,4.514,3.311,False,B,PHE91,O,49.865,18.62,20.865,B,THR92,O,52.094,20.005,22.884
Phase Boundary,YELLOW,4.891,3.561,False,B,PHE91,O,49.865,18.62,20.865,B,THR93,N,50.237,19.88,24.175
Phase Boundary,YELLOW,4.344,3.732,False,B,PHE91,O,49.865,18.62,20.865,B,THR94,N,50.249,17.014,24.212
Phase Boundary,YELLOW,4.623,3.074,False,B,PHE91,O,49.865,18.62,20.865,B,LEU95,N,51.877,16.61,22.032
Bound Backbone,BLUE,7.412,2.808,False,B,THR92,N,48.851,20.394,21.788,B,THR93,N,50.237,19.88,24.175
Bound Backbone,BLUE,9.412,2.265,False,B,THR92,O,52.094,20.005,22.884,B,THR93,N,50.237,19.88,24.175
Thermal Noise,RED,3.793,3.64,False,B,THR92,O,52.094,20.005,22.884,B,THR93,O,52.276,17.195,25.19
Thermal Noise,RED,3.061,3.757,False,B,THR92,O,52.094,20.005,22.884,B,THR94,N,50.249,17.014,24.212
Thermal Noise,RED,3.376,3.507,False,B,THR92,O,52.094,20.005,22.884,B,LEU95,N,51.877,16.61,22.032
Thermal Noise,RED,3.565,3.351,False,B,THR92,O,52.094,20.005,22.884,B,TYR96,N,54.418,17.592,22.799
Phase Boundary,YELLOW,4.872,2.866,False,B,THR93,N,50.237,19.88,24.175,B,THR94,N,50.249,17.014,24.212
Bound Backbone,BLUE,8.788,2.258,False,B,THR93,O,52.276,17.195,25.19,B,THR94,N,50.249,17.014,24.212
Thermal Noise,RED,3.87,3.653,False,B,THR93,O,52.276,17.195,25.19,B,THR94,O,52.298,14.501,22.723
Bound Backbone,BLUE,6.136,3.236,False,B,THR93,O,52.276,17.195,25.19,B,LEU95,N,51.877,16.61,22.032
Phase Boundary,YELLOW,5.155,3.235,False,B,THR93,O,52.276,17.195,25.19,B,TYR96,N,54.418,17.592,22.799
Bound Backbone,BLUE,5.406,2.724,False,B,THR93,O,52.276,17.195,25.19,B,THR97,N,54.708,15.979,25.031
Bound Backbone,BLUE,7.463,2.722,False,B,THR93,O,52.276,17.195,25.19,B,THR97,OG1,52.838,15.568,27.299
Bound Backbone,BLUE,7.404,2.751,False,B,THR94,N,50.249,17.014,24.212,B,LEU95,N,51.877,16.61,22.032
Bound Backbone,BLUE,8.31,2.259,False,B,THR94,O,52.298,14.501,22.723,B,LEU95,N,51.877,16.61,22.032
Thermal Noise,RED,3.705,3.401,False,B,THR94,O,52.298,14.501,22.723,B,LEU95,O,55.201,15.861,21.587
Thermal Noise,RED,2.848,3.749,False,B,THR94,O,52.298,14.501,22.723,B,TYR96,N,54.418,17.592,22.799
Thermal Noise,RED,3.769,3.65,False,B,THR94,O,52.298,14.501,22.723,B,THR97,N,54.708,15.979,25.031
Thermal Noise,RED,4.012,3.33,False,B,THR94,O,52.298,14.501,22.723,B,SER98,N,55.092,13.345,24.118
Phase Boundary,YELLOW,4.304,3.081,False,B,THR94,O,52.298,14.501,22.723,B,SER98,OG,53.555,11.744,22.166
Thermal Noise,RED,2.861,3.756,False,B,THR94,OG1,49.385,13.834,22.473,B,LEU95,N,51.877,16.61,22.032
Thermal Noise,RED,3.451,3.694,False,B,THR94,OG1,49.385,13.834,22.473,B,GLU113,OE1,46.395,14.794,24.418
Phase Boundary,YELLOW,5.23,2.83,False,B,LEU95,N,51.877,16.61,22.032,B,TYR96,N,54.418,17.592,22.799
Bound Backbone,BLUE,9.331,2.254,False,B,LEU95,O,55.201,15.861,21.587,B,TYR96,N,54.418,17.592,22.799
Thermal Noise,RED,4.02,3.864,False,B,LEU95,O,55.201,15.861,21.587,B,TYR96,O,56.937,16.306,25.01
Bound Backbone,BLUE,5.36,3.481,False,B,LEU95,O,55.201,15.861,21.587,B,THR97,N,54.708,15.979,25.031
Phase Boundary,YELLOW,4.143,3.57,False,B,LEU95,O,55.201,15.861,21.587,B,SER98,N,55.092,13.345,24.118
Thermal Noise,RED,3.959,3.316,False,B,LEU95,O,55.201,15.861,21.587,B,LEU99,N,57.467,13.776,22.817
Bound Backbone,BLUE,7.377,2.769,False,B,TYR96,N,54.418,17.592,22.799,B,THR97,N,54.708,15.979,25.031
Bound Backbone,BLUE,7.885,2.253,False,B,TYR96,O,56.937,16.306,25.01,B,THR97,N,54.708,15.979,25.031
Thermal Noise,RED,3.701,3.364,False,B,TYR96,O,56.937,16.306,25.01,B,THR97,O,56.427,13.108,25.921
Thermal Noise,RED,3.207,3.601,False,B,TYR96,O,56.937,16.306,25.01,B,SER98,N,55.092,13.345,24.118
Phase Boundary,YELLOW,4.41,3.39,False,B,TYR96,O,56.937,16.306,25.01,B,LEU99,N,57.467,13.776,22.817
Thermal Noise,RED,3.305,3.481,False,B,TYR96,O,56.937,16.306,25.01,B,HIS100,N,59.154,13.625,24.88
Bound Backbone,BLUE,5.392,2.814,False,B,THR97,N,54.708,15.979,25.031,B,SER98,N,55.092,13.345,24.118
Bound Backbone,BLUE,11.06,2.256,False,B,THR97,O,56.427,13.108,25.921,B,SER98,N,55.092,13.345,24.118
Phase Boundary,YELLOW,4.368,3.584,False,B,THR97,O,56.427,13.108,25.921,B,SER98,O,57.984,11.591,23.071
Bound Backbone,BLUE,5.554,3.341,False,B,THR97,O,56.427,13.108,25.921,B,LEU99,N,57.467,13.776,22.817
Phase Boundary,YELLOW,4.912,2.964,False,B,THR97,O,56.427,13.108,25.921,B,HIS100,N,59.154,13.625,24.88
Phase Boundary,YELLOW,4.982,2.837,False,B,THR97,O,56.427,13.108,25.921,B,GLY101,N,58.649,11.351,26.079
Bound Backbone,BLUE,5.582,3.135,False,B,THR97,O,56.427,13.108,25.921,B,TYR102,N,57.057,11.185,28.316
Bound Backbone,BLUE,6.762,3.092,False,B,THR97,O,56.427,13.108,25.921,B,TYR102,O,56.202,13.616,28.963
Bound Backbone,BLUE,6.085,2.742,False,B,SER98,N,55.092,13.345,24.118,B,LEU99,N,57.467,13.776,22.817
Thermal Noise,RED,2.998,3.778,False,B,SER98,N,55.092,13.345,24.118,B,CYS185,SG,53.827,10.01,25.364
Bound Backbone,BLUE,7.901,2.26,False,B,SER98,O,57.984,11.591,23.071,B,LEU99,N,57.467,13.776,22.817
Thermal Noise,RED,2.541,3.998,False,B,SER98,O,57.984,11.591,23.071,B,LEU99,O,60.961,14.19,23.674
Bound Backbone,BLUE,5.64,2.963,False,B,SER98,O,57.984,11.591,23.071,B,HIS100,N,59.154,13.625,24.88
Bound Backbone,BLUE,6.719,3.09,False,B,SER98,O,57.984,11.591,23.071,B,GLY101,N,58.649,11.351,26.079
Phase Boundary,YELLOW,4.478,3.648,False,B,SER98,OG,53.555,11.744,22.166,B,CYS185,SG,53.827,10.01,25.364
Bound Backbone,BLUE,7.752,2.669,False,B,LEU99,N,57.467,13.776,22.817,B,HIS100,N,59.154,13.625,24.88
Bound Backbone,BLUE,9.401,2.245,False,B,LEU99,O,60.961,14.19,23.674,B,HIS100,N,59.154,13.625,24.88
Bound Backbone,BLUE,6.608,2.62,False,B,HIS100,N,59.154,13.625,24.88,B,GLY101,N,58.649,11.351,26.079
Bound Backbone,BLUE,10.34,2.248,False,B,HIS100,O,60.245,11.635,27.636,B,GLY101,N,58.649,11.351,26.079
Thermal Noise,RED,2.702,3.916,False,B,HIS100,O,60.245,11.635,27.636,B,GLY101,O,57.511,8.987,28.556
Thermal Noise,RED,3.796,3.291,False,B,HIS100,O,60.245,11.635,27.636,B,TYR102,N,57.057,11.185,28.316
Bound Backbone,BLUE,7.516,2.751,False,B,GLY101,N,58.649,11.351,26.079,B,TYR102,N,57.057,11.185,28.316
Bound Backbone,BLUE,7.911,2.257,False,B,GLY101,O,57.511,8.987,28.556,B,TYR102,N,57.057,11.185,28.316
Thermal Noise,RED,3.872,3.648,False,B,TYR102,N,57.057,11.185,28.316,B,PHE103,N,55.021,12.961,30.767
Bound Backbone,BLUE,11.095,2.253,False,B,TYR102,O,56.202,13.616,28.963,B,PHE103,N,55.021,12.961,30.767
Bound Backbone,BLUE,5.608,2.999,False,B,TYR102,O,56.202,13.616,28.963,B,VAL104,N,56.215,15.921,30.882
Thermal Noise,RED,3.927,3.194,False,B,PHE103,N,55.021,12.961,30.767,B,VAL104,N,56.215,15.921,30.882
Bound Backbone,BLUE,12.055,2.251,False,B,PHE103,O,55.444,15.387,32.928,B,VAL104,N,56.215,15.921,30.882
Thermal Noise,RED,2.957,3.679,False,B,PHE103,O,55.444,15.387,32.928,B,VAL104,O,56.96,18.739,32.892
Thermal Noise,RED,3.803,3.449,False,B,PHE103,O,55.444,15.387,32.928,B,PHE105,N,55.315,18.46,31.368
Thermal Noise,RED,3.998,3.215,False,B,PHE103,O,55.444,15.387,32.928,B,GLY106,N,53.951,18.14,33.654
Bound Backbone,BLUE,5.448,2.737,False,B,VAL104,N,56.215,15.921,30.882,B,PHE105,N,55.315,18.46,31.368
Bound Backbone,BLUE,10.106,2.26,False,B,VAL104,O,56.96,18.739,32.892,B,PHE105,N,55.315,18.46,31.368
Phase Boundary,YELLOW,4.153,3.161,False,B,VAL104,O,56.96,18.739,32.892,B,GLY106,N,53.951,18.14,33.654
Bound Backbone,BLUE,8.142,2.681,False,B,PHE105,N,55.315,18.46,31.368,B,GLY106,N,53.951,18.14,33.654
Bound Backbone,BLUE,7.801,2.266,False,B,PHE105,O,53.193,20.274,33.717,B,GLY106,N,53.951,18.14,33.654
Thermal Noise,RED,2.97,3.671,False,B,PHE105,O,53.193,20.274,33.717,B,GLY106,O,51.418,17.061,33.672
Thermal Noise,RED,2.88,3.831,False,B,PHE105,O,53.193,20.274,33.717,B,GLY109,N,49.597,19.599,32.583
Thermal Noise,RED,3.624,3.681,False,B,GLY106,N,53.951,18.14,33.654,B,PRO107,N,51.066,17.513,35.853
Bound Backbone,BLUE,12.555,2.255,False,B,GLY106,O,51.418,17.061,33.672,B,PRO107,N,51.066,17.513,35.853
Thermal Noise,RED,2.788,3.847,False,B,GLY106,O,51.418,17.061,33.672,B,PRO107,O,47.803,18.065,34.522
Thermal Noise,RED,3.404,3.617,False,B,GLY106,O,51.418,17.061,33.672,B,THR108,N,49.314,19.578,35.195
Thermal Noise,RED,3.909,3.308,False,B,GLY106,O,51.418,17.061,33.672,B,GLY109,N,49.597,19.599,32.583
Phase Boundary,YELLOW,4.465,3.262,False,B,GLY106,O,51.418,17.061,33.672,B,CYS110,N,48.678,17.119,31.903
Bound Backbone,BLUE,5.336,2.787,False,B,PRO107,N,51.066,17.513,35.853,B,THR108,N,49.314,19.578,35.195
Bound Backbone,BLUE,8.421,2.242,False,B,PRO107,O,47.803,18.065,34.522,B,THR108,N,49.314,19.578,35.195
Phase Boundary,YELLOW,4.095,3.498,False,B,PRO107,O,47.803,18.065,34.522,B,THR108,O,47.682,20.781,32.321
Bound Backbone,BLUE,5.388,3.055,False,B,PRO107,O,47.803,18.065,34.522,B,GLY109,N,49.597,19.599,32.583
Bound Backbone,BLUE,7.104,2.919,False,B,PRO107,O,47.803,18.065,34.522,B,CYS110,N,48.678,17.119,31.903
Bound Backbone,BLUE,7.139,2.74,False,B,PRO107,O,47.803,18.065,34.522,B,ASN111,N,46.057,17.39,32.521
Phase Boundary,YELLOW,5.028,3.043,False,B,PRO107,O,47.803,18.065,34.522,B,ASN111,ND2,45.267,18.736,36.064
Bound Backbone,BLUE,9.444,2.627,False,B,THR108,N,49.314,19.578,35.195,B,GLY109,N,49.597,19.599,32.583
Bound Backbone,BLUE,7.863,2.266,False,B,THR108,O,47.682,20.781,32.321,B,GLY109,N,49.597,19.599,32.583
Thermal Noise,RED,3.301,3.916,False,B,THR108,O,47.682,20.781,32.321,B,GLY109,O,48.292,17.851,29.796
Thermal Noise,RED,2.766,3.818,False,B,THR108,O,47.682,20.781,32.321,B,CYS110,N,48.678,17.119,31.903
Thermal Noise,RED,2.827,3.766,False,B,THR108,O,47.682,20.781,32.321,B,ASN111,N,46.057,17.39,32.521
Phase Boundary,YELLOW,4.761,3.111,False,B,THR108,O,47.682,20.781,32.321,B,LEU112,N,45.332,19.42,30.803
Bound Backbone,BLUE,5.578,2.731,False,B,GLY109,N,49.597,19.599,32.583,B,CYS110,N,48.678,17.119,31.903
Bound Backbone,BLUE,12.116,2.264,False,B,GLY109,O,48.292,17.851,29.796,B,CYS110,N,48.678,17.119,31.903
Thermal Noise,RED,3.211,3.656,False,B,GLY109,O,48.292,17.851,29.796,B,CYS110,O,45.558,15.761,31.03
Phase Boundary,YELLOW,4.353,3.554,False,B,GLY109,O,48.292,17.851,29.796,B,ASN111,N,46.057,17.39,32.521
Thermal Noise,RED,3.443,3.498,False,B,GLY109,O,48.292,17.851,29.796,B,LEU112,N,45.332,19.42,30.803
Phase Boundary,YELLOW,5.205,2.959,False,B,GLY109,O,48.292,17.851,29.796,B,GLU113,N,45.685,18.073,28.414
Bound Backbone,BLUE,5.645,2.706,False,B,CYS110,N,48.678,17.119,31.903,B,ASN111,N,46.057,17.39,32.521
Bound Backbone,BLUE,9.963,2.264,False,B,CYS110,O,45.558,15.761,31.03,B,ASN111,N,46.057,17.39,32.521
Thermal Noise,RED,3.202,3.542,False,B,CYS110,O,45.558,15.761,31.03,B,ASN111,O,43.277,18.457,30.755
Thermal Noise,RED,2.974,3.673,False,B,CYS110,O,45.558,15.761,31.03,B,LEU112,N,45.332,19.42,30.803
Phase Boundary,YELLOW,4.449,3.494,False,B,CYS110,O,45.558,15.761,31.03,B,GLU113,N,45.685,18.073,28.414
Bound Backbone,BLUE,5.978,3.06,False,B,CYS110,O,45.558,15.761,31.03,B,GLY114,N,43.704,15.999,28.607
Thermal Noise,RED,3.029,3.651,False,B,CYS110,O,45.558,15.761,31.03,B,CYS187,SG,47.092,12.476,31.46
Thermal Noise,RED,2.646,3.919,False,B,CYS110,SG,46.879,13.607,33.133,B,ASN111,N,46.057,17.39,32.521
Phase Boundary,YELLOW,4.337,3.473,False,B,CYS110,SG,46.879,13.607,33.133,B,TYR178,O,44.652,12.474,35.545
Thermal Noise,RED,2.645,3.952,False,B,CYS110,SG,46.879,13.607,33.133,B,ILE179,N,44.164,10.876,34.02
Bound Backbone,BLUE,13.898,2.031,False,B,CYS110,SG,46.879,13.607,33.133,B,CYS187,SG,47.092,12.476,31.46
Bound Backbone,BLUE,6.569,2.756,False,B,ASN111,N,46.057,17.39,32.521,B,LEU112,N,45.332,19.42,30.803
Bound Backbone,BLUE,7.769,2.27,False,B,ASN111,O,43.277,18.457,30.755,B,LEU112,N,45.332,19.42,30.803
Bound Backbone,BLUE,5.716,3.31,False,B,ASN111,O,43.277,18.457,30.755,B,LEU112,O,43.963,19.333,27.638
Phase Boundary,YELLOW,4.572,3.38,False,B,ASN111,O,43.277,18.457,30.755,B,GLU113,N,45.685,18.073,28.414
Phase Boundary,YELLOW,4.693,3.292,False,B,ASN111,O,43.277,18.457,30.755,B,GLY114,N,43.704,15.999,28.607
Bound Backbone,BLUE,5.988,2.807,False,B,ASN111,O,43.277,18.457,30.755,B,PHE115,N,41.181,17.33,29.266
Bound Backbone,BLUE,7.72,2.765,False,B,LEU112,N,45.332,19.42,30.803,B,GLU113,N,45.685,18.073,28.414
Bound Backbone,BLUE,8.34,2.27,False,B,LEU112,O,43.963,19.333,27.638,B,GLU113,N,45.685,18.073,28.414
Thermal Noise,RED,3.46,3.542,False,B,LEU112,O,43.963,19.333,27.638,B,GLU113,O,43.667,16.048,26.347
Thermal Noise,RED,3.464,3.482,False,B,LEU112,O,43.963,19.333,27.638,B,GLY114,N,43.704,15.999,28.607
Thermal Noise,RED,3.104,3.795,False,B,LEU112,O,43.963,19.333,27.638,B,PHE115,N,41.181,17.33,29.266
Thermal Noise,RED,3.392,3.469,False,B,LEU112,O,43.963,19.333,27.638,B,PHE116,N,40.558,19.09,27.019
Phase Boundary,YELLOW,4.857,2.875,False,B,GLU113,N,45.685,18.073,28.414,B,GLY114,N,43.704,15.999,28.607
Bound Backbone,BLUE,12.809,2.261,False,B,GLU113,O,43.667,16.048,26.347,B,GLY114,N,43.704,15.999,28.607
Thermal Noise,RED,3.04,3.828,False,B,GLU113,O,43.667,16.048,26.347,B,GLY114,O,40.208,15.76,27.962
Thermal Noise,RED,3.044,3.763,False,B,GLU113,O,43.667,16.048,26.347,B,ALA117,N,40.318,17.155,25.035
Thermal Noise,RED,4.0,3.346,False,B,GLU113,OE1,46.395,14.794,24.418,B,LYS296,NZ,44.839,12.209,22.972
Thermal Noise,RED,3.218,3.928,False,B,GLU113,OE2,45.748,13.672,26.191,B,GLY114,N,43.704,15.999,28.607
Bound Backbone,BLUE,5.921,2.977,False,B,GLU113,OE2,45.748,13.672,26.191,B,CYS187,N,46.081,11.569,28.271
Thermal Noise,RED,3.528,3.69,False,B,GLU113,OE2,45.748,13.672,26.191,B,CYS187,O,43.312,11.83,28.262
Phase Boundary,YELLOW,4.488,3.651,False,B,GLU113,OE2,45.748,13.672,26.191,B,LYS296,NZ,44.839,12.209,22.972
Phase Boundary,YELLOW,4.82,2.928,False,B,GLY114,N,43.704,15.999,28.607,B,PHE115,N,41.181,17.33,29.266
Bound Backbone,BLUE,9.486,2.261,False,B,GLY114,O,40.208,15.76,27.962,B,PHE115,N,41.181,17.33,29.266
Thermal Noise,RED,3.948,3.208,False,B,GLY114,O,40.208,15.76,27.962,B,PHE115,O,38.453,18.399,27.464
Thermal Noise,RED,3.462,3.479,False,B,GLY114,O,40.208,15.76,27.962,B,PHE116,N,40.558,19.09,27.019
Bound Backbone,BLUE,5.772,3.244,False,B,GLY114,O,40.208,15.76,27.962,B,ALA117,N,40.318,17.155,25.035
Bound Backbone,BLUE,6.619,2.859,False,B,GLY114,O,40.208,15.76,27.962,B,THR118,N,38.312,15.516,25.836
Bound Backbone,BLUE,5.522,2.697,False,B,GLY114,O,40.208,15.76,27.962,B,THR118,OG1,38.121,14.064,28.165
Bound Backbone,BLUE,6.454,2.921,False,B,PHE115,N,41.181,17.33,29.266,B,PHE116,N,40.558,19.09,27.019
Bound Backbone,BLUE,8.03,2.26,False,B,PHE115,O,38.453,18.399,27.464,B,PHE116,N,40.558,19.09,27.019
Phase Boundary,YELLOW,4.256,3.888,False,B,PHE115,O,38.453,18.399,27.464,B,PHE116,O,39.246,18.607,23.663
Phase Boundary,YELLOW,4.922,3.305,False,B,PHE115,O,38.453,18.399,27.464,B,ALA117,N,40.318,17.155,25.035
Phase Boundary,YELLOW,4.204,3.314,False,B,PHE115,O,38.453,18.399,27.464,B,THR118,N,38.312,15.516,25.836
Bound Backbone,BLUE,6.565,2.661,False,B,PHE115,O,38.453,18.399,27.464,B,LEU119,N,36.377,17.412,26.124
Bound Backbone,BLUE,6.846,2.782,False,B,PHE116,N,40.558,19.09,27.019,B,ALA117,N,40.318,17.155,25.035
Bound Backbone,BLUE,9.601,2.267,False,B,PHE116,O,39.246,18.607,23.663,B,ALA117,N,40.318,17.155,25.035
Thermal Noise,RED,2.726,3.831,False,B,PHE116,O,39.246,18.607,23.663,B,ALA117,O,37.913,15.015,23.676
Thermal Noise,RED,3.166,3.892,False,B,PHE116,O,39.246,18.607,23.663,B,THR118,N,38.312,15.516,25.836
Thermal Noise,RED,3.171,3.964,False,B,PHE116,O,39.246,18.607,23.663,B,LEU119,N,36.377,17.412,26.124
Phase Boundary,YELLOW,4.714,2.916,False,B,PHE116,O,39.246,18.607,23.663,B,GLY120,N,36.378,18.098,23.535
Bound Backbone,BLUE,5.746,2.711,False,B,ALA117,N,40.318,17.155,25.035,B,THR118,N,38.312,15.516,25.836
Bound Backbone,BLUE,12.496,2.253,False,B,ALA117,O,37.913,15.015,23.676,B,THR118,N,38.312,15.516,25.836
Thermal Noise,RED,3.449,3.676,False,B,ALA117,O,37.913,15.015,23.676,B,THR118,O,34.858,15.843,25.546
Thermal Noise,RED,3.607,3.755,False,B,ALA117,O,37.913,15.015,23.676,B,LEU119,N,36.377,17.412,26.124
Thermal Noise,RED,3.372,3.447,False,B,ALA117,O,37.913,15.015,23.676,B,GLY120,N,36.378,18.098,23.535
Bound Backbone,BLUE,5.41,2.964,False,B,ALA117,O,37.913,15.015,23.676,B,GLY121,N,35.503,15.638,22.067
Bound Backbone,BLUE,5.43,2.724,False,B,THR118,N,38.312,15.516,25.836,B,LEU119,N,36.377,17.412,26.124
Thermal Noise,RED,3.096,3.963,False,B,THR118,N,38.312,15.516,25.836,B,GLY120,N,36.378,18.098,23.535
Bound Backbone,BLUE,8.169,2.259,False,B,THR118,O,34.858,15.843,25.546,B,LEU119,N,36.377,17.412,26.124
Phase Boundary,YELLOW,4.962,3.114,False,B,THR118,O,34.858,15.843,25.546,B,LEU119,O,34.154,18.316,23.789
Phase Boundary,YELLOW,4.285,3.382,False,B,THR118,O,34.858,15.843,25.546,B,GLY120,N,36.378,18.098,23.535
Phase Boundary,YELLOW,5.139,3.544,False,B,THR118,O,34.858,15.843,25.546,B,GLY121,N,35.503,15.638,22.067
Bound Backbone,BLUE,6.714,2.841,False,B,THR118,O,34.858,15.843,25.546,B,GLU122,N,33.041,15.312,23.428
Phase Boundary,YELLOW,4.414,3.657,False,B,THR118,OG1,38.121,14.064,28.165,B,TYR178,OH,37.885,15.891,31.324
Bound Backbone,BLUE,8.896,2.678,False,B,LEU119,N,36.377,17.412,26.124,B,GLY120,N,36.378,18.098,23.535
Bound Backbone,BLUE,7.976,2.249,False,B,LEU119,O,34.154,18.316,23.789,B,GLY120,N,36.378,18.098,23.535
Bound Backbone,BLUE,6.984,2.977,False,B,LEU119,O,34.154,18.316,23.789,B,GLY120,O,34.287,17.204,21.031
Thermal Noise,RED,3.875,3.458,False,B,LEU119,O,34.154,18.316,23.789,B,GLY121,N,35.503,15.638,22.067
Thermal Noise,RED,3.881,3.224,False,B,LEU119,O,34.154,18.316,23.789,B,GLU122,N,33.041,15.312,23.428
Bound Backbone,BLUE,5.542,2.797,False,B,LEU119,O,34.154,18.316,23.789,B,ILE123,N,31.63,17.662,22.776
Phase Boundary,YELLOW,5.142,2.995,False,B,GLY120,N,36.378,18.098,23.535,B,GLY121,N,35.503,15.638,22.067
Bound Backbone,BLUE,9.089,2.237,False,B,GLY120,O,34.287,17.204,21.031,B,GLY121,N,35.503,15.638,22.067
Thermal Noise,RED,3.283,3.515,False,B,GLY120,O,34.287,17.204,21.031,B,GLY121,O,32.204,14.419,21.538
Phase Boundary,YELLOW,4.916,3.298,False,B,GLY120,O,34.287,17.204,21.031,B,GLU122,N,33.041,15.312,23.428
Phase Boundary,YELLOW,4.609,3.212,False,B,GLY120,O,34.287,17.204,21.031,B,ILE123,N,31.63,17.662,22.776
Phase Boundary,YELLOW,4.107,3.191,False,B,GLY120,O,34.287,17.204,21.031,B,ALA124,N,31.211,17.175,20.181
Bound Backbone,BLUE,5.723,2.832,False,B,GLY121,N,35.503,15.638,22.067,B,GLU122,N,33.041,15.312,23.428
Bound Backbone,BLUE,11.432,2.252,False,B,GLY121,O,32.204,14.419,21.538,B,GLU122,N,33.041,15.312,23.428
Thermal Noise,RED,3.39,3.647,False,B,GLY121,O,32.204,14.419,21.538,B,GLU122,O,29.725,16.542,23.166
Thermal Noise,RED,3.488,3.518,False,B,GLY121,O,32.204,14.419,21.538,B,ILE123,N,31.63,17.662,22.776
Phase Boundary,YELLOW,4.271,3.228,False,B,GLY121,O,32.204,14.419,21.538,B,ALA124,N,31.211,17.175,20.181
Bound Backbone,BLUE,5.968,2.761,False,B,GLY121,O,32.204,14.419,21.538,B,LEU125,N,29.779,14.744,20.259
Phase Boundary,YELLOW,5.213,2.818,False,B,GLU122,N,33.041,15.312,23.428,B,ILE123,N,31.63,17.662,22.776
Bound Backbone,BLUE,8.1,2.244,False,B,GLU122,O,29.725,16.542,23.166,B,ILE123,N,31.63,17.662,22.776
Phase Boundary,YELLOW,4.835,3.453,False,B,GLU122,O,29.725,16.542,23.166,B,ILE123,O,29.332,18.419,20.295
Phase Boundary,YELLOW,5.184,3.394,False,B,GLU122,O,29.725,16.542,23.166,B,ALA124,N,31.211,17.175,20.181
Phase Boundary,YELLOW,5.0,3.419,False,B,GLU122,O,29.725,16.542,23.166,B,LEU125,N,29.779,14.744,20.259
Bound Backbone,BLUE,6.308,2.78,False,B,GLU122,O,29.725,16.542,23.166,B,TRP126,N,27.598,15.799,21.537
Thermal Noise,RED,3.508,3.992,False,B,GLU122,O,29.725,16.542,23.166,B,TRP126,NE1,27.37,15.872,26.319
Phase Boundary,YELLOW,4.325,3.045,False,B,GLU122,OE1,29.709,13.93,26.5,B,TRP126,NE1,27.37,15.872,26.319
Thermal Noise,RED,3.52,3.376,False,B,GLU122,OE1,29.709,13.93,26.5,B,HIS211,O,28.954,10.646,26.293
Bound Backbone,BLUE,6.449,2.959,False,B,GLU122,OE1,29.709,13.93,26.5,B,HIS211,ND1,28.018,14.422,28.878
Phase Boundary,YELLOW,4.927,2.904,False,B,GLU122,OE2,31.069,12.504,25.58,B,HIS211,O,28.954,10.646,26.293
Bound Backbone,BLUE,8.957,2.673,False,B,ILE123,N,31.63,17.662,22.776,B,ALA124,N,31.211,17.175,20.181
Bound Backbone,BLUE,7.873,2.256,False,B,ILE123,O,29.332,18.419,20.295,B,ALA124,N,31.211,17.175,20.181
Thermal Noise,RED,3.793,3.529,False,B,ILE123,O,29.332,18.419,20.295,B,ALA124,O,28.717,15.496,18.415
Thermal Noise,RED,2.92,3.702,False,B,ILE123,O,29.332,18.419,20.295,B,LEU125,N,29.779,14.744,20.259
Thermal Noise,RED,3.808,3.378,False,B,ILE123,O,29.332,18.419,20.295,B,TRP126,N,27.598,15.799,21.537
Bound Backbone,BLUE,6.169,2.586,False,B,ILE123,O,29.332,18.419,20.295,B,SER127,N,26.876,17.842,19.729
Bound Backbone,BLUE,5.543,2.966,False,B,ILE123,O,29.332,18.419,20.295,B,SER127,OG,28.054,20.454,18.556
Phase Boundary,YELLOW,5.026,2.822,False,B,ALA124,N,31.211,17.175,20.181,B,LEU125,N,29.779,14.744,20.259
Bound Backbone,BLUE,11.195,2.257,False,B,ALA124,O,28.717,15.496,18.415,B,LEU125,N,29.779,14.744,20.259
Phase Boundary,YELLOW,4.318,3.39,False,B,ALA124,O,28.717,15.496,18.415,B,LEU125,O,26.365,14.223,20.499
Bound Backbone,BLUE,5.626,3.33,False,B,ALA124,O,28.717,15.496,18.415,B,TRP126,N,27.598,15.799,21.537
Phase Boundary,YELLOW,4.158,3.259,False,B,ALA124,O,28.717,15.496,18.415,B,SER127,N,26.876,17.842,19.729
Phase Boundary,YELLOW,5.258,2.824,False,B,ALA124,O,28.717,15.496,18.415,B,LEU128,N,26.149,16.38,17.641
Bound Backbone,BLUE,6.073,2.739,False,B,LEU125,N,29.779,14.744,20.259,B,TRP126,N,27.598,15.799,21.537
Bound Backbone,BLUE,8.938,2.254,False,B,LEU125,O,26.365,14.223,20.499,B,TRP126,N,27.598,15.799,21.537
Thermal Noise,RED,2.56,3.954,False,B,LEU125,O,26.365,14.223,20.499,B,TRP126,O,24.811,17.858,20.589
Thermal Noise,RED,2.946,3.735,False,B,LEU125,O,26.365,14.223,20.499,B,SER127,N,26.876,17.842,19.729
Phase Boundary,YELLOW,4.367,3.587,False,B,LEU125,O,26.365,14.223,20.499,B,LEU128,N,26.149,16.38,17.641
Phase Boundary,YELLOW,4.179,3.399,False,B,LEU125,O,26.365,14.223,20.499,B,VAL129,N,23.895,15.529,18.564
Bound Backbone,BLUE,6.338,2.822,False,B,TRP126,N,27.598,15.799,21.537,B,SER127,N,26.876,17.842,19.729
Bound Backbone,BLUE,8.75,2.237,False,B,TRP126,O,24.811,17.858,20.589,B,SER127,N,26.876,17.842,19.729
Phase Boundary,YELLOW,4.551,3.791,False,B,TRP126,O,24.811,17.858,20.589,B,SER127,O,24.914,18.061,16.805
Phase Boundary,YELLOW,4.54,3.559,False,B,TRP126,O,24.811,17.858,20.589,B,LEU128,N,26.149,16.38,17.641
Phase Boundary,YELLOW,4.834,3.219,False,B,TRP126,O,24.811,17.858,20.589,B,VAL129,N,23.895,15.529,18.564
Phase Boundary,YELLOW,5.015,3.107,False,B,TRP126,O,24.811,17.858,20.589,B,VAL130,N,22.267,17.817,18.806
Phase Boundary,YELLOW,4.227,3.618,False,B,TRP126,NE1,27.37,15.872,26.319,B,MET163,O,28.453,17.883,29.125
Thermal Noise,RED,3.053,3.698,False,B,TRP126,NE1,27.37,15.872,26.319,B,ALA164,N,28.834,19.128,27.283
Bound Backbone,BLUE,6.439,3.012,False,B,TRP126,NE1,27.37,15.872,26.319,B,HIS211,ND1,28.018,14.422,28.878
Bound Backbone,BLUE,7.946,2.651,False,B,SER127,N,26.876,17.842,19.729,B,LEU128,N,26.149,16.38,17.641
Thermal Noise,RED,2.709,3.949,False,B,SER127,N,26.876,17.842,19.729,B,VAL129,N,23.895,15.529,18.564
Bound Backbone,BLUE,8.623,2.247,False,B,SER127,O,24.914,18.061,16.805,B,LEU128,N,26.149,16.38,17.641
Thermal Noise,RED,2.767,3.807,False,B,SER127,O,24.914,18.061,16.805,B,LEU128,O,23.243,14.647,16.594
Phase Boundary,YELLOW,4.505,3.247,False,B,SER127,O,24.914,18.061,16.805,B,VAL129,N,23.895,15.529,18.564
Phase Boundary,YELLOW,4.447,3.327,False,B,SER127,O,24.914,18.061,16.805,B,VAL130,N,22.267,17.817,18.806
Phase Boundary,YELLOW,4.424,3.054,False,B,SER127,O,24.914,18.061,16.805,B,LEU131,N,21.936,18.125,16.131
Thermal Noise,RED,3.631,3.962,False,B,SER127,OG,28.054,20.454,18.556,B,THR160,OG1,27.714,22.717,21.79
Bound Backbone,BLUE,6.502,2.58,False,B,LEU128,N,26.149,16.38,17.641,B,VAL129,N,23.895,15.529,18.564
Bound Backbone,BLUE,11.696,2.255,False,B,LEU128,O,23.243,14.647,16.594,B,VAL129,N,23.895,15.529,18.564
Thermal Noise,RED,3.521,3.597,False,B,LEU128,O,23.243,14.647,16.594,B,VAL129,O,20.586,16.399,18.27
Thermal Noise,RED,3.011,3.987,False,B,LEU128,O,23.243,14.647,16.594,B,VAL130,N,22.267,17.817,18.806
Thermal Noise,RED,2.882,3.744,False,B,LEU128,O,23.243,14.647,16.594,B,LEU131,N,21.936,18.125,16.131
Phase Boundary,YELLOW,4.565,3.149,False,B,LEU128,O,23.243,14.647,16.594,B,ALA132,N,20.661,15.746,15.165
Phase Boundary,YELLOW,5.062,2.818,False,B,VAL129,N,23.895,15.529,18.564,B,VAL130,N,22.267,17.817,18.806
Bound Backbone,BLUE,8.089,2.264,False,B,VAL129,O,20.586,16.399,18.27,B,VAL130,N,22.267,17.817,18.806
Thermal Noise,RED,3.555,3.608,False,B,VAL129,O,20.586,16.399,18.27,B,VAL130,O,20.191,19.507,16.48
Bound Backbone,BLUE,5.593,3.062,False,B,VAL129,O,20.586,16.399,18.27,B,LEU131,N,21.936,18.125,16.131
Bound Backbone,BLUE,6.393,3.174,False,B,VAL129,O,20.586,16.399,18.27,B,ALA132,N,20.661,15.746,15.165
Phase Boundary,YELLOW,4.348,3.39,False,B,VAL129,O,20.586,16.399,18.27,B,ILE133,N,17.985,15.91,16.152
Bound Backbone,BLUE,8.802,2.713,False,B,VAL130,N,22.267,17.817,18.806,B,LEU131,N,21.936,18.125,16.131
Bound Backbone,BLUE,8.003,2.253,False,B,VAL130,O,20.191,19.507,16.48,B,LEU131,N,21.936,18.125,16.131
Thermal Noise,RED,3.66,3.865,False,B,VAL130,O,20.191,19.507,16.48,B,LEU131,O,19.762,17.025,13.549
Thermal Noise,RED,3.221,3.736,False,B,VAL130,O,20.191,19.507,16.48,B,GLU134,N,17.085,18.241,14.834
Phase Boundary,YELLOW,5.221,2.867,False,B,LEU131,N,21.936,18.125,16.131,B,ALA132,N,20.661,15.746,15.165
Bound Backbone,BLUE,10.518,2.248,False,B,LEU131,O,19.762,17.025,13.549,B,ALA132,N,20.661,15.746,15.165
Thermal Noise,RED,3.516,3.433,False,B,LEU131,O,19.762,17.025,13.549,B,ALA132,O,17.409,14.66,14.36
Phase Boundary,YELLOW,4.962,3.343,False,B,LEU131,O,19.762,17.025,13.549,B,ILE133,N,17.985,15.91,16.152
Phase Boundary,YELLOW,4.284,3.209,False,B,LEU131,O,19.762,17.025,13.549,B,GLU134,N,17.085,18.241,14.834
Phase Boundary,YELLOW,4.509,3.115,False,B,LEU131,O,19.762,17.025,13.549,B,ARG135,N,16.889,17.184,12.355
Bound Backbone,BLUE,5.276,2.857,False,B,ALA132,N,20.661,15.746,15.165,B,ILE133,N,17.985,15.91,16.152
Bound Backbone,BLUE,10.976,2.26,False,B,ALA132,O,17.409,14.66,14.36,B,ILE133,N,17.985,15.91,16.152
Thermal Noise,RED,3.2,3.557,False,B,ALA132,O,17.409,14.66,14.36,B,ILE133,O,15.04,17.27,14.835
Thermal Noise,RED,3.076,3.627,False,B,ALA132,O,17.409,14.66,14.36,B,GLU134,N,17.085,18.241,14.834
Phase Boundary,YELLOW,4.655,3.265,False,B,ALA132,O,17.409,14.66,14.36,B,ARG135,N,16.889,17.184,12.355
Phase Boundary,YELLOW,4.375,3.255,False,B,ALA132,O,17.409,14.66,14.36,B,TYR136,N,14.744,15.586,12.736
Bound Backbone,BLUE,6.82,2.583,False,B,ALA132,O,17.409,14.66,14.36,B,CYS222,SG,16.373,12.619,15.556
Bound Backbone,BLUE,5.709,2.825,False,B,ILE133,N,17.985,15.91,16.152,B,GLU134,N,17.085,18.241,14.834
Thermal Noise,RED,2.951,3.713,False,B,ILE133,N,17.985,15.91,16.152,B,CYS222,SG,16.373,12.619,15.556
Bound Backbone,BLUE,7.809,2.264,False,B,ILE133,O,15.04,17.27,14.835,B,GLU134,N,17.085,18.241,14.834
Phase Boundary,YELLOW,5.145,3.414,False,B,ILE133,O,15.04,17.27,14.835,B,GLU134,O,15.435,18.81,11.814
Bound Backbone,BLUE,5.887,3.095,False,B,ILE133,O,15.04,17.27,14.835,B,ARG135,N,16.889,17.184,12.355
Bound Backbone,BLUE,7.549,2.707,False,B,ILE133,O,15.04,17.27,14.835,B,TYR136,N,14.744,15.586,12.736
Bound Backbone,BLUE,6.068,2.923,False,B,ILE133,O,15.04,17.27,14.835,B,VAL137,N,12.901,17.301,12.843
Bound Backbone,BLUE,8.417,2.702,False,B,GLU134,N,17.085,18.241,14.834,B,ARG135,N,16.889,17.184,12.355
Bound Backbone,BLUE,8.216,2.247,False,B,GLU134,O,15.435,18.81,11.814,B,ARG135,N,16.889,17.184,12.355
Thermal Noise,RED,3.572,3.424,False,B,GLU134,O,15.435,18.81,11.814,B,TYR136,N,14.744,15.586,12.736
Phase Boundary,YELLOW,4.385,3.124,False,B,GLU134,O,15.435,18.81,11.814,B,VAL137,N,12.901,17.301,12.843
Bound Backbone,BLUE,5.831,2.787,False,B,GLU134,O,15.435,18.81,11.814,B,VAL138,N,12.964,19.04,10.545
Bound Backbone,BLUE,5.764,2.919,False,B,GLU134,OE1,18.388,21.906,10.178,B,ARG135,NH1,19.001,19.646,8.436
Bound Backbone,BLUE,7.415,2.89,False,B,GLU134,OE2,19.719,20.454,11.116,B,ARG135,NH1,19.001,19.646,8.436
Bound Backbone,BLUE,5.552,2.702,False,B,ARG135,N,16.889,17.184,12.355,B,TYR136,N,14.744,15.586,12.736
Bound Backbone,BLUE,12.649,2.246,False,B,ARG135,O,14.609,15.026,10.565,B,TYR136,N,14.744,15.586,12.736
Thermal Noise,RED,3.762,3.644,False,B,ARG135,O,14.609,15.026,10.565,B,VAL137,N,12.901,17.301,12.843
Thermal Noise,RED,3.738,3.571,False,B,ARG135,O,14.609,15.026,10.565,B,VAL139,N,12.613,17.248,8.608
Thermal Noise,RED,3.315,3.563,False,B,ARG135,O,14.609,15.026,10.565,B,CYS140,N,11.193,15.031,9.553
Thermal Noise,RED,3.691,3.759,False,B,ARG135,NE,18.582,17.399,8.749,B,THR251,OG1,18.35,14.688,6.156
Thermal Noise,RED,3.947,3.647,False,B,ARG135,NH1,19.001,19.646,8.436,B,GLU247,OE1,16.649,20.768,5.885
Bound Backbone,BLUE,5.422,3.205,False,B,ARG135,NH2,18.329,18.335,6.666,B,GLU247,O,18.263,16.35,4.15
Phase Boundary,YELLOW,4.457,3.058,False,B,ARG135,NH2,18.329,18.335,6.666,B,GLU247,OE1,16.649,20.768,5.885
Thermal Noise,RED,2.987,3.683,False,B,ARG135,NH2,18.329,18.335,6.666,B,THR251,OG1,18.35,14.688,6.156
Bound Backbone,BLUE,6.31,2.52,False,B,TYR136,N,14.744,15.586,12.736,B,VAL137,N,12.901,17.301,12.843
Bound Backbone,BLUE,7.947,2.248,False,B,TYR136,O,11.232,15.804,13.003,B,VAL137,N,12.901,17.301,12.843
Phase Boundary,YELLOW,5.141,3.536,False,B,TYR136,O,11.232,15.804,13.003,B,CYS140,N,11.193,15.031,9.553
Thermal Noise,RED,3.116,3.836,False,B,TYR136,O,11.232,15.804,13.003,B,CYS140,O,7.992,14.884,11.167
Thermal Noise,RED,2.642,3.948,False,B,TYR136,O,11.232,15.804,13.003,B,CYS140,SG,9.349,12.438,12.161
Phase Boundary,YELLOW,4.959,3.359,False,B,TYR136,O,11.232,15.804,13.003,B,LYS141,N,9.311,16.535,10.346
Bound Backbone,BLUE,6.765,2.883,False,B,VAL137,N,12.901,17.301,12.843,B,VAL138,N,12.964,19.04,10.545
Bound Backbone,BLUE,8.166,2.24,False,B,VAL137,O,10.836,19.588,10.981,B,VAL138,N,12.964,19.04,10.545
Thermal Noise,RED,3.51,3.777,False,B,VAL137,O,10.836,19.588,10.981,B,VAL139,N,12.613,17.248,8.608
Thermal Noise,RED,3.392,3.471,False,B,VAL137,O,10.836,19.588,10.981,B,LYS141,N,9.311,16.535,10.346
Bound Backbone,BLUE,7.55,2.662,False,B,VAL138,N,12.964,19.04,10.545,B,VAL139,N,12.613,17.248,8.608
Bound Backbone,BLUE,10.624,2.254,False,B,VAL138,O,12.76,18.756,6.939,B,VAL139,N,12.613,17.248,8.608
Bound Backbone,BLUE,5.486,2.797,False,B,VAL139,N,12.613,17.248,8.608,B,CYS140,N,11.193,15.031,9.553
Thermal Noise,RED,3.142,3.799,False,B,VAL139,N,12.613,17.248,8.608,B,LYS141,N,9.311,16.535,10.346
Bound Backbone,BLUE,12.296,2.252,False,B,VAL139,O,10.454,14.753,7.444,B,CYS140,N,11.193,15.031,9.553
Phase Boundary,YELLOW,4.39,3.592,False,B,VAL139,O,10.454,14.753,7.444,B,LYS141,N,9.311,16.535,10.346
Thermal Noise,RED,3.948,3.716,False,B,VAL139,O,10.454,14.753,7.444,B,LYS141,NZ,9.89,17.127,4.642
Bound Backbone,BLUE,6.608,2.536,False,B,CYS140,N,11.193,15.031,9.553,B,LYS141,N,9.311,16.535,10.346
Bound Backbone,BLUE,8.437,2.267,False,B,CYS140,O,7.992,14.884,11.167,B,LYS141,N,9.311,16.535,10.346
Phase Boundary,YELLOW,4.904,2.858,False,B,CYS140,O,7.992,14.884,11.167,B,LYS141,O,6.209,17.115,11.278
Thermal Noise,RED,3.794,3.493,False,B,CYS140,O,7.992,14.884,11.167,B,PRO142,N,7.562,17.886,12.901
Thermal Noise,RED,2.933,3.704,False,B,CYS140,SG,9.349,12.438,12.161,B,GLN225,O,11.744,9.634,12.511
Phase Boundary,YELLOW,4.783,3.378,False,B,LYS141,N,9.311,16.535,10.346,B,PRO142,N,7.562,17.886,12.901
Bound Backbone,BLUE,10.531,2.249,False,B,LYS141,O,6.209,17.115,11.278,B,PRO142,N,7.562,17.886,12.901
Thermal Noise,RED,3.432,3.788,False,B,LYS141,O,6.209,17.115,11.278,B,PRO142,O,6.064,20.137,13.557
Thermal Noise,RED,3.193,3.67,False,B,PHE148,N,14.317,28.143,14.39,B,GLY149,N,17.699,28.812,13.131
Phase Boundary,YELLOW,5.13,3.479,False,B,PHE148,N,14.317,28.143,14.39,B,HIS152,NE2,13.175,28.695,17.63
Bound Backbone,BLUE,8.274,2.254,False,B,PHE148,O,15.989,30.137,13.763,B,GLY149,N,17.699,28.812,13.131
Thermal Noise,RED,2.631,3.965,False,B,PHE148,O,15.989,30.137,13.763,B,GLY149,O,19.838,29.87,14.679
Thermal Noise,RED,3.482,3.559,False,B,PHE148,O,15.989,30.137,13.763,B,ASN151,OD1,16.359,33.377,15.188
Thermal Noise,RED,2.979,3.682,False,B,GLY149,N,17.699,28.812,13.131,B,GLU150,N,19.735,31.848,13.574
Bound Backbone,BLUE,8.955,2.268,False,B,GLY149,O,19.838,29.87,14.679,B,GLU150,N,19.735,31.848,13.574
Bound Backbone,BLUE,6.413,2.713,False,B,GLY149,O,19.838,29.87,14.679,B,ASN151,N,18.833,31.937,16.121
Thermal Noise,RED,4.046,3.754,False,B,GLY149,O,19.838,29.87,14.679,B,HIS152,N,17.706,29.507,17.748
Phase Boundary,YELLOW,5.067,3.27,False,B,GLY149,O,19.838,29.87,14.679,B,ALA153,N,19.783,27.693,17.119
Bound Backbone,BLUE,8.569,2.703,False,B,GLU150,N,19.735,31.848,13.574,B,ASN151,N,18.833,31.937,16.121
Bound Backbone,BLUE,8.299,2.265,False,B,GLU150,O,20.51,33.28,16.838,B,ASN151,N,18.833,31.937,16.121
Thermal Noise,RED,3.285,3.886,False,B,GLU150,O,20.51,33.28,16.838,B,ASN151,O,19.035,30.589,19.222
Phase Boundary,YELLOW,4.773,3.134,False,B,ASN151,N,18.833,31.937,16.121,B,HIS152,N,17.706,29.507,17.748
Bound Backbone,BLUE,9.952,2.26,False,B,ASN151,O,19.035,30.589,19.222,B,HIS152,N,17.706,29.507,17.748
Thermal Noise,RED,3.624,3.656,False,B,ASN151,O,19.035,30.589,19.222,B,ALA153,N,19.783,27.693,17.119
Thermal Noise,RED,3.335,3.528,False,B,ASN151,O,19.035,30.589,19.222,B,ILE154,N,21.913,28.736,18.368
Thermal Noise,RED,3.049,3.838,False,B,ASN151,O,19.035,30.589,19.222,B,MET155,N,21.402,28.079,20.903
Phase Boundary,YELLOW,5.16,2.828,False,B,HIS152,N,17.706,29.507,17.748,B,ALA153,N,19.783,27.693,17.119
Bound Backbone,BLUE,11.635,2.254,False,B,HIS152,O,19.465,26.609,19.069,B,ALA153,N,19.783,27.693,17.119
Thermal Noise,RED,3.019,3.715,False,B,HIS152,O,19.465,26.609,19.069,B,ALA153,O,23.052,26.814,18.124
Thermal Noise,RED,3.739,3.318,False,B,HIS152,O,19.465,26.609,19.069,B,ILE154,N,21.913,28.736,18.368
Bound Backbone,BLUE,5.31,3.046,False,B,HIS152,O,19.465,26.609,19.069,B,MET155,N,21.402,28.079,20.903
Bound Backbone,BLUE,5.398,3.042,False,B,HIS152,O,19.465,26.609,19.069,B,GLY156,N,21.513,25.406,20.97
Bound Backbone,BLUE,6.34,2.68,False,B,ALA153,N,19.783,27.693,17.119,B,ILE154,N,21.913,28.736,18.368
Bound Backbone,BLUE,7.983,2.247,False,B,ALA153,O,23.052,26.814,18.124,B,ILE154,N,21.913,28.736,18.368
Phase Boundary,YELLOW,4.678,3.471,False,B,ALA153,O,23.052,26.814,18.124,B,MET155,N,21.402,28.079,20.903
Phase Boundary,YELLOW,4.545,3.529,False,B,ALA153,O,23.052,26.814,18.124,B,GLY156,N,21.513,25.406,20.97
Bound Backbone,BLUE,6.255,2.942,False,B,ALA153,O,23.052,26.814,18.124,B,VAL157,N,24.102,25.153,20.313
Bound Backbone,BLUE,8.851,2.668,False,B,ILE154,N,21.913,28.736,18.368,B,MET155,N,21.402,28.079,20.903
Bound Backbone,BLUE,8.499,2.248,False,B,ILE154,O,23.374,28.843,21.665,B,MET155,N,21.402,28.079,20.903
Thermal Noise,RED,2.82,3.941,False,B,ILE154,O,23.374,28.843,21.665,B,MET155,O,21.959,25.492,23.181
Thermal Noise,RED,2.589,3.97,False,B,ILE154,O,23.374,28.843,21.665,B,GLY156,N,21.513,25.406,20.97
Thermal Noise,RED,2.688,3.997,False,B,ILE154,O,23.374,28.843,21.665,B,VAL157,N,24.102,25.153,20.313
Phase Boundary,YELLOW,4.325,3.117,False,B,ILE154,O,23.374,28.843,21.665,B,ALA158,N,25.112,26.408,22.541
Bound Backbone,BLUE,5.59,2.676,False,B,MET155,N,21.402,28.079,20.903,B,GLY156,N,21.513,25.406,20.97
Bound Backbone,BLUE,12.651,2.257,False,B,MET155,O,21.959,25.492,23.181,B,GLY156,N,21.513,25.406,20.97
Thermal Noise,RED,3.849,3.422,False,B,MET155,O,21.959,25.492,23.181,B,GLY156,O,24.144,23.344,21.657
Phase Boundary,YELLOW,4.347,3.596,False,B,MET155,O,21.959,25.492,23.181,B,VAL157,N,24.102,25.153,20.313
Thermal Noise,RED,3.66,3.345,False,B,MET155,O,21.959,25.492,23.181,B,ALA158,N,25.112,26.408,22.541
Bound Backbone,BLUE,6.373,2.688,False,B,MET155,O,21.959,25.492,23.181,B,PHE159,N,24.19,24.758,24.488
Bound Backbone,BLUE,5.772,2.683,False,B,GLY156,N,21.513,25.406,20.97,B,VAL157,N,24.102,25.153,20.313
Bound Backbone,BLUE,9.659,2.254,False,B,GLY156,O,24.144,23.344,21.657,B,VAL157,N,24.102,25.153,20.313
Thermal Noise,RED,3.199,3.565,False,B,GLY156,O,24.144,23.344,21.657,B,VAL157,O,27.048,25.334,22.221
Thermal Noise,RED,3.765,3.333,False,B,GLY156,O,24.144,23.344,21.657,B,ALA158,N,25.112,26.408,22.541
Bound Backbone,BLUE,6.03,3.165,False,B,GLY156,O,24.144,23.344,21.657,B,PHE159,N,24.19,24.758,24.488
Bound Backbone,BLUE,7.224,2.778,False,B,GLY156,O,24.144,23.344,21.657,B,THR160,N,25.602,22.437,23.841
Thermal Noise,RED,3.045,3.627,False,B,GLY156,O,24.144,23.344,21.657,B,THR160,OG1,27.714,22.717,21.79
Bound Backbone,BLUE,7.507,2.749,False,B,VAL157,N,24.102,25.153,20.313,B,ALA158,N,25.112,26.408,22.541
Bound Backbone,BLUE,8.102,2.237,False,B,VAL157,O,27.048,25.334,22.221,B,ALA158,N,25.112,26.408,22.541
Bound Backbone,BLUE,5.324,3.456,False,B,VAL157,O,27.048,25.334,22.221,B,ALA158,O,26.135,25.109,25.547
Thermal Noise,RED,3.638,3.693,False,B,VAL157,O,27.048,25.334,22.221,B,PHE159,N,24.19,24.758,24.488
Thermal Noise,RED,3.442,3.62,False,B,VAL157,O,27.048,25.334,22.221,B,THR160,N,25.602,22.437,23.841
Bound Backbone,BLUE,5.436,2.735,False,B,VAL157,O,27.048,25.334,22.221,B,THR160,OG1,27.714,22.717,21.79
Thermal Noise,RED,3.892,3.681,False,B,VAL157,O,27.048,25.334,22.221,B,TRP161,N,28.117,22.958,24.821
Thermal Noise,RED,2.847,3.749,False,B,VAL157,O,27.048,25.334,22.221,B,TRP161,NE1,30.797,25.387,22.228
Bound Backbone,BLUE,7.216,2.714,False,B,ALA158,N,25.112,26.408,22.541,B,PHE159,N,24.19,24.758,24.488
Bound Backbone,BLUE,9.09,2.242,False,B,ALA158,O,26.135,25.109,25.547,B,PHE159,N,24.19,24.758,24.488
Thermal Noise,RED,3.107,3.6,False,B,ALA158,O,26.135,25.109,25.547,B,PHE159,O,25.182,21.656,25.909
Phase Boundary,YELLOW,4.567,3.215,False,B,ALA158,O,26.135,25.109,25.547,B,THR160,N,25.602,22.437,23.841
Phase Boundary,YELLOW,4.569,3.014,False,B,ALA158,O,26.135,25.109,25.547,B,TRP161,N,28.117,22.958,24.821
Bound Backbone,BLUE,5.499,3.027,False,B,ALA158,O,26.135,25.109,25.547,B,VAL162,N,27.556,23.261,27.478
Bound Backbone,BLUE,5.306,2.793,False,B,PHE159,N,24.19,24.758,24.488,B,THR160,N,25.602,22.437,23.841
Bound Backbone,BLUE,12.153,2.25,False,B,PHE159,O,25.182,21.656,25.909,B,THR160,N,25.602,22.437,23.841
Thermal Noise,RED,3.254,3.591,False,B,PHE159,O,25.182,21.656,25.909,B,THR160,O,28.511,20.745,24.919
Thermal Noise,RED,3.71,3.39,False,B,PHE159,O,25.182,21.656,25.909,B,TRP161,N,28.117,22.958,24.821
Phase Boundary,YELLOW,4.3,3.267,False,B,PHE159,O,25.182,21.656,25.909,B,VAL162,N,27.556,23.261,27.478
Bound Backbone,BLUE,6.79,2.886,False,B,PHE159,O,25.182,21.656,25.909,B,MET163,N,26.616,20.725,28.234
Bound Backbone,BLUE,5.724,2.749,False,B,THR160,N,25.602,22.437,23.841,B,TRP161,N,28.117,22.958,24.821
Bound Backbone,BLUE,7.915,2.25,False,B,THR160,O,28.511,20.745,24.919,B,TRP161,N,28.117,22.958,24.821
Thermal Noise,RED,4.067,3.739,False,B,THR160,O,28.511,20.745,24.919,B,TRP161,O,29.65,22.6,27.959
Thermal Noise,RED,3.779,3.714,False,B,THR160,O,28.511,20.745,24.919,B,VAL162,N,27.556,23.261,27.478
Thermal Noise,RED,4.061,3.818,False,B,THR160,O,28.511,20.745,24.919,B,MET163,N,26.616,20.725,28.234
Bound Backbone,BLUE,6.88,2.882,False,B,THR160,O,28.511,20.745,24.919,B,ALA164,N,28.834,19.128,27.283
Bound Backbone,BLUE,6.898,3.067,False,B,THR160,OG1,27.714,22.717,21.79,B,TRP161,N,28.117,22.958,24.821
Bound Backbone,BLUE,8.586,2.732,False,B,TRP161,N,28.117,22.958,24.821,B,VAL162,N,27.556,23.261,27.478
Bound Backbone,BLUE,8.151,2.248,False,B,TRP161,O,29.65,22.6,27.959,B,VAL162,N,27.556,23.261,27.478
Phase Boundary,YELLOW,4.89,3.25,False,B,TRP161,O,29.65,22.6,27.959,B,VAL162,O,27.728,21.169,30.154
Thermal Noise,RED,3.139,3.577,False,B,TRP161,O,29.65,22.6,27.959,B,MET163,N,26.616,20.725,28.234
Thermal Noise,RED,3.104,3.63,False,B,TRP161,O,29.65,22.6,27.959,B,ALA164,N,28.834,19.128,27.283
Bound Backbone,BLUE,5.697,2.735,False,B,TRP161,O,29.65,22.6,27.959,B,LEU165,N,30.806,20.28,28.831
Bound Backbone,BLUE,5.309,2.808,False,B,VAL162,N,27.556,23.261,27.478,B,MET163,N,26.616,20.725,28.234
Bound Backbone,BLUE,11.398,2.263,False,B,VAL162,O,27.728,21.169,30.154,B,MET163,N,26.616,20.725,28.234
Thermal Noise,RED,3.408,3.519,False,B,VAL162,O,27.728,21.169,30.154,B,MET163,O,28.453,17.883,29.125
Thermal Noise,RED,4.066,3.692,False,B,VAL162,O,27.728,21.169,30.154,B,ALA164,N,28.834,19.128,27.283
Thermal Noise,RED,3.64,3.466,False,B,VAL162,O,27.728,21.169,30.154,B,LEU165,N,30.806,20.28,28.831
Phase Boundary,YELLOW,4.887,2.996,False,B,VAL162,O,27.728,21.169,30.154,B,ALA166,N,29.888,19.45,31.319
Phase Boundary,YELLOW,5.107,2.894,False,B,MET163,N,26.616,20.725,28.234,B,ALA164,N,28.834,19.128,27.283
Bound Backbone,BLUE,11.203,2.256,False,B,MET163,O,28.453,17.883,29.125,B,ALA164,N,28.834,19.128,27.283
Thermal Noise,RED,3.85,3.226,False,B,MET163,O,28.453,17.883,29.125,B,ALA164,O,31.66,18.201,28.971
Thermal Noise,RED,3.537,3.372,False,B,MET163,O,28.453,17.883,29.125,B,LEU165,N,30.806,20.28,28.831
Bound Backbone,BLUE,5.699,3.054,False,B,MET163,O,28.453,17.883,29.125,B,ALA166,N,29.888,19.45,31.319
Phase Boundary,YELLOW,4.095,3.541,False,B,MET163,O,28.453,17.883,29.125,B,CYS167,N,30.953,17.04,31.487
Thermal Noise,RED,3.283,3.497,False,B,MET163,O,28.453,17.883,29.125,B,HIS211,ND1,28.018,14.422,28.878
Thermal Noise,RED,3.462,3.669,False,B,MET163,O,28.453,17.883,29.125,B,HIS211,NE2,27.927,14.768,30.991
Bound Backbone,BLUE,6.311,2.759,False,B,ALA164,N,28.834,19.128,27.283,B,LEU165,N,30.806,20.28,28.831
Bound Backbone,BLUE,7.911,2.252,False,B,ALA164,O,31.66,18.201,28.971,B,LEU165,N,30.806,20.28,28.831
Phase Boundary,YELLOW,4.56,3.631,False,B,ALA164,O,31.66,18.201,28.971,B,LEU165,O,31.921,19.85,32.195
Phase Boundary,YELLOW,5.265,3.196,False,B,ALA164,O,31.66,18.201,28.971,B,ALA166,N,29.888,19.45,31.319
Bound Backbone,BLUE,7.304,2.86,False,B,ALA164,O,31.66,18.201,28.971,B,CYS167,N,30.953,17.04,31.487
Bound Backbone,BLUE,5.625,2.956,False,B,ALA164,O,31.66,18.201,28.971,B,ALA168,N,33.695,16.992,30.742
Bound Backbone,BLUE,7.827,2.779,False,B,LEU165,N,30.806,20.28,28.831,B,ALA166,N,29.888,19.45,31.319
Bound Backbone,BLUE,8.672,2.25,False,B,LEU165,O,31.921,19.85,32.195,B,ALA166,N,29.888,19.45,31.319
Phase Boundary,YELLOW,4.434,3.055,False,B,LEU165,O,31.921,19.85,32.195,B,CYS167,N,30.953,17.04,31.487
Thermal Noise,RED,3.279,3.664,False,B,LEU165,O,31.921,19.85,32.195,B,ALA168,N,33.695,16.992,30.742
Phase Boundary,YELLOW,4.646,2.955,False,B,LEU165,O,31.921,19.85,32.195,B,ALA169,N,34.638,18.771,32.623
Bound Backbone,BLUE,5.756,2.64,False,B,ALA166,N,29.888,19.45,31.319,B,CYS167,N,30.953,17.04,31.487
Bound Backbone,BLUE,11.462,2.266,False,B,ALA166,O,29.924,16.508,33.434,B,CYS167,N,30.953,17.04,31.487
Bound Backbone,BLUE,5.815,2.655,False,B,ALA166,O,29.924,16.508,33.434,B,TYR206,OH,27.95,14.81,33.953
Thermal Noise,RED,3.984,3.603,False,B,ALA166,O,29.924,16.508,33.434,B,HIS211,NE2,27.927,14.768,30.991
Phase Boundary,YELLOW,5.172,2.842,False,B,CYS167,N,30.953,17.04,31.487,B,ALA168,N,33.695,16.992,30.742
Thermal Noise,RED,2.777,3.816,False,B,CYS167,N,30.953,17.04,31.487,B,HIS211,NE2,27.927,14.768,30.991
Bound Backbone,BLUE,10.119,2.241,False,B,CYS167,O,33.883,15.301,32.2,B,ALA168,N,33.695,16.992,30.742
Thermal Noise,RED,2.517,3.988,False,B,CYS167,O,33.883,15.301,32.2,B,ALA168,O,36.749,18.072,32.311
Thermal Noise,RED,3.157,3.576,False,B,CYS167,O,33.883,15.301,32.2,B,ALA169,N,34.638,18.771,32.623
Thermal Noise,RED,2.742,3.837,False,B,CYS167,SG,31.8,13.356,30.133,B,MET207,SD,33.786,10.103,30.573
Bound Backbone,BLUE,6.834,2.755,False,B,ALA168,N,33.695,16.992,30.742,B,ALA169,N,34.638,18.771,32.623
Bound Backbone,BLUE,8.034,2.245,False,B,ALA168,O,36.749,18.072,32.311,B,ALA169,N,34.638,18.771,32.623
Thermal Noise,RED,3.983,3.936,False,B,ALA168,O,36.749,18.072,32.311,B,ALA169,O,36.035,19.406,35.945
Bound Backbone,BLUE,6.203,2.65,False,B,ALA168,O,36.749,18.072,32.311,B,TYR178,OH,37.885,15.891,31.324
Bound Backbone,BLUE,6.755,3.065,False,B,ALA169,N,34.638,18.771,32.623,B,PRO170,N,34.328,17.965,35.564
Bound Backbone,BLUE,7.933,2.266,False,B,ALA169,O,36.035,19.406,35.945,B,PRO170,N,34.328,17.965,35.564
Phase Boundary,YELLOW,4.515,3.438,False,B,ALA169,O,36.035,19.406,35.945,B,PRO170,O,36.303,17.049,38.433
Thermal Noise,RED,3.359,3.474,False,B,ALA169,O,36.035,19.406,35.945,B,PRO171,N,36.54,16.005,36.445
Phase Boundary,YELLOW,4.32,3.116,False,B,ALA169,O,36.035,19.406,35.945,B,LEU172,N,38.542,17.765,36.8
Phase Boundary,YELLOW,4.39,3.627,False,B,ALA169,O,36.035,19.406,35.945,B,VAL173,N,38.033,19.302,38.97
Phase Boundary,YELLOW,4.426,3.084,False,B,PRO170,N,34.328,17.965,35.564,B,PRO171,N,36.54,16.005,36.445
Bound Backbone,BLUE,11.722,2.258,False,B,PRO170,O,36.303,17.049,38.433,B,PRO171,N,36.54,16.005,36.445
Thermal Noise,RED,2.734,3.886,False,B,PRO170,O,36.303,17.049,38.433,B,PRO171,O,39.999,16.218,37.568
Bound Backbone,BLUE,5.897,2.862,False,B,PRO170,O,36.303,17.049,38.433,B,LEU172,N,38.542,17.765,36.8
Phase Boundary,YELLOW,4.894,2.891,False,B,PRO170,O,36.303,17.049,38.433,B,VAL173,N,38.033,19.302,38.97
Bound Backbone,BLUE,7.085,2.967,False,B,PRO170,O,36.303,17.049,38.433,B,GLY174,N,37.177,17.607,41.213
Bound Backbone,BLUE,5.773,3.106,False,B,PRO170,O,36.303,17.049,38.433,B,TRP175,N,35.816,15.184,40.868
Thermal Noise,RED,3.738,3.274,False,B,PRO170,O,36.303,17.049,38.433,B,TRP175,O,35.891,13.804,38.303
Bound Backbone,BLUE,5.595,2.689,False,B,PRO171,N,36.54,16.005,36.445,B,LEU172,N,38.542,17.765,36.8
Bound Backbone,BLUE,5.747,2.953,False,B,PRO171,N,36.54,16.005,36.445,B,TRP175,O,35.891,13.804,38.303
Bound Backbone,BLUE,8.414,2.26,False,B,PRO171,O,39.999,16.218,37.568,B,LEU172,N,38.542,17.765,36.8
Thermal Noise,RED,2.821,3.917,False,B,PRO171,O,39.999,16.218,37.568,B,VAL173,N,38.033,19.302,38.97
Thermal Noise,RED,3.621,3.547,False,B,PRO171,O,39.999,16.218,37.568,B,SER176,O,38.696,13.364,39.223
Bound Backbone,BLUE,7.691,2.707,False,B,LEU172,N,38.542,17.765,36.8,B,VAL173,N,38.033,19.302,38.97
Bound Backbone,BLUE,7.896,2.251,False,B,LEU172,O,40.156,20.051,38.997,B,VAL173,N,38.033,19.302,38.97
Bound Backbone,BLUE,6.351,2.939,False,B,VAL173,N,38.033,19.302,38.97,B,GLY174,N,37.177,17.607,41.213
Bound Backbone,BLUE,9.461,2.254,False,B,VAL173,O,38.328,19.073,42.481,B,GLY174,N,37.177,17.607,41.213
Phase Boundary,YELLOW,5.152,2.8,False,B,GLY174,N,37.177,17.607,41.213,B,TRP175,N,35.816,15.184,40.868
Bound Backbone,BLUE,12.343,2.242,False,B,GLY174,O,36.285,14.506,42.953,B,TRP175,N,35.816,15.184,40.868
Thermal Noise,RED,3.609,3.961,False,B,GLY174,O,36.285,14.506,42.953,B,SER176,N,36.464,12.177,39.754
Thermal Noise,RED,4.015,3.272,False,B,TRP175,N,35.816,15.184,40.868,B,SER176,N,36.464,12.177,39.754
Thermal Noise,RED,3.133,3.783,False,B,TRP175,N,35.816,15.184,40.868,B,SER176,O,38.696,13.364,39.223
Bound Backbone,BLUE,9.954,2.254,False,B,TRP175,O,35.891,13.804,38.303,B,SER176,N,36.464,12.177,39.754
Phase Boundary,YELLOW,4.764,2.985,False,B,TRP175,O,35.891,13.804,38.303,B,SER176,O,38.696,13.364,39.223
Thermal Noise,RED,3.154,3.61,False,B,TRP175,NE1,31.776,11.179,40.772,B,ASN199,O,33.856,8.324,41.515
Phase Boundary,YELLOW,4.401,3.096,False,B,TRP175,NE1,31.776,11.179,40.772,B,SER202,OG,30.85,8.366,41.674
Thermal Noise,RED,3.364,3.765,False,B,TRP175,NE1,31.776,11.179,40.772,B,PHE203,N,31.853,8.032,38.707
Thermal Noise,RED,3.606,3.617,False,B,SER176,N,36.464,12.177,39.754,B,ARG177,N,39.507,11.787,37.839
Phase Boundary,YELLOW,4.4,3.613,False,B,SER176,N,36.464,12.177,39.754,B,THR198,O,35.469,10.406,42.742
Bound Backbone,BLUE,9.814,2.249,False,B,SER176,O,38.696,13.364,39.223,B,ARG177,N,39.507,11.787,37.839
Bound Backbone,BLUE,5.55,2.813,False,B,SER176,OG,37.436,10.234,36.737,B,ARG177,N,39.507,11.787,37.839
Thermal Noise,RED,2.778,3.881,False,B,SER176,OG,37.436,10.234,36.737,B,ARG177,O,41.088,11.042,35.703
Thermal Noise,RED,3.558,3.651,False,B,SER176,OG,37.436,10.234,36.737,B,ASP190,N,39.849,8.329,34.767
Thermal Noise,RED,3.799,3.629,False,B,ARG177,N,39.507,11.787,37.839,B,TYR178,N,42.026,13.071,35.564
Bound Backbone,BLUE,7.998,2.24,False,B,ARG177,O,41.088,11.042,35.703,B,TYR178,N,42.026,13.071,35.564
Thermal Noise,RED,2.711,3.844,False,B,ARG177,O,41.088,11.042,35.703,B,TYR178,O,44.652,12.474,35.545
Thermal Noise,RED,3.723,3.51,False,B,ARG177,O,41.088,11.042,35.703,B,ILE179,N,44.164,10.876,34.02
Phase Boundary,YELLOW,4.66,3.631,False,B,ARG177,O,41.088,11.042,35.703,B,GLY188,O,41.918,9.856,32.373
Phase Boundary,YELLOW,4.329,3.126,False,B,ARG177,O,41.088,11.042,35.703,B,ASP190,N,39.849,8.329,34.767
Bound Backbone,BLUE,5.316,2.854,False,B,ARG177,NE,43.48,9.013,40.115,B,ASP190,OD1,41.518,7.212,39.088
Phase Boundary,YELLOW,5.078,3.439,False,B,ARG177,NH1,45.01,9.389,41.789,B,HIS195,NE2,43.492,8.926,44.84
Thermal Noise,RED,3.443,3.698,False,B,ARG177,NH2,44.661,7.257,41.036,B,ASP190,OD1,41.518,7.212,39.088
Thermal Noise,RED,3.783,3.287,False,B,ARG177,NH2,44.661,7.257,41.036,B,THR193,OG1,42.336,5.012,40.439
Thermal Noise,RED,3.837,3.431,False,B,TYR178,N,42.026,13.071,35.564,B,ILE179,N,44.164,10.876,34.02
Bound Backbone,BLUE,10.082,2.262,False,B,TYR178,O,44.652,12.474,35.545,B,ILE179,N,44.164,10.876,34.02
Thermal Noise,RED,3.274,3.593,False,B,ILE179,N,44.164,10.876,34.02,B,PRO180,N,47.315,9.517,32.956
Bound Backbone,BLUE,5.442,2.966,False,B,ILE179,N,44.164,10.876,34.02,B,GLY188,O,41.918,9.856,32.373
Bound Backbone,BLUE,8.434,2.264,False,B,ILE179,O,45.258,9.018,32.153,B,PRO180,N,47.315,9.517,32.956
Thermal Noise,RED,3.669,3.303,False,B,ILE179,O,45.258,9.018,32.153,B,PRO180,O,47.565,6.655,32.202
Phase Boundary,YELLOW,4.477,3.338,False,B,ILE179,O,45.258,9.018,32.153,B,GLU181,N,47.334,7.431,30.076
Thermal Noise,RED,2.582,3.975,False,B,ILE179,O,45.258,9.018,32.153,B,CYS187,SG,47.092,12.476,31.46
Phase Boundary,YELLOW,4.639,3.275,False,B,ILE179,O,45.258,9.018,32.153,B,GLY188,N,43.18,10.536,30.127
Thermal Noise,RED,3.37,3.451,False,B,ILE179,O,45.258,9.018,32.153,B,GLY188,O,41.918,9.856,32.373
Phase Boundary,YELLOW,4.485,3.556,False,B,PRO180,N,47.315,9.517,32.956,B,GLU181,N,47.334,7.431,30.076
Phase Boundary,YELLOW,4.091,3.323,False,B,PRO180,N,47.315,9.517,32.956,B,CYS187,SG,47.092,12.476,31.46
Bound Backbone,BLUE,12.03,2.275,False,B,PRO180,O,47.565,6.655,32.202,B,GLU181,N,47.334,7.431,30.076
Thermal Noise,RED,3.303,3.577,False,B,PRO180,O,47.565,6.655,32.202,B,GLN184,NE2,50.343,4.667,31.142
Thermal Noise,RED,3.478,3.437,False,B,PRO180,O,47.565,6.655,32.202,B,GLN184,OE1,50.856,5.955,32.902
Thermal Noise,RED,3.455,3.643,False,B,GLU181,N,47.334,7.431,30.076,B,GLY182,N,47.901,4.283,28.333
Bound Backbone,BLUE,6.433,2.694,False,B,GLU181,N,47.334,7.431,30.076,B,SER186,O,47.347,9.746,28.699
Bound Backbone,BLUE,7.933,2.267,False,B,GLU181,O,48.773,6.339,27.943,B,GLY182,N,47.901,4.283,28.333
Thermal Noise,RED,3.188,3.604,False,B,GLU181,O,48.773,6.339,27.943,B,GLY182,O,50.775,3.463,28.787
Phase Boundary,YELLOW,4.158,3.242,False,B,GLU181,O,48.773,6.339,27.943,B,MET183,N,50.986,4.316,26.709
Phase Boundary,YELLOW,4.746,2.94,False,B,GLU181,O,48.773,6.339,27.943,B,GLN184,N,51.649,6.165,28.529
Thermal Noise,RED,3.669,3.936,False,B,GLU181,O,48.773,6.339,27.943,B,GLN184,NE2,50.343,4.667,31.142
Thermal Noise,RED,3.187,3.556,False,B,GLU181,O,48.773,6.339,27.943,B,CYS185,N,51.277,8.837,27.58
Thermal Noise,RED,2.888,3.77,False,B,GLU181,O,48.773,6.339,27.943,B,SER186,O,47.347,9.746,28.699
Thermal Noise,RED,3.224,3.905,False,B,GLU181,O,48.773,6.339,27.943,B,SER186,OG,46.762,8.732,25.602
Thermal Noise,RED,3.356,3.735,False,B,GLU181,OE1,42.551,7.401,28.196,B,GLY188,N,43.18,10.536,30.127
Phase Boundary,YELLOW,5.031,2.884,False,B,GLU181,OE1,42.551,7.401,28.196,B,TYR268,OH,39.798,7.782,27.427
Bound Backbone,BLUE,7.194,2.498,False,B,GLU181,OE2,42.55,5.371,29.033,B,TYR192,OH,43.975,3.634,30.124
Thermal Noise,RED,2.764,3.996,False,B,GLU181,OE2,42.55,5.371,29.033,B,TYR268,OH,39.798,7.782,27.427
Thermal Noise,RED,4.044,3.868,False,B,GLU181,OE2,42.55,5.371,29.033,B,MET288,SD,42.234,3.688,25.565
Thermal Noise,RED,3.747,3.487,False,B,GLY182,N,47.901,4.283,28.333,B,MET183,N,50.986,4.316,26.709
Thermal Noise,RED,3.883,3.742,False,B,GLY182,N,47.901,4.283,28.333,B,GLN184,NE2,50.343,4.667,31.142
Bound Backbone,BLUE,12.106,2.256,False,B,GLY182,O,50.775,3.463,28.787,B,MET183,N,50.986,4.316,26.709
Phase Boundary,YELLOW,4.947,2.852,False,B,GLY182,O,50.775,3.463,28.787,B,GLN184,N,51.649,6.165,28.529
Bound Backbone,BLUE,8.31,2.68,False,B,GLY182,O,50.775,3.463,28.787,B,GLN184,NE2,50.343,4.667,31.142
Bound Backbone,BLUE,7.222,2.678,False,B,MET183,N,50.986,4.316,26.709,B,GLN184,N,51.649,6.165,28.529
Thermal Noise,RED,2.809,3.867,False,B,MET183,N,50.986,4.316,26.709,B,PRO285,O,49.123,1.104,25.628
Bound Backbone,BLUE,6.14,3.059,False,B,MET183,N,50.986,4.316,26.709,B,THR289,OG1,49.451,3.542,24.179
Bound Backbone,BLUE,8.759,2.259,False,B,MET183,O,53.657,6.531,27.561,B,GLN184,N,51.649,6.165,28.529
Thermal Noise,RED,3.832,3.45,False,B,MET183,O,53.657,6.531,27.561,B,GLN184,O,52.753,9.442,29.177
Thermal Noise,RED,3.644,3.314,False,B,MET183,O,53.657,6.531,27.561,B,CYS185,N,51.277,8.837,27.58
Phase Boundary,YELLOW,5.236,2.86,False,B,GLN184,N,51.649,6.165,28.529,B,CYS185,N,51.277,8.837,27.58
Bound Backbone,BLUE,10.357,2.257,False,B,GLN184,O,52.753,9.442,29.177,B,CYS185,N,51.277,8.837,27.58
Bound Backbone,BLUE,5.516,2.774,False,B,CYS185,N,51.277,8.837,27.58,B,SER186,N,49.02,10.204,26.724
Bound Backbone,BLUE,8.288,2.264,False,B,CYS185,O,50.243,11.975,26.023,B,SER186,N,49.02,10.204,26.724
Thermal Noise,RED,3.47,3.591,False,B,SER186,N,49.02,10.204,26.724,B,CYS187,N,46.081,11.569,28.271
Bound Backbone,BLUE,8.012,2.26,False,B,SER186,O,47.347,9.746,28.699,B,CYS187,N,46.081,11.569,28.271
Thermal Noise,RED,3.49,3.891,False,B,SER186,O,47.347,9.746,28.699,B,CYS187,SG,47.092,12.476,31.46
Thermal Noise,RED,3.302,3.954,False,B,SER186,OG,46.762,8.732,25.602,B,CYS187,N,46.081,11.569,28.271
Thermal Noise,RED,3.621,3.596,False,B,CYS187,N,46.081,11.569,28.271,B,GLY188,N,43.18,10.536,30.127
Bound Backbone,BLUE,11.055,2.274,False,B,CYS187,O,43.312,11.83,28.262,B,GLY188,N,43.18,10.536,30.127
Thermal Noise,RED,3.221,3.673,False,B,GLY188,N,43.18,10.536,30.127,B,ILE189,N,39.849,9.778,31.477
Bound Backbone,BLUE,8.652,2.256,False,B,GLY188,O,41.918,9.856,32.373,B,ILE189,N,39.849,9.778,31.477
Phase Boundary,YELLOW,4.142,3.126,False,B,GLY188,O,41.918,9.856,32.373,B,ILE189,O,40.185,7.288,32.79
Phase Boundary,YELLOW,4.2,3.513,False,B,GLY188,O,41.918,9.856,32.373,B,ASP190,N,39.849,8.329,34.767
Phase Boundary,YELLOW,4.747,3.595,False,B,ILE189,N,39.849,9.778,31.477,B,ASP190,N,39.849,8.329,34.767
Thermal Noise,RED,3.404,3.819,False,B,ILE189,N,39.849,9.778,31.477,B,TYR191,OH,37.872,7.506,29.128
Bound Backbone,BLUE,11.659,2.259,False,B,ILE189,O,40.185,7.288,32.79,B,ASP190,N,39.849,8.329,34.767
Bound Backbone,BLUE,6.442,2.804,False,B,ILE189,O,40.185,7.288,32.79,B,TYR191,N,39.768,5.188,34.6
Thermal Noise,RED,4.05,3.146,False,B,ASP190,N,39.849,8.329,34.767,B,TYR191,N,39.768,5.188,34.6
Bound Backbone,BLUE,11.583,2.256,False,B,ASP190,O,38.779,5.761,36.545,B,TYR191,N,39.768,5.188,34.6
Thermal Noise,RED,2.732,3.863,False,B,ASP190,O,38.779,5.761,36.545,B,TYR191,O,39.202,1.979,35.883
Thermal Noise,RED,3.131,3.677,False,B,ASP190,O,38.779,5.761,36.545,B,TYR192,N,41.096,3.129,35.44
Thermal Noise,RED,4.041,3.824,False,B,ASP190,O,38.779,5.761,36.545,B,THR193,O,39.366,3.938,39.855
Phase Boundary,YELLOW,4.835,3.66,False,B,ASP190,O,38.779,5.761,36.545,B,ASN200,OD1,38.887,6.362,40.154
Thermal Noise,RED,2.57,3.992,False,B,ASP190,OD1,41.518,7.212,39.088,B,THR193,O,39.366,3.938,39.855
Bound Backbone,BLUE,6.321,2.708,False,B,ASP190,OD1,41.518,7.212,39.088,B,THR193,OG1,42.336,5.012,40.439
Phase Boundary,YELLOW,4.095,3.36,False,B,ASP190,OD1,41.518,7.212,39.088,B,ASN200,ND2,38.905,8.519,40.748
Phase Boundary,YELLOW,4.933,2.963,False,B,ASP190,OD1,41.518,7.212,39.088,B,ASN200,OD1,38.887,6.362,40.154
Thermal Noise,RED,3.877,3.728,False,B,ASP190,OD2,42.137,6.04,37.349,B,TYR191,N,39.768,5.188,34.6
Thermal Noise,RED,3.564,3.633,False,B,ASP190,OD2,42.137,6.04,37.349,B,TYR192,N,41.096,3.129,35.44
Thermal Noise,RED,3.943,3.292,False,B,ASP190,OD2,42.137,6.04,37.349,B,THR193,N,41.605,2.974,38.424
Bound Backbone,BLUE,5.906,3.263,False,B,ASP190,OD2,42.137,6.04,37.349,B,THR193,OG1,42.336,5.012,40.439
Bound Backbone,BLUE,6.365,2.59,False,B,TYR191,N,39.768,5.188,34.6,B,TYR192,N,41.096,3.129,35.44
Bound Backbone,BLUE,8.03,2.26,False,B,TYR191,O,39.202,1.979,35.883,B,TYR192,N,41.096,3.129,35.44
Thermal Noise,RED,3.248,3.849,False,B,TYR191,O,39.202,1.979,35.883,B,TYR192,O,42.159,0.814,38.054
Thermal Noise,RED,3.968,3.636,False,B,TYR191,O,39.202,1.979,35.883,B,THR193,N,41.605,2.974,38.424
Bound Backbone,BLUE,8.682,2.657,False,B,TYR191,O,39.202,1.979,35.883,B,GLN279,OE1,38.364,1.297,38.31
Bound Backbone,BLUE,7.644,2.584,False,B,TYR191,OH,37.872,7.506,29.128,B,TYR268,OH,39.798,7.782,27.427
Bound Backbone,BLUE,7.043,3.031,False,B,TYR192,N,41.096,3.129,35.44,B,THR193,N,41.605,2.974,38.424
Bound Backbone,BLUE,7.966,2.26,False,B,TYR192,O,42.159,0.814,38.054,B,THR193,N,41.605,2.974,38.424
Thermal Noise,RED,2.889,3.954,False,B,TYR192,O,42.159,0.814,38.054,B,GLN279,NE2,38.803,-0.288,39.83
Thermal Noise,RED,2.73,3.834,False,B,TYR192,O,42.159,0.814,38.054,B,GLN279,OE1,38.364,1.297,38.31
Phase Boundary,YELLOW,4.31,3.714,False,B,THR193,N,41.605,2.974,38.424,B,PRO194,N,39.823,2.666,41.668
Thermal Noise,RED,3.004,3.651,False,B,THR193,N,41.605,2.974,38.424,B,GLN279,OE1,38.364,1.297,38.31
Bound Backbone,BLUE,11.027,2.261,False,B,THR193,O,39.366,3.938,39.855,B,PRO194,N,39.823,2.666,41.668
Thermal Noise,RED,3.879,3.908,False,B,THR193,O,39.366,3.938,39.855,B,PRO194,O,37.79,5.06,43.251
Phase Boundary,YELLOW,4.652,3.711,False,B,THR193,O,39.366,3.938,39.855,B,HIS195,N,39.994,4.546,43.462
Bound Backbone,BLUE,6.52,2.489,False,B,THR193,O,39.366,3.938,39.855,B,ASN200,OD1,38.887,6.362,40.154
Phase Boundary,YELLOW,4.427,3.22,False,B,THR193,O,39.366,3.938,39.855,B,GLN279,OE1,38.364,1.297,38.31
Thermal Noise,RED,3.219,3.651,False,B,THR193,OG1,42.336,5.012,40.439,B,PRO194,N,39.823,2.666,41.668
Thermal Noise,RED,3.753,3.852,False,B,THR193,OG1,42.336,5.012,40.439,B,HIS195,N,39.994,4.546,43.462
Thermal Noise,RED,2.911,3.715,False,B,THR193,OG1,42.336,5.012,40.439,B,ASN200,OD1,38.887,6.362,40.154
Bound Backbone,BLUE,7.683,2.604,False,B,PRO194,N,39.823,2.666,41.668,B,HIS195,N,39.994,4.546,43.462
Thermal Noise,RED,3.543,3.626,False,B,PRO194,N,39.823,2.666,41.668,B,GLN279,NE2,38.803,-0.288,39.83
Thermal Noise,RED,3.849,3.909,False,B,PRO194,N,39.823,2.666,41.668,B,GLN279,OE1,38.364,1.297,38.31
Bound Backbone,BLUE,7.789,2.273,False,B,PRO194,O,37.79,5.06,43.251,B,HIS195,N,39.994,4.546,43.462
Bound Backbone,BLUE,6.821,2.642,False,B,PRO194,O,37.79,5.06,43.251,B,HIS195,O,38.56,7.135,44.694
Bound Backbone,BLUE,5.879,3.228,False,B,PRO194,O,37.79,5.06,43.251,B,GLU196,N,39.024,5.519,46.198
Thermal Noise,RED,2.902,3.795,False,B,PRO194,O,37.79,5.06,43.251,B,ASN199,ND2,34.13,5.114,44.251
Thermal Noise,RED,3.353,3.777,False,B,PRO194,O,37.79,5.06,43.251,B,ASN200,N,35.973,7.627,41.159
Phase Boundary,YELLOW,4.77,3.534,False,B,PRO194,O,37.79,5.06,43.251,B,ASN200,OD1,38.887,6.362,40.154
Bound Backbone,BLUE,6.439,3.062,False,B,HIS195,N,39.994,4.546,43.462,B,GLU196,N,39.024,5.519,46.198
Thermal Noise,RED,3.753,3.933,False,B,HIS195,N,39.994,4.546,43.462,B,ASN200,OD1,38.887,6.362,40.154
Bound Backbone,BLUE,10.089,2.256,False,B,HIS195,O,38.56,7.135,44.694,B,GLU196,N,39.024,5.519,46.198
Phase Boundary,YELLOW,4.903,3.389,False,B,HIS195,O,38.56,7.135,44.694,B,GLU196,O,36.68,7.911,47.405
Bound Backbone,BLUE,8.006,2.782,False,B,HIS195,O,38.56,7.135,44.694,B,GLU197,N,38.923,8.105,47.276
Phase Boundary,YELLOW,4.754,2.933,False,B,HIS195,O,38.56,7.135,44.694,B,THR198,N,38.057,9.973,45.236
Thermal Noise,RED,3.317,3.81,False,B,HIS195,O,38.56,7.135,44.694,B,THR198,OG1,39.083,10.235,42.542
Phase Boundary,YELLOW,4.814,2.938,False,B,HIS195,O,38.56,7.135,44.694,B,ASN199,N,36.139,8.636,43.976
Thermal Noise,RED,3.008,3.767,False,B,HIS195,ND1,41.53,9.172,44.016,B,THR198,N,38.057,9.973,45.236
Phase Boundary,YELLOW,4.949,3.048,False,B,HIS195,ND1,41.53,9.172,44.016,B,THR198,OG1,39.083,10.235,42.542
Phase Boundary,YELLOW,4.268,3.915,False,B,HIS195,NE2,43.492,8.926,44.84,B,GLU197,OE2,43.468,8.714,48.749
Bound Backbone,BLUE,5.571,2.804,False,B,GLU196,N,39.024,5.519,46.198,B,GLU197,N,38.923,8.105,47.276
Bound Backbone,BLUE,7.886,2.255,False,B,GLU196,O,36.68,7.911,47.405,B,GLU197,N,38.923,8.105,47.276
Thermal Noise,RED,2.739,3.851,False,B,GLU196,O,36.68,7.911,47.405,B,GLU197,O,37.816,11.543,46.816
Phase Boundary,YELLOW,4.705,3.294,False,B,GLU196,O,36.68,7.911,47.405,B,THR198,N,38.057,9.973,45.236
Phase Boundary,YELLOW,5.075,3.546,False,B,GLU196,O,36.68,7.911,47.405,B,ASN199,N,36.139,8.636,43.976
Thermal Noise,RED,3.995,3.927,False,B,GLU196,OE2,35.023,3.865,47.865,B,ASN199,ND2,34.13,5.114,44.251
Bound Backbone,BLUE,6.265,2.898,False,B,GLU197,N,38.923,8.105,47.276,B,THR198,N,38.057,9.973,45.236
Bound Backbone,BLUE,10.497,2.24,False,B,GLU197,O,37.816,11.543,46.816,B,THR198,N,38.057,9.973,45.236
Bound Backbone,BLUE,6.486,2.656,False,B,THR198,N,38.057,9.973,45.236,B,ASN199,N,36.139,8.636,43.976
Bound Backbone,BLUE,9.328,2.259,False,B,THR198,O,35.469,10.406,42.742,B,ASN199,N,36.139,8.636,43.976
Bound Backbone,BLUE,5.279,2.906,False,B,THR198,O,35.469,10.406,42.742,B,ASN199,O,33.856,8.324,41.515
Phase Boundary,YELLOW,4.398,3.238,False,B,THR198,O,35.469,10.406,42.742,B,ASN200,N,35.973,7.627,41.159
Thermal Noise,RED,3.31,3.644,False,B,THR198,OG1,39.083,10.235,42.542,B,ASN199,N,36.139,8.636,43.976
Bound Backbone,BLUE,8.596,2.489,False,B,THR198,OG1,39.083,10.235,42.542,B,ASN200,ND2,38.905,8.519,40.748
Bound Backbone,BLUE,6.962,2.997,False,B,ASN199,N,36.139,8.636,43.976,B,ASN200,N,35.973,7.627,41.159
Bound Backbone,BLUE,7.98,2.257,False,B,ASN199,O,33.856,8.324,41.515,B,ASN200,N,35.973,7.627,41.159
Phase Boundary,YELLOW,4.651,3.101,False,B,ASN199,O,33.856,8.324,41.515,B,GLU201,N,34.737,5.666,40.183
Phase Boundary,YELLOW,4.28,3.183,False,B,ASN199,O,33.856,8.324,41.515,B,SER202,N,32.115,5.922,40.361
Phase Boundary,YELLOW,4.424,3.01,False,B,ASN199,O,33.856,8.324,41.515,B,SER202,OG,30.85,8.366,41.674
Phase Boundary,YELLOW,4.739,3.462,False,B,ASN199,O,33.856,8.324,41.515,B,PHE203,N,31.853,8.032,38.707
Phase Boundary,YELLOW,4.566,3.787,False,B,ASN199,OD1,32.042,5.959,44.147,B,SER202,N,32.115,5.922,40.361
Thermal Noise,RED,3.879,3.651,False,B,ASN199,OD1,32.042,5.959,44.147,B,SER202,OG,30.85,8.366,41.674
Thermal Noise,RED,4.055,3.167,False,B,ASN199,OD1,32.042,5.959,44.147,B,HOH960,O,30.2,3.433,43.638
Bound Backbone,BLUE,6.933,2.515,False,B,ASN200,N,35.973,7.627,41.159,B,GLU201,N,34.737,5.666,40.183
Bound Backbone,BLUE,12.311,2.265,False,B,ASN200,O,34.922,6.323,38.023,B,GLU201,N,34.737,5.666,40.183
Thermal Noise,RED,2.853,3.803,False,B,ASN200,O,34.922,6.323,38.023,B,GLU201,O,31.835,4.267,38.865
Thermal Noise,RED,3.726,3.675,False,B,ASN200,O,34.922,6.323,38.023,B,SER202,N,32.115,5.922,40.361
Thermal Noise,RED,3.197,3.579,False,B,ASN200,O,34.922,6.323,38.023,B,PHE203,N,31.853,8.032,38.707
Phase Boundary,YELLOW,4.948,3.155,False,B,ASN200,O,34.922,6.323,38.023,B,VAL204,N,32.552,7.175,36.122
Bound Backbone,BLUE,5.757,2.64,False,B,GLU201,N,34.737,5.666,40.183,B,SER202,N,32.115,5.922,40.361
Bound Backbone,BLUE,10.146,2.248,False,B,GLU201,O,31.835,4.267,38.865,B,SER202,N,32.115,5.922,40.361
Thermal Noise,RED,2.821,3.768,False,B,GLU201,O,31.835,4.267,38.865,B,PHE203,N,31.853,8.032,38.707
Phase Boundary,YELLOW,4.515,3.626,False,B,GLU201,O,31.835,4.267,38.865,B,ILE205,N,30.484,5.423,35.705
Phase Boundary,YELLOW,4.2,3.212,False,B,GLU201,OE2,32.211,1.212,42.481,B,HOH960,O,30.2,3.433,43.638
Bound Backbone,BLUE,6.838,2.694,False,B,SER202,N,32.115,5.922,40.361,B,PHE203,N,31.853,8.032,38.707
Bound Backbone,BLUE,7.918,2.254,False,B,SER202,O,29.634,7.691,38.512,B,PHE203,N,31.853,8.032,38.707
Phase Boundary,YELLOW,4.207,3.736,False,B,SER202,O,29.634,7.691,38.512,B,PHE203,O,31.216,8.79,35.311
Thermal Noise,RED,3.454,3.807,False,B,SER202,O,29.634,7.691,38.512,B,VAL204,N,32.552,7.175,36.122
Thermal Noise,RED,3.974,3.708,False,B,SER202,O,29.634,7.691,38.512,B,ILE205,N,30.484,5.423,35.705
Bound Backbone,BLUE,5.903,3.252,False,B,SER202,O,29.634,7.691,38.512,B,TYR206,N,28.599,7.248,35.461
Bound Backbone,BLUE,6.312,3.15,False,B,SER202,OG,30.85,8.366,41.674,B,PHE203,N,31.853,8.032,38.707
Bound Backbone,BLUE,7.786,2.812,False,B,PHE203,N,31.853,8.032,38.707,B,VAL204,N,32.552,7.175,36.122
Bound Backbone,BLUE,8.58,2.247,False,B,PHE203,O,31.216,8.79,35.311,B,VAL204,N,32.552,7.175,36.122
Thermal Noise,RED,3.658,3.569,False,B,PHE203,O,31.216,8.79,35.311,B,VAL204,O,30.71,5.759,33.495
Thermal Noise,RED,3.355,3.468,False,B,PHE203,O,31.216,8.79,35.311,B,ILE205,N,30.484,5.423,35.705
Phase Boundary,YELLOW,4.334,3.041,False,B,PHE203,O,31.216,8.79,35.311,B,TYR206,N,28.599,7.248,35.461
Bound Backbone,BLUE,7.528,2.662,False,B,PHE203,O,31.216,8.79,35.311,B,MET207,N,29.405,9.106,33.386
Bound Backbone,BLUE,5.4,2.742,False,B,VAL204,N,32.552,7.175,36.122,B,ILE205,N,30.484,5.423,35.705
Bound Backbone,BLUE,12.809,2.247,False,B,VAL204,O,30.71,5.759,33.495,B,ILE205,N,30.484,5.423,35.705
Thermal Noise,RED,3.044,3.721,False,B,VAL204,O,30.71,5.759,33.495,B,ILE205,O,27.148,5.772,34.571
Phase Boundary,YELLOW,4.684,3.246,False,B,VAL204,O,30.71,5.759,33.495,B,TYR206,N,28.599,7.248,35.461
Thermal Noise,RED,3.1,3.594,False,B,VAL204,O,30.71,5.759,33.495,B,MET207,N,29.405,9.106,33.386
Bound Backbone,BLUE,6.135,2.977,False,B,VAL204,O,30.71,5.759,33.495,B,PHE208,N,29.493,7.304,31.26
Bound Backbone,BLUE,5.795,2.635,False,B,ILE205,N,30.484,5.423,35.705,B,TYR206,N,28.599,7.248,35.461
Bound Backbone,BLUE,8.667,2.253,False,B,ILE205,O,27.148,5.772,34.571,B,TYR206,N,28.599,7.248,35.461
Thermal Noise,RED,3.164,3.771,False,B,ILE205,O,27.148,5.772,34.571,B,TYR206,O,27.201,9.155,32.906
Phase Boundary,YELLOW,4.486,3.758,False,B,ILE205,O,27.148,5.772,34.571,B,VAL209,N,26.805,6.802,30.973
Bound Backbone,BLUE,6.311,2.9,False,B,TYR206,N,28.599,7.248,35.461,B,MET207,N,29.405,9.106,33.386
Bound Backbone,BLUE,8.088,2.256,False,B,TYR206,O,27.201,9.155,32.906,B,MET207,N,29.405,9.106,33.386
Phase Boundary,YELLOW,4.868,3.48,False,B,TYR206,O,27.201,9.155,32.906,B,MET207,O,28.958,9.017,29.905
Thermal Noise,RED,4.046,3.375,False,B,TYR206,O,27.201,9.155,32.906,B,PHE208,N,29.493,7.304,31.26
Bound Backbone,BLUE,5.314,3.071,False,B,TYR206,O,27.201,9.155,32.906,B,VAL209,N,26.805,6.802,30.973
Bound Backbone,BLUE,7.318,2.683,False,B,TYR206,O,27.201,9.155,32.906,B,VAL210,N,25.301,9.275,31.016
Bound Backbone,BLUE,7.462,2.962,False,B,TYR206,OH,27.95,14.81,33.953,B,HIS211,NE2,27.927,14.768,30.991
Bound Backbone,BLUE,7.052,2.788,False,B,MET207,N,29.405,9.106,33.386,B,PHE208,N,29.493,7.304,31.26
Bound Backbone,BLUE,9.743,2.249,False,B,MET207,O,28.958,9.017,29.905,B,PHE208,N,29.493,7.304,31.26
Thermal Noise,RED,2.942,3.759,False,B,MET207,O,28.958,9.017,29.905,B,PHE208,O,27.17,5.843,28.977
Thermal Noise,RED,4.001,3.268,False,B,MET207,O,28.958,9.017,29.905,B,VAL209,N,26.805,6.802,30.973
Thermal Noise,RED,2.873,3.831,False,B,MET207,O,28.958,9.017,29.905,B,VAL210,N,25.301,9.275,31.016
Phase Boundary,YELLOW,5.085,2.864,False,B,MET207,O,28.958,9.017,29.905,B,HIS211,N,26.785,10.731,29.169
Thermal Noise,RED,3.897,3.962,False,B,MET207,O,28.958,9.017,29.905,B,HIS211,O,28.954,10.646,26.293
Bound Backbone,BLUE,5.284,3.355,False,B,MET207,O,28.958,9.017,29.905,B,PHE212,N,27.34,9.227,26.974
Bound Backbone,BLUE,5.331,2.749,False,B,PHE208,N,29.493,7.304,31.26,B,VAL209,N,26.805,6.802,30.973
Bound Backbone,BLUE,11.945,2.244,False,B,PHE208,O,27.17,5.843,28.977,B,VAL209,N,26.805,6.802,30.973
Thermal Noise,RED,2.603,3.933,False,B,PHE208,O,27.17,5.843,28.977,B,VAL209,O,24.138,8.319,29.356
Thermal Noise,RED,3.009,3.936,False,B,PHE208,O,27.17,5.843,28.977,B,PHE212,N,27.34,9.227,26.974
Bound Backbone,BLUE,6.813,2.956,False,B,PHE208,O,27.17,5.843,28.977,B,ILE213,N,25.941,6.574,26.39
Phase Boundary,YELLOW,4.777,2.895,False,B,VAL209,N,26.805,6.802,30.973,B,VAL210,N,25.301,9.275,31.016
Bound Backbone,BLUE,10.751,2.241,False,B,VAL209,O,24.138,8.319,29.356,B,VAL210,N,25.301,9.275,31.016
Thermal Noise,RED,3.118,3.586,False,B,VAL209,O,24.138,8.319,29.356,B,HIS211,N,26.785,10.731,29.169
Thermal Noise,RED,3.635,3.885,False,B,VAL209,O,24.138,8.319,29.356,B,ILE213,N,25.941,6.574,26.39
Bound Backbone,BLUE,6.1,3.14,False,B,VAL209,O,24.138,8.319,29.356,B,ILE214,N,23.027,7.403,26.566
Bound Backbone,BLUE,6.627,2.781,False,B,VAL210,N,25.301,9.275,31.016,B,HIS211,N,26.785,10.731,29.169
Bound Backbone,BLUE,7.988,2.244,False,B,VAL210,O,25.199,12.306,28.975,B,HIS211,N,26.785,10.731,29.169
Thermal Noise,RED,3.22,3.526,False,B,VAL210,O,25.199,12.306,28.975,B,HIS211,ND1,28.018,14.422,28.878
Bound Backbone,BLUE,7.665,2.718,False,B,HIS211,N,26.785,10.731,29.169,B,PHE212,N,27.34,9.227,26.974
Bound Backbone,BLUE,8.332,2.254,False,B,HIS211,O,28.954,10.646,26.293,B,PHE212,N,27.34,9.227,26.974
Phase Boundary,YELLOW,4.386,3.056,False,B,PHE212,N,27.34,9.227,26.974,B,ILE213,N,25.941,6.574,26.39
Bound Backbone,BLUE,11.567,2.259,False,B,PHE212,O,25.89,7.709,24.437,B,ILE213,N,25.941,6.574,26.39
Phase Boundary,YELLOW,4.178,3.096,False,B,PHE212,O,25.89,7.709,24.437,B,ILE213,O,23.089,6.394,24.552
Thermal Noise,RED,3.823,3.581,False,B,PHE212,O,25.89,7.709,24.437,B,ILE214,N,23.027,7.403,26.566
Thermal Noise,RED,2.914,3.733,False,B,PHE212,O,25.89,7.709,24.437,B,PRO215,N,22.992,9.992,25.008
Phase Boundary,YELLOW,4.726,3.206,False,B,PHE212,O,25.89,7.709,24.437,B,LEU216,N,23.531,8.833,22.58
Phase Boundary,YELLOW,4.355,3.035,False,B,ILE213,N,25.941,6.574,26.39,B,ILE214,N,23.027,7.403,26.566
Bound Backbone,BLUE,11.887,2.253,False,B,ILE213,O,23.089,6.394,24.552,B,ILE214,N,23.027,7.403,26.566
Thermal Noise,RED,4.049,3.167,False,B,ILE213,O,23.089,6.394,24.552,B,ILE214,O,21.243,8.922,24.073
Thermal Noise,RED,3.071,3.628,False,B,ILE213,O,23.089,6.394,24.552,B,PRO215,N,22.992,9.992,25.008
Phase Boundary,YELLOW,4.973,3.167,False,B,ILE213,O,23.089,6.394,24.552,B,LEU216,N,23.531,8.833,22.58
Bound Backbone,BLUE,6.407,3.0,False,B,ILE213,O,23.089,6.394,24.552,B,ILE217,N,21.479,6.806,22.054
Phase Boundary,YELLOW,5.124,3.022,False,B,ILE214,N,23.027,7.403,26.566,B,PRO215,N,22.992,9.992,25.008
Bound Backbone,BLUE,8.744,2.253,False,B,ILE214,O,21.243,8.922,24.073,B,PRO215,N,22.992,9.992,25.008
Phase Boundary,YELLOW,4.559,3.447,False,B,ILE214,O,21.243,8.922,24.073,B,PRO215,O,22.748,10.659,21.504
Bound Backbone,BLUE,6.373,2.733,False,B,ILE214,O,21.243,8.922,24.073,B,LEU216,N,23.531,8.833,22.58
Bound Backbone,BLUE,6.049,2.934,False,B,ILE214,O,21.243,8.922,24.073,B,ILE217,N,21.479,6.806,22.054
Bound Backbone,BLUE,6.169,3.012,False,B,ILE214,O,21.243,8.922,24.073,B,VAL218,N,19.432,8.586,21.69
Bound Backbone,BLUE,7.964,2.744,False,B,PRO215,N,22.992,9.992,25.008,B,LEU216,N,23.531,8.833,22.58
Bound Backbone,BLUE,8.971,2.259,False,B,PRO215,O,22.748,10.659,21.504,B,LEU216,N,23.531,8.833,22.58
Thermal Noise,RED,3.342,3.657,False,B,PRO215,O,22.748,10.659,21.504,B,LEU216,O,21.696,7.526,19.939
Thermal Noise,RED,2.615,3.915,False,B,PRO215,O,22.748,10.659,21.504,B,VAL218,N,19.432,8.586,21.69
Phase Boundary,YELLOW,4.215,3.432,False,B,PRO215,O,22.748,10.659,21.504,B,ILE219,N,20.164,9.854,19.393
Phase Boundary,YELLOW,4.751,2.932,False,B,LEU216,N,23.531,8.833,22.58,B,ILE217,N,21.479,6.806,22.054
Bound Backbone,BLUE,12.43,2.245,False,B,LEU216,O,21.696,7.526,19.939,B,ILE217,N,21.479,6.806,22.054
Thermal Noise,RED,3.299,3.514,False,B,LEU216,O,21.696,7.526,19.939,B,ILE217,O,18.267,7.03,20.523
Phase Boundary,YELLOW,5.196,3.052,False,B,LEU216,O,21.696,7.526,19.939,B,VAL218,N,19.432,8.586,21.69
Phase Boundary,YELLOW,5.079,2.84,False,B,LEU216,O,21.696,7.526,19.939,B,ILE219,N,20.164,9.854,19.393
Bound Backbone,BLUE,6.441,2.874,False,B,LEU216,O,21.696,7.526,19.939,B,PHE220,N,19.714,7.772,17.873
Bound Backbone,BLUE,5.403,2.737,False,B,ILE217,N,21.479,6.806,22.054,B,VAL218,N,19.432,8.586,21.69
Bound Backbone,BLUE,9.098,2.267,False,B,ILE217,O,18.267,7.03,20.523,B,VAL218,N,19.432,8.586,21.69
Thermal Noise,RED,3.211,3.704,False,B,ILE217,O,18.267,7.03,20.523,B,VAL218,O,18.01,10.418,19.047
Thermal Noise,RED,3.311,3.585,False,B,ILE217,O,18.267,7.03,20.523,B,ILE219,N,20.164,9.854,19.393
Bound Backbone,BLUE,6.054,3.109,False,B,ILE217,O,18.267,7.03,20.523,B,PHE220,N,19.714,7.772,17.873
Bound Backbone,BLUE,7.416,2.822,False,B,ILE217,O,18.267,7.03,20.523,B,PHE221,N,16.91,6.611,18.085
Bound Backbone,BLUE,7.834,2.724,False,B,VAL218,N,19.432,8.586,21.69,B,ILE219,N,20.164,9.854,19.393
Phase Boundary,YELLOW,4.196,3.913,False,B,VAL218,N,19.432,8.586,21.69,B,PHE220,N,19.714,7.772,17.873
Bound Backbone,BLUE,8.0,2.253,False,B,VAL218,O,18.01,10.418,19.047,B,ILE219,N,20.164,9.854,19.393
Thermal Noise,RED,3.58,3.941,False,B,VAL218,O,18.01,10.418,19.047,B,ILE219,O,19.971,8.941,15.964
Thermal Noise,RED,3.823,3.359,False,B,VAL218,O,18.01,10.418,19.047,B,PHE220,N,19.714,7.772,17.873
Phase Boundary,YELLOW,4.328,3.338,False,B,VAL218,O,18.01,10.418,19.047,B,CYS222,N,15.719,8.902,17.15
Bound Backbone,BLUE,7.099,2.617,False,B,ILE219,N,20.164,9.854,19.393,B,PHE220,N,19.714,7.772,17.873
Bound Backbone,BLUE,11.484,2.253,False,B,ILE219,O,19.971,8.941,15.964,B,PHE220,N,19.714,7.772,17.873
Thermal Noise,RED,2.991,3.658,False,B,ILE219,O,19.971,8.941,15.964,B,PHE220,O,17.246,6.502,15.863
Thermal Noise,RED,3.254,3.652,False,B,ILE219,O,19.971,8.941,15.964,B,TYR223,N,16.57,8.874,14.636
Phase Boundary,YELLOW,4.337,3.042,False,B,PHE220,N,19.714,7.772,17.873,B,PHE221,N,16.91,6.611,18.085
Bound Backbone,BLUE,12.813,2.25,False,B,PHE220,O,17.246,6.502,15.863,B,PHE221,N,16.91,6.611,18.085
Thermal Noise,RED,3.371,3.467,False,B,PHE220,O,17.246,6.502,15.863,B,PHE221,O,14.019,7.673,16.347
Phase Boundary,YELLOW,4.549,3.122,False,B,PHE220,O,17.246,6.502,15.863,B,CYS222,N,15.719,8.902,17.15
Bound Backbone,BLUE,5.939,2.755,False,B,PHE220,O,17.246,6.502,15.863,B,TYR223,N,16.57,8.874,14.636
Bound Backbone,BLUE,8.704,2.529,False,B,PHE220,O,17.246,6.502,15.863,B,GLY224,N,15.676,6.433,13.882
Bound Backbone,BLUE,5.698,2.746,False,B,PHE221,N,16.91,6.611,18.085,B,CYS222,N,15.719,8.902,17.15
Bound Backbone,BLUE,8.577,2.246,False,B,PHE221,O,14.019,7.673,16.347,B,CYS222,N,15.719,8.902,17.15
Thermal Noise,RED,3.847,3.631,False,B,PHE221,O,14.019,7.673,16.347,B,CYS222,O,14.936,10.282,13.994
Phase Boundary,YELLOW,4.309,3.298,False,B,PHE221,O,14.019,7.673,16.347,B,TYR223,N,16.57,8.874,14.636
Bound Backbone,BLUE,5.305,3.219,False,B,PHE221,O,14.019,7.673,16.347,B,GLY224,N,15.676,6.433,13.882
Bound Backbone,BLUE,7.842,2.768,False,B,PHE221,O,14.019,7.673,16.347,B,GLN225,N,13.024,6.874,13.891
Phase Boundary,YELLOW,4.431,3.327,False,B,PHE221,O,14.019,7.673,16.347,B,GLN225,OE1,11.381,8.098,18.33
Bound Backbone,BLUE,8.923,2.654,False,B,CYS222,N,15.719,8.902,17.15,B,TYR223,N,16.57,8.874,14.636
Bound Backbone,BLUE,8.311,2.25,False,B,CYS222,O,14.936,10.282,13.994,B,TYR223,N,16.57,8.874,14.636
Thermal Noise,RED,2.604,3.921,False,B,CYS222,O,14.936,10.282,13.994,B,GLY224,N,15.676,6.433,13.882
Thermal Noise,RED,2.62,3.909,False,B,CYS222,O,14.936,10.282,13.994,B,GLN225,N,13.024,6.874,13.891
Thermal Noise,RED,3.466,3.579,False,B,CYS222,O,14.936,10.282,13.994,B,GLN225,O,11.744,9.634,12.511
Thermal Noise,RED,2.781,3.861,False,B,CYS222,SG,16.373,12.619,15.556,B,TYR223,N,16.57,8.874,14.636
Bound Backbone,BLUE,5.732,2.707,False,B,TYR223,N,16.57,8.874,14.636,B,GLY224,N,15.676,6.433,13.882
Bound Backbone,BLUE,12.498,2.253,False,B,TYR223,O,15.73,7.066,11.72,B,GLY224,N,15.676,6.433,13.882
Thermal Noise,RED,3.077,3.654,False,B,TYR223,O,15.73,7.066,11.72,B,GLY224,O,12.719,5.135,12.465
Phase Boundary,YELLOW,4.139,3.475,False,B,TYR223,O,15.73,7.066,11.72,B,GLN225,N,13.024,6.874,13.891
Thermal Noise,RED,3.15,3.58,False,B,TYR223,O,15.73,7.066,11.72,B,LEU226,N,12.248,7.783,11.299
Bound Backbone,BLUE,5.537,2.688,False,B,GLY224,N,15.676,6.433,13.882,B,GLN225,N,13.024,6.874,13.891
Bound Backbone,BLUE,9.722,2.269,False,B,GLY224,O,12.719,5.135,12.465,B,GLN225,N,13.024,6.874,13.891
Phase Boundary,YELLOW,5.126,2.931,False,B,GLY224,O,12.719,5.135,12.465,B,LEU226,N,12.248,7.783,11.299
Phase Boundary,YELLOW,4.556,3.72,False,B,GLY224,O,12.719,5.135,12.465,B,LEU226,O,12.783,6.283,8.927
Bound Backbone,BLUE,7.49,2.854,False,B,GLN225,N,13.024,6.874,13.891,B,LEU226,N,12.248,7.783,11.299
Bound Backbone,BLUE,9.183,2.269,False,B,GLN225,O,11.744,9.634,12.511,B,LEU226,N,12.248,7.783,11.299
Bound Backbone,BLUE,7.101,2.719,False,B,THR243,N,14.004,22.588,-2.706,B,GLN244,N,12.899,20.991,-0.803
Bound Backbone,BLUE,9.128,2.258,False,B,THR243,O,14.846,21.016,0.341,B,GLN244,N,12.899,20.991,-0.803
Phase Boundary,YELLOW,5.269,3.033,False,B,THR243,O,14.846,21.016,0.341,B,LYS245,N,13.995,18.687,-1.405
Phase Boundary,YELLOW,4.967,3.022,False,B,THR243,O,14.846,21.016,0.341,B,ALA246,N,16.615,18.994,-1.042
Thermal Noise,RED,3.343,3.59,False,B,THR243,O,14.846,21.016,0.341,B,GLU247,N,17.28,18.689,1.586
Phase Boundary,YELLOW,4.7,2.94,False,B,THR243,OG1,12.593,23.88,-0.352,B,GLN244,N,12.899,20.991,-0.803
Bound Backbone,BLUE,6.019,2.621,False,B,GLN244,N,12.899,20.991,-0.803,B,LYS245,N,13.995,18.687,-1.405
Bound Backbone,BLUE,10.315,2.25,False,B,GLN244,O,12.884,17.503,0.153,B,LYS245,N,13.995,18.687,-1.405
Bound Backbone,BLUE,8.356,2.545,False,B,GLN244,OE1,8.648,20.23,-2.397,B,LYS245,NZ,10.044,19.261,-4.292
Bound Backbone,BLUE,5.711,2.663,False,B,LYS245,N,13.995,18.687,-1.405,B,ALA246,N,16.615,18.994,-1.042
Bound Backbone,BLUE,8.163,2.253,False,B,LYS245,O,17.095,16.858,-1.575,B,ALA246,N,16.615,18.994,-1.042
Phase Boundary,YELLOW,4.413,3.658,False,B,LYS245,O,17.095,16.858,-1.575,B,GLU247,N,17.28,18.689,1.586
Phase Boundary,YELLOW,4.645,3.688,False,B,LYS245,O,17.095,16.858,-1.575,B,LYS248,N,17.896,16.086,1.941
Bound Backbone,BLUE,8.554,2.728,False,B,ALA246,N,16.615,18.994,-1.042,B,GLU247,N,17.28,18.689,1.586
Bound Backbone,BLUE,8.085,2.258,False,B,ALA246,O,19.484,18.647,1.099,B,GLU247,N,17.28,18.689,1.586
Phase Boundary,YELLOW,4.277,3.129,False,B,ALA246,O,19.484,18.647,1.099,B,LYS248,N,17.896,16.086,1.941
Thermal Noise,RED,3.924,3.207,False,B,ALA246,O,19.484,18.647,1.099,B,GLU249,N,20.544,15.643,1.469
Thermal Noise,RED,3.892,3.613,False,B,ALA246,O,19.484,18.647,1.099,B,VAL250,N,21.759,17.114,3.45
Bound Backbone,BLUE,5.557,2.698,False,B,GLU247,N,17.28,18.689,1.586,B,LYS248,N,17.896,16.086,1.941
Bound Backbone,BLUE,12.68,2.255,False,B,GLU247,O,18.263,16.35,4.15,B,LYS248,N,17.896,16.086,1.941
Thermal Noise,RED,3.041,3.834,False,B,GLU247,O,18.263,16.35,4.15,B,LYS248,O,20.424,13.644,2.504
Phase Boundary,YELLOW,4.206,3.59,False,B,GLU247,O,18.263,16.35,4.15,B,GLU249,N,20.544,15.643,1.469
Thermal Noise,RED,3.081,3.646,False,B,GLU247,O,18.263,16.35,4.15,B,VAL250,N,21.759,17.114,3.45
Phase Boundary,YELLOW,4.389,3.169,False,B,GLU247,O,18.263,16.35,4.15,B,THR251,N,21.085,15.657,5.414
Bound Backbone,BLUE,8.111,2.607,False,B,GLU247,O,18.263,16.35,4.15,B,THR251,OG1,18.35,14.688,6.156
Bound Backbone,BLUE,5.488,2.726,False,B,LYS248,N,17.896,16.086,1.941,B,GLU249,N,20.544,15.643,1.469
Bound Backbone,BLUE,8.932,2.254,False,B,LYS248,O,20.424,13.644,2.504,B,GLU249,N,20.544,15.643,1.469
Thermal Noise,RED,2.824,3.836,False,B,LYS248,O,20.424,13.644,2.504,B,VAL250,N,21.759,17.114,3.45
Phase Boundary,YELLOW,4.373,3.6,False,B,LYS248,O,20.424,13.644,2.504,B,THR251,N,21.085,15.657,5.414
Bound Backbone,BLUE,6.444,2.943,False,B,LYS248,O,20.424,13.644,2.504,B,ARG252,N,22.137,13.046,4.821
Phase Boundary,YELLOW,4.202,3.11,False,B,LYS248,NZ,17.13,9.33,2.518,B,HOH957,O,17.505,6.281,2.032
Bound Backbone,BLUE,7.037,2.75,False,B,GLU249,N,20.544,15.643,1.469,B,VAL250,N,21.759,17.114,3.45
Phase Boundary,YELLOW,4.101,3.982,False,B,GLU249,N,20.544,15.643,1.469,B,THR251,N,21.085,15.657,5.414
Bound Backbone,BLUE,8.034,2.248,False,B,GLU249,O,23.725,16.078,3.11,B,VAL250,N,21.759,17.114,3.45
Phase Boundary,YELLOW,4.493,3.758,False,B,GLU249,O,23.725,16.078,3.11,B,VAL250,O,22.746,16.483,6.716
Phase Boundary,YELLOW,4.085,3.529,False,B,GLU249,O,23.725,16.078,3.11,B,THR251,N,21.085,15.657,5.414
Thermal Noise,RED,3.081,3.827,False,B,GLU249,O,23.725,16.078,3.11,B,ARG252,N,22.137,13.046,4.821
Phase Boundary,YELLOW,4.721,3.303,False,B,GLU249,O,23.725,16.078,3.11,B,MET253,N,24.662,13.817,5.328
Thermal Noise,RED,2.834,3.82,False,B,GLU249,O,23.725,16.078,3.11,B,MET309,O,27.191,17.426,2.238
Thermal Noise,RED,2.862,3.956,False,B,GLU249,OE2,22.438,12.962,-1.132,B,ARG252,NE,21.559,9.506,0.581
Bound Backbone,BLUE,8.592,2.537,False,B,VAL250,N,21.759,17.114,3.45,B,THR251,N,21.085,15.657,5.414
Bound Backbone,BLUE,9.428,2.266,False,B,VAL250,O,22.746,16.483,6.716,B,THR251,N,21.085,15.657,5.414
Thermal Noise,RED,3.491,3.395,False,B,VAL250,O,22.746,16.483,6.716,B,THR251,O,22.572,13.107,7.033
Thermal Noise,RED,2.904,3.972,False,B,VAL250,O,22.746,16.483,6.716,B,ARG252,N,22.137,13.046,4.821
Thermal Noise,RED,3.454,3.564,False,B,VAL250,O,22.746,16.483,6.716,B,MET253,N,24.662,13.817,5.328
Phase Boundary,YELLOW,4.498,3.151,False,B,VAL250,O,22.746,16.483,6.716,B,VAL254,N,24.798,14.506,8.062
Phase Boundary,YELLOW,4.967,2.877,False,B,THR251,N,21.085,15.657,5.414,B,ARG252,N,22.137,13.046,4.821
Bound Backbone,BLUE,12.686,2.255,False,B,THR251,O,22.572,13.107,7.033,B,ARG252,N,22.137,13.046,4.821
Thermal Noise,RED,3.653,3.524,False,B,THR251,O,22.572,13.107,7.033,B,ARG252,O,25.366,11.69,5.419
Bound Backbone,BLUE,6.368,2.789,False,B,THR251,O,22.572,13.107,7.033,B,MET253,N,24.662,13.817,5.328
Bound Backbone,BLUE,5.445,2.823,False,B,THR251,O,22.572,13.107,7.033,B,VAL254,N,24.798,14.506,8.062
Bound Backbone,BLUE,6.9,2.764,False,B,THR251,O,22.572,13.107,7.033,B,ILE255,N,24.132,11.925,8.985
Bound Backbone,BLUE,5.663,2.688,False,B,ARG252,N,22.137,13.046,4.821,B,MET253,N,24.662,13.817,5.328
Bound Backbone,BLUE,7.968,2.242,False,B,ARG252,O,25.366,11.69,5.419,B,MET253,N,24.662,13.817,5.328
Phase Boundary,YELLOW,5.219,3.248,False,B,ARG252,O,25.366,11.69,5.419,B,MET253,O,26.689,13.294,7.914
Thermal Noise,RED,3.393,3.904,False,B,ARG252,O,25.366,11.69,5.419,B,VAL254,N,24.798,14.506,8.062
Phase Boundary,YELLOW,4.385,3.781,False,B,ARG252,O,25.366,11.69,5.419,B,ILE255,N,24.132,11.925,8.985
Bound Backbone,BLUE,6.021,3.138,False,B,ARG252,O,25.366,11.69,5.419,B,ILE256,N,26.389,10.527,8.148
Thermal Noise,RED,3.455,3.601,False,B,ARG252,NH2,20.536,7.44,0.471,B,HOH957,O,17.505,6.281,2.032
Bound Backbone,BLUE,8.021,2.823,False,B,MET253,N,24.662,13.817,5.328,B,VAL254,N,24.798,14.506,8.062
Bound Backbone,BLUE,7.92,2.251,False,B,MET253,O,26.689,13.294,7.914,B,VAL254,N,24.798,14.506,8.062
Bound Backbone,BLUE,5.829,3.202,False,B,MET253,O,26.689,13.294,7.914,B,VAL254,O,25.46,12.402,10.733
Phase Boundary,YELLOW,4.506,3.092,False,B,MET253,O,26.689,13.294,7.914,B,ILE255,N,24.132,11.925,8.985
Phase Boundary,YELLOW,5.153,2.793,False,B,MET253,O,26.689,13.294,7.914,B,ILE256,N,26.389,10.527,8.148
Bound Backbone,BLUE,6.788,2.714,False,B,MET253,O,26.689,13.294,7.914,B,MET257,N,28.338,11.968,9.614
Phase Boundary,YELLOW,4.667,3.718,False,B,MET253,SD,27.55,18.059,5.884,B,MET309,O,27.191,17.426,2.238
Bound Backbone,BLUE,5.372,2.821,False,B,VAL254,N,24.798,14.506,8.062,B,ILE255,N,24.132,11.925,8.985
Bound Backbone,BLUE,10.986,2.246,False,B,VAL254,O,25.46,12.402,10.733,B,ILE255,N,24.132,11.925,8.985
Thermal Noise,RED,4.01,3.205,False,B,VAL254,O,25.46,12.402,10.733,B,ILE255,O,26.13,9.344,10.046
Phase Boundary,YELLOW,5.009,3.326,False,B,VAL254,O,25.46,12.402,10.733,B,ILE256,N,26.389,10.527,8.148
Phase Boundary,YELLOW,4.453,3.118,False,B,VAL254,O,25.46,12.402,10.733,B,MET257,N,28.338,11.968,9.614
Phase Boundary,YELLOW,5.194,2.987,False,B,VAL254,O,25.46,12.402,10.733,B,VAL258,N,27.744,11.181,12.221
Bound Backbone,BLUE,5.462,2.784,False,B,ILE255,N,24.132,11.925,8.985,B,ILE256,N,26.389,10.527,8.148
Bound Backbone,BLUE,11.466,2.251,False,B,ILE255,O,26.13,9.344,10.046,B,ILE256,N,26.389,10.527,8.148
Thermal Noise,RED,3.524,3.378,False,B,ILE255,O,26.13,9.344,10.046,B,ILE256,O,29.428,10.015,9.759
Thermal Noise,RED,3.383,3.456,False,B,ILE255,O,26.13,9.344,10.046,B,MET257,N,28.338,11.968,9.614
Phase Boundary,YELLOW,4.787,3.273,False,B,ILE255,O,26.13,9.344,10.046,B,VAL258,N,27.744,11.181,12.221
Bound Backbone,BLUE,5.285,3.1,False,B,ILE255,O,26.13,9.344,10.046,B,ILE259,N,28.318,8.47,12.06
Bound Backbone,BLUE,5.837,2.833,False,B,ILE256,N,26.389,10.527,8.148,B,MET257,N,28.338,11.968,9.614
Bound Backbone,BLUE,7.988,2.241,False,B,ILE256,O,29.428,10.015,9.759,B,MET257,N,28.338,11.968,9.614
Phase Boundary,YELLOW,5.266,3.372,False,B,ILE256,O,29.428,10.015,9.759,B,MET257,O,29.92,11.52,12.736
Bound Backbone,BLUE,5.369,3.203,False,B,ILE256,O,29.428,10.015,9.759,B,VAL258,N,27.744,11.181,12.221
Bound Backbone,BLUE,6.187,2.986,False,B,ILE256,O,29.428,10.015,9.759,B,ILE259,N,28.318,8.47,12.06
Bound Backbone,BLUE,5.739,2.948,False,B,ILE256,O,29.428,10.015,9.759,B,ALA260,N,31.138,8.464,11.592
Bound Backbone,BLUE,8.019,2.787,False,B,MET257,N,28.338,11.968,9.614,B,VAL258,N,27.744,11.181,12.221
Bound Backbone,BLUE,8.082,2.262,False,B,MET257,O,29.92,11.52,12.736,B,VAL258,N,27.744,11.181,12.221
Thermal Noise,RED,3.805,3.433,False,B,MET257,O,29.92,11.52,12.736,B,VAL258,O,28.876,8.611,14.23
Thermal Noise,RED,3.323,3.511,False,B,MET257,O,29.92,11.52,12.736,B,ILE259,N,28.318,8.47,12.06
Thermal Noise,RED,3.525,3.483,False,B,MET257,O,29.92,11.52,12.736,B,ALA260,N,31.138,8.464,11.592
Thermal Noise,RED,4.069,3.275,False,B,MET257,O,29.92,11.52,12.736,B,PHE261,N,32.075,9.386,13.972
Phase Boundary,YELLOW,4.201,3.279,False,B,MET257,O,29.92,11.52,12.736,B,TYR301,OH,32.577,12.754,14.208
Phase Boundary,YELLOW,5.205,2.776,False,B,VAL258,N,27.744,11.181,12.221,B,ILE259,N,28.318,8.47,12.06
Bound Backbone,BLUE,12.661,2.245,False,B,VAL258,O,28.876,8.611,14.23,B,ILE259,N,28.318,8.47,12.06
Thermal Noise,RED,3.6,3.54,False,B,VAL258,O,28.876,8.611,14.23,B,ILE259,O,31.203,6.464,12.646
Phase Boundary,YELLOW,4.519,3.478,False,B,VAL258,O,28.876,8.611,14.23,B,ALA260,N,31.138,8.464,11.592
Thermal Noise,RED,3.686,3.302,False,B,VAL258,O,28.876,8.611,14.23,B,PHE261,N,32.075,9.386,13.972
Phase Boundary,YELLOW,4.294,3.261,False,B,VAL258,O,28.876,8.611,14.23,B,LEU262,N,31.484,7.397,15.766
Phase Boundary,YELLOW,4.981,2.859,False,B,ILE259,N,28.318,8.47,12.06,B,ALA260,N,31.138,8.464,11.592
Bound Backbone,BLUE,8.905,2.262,False,B,ILE259,O,31.203,6.464,12.646,B,ALA260,N,31.138,8.464,11.592
Thermal Noise,RED,2.789,3.845,False,B,ILE259,O,31.203,6.464,12.646,B,ALA260,O,34.191,8.733,13.487
Thermal Noise,RED,3.986,3.325,False,B,ILE259,O,31.203,6.464,12.646,B,PHE261,N,32.075,9.386,13.972
Bound Backbone,BLUE,5.918,3.269,False,B,ILE259,O,31.203,6.464,12.646,B,LEU262,N,31.484,7.397,15.766
Phase Boundary,YELLOW,4.971,3.255,False,B,ILE259,O,31.203,6.464,12.646,B,ILE263,N,33.363,5.645,14.939
Bound Backbone,BLUE,8.053,2.719,False,B,ALA260,N,31.138,8.464,11.592,B,PHE261,N,32.075,9.386,13.972
Bound Backbone,BLUE,8.014,2.267,False,B,ALA260,O,34.191,8.733,13.487,B,PHE261,N,32.075,9.386,13.972
Phase Boundary,YELLOW,4.673,3.673,False,B,ALA260,O,34.191,8.733,13.487,B,PHE261,O,33.239,8.104,16.978
Thermal Noise,RED,3.444,3.782,False,B,ALA260,O,34.191,8.733,13.487,B,LEU262,N,31.484,7.397,15.766
Thermal Noise,RED,3.599,3.511,False,B,ALA260,O,34.191,8.733,13.487,B,ILE263,N,33.363,5.645,14.939
Phase Boundary,YELLOW,4.472,3.4,False,B,ALA260,O,34.191,8.733,13.487,B,CYS264,N,35.739,6.768,15.79
Thermal Noise,RED,3.23,3.708,False,B,ALA260,O,34.191,8.733,13.487,B,CYS264,SG,37.418,9.713,15.029
Bound Backbone,BLUE,6.767,2.743,False,B,PHE261,N,32.075,9.386,13.972,B,LEU262,N,31.484,7.397,15.766
Thermal Noise,RED,3.445,3.413,False,B,PHE261,N,32.075,9.386,13.972,B,TYR301,OH,32.577,12.754,14.208
Bound Backbone,BLUE,9.394,2.247,False,B,PHE261,O,33.239,8.104,16.978,B,LEU262,N,31.484,7.397,15.766
Thermal Noise,RED,3.067,3.613,False,B,PHE261,O,33.239,8.104,16.978,B,LEU262,O,33.178,4.493,16.865
Phase Boundary,YELLOW,4.93,3.197,False,B,PHE261,O,33.239,8.104,16.978,B,ILE263,N,33.363,5.645,14.939
Phase Boundary,YELLOW,4.639,3.073,False,B,PHE261,O,33.239,8.104,16.978,B,CYS264,N,35.739,6.768,15.79
Bound Backbone,BLUE,5.443,2.948,False,B,PHE261,O,33.239,8.104,16.978,B,TRP265,N,35.454,6.963,18.553
Bound Backbone,BLUE,5.823,2.699,False,B,LEU262,N,31.484,7.397,15.766,B,ILE263,N,33.363,5.645,14.939
Bound Backbone,BLUE,11.566,2.252,False,B,LEU262,O,33.178,4.493,16.865,B,ILE263,N,33.363,5.645,14.939
Thermal Noise,RED,2.905,3.854,False,B,LEU262,O,33.178,4.493,16.865,B,ILE263,O,36.776,4.788,15.516
Thermal Noise,RED,3.282,3.59,False,B,LEU262,O,33.178,4.493,16.865,B,CYS264,N,35.739,6.768,15.79
Thermal Noise,RED,3.196,3.759,False,B,LEU262,O,33.178,4.493,16.865,B,TRP265,N,35.454,6.963,18.553
Bound Backbone,BLUE,7.702,2.836,False,B,LEU262,O,33.178,4.493,16.865,B,LEU266,N,34.234,4.457,19.497
Bound Backbone,BLUE,5.561,2.762,False,B,ILE263,N,33.363,5.645,14.939,B,CYS264,N,35.739,6.768,15.79
Bound Backbone,BLUE,7.967,2.252,False,B,ILE263,O,36.776,4.788,15.516,B,CYS264,N,35.739,6.768,15.79
Thermal Noise,RED,4.021,3.804,False,B,ILE263,O,36.776,4.788,15.516,B,CYS264,O,37.688,6.608,18.73
Thermal Noise,RED,3.502,3.963,False,B,ILE263,O,36.776,4.788,15.516,B,TRP265,N,35.454,6.963,18.553
Bound Backbone,BLUE,8.396,2.784,False,B,CYS264,N,35.739,6.768,15.79,B,TRP265,N,35.454,6.963,18.553
Bound Backbone,BLUE,7.804,2.269,False,B,CYS264,O,37.688,6.608,18.73,B,TRP265,N,35.454,6.963,18.553
Thermal Noise,RED,2.912,3.886,False,B,CYS264,O,37.688,6.608,18.73,B,PRO291,O,41.183,5.876,20.264
Phase Boundary,YELLOW,4.131,3.322,False,B,CYS264,SG,37.418,9.713,15.029,B,THR297,OG1,40.229,10.561,13.474
Thermal Noise,RED,2.613,3.942,False,B,CYS264,SG,37.418,9.713,15.029,B,SER298,N,39.327,13.11,15.625
Phase Boundary,YELLOW,4.924,2.943,False,B,TRP265,N,35.454,6.963,18.553,B,LEU266,N,34.234,4.457,19.497
Bound Backbone,BLUE,12.557,2.222,False,B,TRP265,O,34.871,4.975,21.562,B,LEU266,N,34.234,4.457,19.497
Thermal Noise,RED,3.447,3.418,False,B,TRP265,O,34.871,4.975,21.562,B,LEU266,O,35.202,1.59,21.227
Thermal Noise,RED,3.763,3.624,False,B,TRP265,O,34.871,4.975,21.562,B,PRO267,N,36.165,2.404,19.36
Thermal Noise,RED,3.538,3.373,False,B,TRP265,O,34.871,4.975,21.562,B,TYR268,N,37.844,3.414,21.248
Bound Backbone,BLUE,8.425,2.583,False,B,TRP265,O,34.871,4.975,21.562,B,ALA269,N,36.174,4.12,23.622
Phase Boundary,YELLOW,5.045,3.143,False,B,TRP265,NE1,35.066,11.19,19.355,B,SER298,OG,36.128,13.414,17.405
Phase Boundary,YELLOW,5.034,2.822,False,B,LEU266,N,34.234,4.457,19.497,B,PRO267,N,36.165,2.404,19.36
Bound Backbone,BLUE,11.331,2.253,False,B,LEU266,O,35.202,1.59,21.227,B,PRO267,N,36.165,2.404,19.36
Thermal Noise,RED,3.965,3.21,False,B,LEU266,O,35.202,1.59,21.227,B,PRO267,O,38.345,1.298,21.811
Thermal Noise,RED,3.883,3.211,False,B,LEU266,O,35.202,1.59,21.227,B,TYR268,N,37.844,3.414,21.248
Thermal Noise,RED,3.913,3.617,False,B,LEU266,O,35.202,1.59,21.227,B,ALA269,N,36.174,4.12,23.622
Bound Backbone,BLUE,8.51,2.774,False,B,LEU266,O,35.202,1.59,21.227,B,GLY270,N,35.172,1.532,24.0
Bound Backbone,BLUE,7.062,2.721,False,B,PRO267,N,36.165,2.404,19.36,B,TYR268,N,37.844,3.414,21.248
Bound Backbone,BLUE,8.249,2.246,False,B,PRO267,O,38.345,1.298,21.811,B,TYR268,N,37.844,3.414,21.248
Bound Backbone,BLUE,5.61,3.234,False,B,PRO267,O,38.345,1.298,21.811,B,TYR268,O,37.793,2.878,24.578
Thermal Noise,RED,2.836,3.995,False,B,PRO267,O,38.345,1.298,21.811,B,ALA269,N,36.174,4.12,23.622
Thermal Noise,RED,3.232,3.862,False,B,PRO267,O,38.345,1.298,21.811,B,GLY270,N,35.172,1.532,24.0
Bound Backbone,BLUE,5.55,3.291,False,B,PRO267,O,38.345,1.298,21.811,B,VAL271,N,37.467,0.065,24.733
Bound Backbone,BLUE,6.288,2.987,False,B,TYR268,N,37.844,3.414,21.248,B,ALA269,N,36.174,4.12,23.622
Bound Backbone,BLUE,8.784,2.253,False,B,TYR268,O,37.793,2.878,24.578,B,ALA269,N,36.174,4.12,23.622
Thermal Noise,RED,3.725,3.485,False,B,TYR268,O,37.793,2.878,24.578,B,ALA269,O,34.795,2.063,26.158
Phase Boundary,YELLOW,4.544,3.003,False,B,TYR268,O,37.793,2.878,24.578,B,GLY270,N,35.172,1.532,24.0
Phase Boundary,YELLOW,4.985,2.836,False,B,TYR268,O,37.793,2.878,24.578,B,VAL271,N,37.467,0.065,24.733
Bound Backbone,BLUE,8.082,2.703,False,B,TYR268,O,37.793,2.878,24.578,B,ALA272,N,38.106,1.556,26.915
Phase Boundary,YELLOW,5.161,2.801,False,B,ALA269,N,36.174,4.12,23.622,B,GLY270,N,35.172,1.532,24.0
Bound Backbone,BLUE,12.47,2.254,False,B,ALA269,O,34.795,2.063,26.158,B,GLY270,N,35.172,1.532,24.0
Thermal Noise,RED,3.545,3.36,False,B,ALA269,O,34.795,2.063,26.158,B,GLY270,O,36.056,-1.051,26.113
Thermal Noise,RED,3.339,3.628,False,B,ALA269,O,34.795,2.063,26.158,B,VAL271,N,37.467,0.065,24.733
Thermal Noise,RED,3.499,3.434,False,B,ALA269,O,34.795,2.063,26.158,B,ALA272,N,38.106,1.556,26.915
Bound Backbone,BLUE,6.242,3.03,False,B,ALA269,O,34.795,2.063,26.158,B,PHE273,N,36.066,0.906,28.653
Phase Boundary,YELLOW,5.246,2.821,False,B,GLY270,N,35.172,1.532,24.0,B,VAL271,N,37.467,0.065,24.733
Bound Backbone,BLUE,9.62,2.267,False,B,GLY270,O,36.056,-1.051,26.113,B,VAL271,N,37.467,0.065,24.733
Thermal Noise,RED,3.527,3.6,False,B,GLY270,O,36.056,-1.051,26.113,B,VAL271,O,39.125,-0.248,27.815
Thermal Noise,RED,3.558,3.412,False,B,GLY270,O,36.056,-1.051,26.113,B,ALA272,N,38.106,1.556,26.915
Bound Backbone,BLUE,5.447,3.206,False,B,GLY270,O,36.056,-1.051,26.113,B,PHE273,N,36.066,0.906,28.653
Bound Backbone,BLUE,6.938,3.029,False,B,GLY270,O,36.056,-1.051,26.113,B,TYR274,N,36.225,-1.843,29.032
Bound Backbone,BLUE,7.632,2.719,False,B,VAL271,N,37.467,0.065,24.733,B,ALA272,N,38.106,1.556,26.915
Bound Backbone,BLUE,8.635,2.259,False,B,VAL271,O,39.125,-0.248,27.815,B,ALA272,N,38.106,1.556,26.915
Thermal Noise,RED,3.772,3.716,False,B,VAL271,O,39.125,-0.248,27.815,B,ALA272,O,37.265,1.704,30.372
Thermal Noise,RED,3.651,3.375,False,B,VAL271,O,39.125,-0.248,27.815,B,PHE273,N,36.066,0.906,28.653
Thermal Noise,RED,3.462,3.526,False,B,VAL271,O,39.125,-0.248,27.815,B,TYR274,N,36.225,-1.843,29.032
Bound Backbone,BLUE,5.398,3.276,False,B,VAL271,O,39.125,-0.248,27.815,B,ILE275,N,38.43,-1.891,30.563
Bound Backbone,BLUE,6.593,2.758,False,B,ALA272,N,38.106,1.556,26.915,B,PHE273,N,36.066,0.906,28.653
Bound Backbone,BLUE,10.933,2.243,False,B,ALA272,O,37.265,1.704,30.372,B,PHE273,N,36.066,0.906,28.653
Thermal Noise,RED,2.796,3.824,False,B,ALA272,O,37.265,1.704,30.372,B,PHE273,O,35.348,-1.528,31.082
Thermal Noise,RED,2.78,3.932,False,B,ALA272,O,37.265,1.704,30.372,B,TYR274,N,36.225,-1.843,29.032
Thermal Noise,RED,2.8,3.784,False,B,ALA272,O,37.265,1.704,30.372,B,ILE275,N,38.43,-1.891,30.563
Phase Boundary,YELLOW,5.166,3.265,False,B,ALA272,O,37.265,1.704,30.372,B,PHE276,N,37.596,-0.357,32.883
Phase Boundary,YELLOW,5.241,2.78,False,B,PHE273,N,36.066,0.906,28.653,B,TYR274,N,36.225,-1.843,29.032
Bound Backbone,BLUE,12.054,2.252,False,B,PHE273,O,35.348,-1.528,31.082,B,TYR274,N,36.225,-1.843,29.032
Thermal Noise,RED,4.0,3.181,False,B,PHE273,O,35.348,-1.528,31.082,B,TYR274,O,37.576,-3.758,31.508
Phase Boundary,YELLOW,4.113,3.146,False,B,PHE273,O,35.348,-1.528,31.082,B,ILE275,N,38.43,-1.891,30.563
Phase Boundary,YELLOW,5.023,3.109,False,B,PHE273,O,35.348,-1.528,31.082,B,PHE276,N,37.596,-0.357,32.883
Bound Backbone,BLUE,6.509,3.141,False,B,PHE273,O,35.348,-1.528,31.082,B,THR277,N,35.744,-2.102,34.145
Bound Backbone,BLUE,5.571,2.884,False,B,PHE273,O,35.348,-1.528,31.082,B,THR277,OG1,34.632,-3.925,32.516
Bound Backbone,BLUE,6.701,2.685,False,B,TYR274,N,36.225,-1.843,29.032,B,ILE275,N,38.43,-1.891,30.563
Bound Backbone,BLUE,8.706,2.26,False,B,TYR274,O,37.576,-3.758,31.508,B,ILE275,N,38.43,-1.891,30.563
Phase Boundary,YELLOW,4.289,3.517,False,B,TYR274,O,37.576,-3.758,31.508,B,ILE275,O,38.951,-1.722,34.025
Thermal Noise,RED,3.24,3.668,False,B,TYR274,O,37.576,-3.758,31.508,B,PHE276,N,37.596,-0.357,32.883
Phase Boundary,YELLOW,4.106,3.613,False,B,TYR274,O,37.576,-3.758,31.508,B,THR277,N,35.744,-2.102,34.145
Phase Boundary,YELLOW,4.395,3.116,False,B,TYR274,O,37.576,-3.758,31.508,B,THR277,OG1,34.632,-3.925,32.516
Bound Backbone,BLUE,6.978,3.03,False,B,TYR274,O,37.576,-3.758,31.508,B,HIS278,N,37.35,-4.435,34.453
Phase Boundary,YELLOW,4.855,3.047,False,B,TYR274,O,37.576,-3.758,31.508,B,HIS278,ND1,36.581,-6.298,32.865
Thermal Noise,RED,2.696,3.867,False,B,TYR274,O,37.576,-3.758,31.508,B,HIS278,NE2,36.698,-7.501,31.096
Phase Boundary,YELLOW,4.45,3.496,False,B,TYR274,OH,41.078,-8.081,29.474,B,SER281,OG,43.374,-7.856,32.101
Bound Backbone,BLUE,6.675,2.904,False,B,ILE275,N,38.43,-1.891,30.563,B,PHE276,N,37.596,-0.357,32.883
Bound Backbone,BLUE,9.325,2.237,False,B,ILE275,O,38.951,-1.722,34.025,B,PHE276,N,37.596,-0.357,32.883
Phase Boundary,YELLOW,4.677,3.272,False,B,ILE275,O,38.951,-1.722,34.025,B,PHE276,O,36.456,-1.22,36.082
Thermal Noise,RED,3.835,3.232,False,B,ILE275,O,38.951,-1.722,34.025,B,THR277,N,35.744,-2.102,34.145
Thermal Noise,RED,4.005,3.179,False,B,ILE275,O,38.951,-1.722,34.025,B,HIS278,N,37.35,-4.435,34.453
Thermal Noise,RED,3.288,3.542,False,B,ILE275,O,38.951,-1.722,34.025,B,HIS278,O,40.809,-4.635,34.806
Bound Backbone,BLUE,5.747,3.081,False,B,ILE275,O,38.951,-1.722,34.025,B,GLN279,N,39.461,-3.675,36.353
Bound Backbone,BLUE,5.584,2.84,False,B,PHE276,N,37.596,-0.357,32.883,B,THR277,N,35.744,-2.102,34.145
Bound Backbone,BLUE,11.712,2.244,False,B,PHE276,O,36.456,-1.22,36.082,B,THR277,N,35.744,-2.102,34.145
Thermal Noise,RED,3.282,3.503,False,B,PHE276,O,36.456,-1.22,36.082,B,THR277,O,36.278,-4.701,36.432
Thermal Noise,RED,3.258,3.713,False,B,PHE276,O,36.456,-1.22,36.082,B,HIS278,N,37.35,-4.435,34.453
Thermal Noise,RED,2.653,3.89,False,B,PHE276,O,36.456,-1.22,36.082,B,GLN279,N,39.461,-3.675,36.353
Thermal Noise,RED,3.245,3.865,False,B,PHE276,O,36.456,-1.22,36.082,B,GLN279,OE1,38.364,1.297,38.31
Phase Boundary,YELLOW,4.967,2.849,False,B,THR277,N,35.744,-2.102,34.145,B,HIS278,N,37.35,-4.435,34.453
Bound Backbone,BLUE,11.572,2.266,False,B,THR277,O,36.278,-4.701,36.432,B,HIS278,N,37.35,-4.435,34.453
Thermal Noise,RED,3.977,3.92,False,B,THR277,O,36.278,-4.701,36.432,B,HIS278,ND1,36.581,-6.298,32.865
Thermal Noise,RED,3.578,3.345,False,B,THR277,O,36.278,-4.701,36.432,B,GLN279,N,39.461,-3.675,36.353
Bound Backbone,BLUE,5.379,2.991,False,B,THR277,O,36.278,-4.701,36.432,B,HOH961,O,33.819,-4.467,38.118
Phase Boundary,YELLOW,4.246,3.376,False,B,THR277,OG1,34.632,-3.925,32.516,B,HIS278,N,37.35,-4.435,34.453
Phase Boundary,YELLOW,4.224,3.091,False,B,THR277,OG1,34.632,-3.925,32.516,B,HIS278,ND1,36.581,-6.298,32.865
Bound Backbone,BLUE,5.86,2.94,False,B,HIS278,N,37.35,-4.435,34.453,B,GLN279,N,39.461,-3.675,36.353
Bound Backbone,BLUE,10.113,2.265,False,B,HIS278,O,40.809,-4.635,34.806,B,GLN279,N,39.461,-3.675,36.353
Phase Boundary,YELLOW,4.098,3.98,False,B,HIS278,O,40.809,-4.635,34.806,B,GLN279,O,41.276,-4.255,38.74
Bound Backbone,BLUE,6.594,2.866,False,B,HIS278,O,40.809,-4.635,34.806,B,GLY280,N,42.634,-4.071,36.943
Thermal Noise,RED,3.913,3.232,False,B,HIS278,O,40.809,-4.635,34.806,B,SER281,N,43.614,-6.128,35.397
Thermal Noise,RED,3.865,3.252,False,B,GLN279,N,39.461,-3.675,36.353,B,GLY280,N,42.634,-4.071,36.943
Bound Backbone,BLUE,10.989,2.26,False,B,GLN279,O,41.276,-4.255,38.74,B,GLY280,N,42.634,-4.071,36.943
Bound Backbone,BLUE,6.337,2.754,False,B,GLY280,N,42.634,-4.071,36.943,B,SER281,N,43.614,-6.128,35.397
Bound Backbone,BLUE,9.935,2.267,False,B,GLY280,O,45.243,-6.637,36.889,B,SER281,N,43.614,-6.128,35.397
Bound Backbone,BLUE,8.616,2.661,False,B,GLY280,O,45.243,-6.637,36.889,B,SER281,O,46.241,-6.142,34.472
Ligand Fluctuation Noise,RED,2.777,3.962,True,B,GLY280,O,45.243,-6.637,36.889,F,NAG1,O5,46.34,-10.143,35.404
Thermal Noise,RED,3.657,3.721,False,B,SER281,N,43.614,-6.128,35.397,B,ASP282,N,45.903,-7.813,32.996
Bound Backbone,BLUE,10.016,2.255,False,B,SER281,O,46.241,-6.142,34.472,B,ASP282,N,45.903,-7.813,32.996
Phase Boundary,YELLOW,4.925,3.629,False,B,SER281,O,46.241,-6.142,34.472,B,PHE283,N,46.806,-6.075,30.888
Bound Backbone,BLUE,5.953,2.683,False,B,SER281,OG,43.374,-7.856,32.101,B,ASP282,N,45.903,-7.813,32.996
Ligand Boundary Hotspot,ORANGE,4.584,3.11,True,B,SER281,OG,43.374,-7.856,32.101,F,NAG1,O6,44.35,-10.517,33.381
Bound Backbone,BLUE,6.484,2.877,False,B,ASP282,N,45.903,-7.813,32.996,B,PHE283,N,46.806,-6.075,30.888
Ligand Boundary Hotspot,ORANGE,4.638,3.379,True,B,ASP282,N,45.903,-7.813,32.996,F,NAG1,O5,46.34,-10.143,35.404
Ligand Boundary Hotspot,ORANGE,4.093,3.142,True,B,ASP282,N,45.903,-7.813,32.996,F,NAG1,O6,44.35,-10.517,33.381
Bound Backbone,BLUE,8.3,2.248,False,B,ASP282,O,48.128,-7.785,30.27,B,PHE283,N,46.806,-6.075,30.888
Thermal Noise,RED,3.176,3.556,False,B,ASP282,O,48.128,-7.785,30.27,B,PHE283,O,48.772,-4.298,30.533
Thermal Noise,RED,2.928,3.982,False,B,ASP282,O,48.128,-7.785,30.27,B,GLY284,N,48.637,-4.377,28.275
Phase Boundary,YELLOW,4.082,3.614,False,B,PHE283,N,46.806,-6.075,30.888,B,GLY284,N,48.637,-4.377,28.275
Bound Backbone,BLUE,12.759,2.263,False,B,PHE283,O,48.772,-4.298,30.533,B,GLY284,N,48.637,-4.377,28.275
Thermal Noise,RED,3.607,3.862,False,B,PHE283,O,48.772,-4.298,30.533,B,GLY284,O,48.55,-1.692,27.691
Thermal Noise,RED,2.965,3.729,False,B,GLY284,N,48.637,-4.377,28.275,B,PRO285,N,50.763,-1.423,27.465
Bound Backbone,BLUE,8.022,2.241,False,B,GLY284,O,48.55,-1.692,27.691,B,PRO285,N,50.763,-1.423,27.465
Thermal Noise,RED,3.932,3.522,False,B,GLY284,O,48.55,-1.692,27.691,B,PRO285,O,49.123,1.104,25.628
Phase Boundary,YELLOW,4.113,3.698,False,B,GLY284,O,48.55,-1.692,27.691,B,ILE286,N,50.431,-0.501,24.738
Phase Boundary,YELLOW,4.836,3.648,False,B,GLY284,O,48.55,-1.692,27.691,B,PHE287,N,47.847,-1.381,24.125
Bound Backbone,BLUE,7.452,2.898,False,B,PRO285,N,50.763,-1.423,27.465,B,ILE286,N,50.431,-0.501,24.738
Bound Backbone,BLUE,8.662,2.254,False,B,PRO285,O,49.123,1.104,25.628,B,ILE286,N,50.431,-0.501,24.738
Phase Boundary,YELLOW,4.743,3.551,False,B,PRO285,O,49.123,1.104,25.628,B,ILE286,O,47.731,0.171,22.497
Phase Boundary,YELLOW,4.545,3.172,False,B,PRO285,O,49.123,1.104,25.628,B,PHE287,N,47.847,-1.381,24.125
Thermal Noise,RED,3.13,3.618,False,B,PRO285,O,49.123,1.104,25.628,B,MET288,N,45.624,0.507,24.929
Thermal Noise,RED,3.761,3.536,False,B,PRO285,O,49.123,1.104,25.628,B,THR289,N,46.65,2.82,23.772
Bound Backbone,BLUE,5.715,2.855,False,B,PRO285,O,49.123,1.104,25.628,B,THR289,OG1,49.451,3.542,24.179
Phase Boundary,YELLOW,5.269,2.798,False,B,ILE286,N,50.431,-0.501,24.738,B,PHE287,N,47.847,-1.381,24.125
Bound Backbone,BLUE,10.513,2.252,False,B,ILE286,O,47.731,0.171,22.497,B,PHE287,N,47.847,-1.381,24.125
Thermal Noise,RED,3.995,3.203,False,B,ILE286,O,47.731,0.171,22.497,B,PHE287,O,44.644,-0.414,23.119
Phase Boundary,YELLOW,5.198,3.235,False,B,ILE286,O,47.731,0.171,22.497,B,MET288,N,45.624,0.507,24.929
Phase Boundary,YELLOW,4.509,3.132,False,B,ILE286,O,47.731,0.171,22.497,B,THR289,N,46.65,2.82,23.772
Thermal Noise,RED,3.745,3.455,False,B,ILE286,O,47.731,0.171,22.497,B,ILE290,N,46.305,2.947,21.014
Phase Boundary,YELLOW,4.569,3.025,False,B,PHE287,N,47.847,-1.381,24.125,B,MET288,N,45.624,0.507,24.929
Bound Backbone,BLUE,11.098,2.255,False,B,PHE287,O,44.644,-0.414,23.119,B,MET288,N,45.624,0.507,24.929
Thermal Noise,RED,2.733,3.861,False,B,PHE287,O,44.644,-0.414,23.119,B,THR289,N,46.65,2.82,23.772
Bound Backbone,BLUE,5.739,2.782,False,B,MET288,N,45.624,0.507,24.929,B,THR289,N,46.65,2.82,23.772
Bound Backbone,BLUE,7.801,2.266,False,B,MET288,O,44.589,3.758,23.687,B,THR289,N,46.65,2.82,23.772
Thermal Noise,RED,3.884,3.693,False,B,MET288,O,44.589,3.758,23.687,B,THR289,O,46.776,5.143,21.053
Bound Backbone,BLUE,5.299,3.278,False,B,MET288,O,44.589,3.758,23.687,B,ILE290,N,46.305,2.947,21.014
Phase Boundary,YELLOW,4.66,3.64,False,B,MET288,O,44.589,3.758,23.687,B,PRO291,N,43.372,3.083,20.323
Bound Backbone,BLUE,5.336,3.102,False,B,MET288,O,44.589,3.758,23.687,B,ALA292,N,42.948,5.385,21.617
Bound Backbone,BLUE,8.402,2.782,False,B,THR289,N,46.65,2.82,23.772,B,ILE290,N,46.305,2.947,21.014
Bound Backbone,BLUE,7.933,2.246,False,B,THR289,O,46.776,5.143,21.053,B,ILE290,N,46.305,2.947,21.014
Thermal Noise,RED,4.034,3.552,False,B,THR289,O,46.776,5.143,21.053,B,ILE290,O,44.171,4.479,18.731
Thermal Noise,RED,2.699,3.877,False,B,THR289,O,46.776,5.143,21.053,B,ALA292,N,42.948,5.385,21.617
Phase Boundary,YELLOW,4.632,2.965,False,B,THR289,O,46.776,5.143,21.053,B,PHE293,N,44.823,7.319,20.56
Phase Boundary,YELLOW,4.545,3.016,False,B,ILE290,N,46.305,2.947,21.014,B,PRO291,N,43.372,3.083,20.323
Bound Backbone,BLUE,10.275,2.263,False,B,ILE290,O,44.171,4.479,18.731,B,PRO291,N,43.372,3.083,20.323
Thermal Noise,RED,3.367,3.637,False,B,ILE290,O,44.171,4.479,18.731,B,PRO291,O,41.183,5.876,20.264
Bound Backbone,BLUE,5.631,3.263,False,B,ILE290,O,44.171,4.479,18.731,B,ALA292,N,42.948,5.385,21.617
Thermal Noise,RED,3.989,3.44,False,B,ILE290,O,44.171,4.479,18.731,B,PHE293,N,44.823,7.319,20.56
Phase Boundary,YELLOW,5.139,2.855,False,B,ILE290,O,44.171,4.479,18.731,B,PHE294,N,44.058,7.225,17.957
Bound Backbone,BLUE,6.428,2.675,False,B,PRO291,N,43.372,3.083,20.323,B,ALA292,N,42.948,5.385,21.617
Bound Backbone,BLUE,9.448,2.277,False,B,PRO291,O,41.183,5.876,20.264,B,ALA292,N,42.948,5.385,21.617
Thermal Noise,RED,2.831,3.834,False,B,PRO291,O,41.183,5.876,20.264,B,ALA292,O,43.355,8.886,21.224
Thermal Noise,RED,2.605,3.927,False,B,PRO291,O,41.183,5.876,20.264,B,PHE293,N,44.823,7.319,20.56
Thermal Noise,RED,3.168,3.925,False,B,PRO291,O,41.183,5.876,20.264,B,PHE294,N,44.058,7.225,17.957
Phase Boundary,YELLOW,5.103,3.194,False,B,PRO291,O,41.183,5.876,20.264,B,ALA295,N,41.519,8.171,18.068
Phase Boundary,YELLOW,5.185,2.894,False,B,ALA292,N,42.948,5.385,21.617,B,PHE293,N,44.823,7.319,20.56
Bound Backbone,BLUE,8.363,2.248,False,B,ALA292,O,43.355,8.886,21.224,B,PHE293,N,44.823,7.319,20.56
Phase Boundary,YELLOW,4.078,3.894,False,B,ALA292,O,43.355,8.886,21.224,B,PHE293,O,44.761,9.336,17.621
Phase Boundary,YELLOW,4.275,3.732,False,B,ALA292,O,43.355,8.886,21.224,B,PHE294,N,44.058,7.225,17.957
Phase Boundary,YELLOW,4.215,3.721,False,B,ALA292,O,43.355,8.886,21.224,B,ALA295,N,41.519,8.171,18.068
Thermal Noise,RED,3.622,3.893,False,B,ALA292,O,43.355,8.886,21.224,B,LYS296,N,41.941,10.963,18.251
Bound Backbone,BLUE,8.608,2.715,False,B,PHE293,N,44.823,7.319,20.56,B,PHE294,N,44.058,7.225,17.957
Bound Backbone,BLUE,8.016,2.25,False,B,PHE293,O,44.761,9.336,17.621,B,PHE294,N,44.058,7.225,17.957
Phase Boundary,YELLOW,4.526,3.193,False,B,PHE293,O,44.761,9.336,17.621,B,PHE294,O,41.988,9.1,16.056
Thermal Noise,RED,3.351,3.474,False,B,PHE293,O,44.761,9.336,17.621,B,ALA295,N,41.519,8.171,18.068
Thermal Noise,RED,3.723,3.316,False,B,PHE293,O,44.761,9.336,17.621,B,LYS296,N,41.941,10.963,18.251
Bound Backbone,BLUE,5.448,2.712,False,B,PHE294,N,44.058,7.225,17.957,B,ALA295,N,41.519,8.171,18.068
Bound Backbone,BLUE,11.715,2.265,False,B,PHE294,O,41.988,9.1,16.056,B,ALA295,N,41.519,8.171,18.068
Thermal Noise,RED,3.169,3.905,False,B,PHE294,O,41.988,9.1,16.056,B,ALA295,O,39.722,11.367,18.287
Bound Backbone,BLUE,6.612,2.879,False,B,PHE294,O,41.988,9.1,16.056,B,LYS296,N,41.941,10.963,18.251
Phase Boundary,YELLOW,4.369,3.036,False,B,PHE294,O,41.988,9.1,16.056,B,THR297,N,41.695,12.107,15.756
Phase Boundary,YELLOW,4.564,3.449,False,B,PHE294,O,41.988,9.1,16.056,B,THR297,OG1,40.229,10.561,13.474
Phase Boundary,YELLOW,5.012,2.83,False,B,ALA295,N,41.519,8.171,18.068,B,LYS296,N,41.941,10.963,18.251
Bound Backbone,BLUE,7.866,2.256,False,B,ALA295,O,39.722,11.367,18.287,B,LYS296,N,41.941,10.963,18.251
Phase Boundary,YELLOW,5.077,3.293,False,B,ALA295,O,39.722,11.367,18.287,B,THR297,N,41.695,12.107,15.756
Bound Backbone,BLUE,5.601,3.206,False,B,ALA295,O,39.722,11.367,18.287,B,SER298,N,39.327,13.11,15.625
Bound Backbone,BLUE,8.019,2.756,False,B,LYS296,N,41.941,10.963,18.251,B,THR297,N,41.695,12.107,15.756
Bound Backbone,BLUE,8.535,2.256,False,B,LYS296,O,42.045,14.177,16.581,B,THR297,N,41.695,12.107,15.756
Thermal Noise,RED,3.549,3.943,False,B,LYS296,O,42.045,14.177,16.581,B,THR297,O,39.548,13.94,13.538
Phase Boundary,YELLOW,4.501,3.072,False,B,LYS296,O,42.045,14.177,16.581,B,SER298,N,39.327,13.11,15.625
Phase Boundary,YELLOW,4.216,3.132,False,B,LYS296,O,42.045,14.177,16.581,B,ALA299,N,39.398,15.689,15.861
Bound Backbone,BLUE,6.046,2.575,False,B,THR297,N,41.695,12.107,15.756,B,SER298,N,39.327,13.11,15.625
Bound Backbone,BLUE,12.133,2.257,False,B,THR297,O,39.548,13.94,13.538,B,SER298,N,39.327,13.11,15.625
Thermal Noise,RED,3.732,3.523,False,B,THR297,O,39.548,13.94,13.538,B,SER298,O,37.216,15.915,15.291
Bound Backbone,BLUE,6.633,2.912,False,B,THR297,O,39.548,13.94,13.538,B,ALA299,N,39.398,15.689,15.861
Bound Backbone,BLUE,5.573,2.683,False,B,THR297,O,39.548,13.94,13.538,B,VAL300,N,40.01,16.578,13.383
Bound Backbone,BLUE,7.853,2.694,False,B,THR297,O,39.548,13.94,13.538,B,TYR301,N,38.599,15.172,11.338
Phase Boundary,YELLOW,4.179,3.455,False,B,THR297,OG1,40.229,10.561,13.474,B,SER298,N,39.327,13.11,15.625
Bound Backbone,BLUE,5.994,2.591,False,B,SER298,N,39.327,13.11,15.625,B,ALA299,N,39.398,15.689,15.861
Bound Backbone,BLUE,8.104,2.267,False,B,SER298,O,37.216,15.915,15.291,B,ALA299,N,39.398,15.689,15.861
Thermal Noise,RED,4.023,3.448,False,B,SER298,O,37.216,15.915,15.291,B,VAL300,N,40.01,16.578,13.383
Bound Backbone,BLUE,8.408,2.703,False,B,ALA299,N,39.398,15.689,15.861,B,VAL300,N,40.01,16.578,13.383
Bound Backbone,BLUE,8.312,2.242,False,B,ALA299,O,39.746,18.725,13.972,B,VAL300,N,40.01,16.578,13.383
Bound Backbone,BLUE,6.514,2.855,False,B,VAL300,N,40.01,16.578,13.383,B,TYR301,N,38.599,15.172,11.338
Bound Backbone,BLUE,9.416,2.263,False,B,VAL300,O,38.768,17.027,10.052,B,TYR301,N,38.599,15.172,11.338
Thermal Noise,RED,3.108,3.681,False,B,VAL300,O,38.768,17.027,10.052,B,TYR301,O,35.835,15.068,9.0
Thermal Noise,RED,3.574,3.439,False,B,VAL300,O,38.768,17.027,10.052,B,ASN302,N,35.676,15.921,11.073
Thermal Noise,RED,2.827,3.772,False,B,VAL300,O,38.768,17.027,10.052,B,PRO303,N,35.347,18.579,9.71
Phase Boundary,YELLOW,4.383,3.029,False,B,TYR301,N,38.599,15.172,11.338,B,ASN302,N,35.676,15.921,11.073
Bound Backbone,BLUE,12.216,2.247,False,B,TYR301,O,35.835,15.068,9.0,B,ASN302,N,35.676,15.921,11.073
Thermal Noise,RED,3.83,3.243,False,B,TYR301,O,35.835,15.068,9.0,B,ASN302,O,33.671,17.461,8.668
Thermal Noise,RED,3.137,3.615,False,B,TYR301,O,35.835,15.068,9.0,B,PRO303,N,35.347,18.579,9.71
Phase Boundary,YELLOW,4.7,3.208,False,B,TYR301,O,35.835,15.068,9.0,B,VAL304,N,36.066,17.688,7.163
Phase Boundary,YELLOW,5.061,3.389,False,B,TYR301,O,35.835,15.068,9.0,B,ILE305,N,34.263,15.99,6.143
Thermal Noise,RED,3.011,3.647,False,B,TYR301,OH,32.577,12.754,14.208,B,ASN302,ND2,32.914,16.383,14.074
Thermal Noise,RED,3.828,3.563,False,B,TYR301,OH,32.577,12.754,14.208,B,ASN302,OD1,32.075,15.612,12.141
Phase Boundary,YELLOW,5.012,3.005,False,B,ASN302,N,35.676,15.921,11.073,B,PRO303,N,35.347,18.579,9.71
Bound Backbone,BLUE,8.824,2.268,False,B,ASN302,O,33.671,17.461,8.668,B,PRO303,N,35.347,18.579,9.71
Bound Backbone,BLUE,5.859,2.838,False,B,ASN302,O,33.671,17.461,8.668,B,VAL304,N,36.066,17.688,7.163
Bound Backbone,BLUE,6.556,2.982,False,B,ASN302,O,33.671,17.461,8.668,B,ILE305,N,34.263,15.99,6.143
Bound Backbone,BLUE,5.993,3.194,False,B,ASN302,O,33.671,17.461,8.668,B,TYR306,N,32.397,17.803,5.759
Bound Backbone,BLUE,7.849,2.792,False,B,PRO303,N,35.347,18.579,9.71,B,VAL304,N,36.066,17.688,7.163
Bound Backbone,BLUE,8.784,2.24,False,B,PRO303,O,35.93,19.737,6.267,B,VAL304,N,36.066,17.688,7.163
Thermal Noise,RED,3.005,3.985,False,B,PRO303,O,35.93,19.737,6.267,B,VAL304,O,34.929,16.563,4.075
Thermal Noise,RED,3.568,3.85,False,B,PRO303,O,35.93,19.737,6.267,B,ILE307,N,33.223,19.642,3.531
Bound Backbone,BLUE,6.093,2.679,False,B,VAL304,N,36.066,17.688,7.163,B,ILE305,N,34.263,15.99,6.143
Thermal Noise,RED,2.801,3.93,False,B,VAL304,N,36.066,17.688,7.163,B,TYR306,N,32.397,17.803,5.759
Bound Backbone,BLUE,12.2,2.247,False,B,VAL304,O,34.929,16.563,4.075,B,ILE305,N,34.263,15.99,6.143
Thermal Noise,RED,3.298,3.484,False,B,VAL304,O,34.929,16.563,4.075,B,ILE305,O,31.446,16.524,4.161
Phase Boundary,YELLOW,4.332,3.284,False,B,VAL304,O,34.929,16.563,4.075,B,TYR306,N,32.397,17.803,5.759
Thermal Noise,RED,3.201,3.562,False,B,VAL304,O,34.929,16.563,4.075,B,ILE307,N,33.223,19.642,3.531
Bound Backbone,BLUE,5.29,3.243,False,B,VAL304,O,34.929,16.563,4.075,B,MET308,N,33.258,17.695,1.537
Bound Backbone,BLUE,5.865,2.63,False,B,ILE305,N,34.263,15.99,6.143,B,TYR306,N,32.397,17.803,5.759
Bound Backbone,BLUE,10.363,2.257,False,B,ILE305,O,31.446,16.524,4.161,B,TYR306,N,32.397,17.803,5.759
Thermal Noise,RED,4.007,3.251,False,B,ILE305,O,31.446,16.524,4.161,B,TYR306,O,31.003,19.591,3.179
Thermal Noise,RED,3.072,3.644,False,B,ILE305,O,31.446,16.524,4.161,B,ILE307,N,33.223,19.642,3.531
Phase Boundary,YELLOW,4.785,3.397,False,B,ILE305,O,31.446,16.524,4.161,B,MET308,N,33.258,17.695,1.537
Bound Backbone,BLUE,7.207,2.949,False,B,ILE305,O,31.446,16.524,4.161,B,MET309,N,30.469,16.468,1.379
Bound Backbone,BLUE,5.984,3.005,False,B,TYR306,N,32.397,17.803,5.759,B,ILE307,N,33.223,19.642,3.531
Bound Backbone,BLUE,8.041,2.248,False,B,TYR306,O,31.003,19.591,3.179,B,ILE307,N,33.223,19.642,3.531
Bound Backbone,BLUE,5.807,3.245,False,B,TYR306,O,31.003,19.591,3.179,B,ILE307,O,32.307,19.281,0.224
Thermal Noise,RED,4.049,3.373,False,B,TYR306,O,31.003,19.591,3.179,B,MET308,N,33.258,17.695,1.537
Thermal Noise,RED,3.482,3.644,False,B,TYR306,O,31.003,19.591,3.179,B,MET309,N,30.469,16.468,1.379
Phase Boundary,YELLOW,4.115,3.512,False,B,TYR306,O,31.003,19.591,3.179,B,ASN310,N,28.479,18.713,0.901
Bound Backbone,BLUE,6.83,2.787,False,B,ILE307,N,33.223,19.642,3.531,B,MET308,N,33.258,17.695,1.537
Bound Backbone,BLUE,9.44,2.268,False,B,ILE307,O,32.307,19.281,0.224,B,MET308,N,33.258,17.695,1.537
Thermal Noise,RED,3.825,3.329,False,B,ILE307,O,32.307,19.281,0.224,B,MET308,O,31.022,16.383,-0.793
Thermal Noise,RED,3.383,3.553,False,B,ILE307,O,32.307,19.281,0.224,B,MET309,N,30.469,16.468,1.379
Thermal Noise,RED,2.642,3.929,False,B,ILE307,O,32.307,19.281,0.224,B,ASN310,N,28.479,18.713,0.901
Thermal Noise,RED,4.019,3.938,False,B,ILE307,O,32.307,19.281,0.224,B,ARG314,NE,33.695,19.251,-3.461
Phase Boundary,YELLOW,4.306,3.051,False,B,MET308,N,33.258,17.695,1.537,B,MET309,N,30.469,16.468,1.379
Bound Backbone,BLUE,12.703,2.243,False,B,MET308,O,31.022,16.383,-0.793,B,MET309,N,30.469,16.468,1.379
Thermal Noise,RED,3.046,3.843,False,B,MET308,O,31.022,16.383,-0.793,B,ASN310,N,28.479,18.713,0.901
Phase Boundary,YELLOW,4.581,3.617,False,B,MET308,O,31.022,16.383,-0.793,B,ARG314,NH1,32.345,17.434,-3.991
Phase Boundary,YELLOW,4.405,3.038,False,B,MET309,N,30.469,16.468,1.379,B,ASN310,N,28.479,18.713,0.901
Bound Backbone,BLUE,9.591,2.259,False,B,MET309,O,27.191,17.426,2.238,B,ASN310,N,28.479,18.713,0.901
Phase Boundary,YELLOW,5.26,3.105,False,B,ASN310,N,28.479,18.713,0.901,B,LYS311,N,27.533,20.88,-1.112
Bound Backbone,BLUE,9.697,2.272,False,B,ASN310,O,29.049,21.792,0.313,B,LYS311,N,27.533,20.88,-1.112
Phase Boundary,YELLOW,4.365,3.565,False,B,ASN310,O,29.049,21.792,0.313,B,LYS311,O,28.605,23.982,-2.465
Phase Boundary,YELLOW,5.105,2.942,False,B,ASN310,O,29.049,21.792,0.313,B,GLN312,N,27.055,23.599,-0.875
Phase Boundary,YELLOW,4.381,3.085,False,B,ASN310,O,29.049,21.792,0.313,B,PHE313,N,28.863,24.768,1.106
Phase Boundary,YELLOW,4.142,3.111,False,B,ASN310,O,29.049,21.792,0.313,B,ARG314,N,31.38,23.846,0.148
Phase Boundary,YELLOW,4.133,3.942,False,B,ASN310,OD1,27.277,22.753,2.969,B,GLN312,N,27.055,23.599,-0.875
Phase Boundary,YELLOW,4.859,3.17,False,B,ASN310,OD1,27.277,22.753,2.969,B,PHE313,N,28.863,24.768,1.106
Phase Boundary,YELLOW,5.237,2.771,False,B,LYS311,N,27.533,20.88,-1.112,B,GLN312,N,27.055,23.599,-0.875
Bound Backbone,BLUE,10.38,2.253,False,B,LYS311,O,28.605,23.982,-2.465,B,GLN312,N,27.055,23.599,-0.875
Phase Boundary,YELLOW,4.332,3.423,False,B,LYS311,O,28.605,23.982,-2.465,B,GLN312,O,28.772,26.58,-0.243
Phase Boundary,YELLOW,4.777,3.666,False,B,LYS311,O,28.605,23.982,-2.465,B,PHE313,N,28.863,24.768,1.106
Thermal Noise,RED,3.573,3.814,False,B,LYS311,O,28.605,23.982,-2.465,B,ARG314,N,31.38,23.846,0.148
Thermal Noise,RED,3.838,3.232,False,B,LYS311,O,28.605,23.982,-2.465,B,ASN315,N,31.569,25.259,-2.296
Phase Boundary,YELLOW,5.237,3.292,False,B,LYS311,O,28.605,23.982,-2.465,B,ASN315,OD1,30.423,24.619,-5.135
Bound Backbone,BLUE,6.039,2.926,False,B,GLN312,N,27.055,23.599,-0.875,B,PHE313,N,28.863,24.768,1.106
Bound Backbone,BLUE,9.603,2.261,False,B,GLN312,O,28.772,26.58,-0.243,B,PHE313,N,28.863,24.768,1.106
Thermal Noise,RED,3.23,3.608,False,B,GLN312,O,28.772,26.58,-0.243,B,PHE313,O,32.162,25.878,0.772
Thermal Noise,RED,2.792,3.799,False,B,GLN312,O,28.772,26.58,-0.243,B,ARG314,N,31.38,23.846,0.148
Thermal Noise,RED,3.469,3.713,False,B,GLN312,O,28.772,26.58,-0.243,B,ASN315,N,31.569,25.259,-2.296
Phase Boundary,YELLOW,4.453,3.114,False,B,GLN312,O,28.772,26.58,-0.243,B,CYS316,N,31.376,27.888,-1.342
Bound Backbone,BLUE,5.315,2.745,False,B,GLN312,O,28.772,26.58,-0.243,B,CYS316,SG,28.864,29.322,-0.165
Bound Backbone,BLUE,5.295,2.847,False,B,PHE313,N,28.863,24.768,1.106,B,ARG314,N,31.38,23.846,0.148
Bound Backbone,BLUE,8.178,2.265,False,B,PHE313,O,32.162,25.878,0.772,B,ARG314,N,31.38,23.846,0.148
Bound Backbone,BLUE,5.374,3.28,False,B,PHE313,O,32.162,25.878,0.772,B,ARG314,O,33.805,25.143,-1.97
Bound Backbone,BLUE,6.272,3.186,False,B,PHE313,O,32.162,25.878,0.772,B,ASN315,N,31.569,25.259,-2.296
Bound Backbone,BLUE,5.751,3.021,False,B,PHE313,O,32.162,25.878,0.772,B,CYS316,N,31.376,27.888,-1.342
Bound Backbone,BLUE,5.92,2.638,False,B,PHE313,O,32.162,25.878,0.772,B,MET317,N,33.656,27.977,0.205
Bound Backbone,BLUE,7.373,2.829,False,B,ARG314,N,31.38,23.846,0.148,B,ASN315,N,31.569,25.259,-2.296
Bound Backbone,BLUE,7.921,2.263,False,B,ARG314,O,33.805,25.143,-1.97,B,ASN315,N,31.569,25.259,-2.296
Thermal Noise,RED,3.133,3.668,False,B,ARG314,O,33.805,25.143,-1.97,B,ASN315,O,32.732,28.486,-3.033
Thermal Noise,RED,2.946,3.719,False,B,ARG314,O,33.805,25.143,-1.97,B,CYS316,N,31.376,27.888,-1.342
Thermal Noise,RED,3.868,3.576,False,B,ARG314,O,33.805,25.143,-1.97,B,MET317,N,33.656,27.977,0.205
Thermal Noise,RED,3.901,3.212,False,B,ARG314,O,33.805,25.143,-1.97,B,VAL318,N,35.596,27.792,-1.664
Bound Backbone,BLUE,5.468,2.803,False,B,ASN315,N,31.569,25.259,-2.296,B,CYS316,N,31.376,27.888,-1.342
Bound Backbone,BLUE,10.765,2.249,False,B,ASN315,O,32.732,28.486,-3.033,B,CYS316,N,31.376,27.888,-1.342
Phase Boundary,YELLOW,4.085,3.796,False,B,ASN315,O,32.732,28.486,-3.033,B,CYS316,O,33.593,30.219,0.233
Bound Backbone,BLUE,5.436,3.406,False,B,ASN315,O,32.732,28.486,-3.033,B,MET317,N,33.656,27.977,0.205
Phase Boundary,YELLOW,4.219,3.249,False,B,ASN315,O,32.732,28.486,-3.033,B,VAL318,N,35.596,27.792,-1.664
Phase Boundary,YELLOW,4.336,3.042,False,B,ASN315,O,32.732,28.486,-3.033,B,THR319,N,35.212,30.236,-2.825
Phase Boundary,YELLOW,5.114,2.849,False,B,ASN315,O,32.732,28.486,-3.033,B,THR319,OG1,32.748,31.25,-3.725
Thermal Noise,RED,3.84,3.524,False,B,ASN315,ND2,29.052,26.219,-5.933,B,HOH973,O,26.109,26.355,-7.866
Bound Backbone,BLUE,6.322,2.757,False,B,CYS316,N,31.376,27.888,-1.342,B,MET317,N,33.656,27.977,0.205
Bound Backbone,BLUE,7.955,2.243,False,B,CYS316,O,33.593,30.219,0.233,B,MET317,N,33.656,27.977,0.205
Thermal Noise,RED,3.262,3.528,False,B,CYS316,O,33.593,30.219,0.233,B,MET317,O,36.879,29.051,-0.302
Thermal Noise,RED,3.467,3.674,False,B,CYS316,O,33.593,30.219,0.233,B,VAL318,N,35.596,27.792,-1.664
Phase Boundary,YELLOW,5.004,3.46,False,B,CYS316,O,33.593,30.219,0.233,B,THR319,N,35.212,30.236,-2.825
Phase Boundary,YELLOW,4.197,3.193,False,B,CYS316,O,33.593,30.219,0.233,B,THR320,N,36.113,31.872,-0.823
Bound Backbone,BLUE,5.481,2.982,False,B,CYS316,O,33.593,30.219,0.233,B,THR320,OG1,35.349,31.882,1.977
Bound Backbone,BLUE,7.163,2.7,False,B,MET317,N,33.656,27.977,0.205,B,VAL318,N,35.596,27.792,-1.664
Bound Backbone,BLUE,9.695,2.255,False,B,MET317,O,36.879,29.051,-0.302,B,VAL318,N,35.596,27.792,-1.664
Phase Boundary,YELLOW,4.977,3.546,False,B,MET317,O,36.879,29.051,-0.302,B,VAL318,O,37.318,30.165,-3.64
Phase Boundary,YELLOW,5.251,3.248,False,B,MET317,O,36.879,29.051,-0.302,B,THR319,N,35.212,30.236,-2.825
Phase Boundary,YELLOW,4.628,2.969,False,B,MET317,O,36.879,29.051,-0.302,B,THR320,N,36.113,31.872,-0.823
Thermal Noise,RED,3.121,3.943,False,B,MET317,O,36.879,29.051,-0.302,B,THR320,OG1,35.349,31.882,1.977
Phase Boundary,YELLOW,4.332,3.085,False,B,MET317,O,36.879,29.051,-0.302,B,LEU321,N,38.735,31.422,-0.972
Bound Backbone,BLUE,5.974,2.733,False,B,VAL318,N,35.596,27.792,-1.664,B,THR319,N,35.212,30.236,-2.825
Bound Backbone,BLUE,8.489,2.259,False,B,VAL318,O,37.318,30.165,-3.64,B,THR319,N,35.212,30.236,-2.825
Thermal Noise,RED,2.969,3.818,False,B,VAL318,O,37.318,30.165,-3.64,B,THR319,O,36.326,33.59,-2.275
Phase Boundary,YELLOW,4.589,3.507,False,B,VAL318,O,37.318,30.165,-3.64,B,THR320,N,36.113,31.872,-0.823
Bound Backbone,BLUE,5.32,3.272,False,B,VAL318,O,37.318,30.165,-3.64,B,LEU321,N,38.735,31.422,-0.972
Phase Boundary,YELLOW,4.811,2.886,False,B,VAL318,O,37.318,30.165,-3.64,B,CYS322,N,39.648,31.863,-3.767
Bound Backbone,BLUE,7.155,2.738,False,B,THR319,N,35.212,30.236,-2.825,B,THR320,N,36.113,31.872,-0.823
Bound Backbone,BLUE,9.899,2.259,False,B,THR319,O,36.326,33.59,-2.275,B,THR320,N,36.113,31.872,-0.823
Thermal Noise,RED,3.531,3.793,False,B,THR319,O,36.326,33.59,-2.275,B,THR320,O,39.193,33.3,0.191
Thermal Noise,RED,3.57,3.493,False,B,THR319,O,36.326,33.59,-2.275,B,LEU321,N,38.735,31.422,-0.972
Phase Boundary,YELLOW,4.61,3.186,False,B,THR319,O,36.326,33.59,-2.275,B,CYS323,N,38.912,34.465,-3.917
Phase Boundary,YELLOW,4.958,3.419,False,B,THR319,O,36.326,33.59,-2.275,B,GLY324,N,36.574,35.433,-5.144
Thermal Noise,RED,3.611,3.996,False,B,THR319,OG1,32.748,31.25,-3.725,B,ASN326,OD1,30.599,31.795,-7.049
Bound Backbone,BLUE,5.648,2.665,False,B,THR320,N,36.113,31.872,-0.823,B,LEU321,N,38.735,31.422,-0.972
Bound Backbone,BLUE,9.194,2.256,False,B,THR320,O,39.193,33.3,0.191,B,LEU321,N,38.735,31.422,-0.972
Phase Boundary,YELLOW,4.08,3.697,False,B,THR320,O,39.193,33.3,0.191,B,LEU321,O,41.418,32.78,-2.715
Bound Backbone,BLUE,7.073,2.973,False,B,LEU321,N,38.735,31.422,-0.972,B,CYS322,N,39.648,31.863,-3.767
Bound Backbone,BLUE,8.969,2.254,False,B,LEU321,O,41.418,32.78,-2.715,B,CYS322,N,39.648,31.863,-3.767
Phase Boundary,YELLOW,4.118,3.25,False,B,LEU321,O,41.418,32.78,-2.715,B,CYS323,N,38.912,34.465,-3.917
Thermal Noise,RED,3.353,3.455,False,B,LEU321,O,41.418,32.78,-2.715,B,CYS323,SG,41.104,36.22,-2.646
Bound Backbone,BLUE,5.467,2.708,False,B,CYS322,N,39.648,31.863,-3.767,B,CYS323,N,38.912,34.465,-3.917
Bound Backbone,BLUE,11.846,2.268,False,B,CYS322,O,39.82,34.775,-5.972,B,CYS323,N,38.912,34.465,-3.917
Thermal Noise,RED,2.839,3.834,False,B,CYS322,O,39.82,34.775,-5.972,B,CYS323,O,37.361,37.544,-4.978
Thermal Noise,RED,3.991,3.847,False,B,CYS322,O,39.82,34.775,-5.972,B,CYS323,SG,41.104,36.22,-2.646
Thermal Noise,RED,3.562,3.414,False,B,CYS322,O,39.82,34.775,-5.972,B,GLY324,N,36.574,35.433,-5.144
Thermal Noise,RED,3.832,3.435,False,B,CYS322,O,39.82,34.775,-5.972,B,HOH976,O,41.851,37.071,-7.521
Bound Backbone,BLUE,5.673,2.812,False,B,CYS323,N,38.912,34.465,-3.917,B,GLY324,N,36.574,35.433,-5.144
Bound Backbone,BLUE,7.869,2.259,False,B,CYS323,O,37.361,37.544,-4.978,B,GLY324,N,36.574,35.433,-5.144
Bound Backbone,BLUE,7.145,2.92,False,B,GLY324,N,36.574,35.433,-5.144,B,LYS325,N,36.248,34.24,-7.789
Bound Backbone,BLUE,7.849,2.258,False,B,GLY324,O,34.12,34.995,-7.823,B,LYS325,N,36.248,34.24,-7.789
Phase Boundary,YELLOW,4.455,3.122,False,B,GLY324,O,34.12,34.995,-7.823,B,ASN326,N,34.033,32.09,-8.962
Thermal Noise,RED,3.132,3.617,False,B,GLY324,O,34.12,34.995,-7.823,B,ASN326,ND2,30.914,33.473,-8.519
Thermal Noise,RED,3.965,3.302,False,B,LYS325,N,36.248,34.24,-7.789,B,ASN326,N,34.033,32.09,-8.962
Bound Backbone,BLUE,8.118,2.267,False,B,LYS325,O,35.971,31.07,-8.377,B,ASN326,N,34.033,32.09,-8.962
Thermal Noise,RED,3.656,3.334,False,B,LYS325,O,35.971,31.07,-8.377,B,ASN326,O,33.779,28.612,-8.893
Bound Backbone,BLUE,7.477,2.552,False,B,LYS325,NZ,39.823,37.5,-9.009,B,HOH976,O,41.851,37.071,-7.521
Bound Backbone,BLUE,6.78,2.86,False,B,ASN326,O,33.779,28.612,-8.893,B,HOH954,O,34.14,26.854,-11.12
Bound Backbone,BLUE,6.968,2.607,False,C,NAG1,O3,38.251,7.265,-29.899,C,NAG2,O5,36.549,8.658,-31.299
Thermal Noise,RED,2.783,3.827,False,C,NAG1,O3,38.251,7.265,-29.899,C,NAG2,O6,37.911,11.021,-30.548
Bound Backbone,BLUE,5.75,2.968,False,C,NAG1,O4,35.453,6.743,-30.698,C,NAG2,N2,33.305,7.465,-32.614
Bound Backbone,BLUE,7.989,2.287,False,C,NAG1,O4,35.453,6.743,-30.698,C,NAG2,O5,36.549,8.658,-31.299
Thermal Noise,RED,2.612,3.999,False,C,NAG1,O4,35.453,6.743,-30.698,C,NAG2,O7,31.623,6.272,-31.746
Phase Boundary,YELLOW,4.461,3.003,False,C,NAG1,O6,34.616,4.777,-32.342,C,NAG2,N2,33.305,7.465,-32.614
Thermal Noise,RED,3.533,3.398,False,C,NAG1,O6,34.616,4.777,-32.342,C,NAG2,O7,31.623,6.272,-31.746
Ligand Fluctuation Noise,RED,3.204,3.617,True,D,NAG1,N2,48.331,-8.394,-25.255,A,HOH970,O,45.397,-10.266,-26.239
Thermal Noise,RED,3.025,3.925,False,D,NAG1,O3,50.587,-9.952,-24.124,D,NAG2,O5,51.418,-13.228,-22.129
Bound Backbone,BLUE,6.638,3.139,False,D,NAG1,O4,49.544,-11.948,-22.221,D,NAG2,N2,49.701,-12.03,-19.087
Bound Backbone,BLUE,7.766,2.271,False,D,NAG1,O4,49.544,-11.948,-22.221,D,NAG2,O5,51.418,-13.228,-22.129
Phase Boundary,YELLOW,4.601,2.954,False,D,NAG1,O6,48.068,-9.577,-19.287,D,NAG2,N2,49.701,-12.03,-19.087
Ligand Boundary Hotspot,ORANGE,4.748,2.977,True,D,NAG1,O7,48.723,-6.192,-25.509,A,HOH953,O,48.02,-3.426,-24.662
Ligand Fluctuation Noise,RED,2.849,3.913,True,D,NAG1,O7,48.723,-6.192,-25.509,A,HOH968,O,52.303,-5.612,-26.977
Ligand Fluctuation Noise,RED,2.766,3.81,True,D,NAG2,O4,52.532,-15.8,-19.814,A,HOH966,O,55.808,-17.727,-20.079
Ligand Boundary Hotspot,ORANGE,4.289,3.225,True,D,NAG2,O6,54.452,-15.141,-21.448,A,HOH966,O,55.808,-17.727,-20.079
Thermal Noise,RED,2.688,3.881,False,E,NAG1,N2,58.515,3.151,40.835,E,NAG2,O6,60.829,6.222,41.364
Bound Backbone,BLUE,6.734,2.466,False,E,NAG1,O3,60.163,3.969,43.103,E,NAG2,O5,62.472,4.695,42.63
Bound Backbone,BLUE,5.739,2.923,False,E,NAG1,O3,60.163,3.969,43.103,E,NAG2,O6,60.829,6.222,41.364
Bound Backbone,BLUE,6.487,2.817,False,E,NAG1,O4,62.765,2.485,42.986,E,NAG2,N2,64.797,2.968,44.877
Bound Backbone,BLUE,7.976,2.258,False,E,NAG1,O4,62.765,2.485,42.986,E,NAG2,O5,62.472,4.695,42.63
Thermal Noise,RED,3.273,3.523,False,E,NAG1,O4,62.765,2.485,42.986,E,NAG2,O7,66.185,1.834,43.524
Ligand Boundary Hotspot,ORANGE,4.502,3.208,True,E,NAG1,O5,60.242,0.109,41.878,B,HOH951,O,57.744,-1.116,43.475
Ligand Boundary Hotspot,ORANGE,4.572,3.543,True,E,NAG2,N2,64.797,2.968,44.877,B,HOH969,O,66.2,4.389,47.804
Bound Backbone,BLUE,5.4,2.803,False,E,NAG2,O3,65.751,5.657,44.914,E,MAN3,O5,65.858,8.322,44.051
Thermal Noise,RED,3.448,3.732,False,E,NAG2,O3,65.751,5.657,44.914,E,MAN3,O6,68.205,7.536,42.822
Ligand Bound Core,BLUE,5.998,3.188,True,E,NAG2,O3,65.751,5.657,44.914,B,HOH969,O,66.2,4.389,47.804
Bound Backbone,BLUE,6.325,2.832,False,E,NAG2,O4,63.684,7.672,44.456,E,MAN3,O2,64.643,9.602,46.294
Bound Backbone,BLUE,7.681,2.305,False,E,NAG2,O4,63.684,7.672,44.456,E,MAN3,O5,65.858,8.322,44.051
Ligand Fluctuation Noise,RED,2.85,3.791,True,E,MAN3,O3,65.041,12.213,45.344,B,HOH955,O,63.093,15.382,44.611
Ligand Boundary Hotspot,ORANGE,4.389,3.638,True,E,MAN3,O6,68.205,7.536,42.822,B,HOH975,O,66.293,7.105,39.757
Bound Backbone,BLUE,5.272,3.01,False,F,NAG1,O3,43.899,-11.324,38.524,F,NAG2,O5,41.904,-12.848,36.863
Bound Backbone,BLUE,6.494,2.831,False,F,NAG1,O4,44.059,-12.974,36.108,F,NAG2,N2,43.368,-14.912,34.164
Bound Backbone,BLUE,8.183,2.287,False,F,NAG1,O4,44.059,-12.974,36.108,F,NAG2,O5,41.904,-12.848,36.863
Phase Boundary,YELLOW,4.099,3.327,False,B,HOH956,O,27.244,3.345,42.114,B,HOH960,O,30.2,3.433,43.638
