Category,Color,Energy_kJ_mol,Distance_A,Is_Ligand_Interaction,Atom1_Chain,Atom1_Residue,Atom1_Name,Atom1_X,Atom1_Y,Atom1_Z,Atom2_Chain,Atom2_Residue,Atom2_Name,Atom2_X,Atom2_Y,Atom2_Z
Bound Backbone,BLUE,5.74,2.969,False,A,ALA-4,N,16.124,35.505,4.422,A,PHE-3,N,18.156,36.518,2.509
Bound Backbone,BLUE,11.46,2.26,False,A,ALA-4,O,19.326,36.686,4.435,A,PHE-3,N,18.156,36.518,2.509
Phase Boundary,YELLOW,4.457,3.229,False,A,ALA-4,O,19.326,36.686,4.435,A,PHE-3,O,20.112,39.363,2.809
Thermal Noise,RED,3.61,3.551,False,A,ALA-4,O,19.326,36.686,4.435,A,GLN-2,N,17.862,39.469,2.786
Thermal Noise,RED,4.056,3.25,False,A,ALA-4,O,19.326,36.686,4.435,A,GLY-1,N,18.402,39.608,5.518
Bound Backbone,BLUE,5.772,2.792,False,A,ALA-4,O,19.326,36.686,4.435,A,ALA0,N,21.026,38.526,5.667
Phase Boundary,YELLOW,4.536,2.979,False,A,PHE-3,N,18.156,36.518,2.509,A,GLN-2,N,17.862,39.469,2.786
Bound Backbone,BLUE,7.887,2.253,False,A,PHE-3,O,20.112,39.363,2.809,A,GLN-2,N,17.862,39.469,2.786
Phase Boundary,YELLOW,4.872,3.278,False,A,PHE-3,O,20.112,39.363,2.809,A,GLN-2,O,19.352,41.592,5.089
Bound Backbone,BLUE,5.631,3.213,False,A,PHE-3,O,20.112,39.363,2.809,A,GLY-1,N,18.402,39.608,5.518
Bound Backbone,BLUE,6.333,3.115,False,A,PHE-3,O,20.112,39.363,2.809,A,ALA0,N,21.026,38.526,5.667
Bound Backbone,BLUE,5.981,2.761,False,A,PHE-3,O,20.112,39.363,2.809,A,MET1,N,22.321,40.399,4.102
Bound Backbone,BLUE,8.292,2.788,False,A,GLN-2,N,17.862,39.469,2.786,A,GLY-1,N,18.402,39.608,5.518
Bound Backbone,BLUE,8.154,2.241,False,A,GLN-2,O,19.352,41.592,5.089,A,GLY-1,N,18.402,39.608,5.518
Phase Boundary,YELLOW,4.612,3.326,False,A,GLN-2,O,19.352,41.592,5.089,A,GLY-1,O,21.36,40.092,7.276
Thermal Noise,RED,3.246,3.541,False,A,GLN-2,O,19.352,41.592,5.089,A,ALA0,N,21.026,38.526,5.667
Thermal Noise,RED,3.767,3.348,False,A,GLN-2,O,19.352,41.592,5.089,A,MET1,N,22.321,40.399,4.102
Phase Boundary,YELLOW,4.863,2.899,False,A,GLN-2,O,19.352,41.592,5.089,A,ALA2,N,21.967,42.727,5.614
Bound Backbone,BLUE,5.919,2.69,False,A,GLN-2,O,19.352,41.592,5.089,A,HOH792,O,18.798,44.068,4.195
Phase Boundary,YELLOW,4.963,2.842,False,A,GLY-1,N,18.402,39.608,5.518,A,ALA0,N,21.026,38.526,5.667
Bound Backbone,BLUE,10.25,2.27,False,A,GLY-1,O,21.36,40.092,7.276,A,ALA0,N,21.026,38.526,5.667
Thermal Noise,RED,3.977,3.491,False,A,GLY-1,O,21.36,40.092,7.276,A,ALA0,O,24.212,40.011,5.264
Bound Backbone,BLUE,5.693,3.33,False,A,GLY-1,O,21.36,40.092,7.276,A,MET1,N,22.321,40.399,4.102
Phase Boundary,YELLOW,4.666,3.174,False,A,GLY-1,O,21.36,40.092,7.276,A,ALA2,N,21.967,42.727,5.614
Phase Boundary,YELLOW,4.933,2.881,False,A,GLY-1,O,21.36,40.092,7.276,A,SER3,N,23.465,41.981,7.824
Bound Backbone,BLUE,6.736,2.939,False,A,GLY-1,O,21.36,40.092,7.276,A,SER3,OG,22.935,40.095,9.757
Bound Backbone,BLUE,6.312,2.763,False,A,ALA0,N,21.026,38.526,5.667,A,MET1,N,22.321,40.399,4.102
Bound Backbone,BLUE,9.217,2.253,False,A,ALA0,O,24.212,40.011,5.264,A,MET1,N,22.321,40.399,4.102
Thermal Noise,RED,3.661,3.325,False,A,ALA0,O,24.212,40.011,5.264,A,MET1,O,24.009,43.3,4.819
Thermal Noise,RED,3.211,3.541,False,A,ALA0,O,24.212,40.011,5.264,A,ALA2,N,21.967,42.727,5.614
Phase Boundary,YELLOW,5.022,3.315,False,A,ALA0,O,24.212,40.011,5.264,A,SER3,N,23.465,41.981,7.824
Phase Boundary,YELLOW,4.858,3.099,False,A,ALA0,O,24.212,40.011,5.264,A,SER4,N,26.023,41.966,6.846
Bound Backbone,BLUE,6.546,2.576,False,A,ALA0,O,24.212,40.011,5.264,A,SER4,OG,26.539,40.588,4.323
Bound Backbone,BLUE,6.06,2.798,False,A,MET1,N,22.321,40.399,4.102,A,ALA2,N,21.967,42.727,5.614
Bound Backbone,BLUE,8.413,2.265,False,A,MET1,O,24.009,43.3,4.819,A,ALA2,N,21.967,42.727,5.614
Phase Boundary,YELLOW,4.709,3.687,False,A,MET1,O,24.009,43.3,4.819,A,ALA2,O,23.72,44.144,8.396
Bound Backbone,BLUE,5.495,3.327,False,A,MET1,O,24.009,43.3,4.819,A,SER3,N,23.465,41.981,7.824
Phase Boundary,YELLOW,5.082,3.153,False,A,MET1,O,24.009,43.3,4.819,A,SER4,N,26.023,41.966,6.846
Thermal Noise,RED,2.89,3.742,False,A,MET1,O,24.009,43.3,4.819,A,SER4,OG,26.539,40.588,4.323
Bound Backbone,BLUE,7.314,2.772,False,A,ALA2,N,21.967,42.727,5.614,A,SER3,N,23.465,41.981,7.824
Thermal Noise,RED,3.156,3.722,False,A,ALA2,N,21.967,42.727,5.614,A,HOH792,O,18.798,44.068,4.195
Bound Backbone,BLUE,8.216,2.252,False,A,ALA2,O,23.72,44.144,8.396,A,SER3,N,23.465,41.981,7.824
Thermal Noise,RED,3.609,3.528,False,A,ALA2,O,23.72,44.144,8.396,A,SER4,N,26.023,41.966,6.846
Bound Backbone,BLUE,5.769,2.739,False,A,SER3,N,23.465,41.981,7.824,A,SER4,N,26.023,41.966,6.846
Thermal Noise,RED,3.926,3.851,False,A,SER3,N,23.465,41.981,7.824,A,HOH649,O,21.41,42.004,11.081
Bound Backbone,BLUE,11.626,2.239,False,A,SER3,O,26.912,41.172,8.741,A,SER4,N,26.023,41.966,6.846
Thermal Noise,RED,3.404,3.689,False,A,SER3,O,26.912,41.172,8.741,A,SER4,O,27.506,44.317,6.907
Bound Backbone,BLUE,6.316,3.06,False,A,SER3,O,26.912,41.172,8.741,A,HOH536,O,27.226,39.679,11.394
Bound Backbone,BLUE,5.931,2.779,False,A,SER3,OG,22.935,40.095,9.757,A,HOH649,O,21.41,42.004,11.081
Thermal Noise,RED,3.042,3.677,False,A,SER4,N,26.023,41.966,6.846,A,ILE5,N,29.349,43.334,6.079
Bound Backbone,BLUE,8.612,2.247,False,A,SER4,O,27.506,44.317,6.907,A,ILE5,N,29.349,43.334,6.079
Thermal Noise,RED,4.009,3.44,False,A,SER4,O,27.506,44.317,6.907,A,ASP6,N,29.368,46.535,5.051
Thermal Noise,RED,3.084,3.654,False,A,SER4,O,27.506,44.317,6.907,A,HOH586,O,29.056,47.533,7.688
Thermal Noise,RED,2.628,3.94,False,A,SER4,OG,26.539,40.588,4.323,A,HOH537,O,30.39,41.056,5.014
Bound Backbone,BLUE,5.682,2.749,False,A,SER4,OG,26.539,40.588,4.323,A,HOH791,O,28.908,39.549,3.393
Thermal Noise,RED,3.751,3.362,False,A,ILE5,N,29.349,43.334,6.079,A,ASP6,N,29.368,46.535,5.051
Bound Backbone,BLUE,5.929,2.722,False,A,ILE5,N,29.349,43.334,6.079,A,HOH537,O,30.39,41.056,5.014
Bound Backbone,BLUE,9.427,2.247,False,A,ILE5,O,30.078,44.79,3.827,A,ASP6,N,29.368,46.535,5.051
Thermal Noise,RED,2.679,3.973,False,A,ILE5,O,30.078,44.79,3.827,A,ILE7,N,30.822,48.508,2.64
Thermal Noise,RED,2.741,3.931,False,A,ILE5,O,30.078,44.79,3.827,A,HOH537,O,30.39,41.056,5.014
Thermal Noise,RED,3.859,3.901,False,A,ILE5,O,30.078,44.79,3.827,A,HOH646,O,29.864,46.788,0.483
Phase Boundary,YELLOW,4.446,3.438,False,A,ASP6,N,29.368,46.535,5.051,A,ILE7,N,30.822,48.508,2.64
Bound Backbone,BLUE,7.708,2.837,False,A,ASP6,N,29.368,46.535,5.051,A,HOH586,O,29.056,47.533,7.688
Bound Backbone,BLUE,12.21,2.267,False,A,ASP6,O,30.469,49.159,4.783,A,ILE7,N,30.822,48.508,2.64
Thermal Noise,RED,3.605,3.541,False,A,ASP6,O,30.469,49.159,4.783,A,ILE7,O,32.406,51.657,3.188
Phase Boundary,YELLOW,4.67,3.447,False,A,ASP6,O,30.469,49.159,4.783,A,SER8,N,30.47,51.32,2.098
Thermal Noise,RED,4.07,3.145,False,A,ASP6,O,30.469,49.159,4.783,A,LYS9,N,29.277,52.053,4.47
Phase Boundary,YELLOW,5.164,3.049,False,A,ASP6,O,30.469,49.159,4.783,A,ILE10,N,31.271,51.555,6.489
Phase Boundary,YELLOW,4.316,3.617,False,A,ASP6,O,30.469,49.159,4.783,A,HOH586,O,29.056,47.533,7.688
Thermal Noise,RED,2.733,3.877,False,A,ASP6,OD1,27.027,48.48,1.846,A,ILE7,N,30.822,48.508,2.64
Thermal Noise,RED,3.424,3.573,False,A,ASP6,OD1,27.027,48.48,1.846,A,HOH646,O,29.864,46.788,0.483
Thermal Noise,RED,2.917,3.717,False,A,ASP6,OD2,27.551,50.229,3.038,A,ILE7,N,30.822,48.508,2.64
Thermal Noise,RED,3.978,3.255,False,A,ASP6,OD2,27.551,50.229,3.038,A,SER8,N,30.47,51.32,2.098
Bound Backbone,BLUE,5.537,2.891,False,A,ASP6,OD2,27.551,50.229,3.038,A,LYS9,N,29.277,52.053,4.47
Phase Boundary,YELLOW,4.915,2.885,False,A,ILE7,N,30.822,48.508,2.64,A,SER8,N,30.47,51.32,2.098
Bound Backbone,BLUE,6.321,2.92,False,A,ILE7,N,30.822,48.508,2.64,A,HOH646,O,29.864,46.788,0.483
Bound Backbone,BLUE,9.112,2.247,False,A,ILE7,O,32.406,51.657,3.188,A,SER8,N,30.47,51.32,2.098
Thermal Noise,RED,3.732,3.38,False,A,ILE7,O,32.406,51.657,3.188,A,SER8,O,30.288,54.059,4.268
Thermal Noise,RED,3.764,3.405,False,A,ILE7,O,32.406,51.657,3.188,A,LYS9,N,29.277,52.053,4.47
Phase Boundary,YELLOW,5.148,3.492,False,A,ILE7,O,32.406,51.657,3.188,A,ILE10,N,31.271,51.555,6.489
Bound Backbone,BLUE,6.004,3.051,False,A,ILE7,O,32.406,51.657,3.188,A,ASN11,N,33.216,53.347,5.595
Phase Boundary,YELLOW,5.131,2.808,False,A,ILE7,O,32.406,51.657,3.188,A,ASN11,ND2,35.033,52.578,2.818
Bound Backbone,BLUE,7.764,2.754,False,A,SER8,N,30.47,51.32,2.098,A,LYS9,N,29.277,52.053,4.47
Bound Backbone,BLUE,7.907,2.255,False,A,SER8,O,30.288,54.059,4.268,A,LYS9,N,29.277,52.053,4.47
Bound Backbone,BLUE,6.028,3.267,False,A,SER8,O,30.288,54.059,4.268,A,LYS9,O,30.38,53.366,7.459
Phase Boundary,YELLOW,4.137,3.488,False,A,SER8,O,30.288,54.059,4.268,A,ILE10,N,31.271,51.555,6.489
Phase Boundary,YELLOW,4.073,3.293,False,A,SER8,O,30.288,54.059,4.268,A,ASN11,N,33.216,53.347,5.595
Bound Backbone,BLUE,5.937,2.858,False,A,SER8,O,30.288,54.059,4.268,A,SER12,N,31.934,55.715,5.916
Bound Backbone,BLUE,5.424,2.757,False,A,SER8,O,30.288,54.059,4.268,A,SER12,OG,29.418,56.605,4.871
Thermal Noise,RED,2.786,3.792,False,A,SER8,O,30.288,54.059,4.268,A,HOH535,O,26.557,54.717,4.111
Phase Boundary,YELLOW,4.348,3.504,False,A,SER8,OG,28.17,54.201,1.933,A,LYS9,N,29.277,52.053,4.47
Thermal Noise,RED,3.368,3.996,False,A,SER8,OG,28.17,54.201,1.933,A,SER12,OG,29.418,56.605,4.871
Bound Backbone,BLUE,7.343,2.759,False,A,SER8,OG,28.17,54.201,1.933,A,HOH535,O,26.557,54.717,4.111
Bound Backbone,BLUE,6.328,2.881,False,A,LYS9,N,29.277,52.053,4.47,A,ILE10,N,31.271,51.555,6.489
Thermal Noise,RED,2.752,3.824,False,A,LYS9,N,29.277,52.053,4.47,A,HOH535,O,26.557,54.717,4.111
Bound Backbone,BLUE,8.934,2.239,False,A,LYS9,O,30.38,53.366,7.459,A,ILE10,N,31.271,51.555,6.489
Thermal Noise,RED,3.066,3.618,False,A,LYS9,O,30.38,53.366,7.459,A,ILE10,O,33.986,53.533,7.703
Phase Boundary,YELLOW,4.142,3.394,False,A,LYS9,O,30.38,53.366,7.459,A,ASN11,N,33.216,53.347,5.595
Phase Boundary,YELLOW,4.45,3.211,False,A,LYS9,O,30.38,53.366,7.459,A,SER12,N,31.934,55.715,5.916
Phase Boundary,YELLOW,5.242,2.913,False,A,LYS9,O,30.38,53.366,7.459,A,TRP13,N,31.557,55.736,8.676
Bound Backbone,BLUE,5.47,2.792,False,A,ILE10,N,31.271,51.555,6.489,A,ASN11,N,33.216,53.347,5.595
Bound Backbone,BLUE,12.292,2.252,False,A,ILE10,O,33.986,53.533,7.703,A,ASN11,N,33.216,53.347,5.595
Thermal Noise,RED,3.372,3.663,False,A,ILE10,O,33.986,53.533,7.703,A,ASN11,O,33.914,56.797,6.041
Thermal Noise,RED,3.839,3.488,False,A,ILE10,O,33.986,53.533,7.703,A,SER12,N,31.934,55.715,5.916
Thermal Noise,RED,3.597,3.421,False,A,ILE10,O,33.986,53.533,7.703,A,TRP13,N,31.557,55.736,8.676
Bound Backbone,BLUE,5.726,2.886,False,A,ILE10,O,33.986,53.533,7.703,A,ASN14,N,34.231,55.933,9.287
Bound Backbone,BLUE,5.491,2.712,False,A,ASN11,N,33.216,53.347,5.595,A,SER12,N,31.934,55.715,5.916
Bound Backbone,BLUE,7.852,2.26,False,A,ASN11,O,33.914,56.797,6.041,A,SER12,N,31.934,55.715,5.916
Phase Boundary,YELLOW,4.243,3.529,False,A,ASN11,O,33.914,56.797,6.041,A,SER12,O,31.724,57.975,8.545
Thermal Noise,RED,3.89,3.691,False,A,ASN11,O,33.914,56.797,6.041,A,TRP13,N,31.557,55.736,8.676
Bound Backbone,BLUE,5.586,3.374,False,A,ASN11,O,33.914,56.797,6.041,A,ASN14,N,34.231,55.933,9.287
Bound Backbone,BLUE,5.65,3.118,False,A,ASN11,O,33.914,56.797,6.041,A,LYS15,N,34.894,58.549,8.427
Thermal Noise,RED,3.985,3.292,False,A,ASN11,O,33.914,56.797,6.041,A,HOH794,O,36.939,57.381,4.881
Thermal Noise,RED,2.657,3.969,False,A,ASN11,ND2,35.033,52.578,2.818,A,HOH533,O,38.704,53.645,1.75
Phase Boundary,YELLOW,4.672,3.043,False,A,ASN11,ND2,35.033,52.578,2.818,A,HOH534,O,37.388,50.985,1.734
Bound Backbone,BLUE,6.032,2.775,False,A,ASN11,OD1,36.403,54.323,3.146,A,HOH533,O,38.704,53.645,1.75
Thermal Noise,RED,3.092,3.756,False,A,ASN11,OD1,36.403,54.323,3.146,A,HOH534,O,37.388,50.985,1.734
Thermal Noise,RED,3.643,3.557,False,A,ASN11,OD1,36.403,54.323,3.146,A,HOH794,O,36.939,57.381,4.881
Bound Backbone,BLUE,8.379,2.786,False,A,SER12,N,31.934,55.715,5.916,A,TRP13,N,31.557,55.736,8.676
Bound Backbone,BLUE,7.929,2.249,False,A,SER12,O,31.724,57.975,8.545,A,TRP13,N,31.557,55.736,8.676
Phase Boundary,YELLOW,4.798,3.391,False,A,SER12,O,31.724,57.975,8.545,A,TRP13,O,33.656,57.01,11.159
Thermal Noise,RED,3.752,3.317,False,A,SER12,O,31.724,57.975,8.545,A,ASN14,N,34.231,55.933,9.287
Thermal Noise,RED,3.854,3.224,False,A,SER12,O,31.724,57.975,8.545,A,LYS15,N,34.894,58.549,8.427
Phase Boundary,YELLOW,4.737,3.168,False,A,SER12,O,31.724,57.975,8.545,A,GLU16,N,33.378,60.057,10.268
Phase Boundary,YELLOW,4.816,2.883,False,A,SER12,O,31.724,57.975,8.545,A,HOH587,O,30.204,60.424,8.475
Thermal Noise,RED,3.701,3.49,False,A,SER12,O,31.724,57.975,8.545,A,HOH647,O,28.712,58.805,10.1
Thermal Noise,RED,3.343,3.511,False,A,SER12,OG,29.418,56.605,4.871,A,HOH535,O,26.557,54.717,4.111
Bound Backbone,BLUE,5.458,2.75,False,A,TRP13,N,31.557,55.736,8.676,A,ASN14,N,34.231,55.933,9.287
Bound Backbone,BLUE,11.589,2.235,False,A,TRP13,O,33.656,57.01,11.159,A,ASN14,N,34.231,55.933,9.287
Thermal Noise,RED,3.815,3.34,False,A,TRP13,O,33.656,57.01,11.159,A,ASN14,O,36.394,58.606,10.105
Phase Boundary,YELLOW,4.993,3.371,False,A,TRP13,O,33.656,57.01,11.159,A,LYS15,N,34.894,58.549,8.427
Phase Boundary,YELLOW,4.137,3.187,False,A,TRP13,O,33.656,57.01,11.159,A,GLU16,N,33.378,60.057,10.268
Bound Backbone,BLUE,5.612,2.909,False,A,TRP13,O,33.656,57.01,11.159,A,PHE17,N,34.564,59.28,12.736
Bound Backbone,BLUE,5.281,2.832,False,A,ASN14,N,34.231,55.933,9.287,A,LYS15,N,34.894,58.549,8.427
Bound Backbone,BLUE,10.686,2.251,False,A,ASN14,O,36.394,58.606,10.105,A,LYS15,N,34.894,58.549,8.427
Thermal Noise,RED,3.631,3.32,False,A,ASN14,O,36.394,58.606,10.105,A,LYS15,O,34.993,61.616,10.112
Thermal Noise,RED,3.57,3.351,False,A,ASN14,O,36.394,58.606,10.105,A,GLU16,N,33.378,60.057,10.268
Phase Boundary,YELLOW,5.264,3.275,False,A,ASN14,O,36.394,58.606,10.105,A,PHE17,N,34.564,59.28,12.736
Bound Backbone,BLUE,6.655,2.889,False,A,ASN14,O,36.394,58.606,10.105,A,GLN18,N,37.169,60.236,12.361
Thermal Noise,RED,3.288,3.727,False,A,ASN14,ND2,38.523,56.763,7.423,A,HOH591,O,41.098,54.718,9.177
Thermal Noise,RED,3.575,3.351,False,A,ASN14,ND2,38.523,56.763,7.423,A,HOH793,O,41.86,56.953,7.669
Bound Backbone,BLUE,6.16,3.058,False,A,ASN14,ND2,38.523,56.763,7.423,A,HOH794,O,36.939,57.381,4.881
Thermal Noise,RED,2.983,3.961,False,A,ASN14,OD1,38.526,55.683,9.386,A,GLN18,NE2,40.92,58.087,11.43
Bound Backbone,BLUE,5.292,2.755,False,A,ASN14,OD1,38.526,55.683,9.386,A,HOH591,O,41.098,54.718,9.177
Bound Backbone,BLUE,7.713,2.852,False,A,ASN14,OD1,38.526,55.683,9.386,A,HOH634,O,39.291,56.23,12.078
Thermal Noise,RED,2.858,3.959,False,A,ASN14,OD1,38.526,55.683,9.386,A,HOH793,O,41.86,56.953,7.669
Bound Backbone,BLUE,6.388,2.822,False,A,LYS15,N,34.894,58.549,8.427,A,GLU16,N,33.378,60.057,10.268
Bound Backbone,BLUE,7.929,2.25,False,A,LYS15,O,34.993,61.616,10.112,A,GLU16,N,33.378,60.057,10.268
Phase Boundary,YELLOW,5.251,3.482,False,A,LYS15,O,34.993,61.616,10.112,A,GLU16,O,34.096,61.364,13.467
Phase Boundary,YELLOW,4.312,3.539,False,A,LYS15,O,34.993,61.616,10.112,A,PHE17,N,34.564,59.28,12.736
Phase Boundary,YELLOW,4.363,3.42,False,A,LYS15,O,34.993,61.616,10.112,A,GLN18,N,37.169,60.236,12.361
Phase Boundary,YELLOW,4.874,3.351,False,A,LYS15,O,34.993,61.616,10.112,A,SER19,N,36.71,62.957,12.658
Thermal Noise,RED,2.775,3.822,False,A,LYS15,O,34.993,61.616,10.112,A,HOH706,O,31.426,62.874,9.56
Bound Backbone,BLUE,6.503,2.655,False,A,LYS15,O,34.993,61.616,10.112,A,HOH707,O,36.487,63.406,8.841
Bound Backbone,BLUE,7.303,2.846,False,A,GLU16,N,33.378,60.057,10.268,A,PHE17,N,34.564,59.28,12.736
Thermal Noise,RED,3.436,3.664,False,A,GLU16,N,33.378,60.057,10.268,A,HOH587,O,30.204,60.424,8.475
Thermal Noise,RED,3.353,3.5,False,A,GLU16,N,33.378,60.057,10.268,A,HOH706,O,31.426,62.874,9.56
Bound Backbone,BLUE,8.377,2.258,False,A,GLU16,O,34.096,61.364,13.467,A,PHE17,N,34.564,59.28,12.736
Thermal Noise,RED,3.649,3.422,False,A,GLU16,O,34.096,61.364,13.467,A,PHE17,O,37.232,60.571,14.585
Thermal Noise,RED,3.571,3.455,False,A,GLU16,O,34.096,61.364,13.467,A,GLN18,N,37.169,60.236,12.361
Phase Boundary,YELLOW,4.158,3.166,False,A,GLU16,O,34.096,61.364,13.467,A,SER19,N,36.71,62.957,12.658
Bound Backbone,BLUE,5.781,2.633,False,A,GLU16,O,34.096,61.364,13.467,A,SER19,OG,33.956,63.99,13.604
Thermal Noise,RED,3.207,3.775,False,A,GLU16,O,34.096,61.364,13.467,A,ASP20,N,36.719,63.412,15.249
Bound Backbone,BLUE,8.499,2.595,False,A,GLU16,O,34.096,61.364,13.467,A,HOH648,O,32.909,62.246,15.599
Bound Backbone,BLUE,7.555,2.897,False,A,GLU16,OE1,29.455,58.444,12.877,A,HOH647,O,28.712,58.805,10.1
Bound Backbone,BLUE,7.081,2.724,False,A,GLU16,OE2,29.413,59.358,14.871,A,HOH588,O,30.857,60.656,16.782
Phase Boundary,YELLOW,5.163,2.8,False,A,PHE17,N,34.564,59.28,12.736,A,GLN18,N,37.169,60.236,12.361
Bound Backbone,BLUE,12.821,2.25,False,A,PHE17,O,37.232,60.571,14.585,A,GLN18,N,37.169,60.236,12.361
Thermal Noise,RED,3.189,3.821,False,A,PHE17,O,37.232,60.571,14.585,A,GLN18,O,38.906,63.409,12.651
Phase Boundary,YELLOW,5.144,3.111,False,A,PHE17,O,37.232,60.571,14.585,A,SER19,N,36.71,62.957,12.658
Phase Boundary,YELLOW,4.706,2.962,False,A,PHE17,O,37.232,60.571,14.585,A,ASP20,N,36.719,63.412,15.249
Thermal Noise,RED,3.978,3.49,False,A,PHE17,O,37.232,60.571,14.585,A,ASP20,O,39.202,62.636,16.594
Phase Boundary,YELLOW,5.233,2.775,False,A,GLN18,N,37.169,60.236,12.361,A,SER19,N,36.71,62.957,12.658
Bound Backbone,BLUE,7.961,2.242,False,A,GLN18,O,38.906,63.409,12.651,A,SER19,N,36.71,62.957,12.658
Phase Boundary,YELLOW,4.763,3.396,False,A,GLN18,O,38.906,63.409,12.651,A,ASP20,N,36.719,63.412,15.249
Bound Backbone,BLUE,7.033,2.6,False,A,GLN18,O,38.906,63.409,12.651,A,GLN24,NE2,40.279,65.106,14.063
Thermal Noise,RED,3.58,3.985,False,A,GLN18,NE2,40.92,58.087,11.43,A,HIS23,NE2,39.265,56.459,14.669
Thermal Noise,RED,3.703,3.288,False,A,GLN18,NE2,40.92,58.087,11.43,A,HOH590,O,42.474,55.19,11.397
Bound Backbone,BLUE,6.388,2.554,False,A,GLN18,NE2,40.92,58.087,11.43,A,HOH634,O,39.291,56.23,12.078
Thermal Noise,RED,3.481,3.518,False,A,GLN18,OE1,41.433,60.281,11.572,A,HOH745,O,44.724,60.518,12.792
Bound Backbone,BLUE,9.353,2.631,False,A,SER19,N,36.71,62.957,12.658,A,ASP20,N,36.719,63.412,15.249
Phase Boundary,YELLOW,4.389,3.85,False,A,SER19,N,36.71,62.957,12.658,A,HOH707,O,36.487,63.406,8.841
Bound Backbone,BLUE,7.996,2.243,False,A,SER19,O,36.507,65.636,15.054,A,ASP20,N,36.719,63.412,15.249
Thermal Noise,RED,3.816,3.738,False,A,SER19,O,36.507,65.636,15.054,A,LEU21,N,38.838,64.523,17.756
Thermal Noise,RED,2.688,3.936,False,A,SER19,O,36.507,65.636,15.054,A,GLN24,NE2,40.279,65.106,14.063
Phase Boundary,YELLOW,4.554,3.737,False,A,SER19,O,36.507,65.636,15.054,A,HOH653,O,37.121,66.45,18.649
Thermal Noise,RED,3.822,3.377,False,A,SER19,O,36.507,65.636,15.054,A,HOH654,O,33.376,65.552,16.316
Phase Boundary,YELLOW,4.354,3.267,False,A,SER19,OG,33.956,63.99,13.604,A,ASP20,N,36.719,63.412,15.249
Bound Backbone,BLUE,6.468,2.849,False,A,SER19,OG,33.956,63.99,13.604,A,HOH648,O,32.909,62.246,15.599
Bound Backbone,BLUE,5.775,3.183,False,A,SER19,OG,33.956,63.99,13.604,A,HOH654,O,33.376,65.552,16.316
Phase Boundary,YELLOW,4.442,3.465,False,A,ASP20,N,36.719,63.412,15.249,A,LEU21,N,38.838,64.523,17.756
Thermal Noise,RED,2.514,4.0,False,A,ASP20,N,36.719,63.412,15.249,A,HOH648,O,32.909,62.246,15.599
Bound Backbone,BLUE,9.287,2.246,False,A,ASP20,O,39.202,62.636,16.594,A,LEU21,N,38.838,64.523,17.756
Thermal Noise,RED,3.661,3.672,False,A,ASP20,O,39.202,62.636,16.594,A,LEU21,O,42.037,63.343,18.818
Bound Backbone,BLUE,5.536,3.387,False,A,ASP20,O,39.202,62.636,16.594,A,THR22,N,40.057,63.036,19.847
Phase Boundary,YELLOW,5.11,3.203,False,A,ASP20,O,39.202,62.636,16.594,A,HIS23,N,40.053,60.506,18.83
Phase Boundary,YELLOW,4.554,2.965,False,A,ASP20,O,39.202,62.636,16.594,A,GLN24,N,41.608,60.905,16.504
Thermal Noise,RED,3.802,3.697,False,A,ASP20,O,39.202,62.636,16.594,A,GLN24,NE2,40.279,65.106,14.063
Thermal Noise,RED,2.982,3.88,False,A,ASP20,OD1,35.694,63.011,19.454,A,LEU21,N,38.838,64.523,17.756
Bound Backbone,BLUE,6.962,3.002,False,A,ASP20,OD1,35.694,63.011,19.454,A,HOH589,O,36.67,63.158,22.289
Thermal Noise,RED,2.836,3.809,False,A,ASP20,OD1,35.694,63.011,19.454,A,HOH653,O,37.121,66.45,18.649
Thermal Noise,RED,2.844,3.94,False,A,ASP20,OD2,37.108,61.359,19.344,A,LEU21,N,38.838,64.523,17.756
Thermal Noise,RED,3.449,3.43,False,A,ASP20,OD2,37.108,61.359,19.344,A,THR22,N,40.057,63.036,19.847
Thermal Noise,RED,3.522,3.974,False,A,ASP20,OD2,37.108,61.359,19.344,A,THR22,OG1,39.142,62.765,22.455
Phase Boundary,YELLOW,4.213,3.109,False,A,ASP20,OD2,37.108,61.359,19.344,A,HIS23,N,40.053,60.506,18.83
Phase Boundary,YELLOW,4.815,3.479,False,A,ASP20,OD2,37.108,61.359,19.344,A,HOH589,O,36.67,63.158,22.289
Thermal Noise,RED,3.751,3.538,False,A,ASP20,OD2,37.108,61.359,19.344,A,HOH708,O,37.473,58.363,21.191
Bound Backbone,BLUE,6.67,2.841,False,A,LEU21,N,38.838,64.523,17.756,A,THR22,N,40.057,63.036,19.847
Bound Backbone,BLUE,5.731,2.731,False,A,LEU21,N,38.838,64.523,17.756,A,HOH653,O,37.121,66.45,18.649
Bound Backbone,BLUE,8.936,2.252,False,A,LEU21,O,42.037,63.343,18.818,A,THR22,N,40.057,63.036,19.847
Thermal Noise,RED,3.668,3.424,False,A,LEU21,O,42.037,63.343,18.818,A,THR22,O,41.948,60.127,19.991
Thermal Noise,RED,3.339,3.462,False,A,LEU21,O,42.037,63.343,18.818,A,HIS23,N,40.053,60.506,18.83
Phase Boundary,YELLOW,4.52,3.389,False,A,LEU21,O,42.037,63.343,18.818,A,GLN24,N,41.608,60.905,16.504
Phase Boundary,YELLOW,4.805,2.998,False,A,LEU21,O,42.037,63.343,18.818,A,LEU25,N,44.077,61.417,17.761
Bound Backbone,BLUE,5.859,2.727,False,A,THR22,N,40.057,63.036,19.847,A,HIS23,N,40.053,60.506,18.83
Bound Backbone,BLUE,9.203,2.254,False,A,THR22,O,41.948,60.127,19.991,A,HIS23,N,40.053,60.506,18.83
Phase Boundary,YELLOW,4.984,3.513,False,A,THR22,O,41.948,60.127,19.991,A,HIS23,O,42.305,58.787,16.763
Phase Boundary,YELLOW,4.974,3.589,False,A,THR22,O,41.948,60.127,19.991,A,GLN24,N,41.608,60.905,16.504
Phase Boundary,YELLOW,4.598,3.342,False,A,THR22,O,41.948,60.127,19.991,A,LEU25,N,44.077,61.417,17.761
Phase Boundary,YELLOW,5.257,2.829,False,A,THR22,O,41.948,60.127,19.991,A,ALA26,N,44.421,59.012,19.189
Bound Backbone,BLUE,6.377,2.509,False,A,THR22,OG1,39.142,62.765,22.455,A,HOH589,O,36.67,63.158,22.289
Bound Backbone,BLUE,7.17,2.826,False,A,HIS23,N,40.053,60.506,18.83,A,GLN24,N,41.608,60.905,16.504
Bound Backbone,BLUE,8.01,2.245,False,A,HIS23,O,42.305,58.787,16.763,A,GLN24,N,41.608,60.905,16.504
Thermal Noise,RED,3.746,3.331,False,A,HIS23,O,42.305,58.787,16.763,A,GLN24,O,45.034,60.513,15.947
Thermal Noise,RED,3.828,3.325,False,A,HIS23,O,42.305,58.787,16.763,A,LEU25,N,44.077,61.417,17.761
Phase Boundary,YELLOW,5.225,3.227,False,A,HIS23,O,42.305,58.787,16.763,A,ALA26,N,44.421,59.012,19.189
Phase Boundary,YELLOW,4.719,2.928,False,A,HIS23,O,42.305,58.787,16.763,A,THR27,N,44.545,56.941,17.147
Bound Backbone,BLUE,9.649,2.601,False,A,HIS23,NE2,39.265,56.459,14.669,A,HOH634,O,39.291,56.23,12.078
Bound Backbone,BLUE,5.68,2.817,False,A,GLN24,N,41.608,60.905,16.504,A,LEU25,N,44.077,61.417,17.761
Bound Backbone,BLUE,11.287,2.241,False,A,GLN24,O,45.034,60.513,15.947,A,LEU25,N,44.077,61.417,17.761
Phase Boundary,YELLOW,4.73,3.466,False,A,GLN24,O,45.034,60.513,15.947,A,LEU25,O,46.609,59.245,18.762
Phase Boundary,YELLOW,4.596,3.625,False,A,GLN24,O,45.034,60.513,15.947,A,ALA26,N,44.421,59.012,19.189
Thermal Noise,RED,2.948,3.8,False,A,GLN24,O,45.034,60.513,15.947,A,THR27,N,44.545,56.941,17.147
Thermal Noise,RED,3.585,3.341,False,A,GLN24,O,45.034,60.513,15.947,A,THR28,N,46.879,57.728,15.881
Phase Boundary,YELLOW,5.084,2.952,False,A,GLN24,O,45.034,60.513,15.947,A,THR28,OG1,47.718,60.297,14.738
Bound Backbone,BLUE,6.492,3.17,False,A,GLN24,O,45.034,60.513,15.947,A,HOH745,O,44.724,60.518,12.792
Phase Boundary,YELLOW,4.54,3.151,False,A,GLN24,OE1,42.515,65.157,13.857,A,HOH746,O,44.677,63.344,12.455
Bound Backbone,BLUE,5.863,2.818,False,A,LEU25,N,44.077,61.417,17.761,A,ALA26,N,44.421,59.012,19.189
Bound Backbone,BLUE,8.15,2.241,False,A,LEU25,O,46.609,59.245,18.762,A,ALA26,N,44.421,59.012,19.189
Thermal Noise,RED,3.499,3.386,False,A,LEU25,O,46.609,59.245,18.762,A,ALA26,O,45.961,55.928,18.549
Thermal Noise,RED,3.735,3.49,False,A,LEU25,O,46.609,59.245,18.762,A,THR27,N,44.545,56.941,17.147
Bound Backbone,BLUE,5.604,3.267,False,A,LEU25,O,46.609,59.245,18.762,A,THR28,N,46.879,57.728,15.881
Phase Boundary,YELLOW,4.468,3.079,False,A,LEU25,O,46.609,59.245,18.762,A,VAL29,N,48.858,57.36,17.83
Bound Backbone,BLUE,6.201,2.911,False,A,ALA26,N,44.421,59.012,19.189,A,THR27,N,44.545,56.941,17.147
Bound Backbone,BLUE,10.014,2.235,False,A,ALA26,O,45.961,55.928,18.549,A,THR27,N,44.545,56.941,17.147
Phase Boundary,YELLOW,4.894,3.563,False,A,ALA26,O,45.961,55.928,18.549,A,THR27,O,47.215,55.612,15.229
Phase Boundary,YELLOW,5.018,3.347,False,A,ALA26,O,45.961,55.928,18.549,A,THR28,N,46.879,57.728,15.881
Thermal Noise,RED,3.761,3.311,False,A,ALA26,O,45.961,55.928,18.549,A,VAL29,N,48.858,57.36,17.83
Phase Boundary,YELLOW,5.107,2.8,False,A,ALA26,O,45.961,55.928,18.549,A,LEU30,N,48.434,54.617,18.628
Bound Backbone,BLUE,5.912,2.769,False,A,THR27,N,44.545,56.941,17.147,A,THR28,N,46.879,57.728,15.881
Bound Backbone,BLUE,8.41,2.24,False,A,THR27,O,47.215,55.612,15.229,A,THR28,N,46.879,57.728,15.881
Phase Boundary,YELLOW,4.075,3.204,False,A,THR27,O,47.215,55.612,15.229,A,THR28,O,50.118,56.664,16.086
Phase Boundary,YELLOW,4.296,3.538,False,A,THR27,O,47.215,55.612,15.229,A,VAL29,N,48.858,57.36,17.83
Phase Boundary,YELLOW,4.348,3.746,False,A,THR27,O,47.215,55.612,15.229,A,LEU30,N,48.434,54.617,18.628
Thermal Noise,RED,3.928,3.296,False,A,THR27,O,47.215,55.612,15.229,A,LYS31,N,49.178,53.188,16.295
Bound Backbone,BLUE,6.651,3.12,False,A,THR27,O,47.215,55.612,15.229,A,LYS31,NZ,46.8,55.941,12.154
Thermal Noise,RED,2.971,3.982,False,A,THR27,OG1,44.491,55.333,13.779,A,THR28,N,46.879,57.728,15.881
Bound Backbone,BLUE,5.764,2.888,False,A,THR27,OG1,44.491,55.333,13.779,A,LYS31,NZ,46.8,55.941,12.154
Bound Backbone,BLUE,5.615,3.125,False,A,THR27,OG1,44.491,55.333,13.779,A,HOH590,O,42.474,55.19,11.397
Bound Backbone,BLUE,6.668,2.802,False,A,THR28,N,46.879,57.728,15.881,A,VAL29,N,48.858,57.36,17.83
Bound Backbone,BLUE,10.789,2.261,False,A,THR28,O,50.118,56.664,16.086,A,VAL29,N,48.858,57.36,17.83
Phase Boundary,YELLOW,4.43,3.538,False,A,THR28,O,50.118,56.664,16.086,A,VAL29,O,50.675,54.514,18.84
Thermal Noise,RED,3.872,3.673,False,A,THR28,O,50.118,56.664,16.086,A,LEU30,N,48.434,54.617,18.628
Thermal Noise,RED,3.083,3.607,False,A,THR28,O,50.118,56.664,16.086,A,LYS31,N,49.178,53.188,16.295
Thermal Noise,RED,2.828,3.77,False,A,THR28,O,50.118,56.664,16.086,A,ASN32,N,51.759,53.284,16.39
Thermal Noise,RED,3.932,3.193,False,A,THR28,O,50.118,56.664,16.086,A,ASN32,ND2,53.282,57.062,16.25
Thermal Noise,RED,2.929,3.827,False,A,THR28,O,50.118,56.664,16.086,A,ASN32,OD1,53.491,55.393,14.801
Bound Backbone,BLUE,8.759,2.66,False,A,THR28,O,50.118,56.664,16.086,A,HOH532,O,51.101,56.538,13.618
Thermal Noise,RED,3.715,3.578,False,A,THR28,OG1,47.718,60.297,14.738,A,HOH745,O,44.724,60.518,12.792
Phase Boundary,YELLOW,5.031,2.888,False,A,VAL29,N,48.858,57.36,17.83,A,LEU30,N,48.434,54.617,18.628
Bound Backbone,BLUE,7.926,2.253,False,A,VAL29,O,50.675,54.514,18.84,A,LEU30,N,48.434,54.617,18.628
Bound Backbone,BLUE,5.323,3.237,False,A,VAL29,O,50.675,54.514,18.84,A,LYS31,N,49.178,53.188,16.295
Bound Backbone,BLUE,6.629,2.948,False,A,VAL29,O,50.675,54.514,18.84,A,ASN32,N,51.759,53.284,16.39
Phase Boundary,YELLOW,4.156,3.103,False,A,VAL29,O,50.675,54.514,18.84,A,TYR33,N,52.819,52.271,18.881
Bound Backbone,BLUE,7.124,2.835,False,A,LEU30,N,48.434,54.617,18.628,A,LYS31,N,49.178,53.188,16.295
Bound Backbone,BLUE,8.996,2.248,False,A,LEU30,O,48.865,51.219,17.333,A,LYS31,N,49.178,53.188,16.295
Thermal Noise,RED,3.082,3.678,False,A,LEU30,O,48.865,51.219,17.333,A,ASN32,N,51.759,53.284,16.39
Phase Boundary,YELLOW,4.178,3.665,False,A,LEU30,O,48.865,51.219,17.333,A,TYR33,O,51.019,50.673,20.248
Bound Backbone,BLUE,6.93,2.74,False,A,LEU30,O,48.865,51.219,17.333,A,HOH540,O,49.05,49.236,19.215
Bound Backbone,BLUE,6.32,2.842,False,A,LEU30,O,48.865,51.219,17.333,A,HOH541,O,48.818,49.08,15.462
Bound Backbone,BLUE,5.996,2.585,False,A,LYS31,N,49.178,53.188,16.295,A,ASN32,N,51.759,53.284,16.39
Bound Backbone,BLUE,11.003,2.233,False,A,LYS31,O,52.067,51.876,14.684,A,ASN32,N,51.759,53.284,16.39
Thermal Noise,RED,2.779,3.796,False,A,LYS31,O,52.067,51.876,14.684,A,ASN32,OD1,53.491,55.393,14.801
Bound Backbone,BLUE,7.054,2.89,False,A,ASN32,N,51.759,53.284,16.39,A,TYR33,N,52.819,52.271,18.881
Bound Backbone,BLUE,9.204,2.231,False,A,ASN32,O,54.747,51.91,17.819,A,TYR33,N,52.819,52.271,18.881
Phase Boundary,YELLOW,4.75,2.926,False,A,ASN32,O,54.747,51.91,17.819,A,HOH904,O,57.09,50.22,18.283
Phase Boundary,YELLOW,4.58,3.458,False,A,ASN32,ND2,53.282,57.062,16.25,A,HOH532,O,51.101,56.538,13.618
Phase Boundary,YELLOW,5.254,2.902,False,A,ASN32,OD1,53.491,55.393,14.801,A,HOH532,O,51.101,56.538,13.618
Thermal Noise,RED,3.751,3.647,False,A,TYR33,N,52.819,52.271,18.881,A,ASN34,N,52.651,49.422,21.152
Bound Backbone,BLUE,8.749,2.246,False,A,TYR33,O,51.019,50.673,20.248,A,ASN34,N,52.651,49.422,21.152
Bound Backbone,BLUE,6.398,3.177,False,A,TYR33,O,51.019,50.673,20.248,A,ASN34,O,51.251,50.116,23.367
Phase Boundary,YELLOW,4.68,3.367,False,A,TYR33,O,51.019,50.673,20.248,A,ALA35,N,49.537,48.848,22.659
Bound Backbone,BLUE,6.263,2.647,False,A,TYR33,O,51.019,50.673,20.248,A,HOH540,O,49.05,49.236,19.215
Phase Boundary,YELLOW,4.613,3.054,False,A,TYR33,OH,58.119,55.608,20.486,A,HOH790,O,60.355,53.812,21.536
Thermal Noise,RED,3.637,3.507,False,A,ASN34,N,52.651,49.422,21.152,A,ALA35,N,49.537,48.848,22.659
Bound Backbone,BLUE,5.325,2.77,False,A,ASN34,N,52.651,49.422,21.152,A,HOH542,O,55.343,49.007,21.657
Bound Backbone,BLUE,8.431,2.247,False,A,ASN34,O,51.251,50.116,23.367,A,ALA35,N,49.537,48.848,22.659
Phase Boundary,YELLOW,4.375,3.397,False,A,ASN34,O,51.251,50.116,23.367,A,ALA35,O,48.707,50.683,25.546
Phase Boundary,YELLOW,5.012,3.204,False,A,ASN34,O,51.251,50.116,23.367,A,ASP36,N,49.441,48.574,25.515
Bound Backbone,BLUE,7.099,2.997,False,A,ASN34,O,51.251,50.116,23.367,A,ASP37,N,51.888,49.658,26.259
Bound Backbone,BLUE,6.234,2.868,False,A,ASN34,O,51.251,50.116,23.367,A,ALA38,N,51.687,52.214,25.273
Phase Boundary,YELLOW,4.78,3.133,False,A,ASN34,ND2,51.124,46.694,24.289,A,ALA35,N,49.537,48.848,22.659
Bound Backbone,BLUE,5.703,2.805,False,A,ASN34,ND2,51.124,46.694,24.289,A,ASP36,N,49.441,48.574,25.515
Thermal Noise,RED,3.583,3.64,False,A,ASN34,ND2,51.124,46.694,24.289,A,ASP37,N,51.888,49.658,26.259
Bound Backbone,BLUE,7.915,2.871,False,A,ALA35,N,49.537,48.848,22.659,A,ASP36,N,49.441,48.574,25.515
Bound Backbone,BLUE,6.121,2.935,False,A,ALA35,N,49.537,48.848,22.659,A,HOH539,O,48.662,46.963,20.587
Bound Backbone,BLUE,5.281,3.5,False,A,ALA35,N,49.537,48.848,22.659,A,HOH540,O,49.05,49.236,19.215
Bound Backbone,BLUE,8.025,2.233,False,A,ALA35,O,48.707,50.683,25.546,A,ASP36,N,49.441,48.574,25.515
Phase Boundary,YELLOW,4.287,3.57,False,A,ALA35,O,48.707,50.683,25.546,A,ASP36,O,50.989,50.21,28.25
Thermal Noise,RED,3.522,3.417,False,A,ALA35,O,48.707,50.683,25.546,A,ASP37,N,51.888,49.658,26.259
Thermal Noise,RED,3.557,3.361,False,A,ALA35,O,48.707,50.683,25.546,A,ALA38,N,51.687,52.214,25.273
Bound Backbone,BLUE,5.654,2.79,False,A,ALA35,O,48.707,50.683,25.546,A,LEU39,N,49.414,53.146,26.649
Bound Backbone,BLUE,5.423,2.778,False,A,ASP36,N,49.441,48.574,25.515,A,ASP37,N,51.888,49.658,26.259
Thermal Noise,RED,2.918,3.77,False,A,ASP36,N,49.441,48.574,25.515,A,TYR345,OH,45.848,47.876,26.42
Bound Backbone,BLUE,11.799,2.253,False,A,ASP36,O,50.989,50.21,28.25,A,ASP37,N,51.888,49.658,26.259
Thermal Noise,RED,3.452,3.535,False,A,ASP36,O,50.989,50.21,28.25,A,ASP37,O,52.938,52.887,27.013
Phase Boundary,YELLOW,4.258,3.656,False,A,ASP36,O,50.989,50.21,28.25,A,ALA38,N,51.687,52.214,25.273
Thermal Noise,RED,3.279,3.696,False,A,ASP36,O,50.989,50.21,28.25,A,LEU39,N,49.414,53.146,26.649
Phase Boundary,YELLOW,4.564,3.101,False,A,ASP36,O,50.989,50.21,28.25,A,LEU40,N,49.946,52.869,29.457
Bound Backbone,BLUE,5.764,3.121,False,A,ASP36,O,50.989,50.21,28.25,A,TRP343,NE1,49.765,48.77,30.734
Thermal Noise,RED,2.767,3.9,False,A,ASP36,O,50.989,50.21,28.25,A,HOH509,O,54.648,49.442,29.359
Phase Boundary,YELLOW,4.464,3.347,False,A,ASP36,O,50.989,50.21,28.25,A,HOH510,O,52.562,48.128,30.346
Thermal Noise,RED,3.532,3.869,False,A,ASP36,OD1,47.817,46.869,27.984,A,TRP343,NE1,49.765,48.77,30.734
Bound Backbone,BLUE,6.612,2.709,False,A,ASP36,OD1,47.817,46.869,27.984,A,TYR345,OH,45.848,47.876,26.42
Bound Backbone,BLUE,8.384,2.659,False,A,ASP36,OD1,47.817,46.869,27.984,A,HOH622,O,46.732,46.129,30.296
Thermal Noise,RED,3.807,3.771,False,A,ASP36,OD2,49.047,45.142,27.487,A,HOH622,O,46.732,46.129,30.296
Bound Backbone,BLUE,5.739,2.747,False,A,ASP37,N,51.888,49.658,26.259,A,ALA38,N,51.687,52.214,25.273
Bound Backbone,BLUE,10.961,2.246,False,A,ASP37,O,52.938,52.887,27.013,A,ALA38,N,51.687,52.214,25.273
Thermal Noise,RED,3.321,3.491,False,A,ASP37,O,52.938,52.887,27.013,A,ALA38,O,50.367,55.202,26.548
Thermal Noise,RED,3.193,3.552,False,A,ASP37,O,52.938,52.887,27.013,A,LEU39,N,49.414,53.146,26.649
Thermal Noise,RED,3.364,3.863,False,A,ASP37,O,52.938,52.887,27.013,A,LEU40,N,49.946,52.869,29.457
Bound Backbone,BLUE,6.928,2.736,False,A,ASP37,O,52.938,52.887,27.013,A,HOH635,O,54.892,52.458,28.88
Bound Backbone,BLUE,7.846,2.829,False,A,ASP37,OD1,54.989,48.585,26.685,A,HOH509,O,54.648,49.442,29.359
Bound Backbone,BLUE,7.672,2.905,False,A,ASP37,OD2,55.357,48.518,24.521,A,HOH542,O,55.343,49.007,21.657
Bound Backbone,BLUE,5.815,2.816,False,A,ALA38,N,51.687,52.214,25.273,A,LEU39,N,49.414,53.146,26.649
Bound Backbone,BLUE,7.787,2.268,False,A,ALA38,O,50.367,55.202,26.548,A,LEU39,N,49.414,53.146,26.649
Thermal Noise,RED,3.929,3.753,False,A,ALA38,O,50.367,55.202,26.548,A,LEU40,N,49.946,52.869,29.457
Bound Backbone,BLUE,7.808,2.871,False,A,LEU39,N,49.414,53.146,26.649,A,LEU40,N,49.946,52.869,29.457
Bound Backbone,BLUE,8.103,2.258,False,A,LEU39,O,47.949,53.791,29.969,A,LEU40,N,49.946,52.869,29.457
Thermal Noise,RED,3.963,3.27,False,A,LEU39,O,47.949,53.791,29.969,A,LEU40,O,50.75,55.154,30.963
Bound Backbone,BLUE,6.372,3.034,False,A,LEU39,O,47.949,53.791,29.969,A,ASN41,N,49.451,54.258,32.563
Phase Boundary,YELLOW,5.237,2.839,False,A,LEU39,O,47.949,53.791,29.969,A,ASN344,N,45.252,53.487,30.803
Phase Boundary,YELLOW,5.143,3.438,False,A,LEU40,N,49.946,52.869,29.457,A,ASN41,N,49.451,54.258,32.563
Bound Backbone,BLUE,10.481,2.247,False,A,LEU40,O,50.75,55.154,30.963,A,ASN41,N,49.451,54.258,32.563
Phase Boundary,YELLOW,4.866,3.524,False,A,LEU40,O,50.75,55.154,30.963,A,LYS42,N,51.132,56.68,34.116
Phase Boundary,YELLOW,4.102,3.332,False,A,ASN41,N,49.451,54.258,32.563,A,LYS42,N,51.132,56.68,34.116
Bound Backbone,BLUE,6.112,2.73,False,A,ASN41,N,49.451,54.258,32.563,A,LEU342,O,48.038,52.299,33.835
Bound Backbone,BLUE,9.779,2.245,False,A,ASN41,O,49.931,55.353,35.472,A,LYS42,N,51.132,56.68,34.116
Thermal Noise,RED,3.347,3.755,False,A,ASN41,O,49.931,55.353,35.472,A,LYS42,O,52.095,57.687,37.464
Thermal Noise,RED,3.908,3.248,False,A,ASN41,O,49.931,55.353,35.472,A,THR43,N,50.432,58.483,36.182
Bound Backbone,BLUE,5.581,3.097,False,A,ASN41,O,49.931,55.353,35.472,A,ARG44,N,48.699,57.08,37.729
Bound Backbone,BLUE,7.698,2.888,False,A,ASN41,O,49.931,55.353,35.472,A,LEU45,N,50.334,54.852,38.288
Thermal Noise,RED,2.848,3.948,False,A,ASN41,O,49.931,55.353,35.472,A,LEU342,O,48.038,52.299,33.835
Thermal Noise,RED,3.815,3.909,False,A,ASN41,ND2,45.896,56.981,34.324,A,ASN344,ND2,44.153,58.108,31.011
Phase Boundary,YELLOW,5.221,2.779,False,A,ASN41,ND2,45.896,56.981,34.324,A,HOH545,O,44.33,54.705,34.028
Phase Boundary,YELLOW,4.583,3.138,False,A,ASN41,ND2,45.896,56.981,34.324,A,HOH664,O,44.861,59.589,35.729
Thermal Noise,RED,3.56,3.357,False,A,ASN41,OD1,47.975,57.803,34.317,A,LYS42,N,51.132,56.68,34.116
Phase Boundary,YELLOW,4.901,3.159,False,A,ASN41,OD1,47.975,57.803,34.317,A,THR43,N,50.432,58.483,36.182
Thermal Noise,RED,3.661,3.456,False,A,ASN41,OD1,47.975,57.803,34.317,A,THR43,OG1,48.987,60.833,35.636
Phase Boundary,YELLOW,4.996,3.562,False,A,ASN41,OD1,47.975,57.803,34.317,A,ARG44,N,48.699,57.08,37.729
Bound Backbone,BLUE,6.864,2.695,False,A,ASN41,OD1,47.975,57.803,34.317,A,HOH651,O,48.126,59.909,32.642
Thermal Noise,RED,2.919,3.858,False,A,ASN41,OD1,47.975,57.803,34.317,A,HOH664,O,44.861,59.589,35.729
Bound Backbone,BLUE,6.691,2.83,False,A,LYS42,N,51.132,56.68,34.116,A,THR43,N,50.432,58.483,36.182
Bound Backbone,BLUE,9.582,2.246,False,A,LYS42,O,52.095,57.687,37.464,A,THR43,N,50.432,58.483,36.182
Thermal Noise,RED,4.024,3.476,False,A,LYS42,O,52.095,57.687,37.464,A,THR43,O,49.347,58.356,39.485
Thermal Noise,RED,3.355,3.46,False,A,LYS42,O,52.095,57.687,37.464,A,ARG44,N,48.699,57.08,37.729
Thermal Noise,RED,3.51,3.438,False,A,LYS42,O,52.095,57.687,37.464,A,LEU45,N,50.334,54.852,38.288
Bound Backbone,BLUE,6.582,2.956,False,A,LYS42,O,52.095,57.687,37.464,A,GLN46,N,52.284,56.044,39.914
Thermal Noise,RED,3.881,3.544,False,A,LYS42,NZ,57.279,57.1,31.589,A,HOH655,O,57.559,54.239,29.517
Bound Backbone,BLUE,6.558,2.714,False,A,THR43,N,50.432,58.483,36.182,A,ARG44,N,48.699,57.08,37.729
Bound Backbone,BLUE,10.781,2.265,False,A,THR43,O,49.347,58.356,39.485,A,ARG44,N,48.699,57.08,37.729
Thermal Noise,RED,3.081,3.661,False,A,THR43,O,49.347,58.356,39.485,A,ARG44,O,49.294,54.788,40.305
Thermal Noise,RED,2.894,3.832,False,A,THR43,O,49.347,58.356,39.485,A,LEU45,N,50.334,54.852,38.288
Thermal Noise,RED,2.851,3.762,False,A,THR43,O,49.347,58.356,39.485,A,GLN46,N,52.284,56.044,39.914
Thermal Noise,RED,3.556,3.894,False,A,THR43,O,49.347,58.356,39.485,A,LYS47,N,50.976,56.299,42.362
Bound Backbone,BLUE,5.739,2.806,False,A,THR43,O,49.347,58.356,39.485,A,HOH501,O,50.119,60.739,40.75
Phase Boundary,YELLOW,4.946,3.023,False,A,THR43,O,49.347,58.356,39.485,A,HOH788,O,46.653,58.214,40.85
Bound Backbone,BLUE,5.838,3.249,False,A,THR43,OG1,48.987,60.833,35.636,A,HOH651,O,48.126,59.909,32.642
Phase Boundary,YELLOW,4.999,2.894,False,A,THR43,OG1,48.987,60.833,35.636,A,HOH665,O,46.536,62.16,34.857
Phase Boundary,YELLOW,5.16,2.82,False,A,ARG44,N,48.699,57.08,37.729,A,LEU45,N,50.334,54.852,38.288
Thermal Noise,RED,3.316,3.518,False,A,ARG44,N,48.699,57.08,37.729,A,HOH663,O,45.395,58.064,38.428
Thermal Noise,RED,3.703,3.9,False,A,ARG44,N,48.699,57.08,37.729,A,HOH788,O,46.653,58.214,40.85
Bound Backbone,BLUE,11.665,2.27,False,A,ARG44,O,49.294,54.788,40.305,A,LEU45,N,50.334,54.852,38.288
Thermal Noise,RED,3.458,3.43,False,A,ARG44,O,49.294,54.788,40.305,A,LEU45,O,52.592,54.026,40.862
Thermal Noise,RED,3.785,3.267,False,A,ARG44,O,49.294,54.788,40.305,A,GLN46,N,52.284,56.044,39.914
Bound Backbone,BLUE,5.518,3.057,False,A,ARG44,O,49.294,54.788,40.305,A,LYS47,N,50.976,56.299,42.362
Bound Backbone,BLUE,6.993,2.94,False,A,ARG44,O,49.294,54.788,40.305,A,GLN48,N,49.95,53.658,42.939
Phase Boundary,YELLOW,4.142,3.908,False,A,ARG44,NE,45.105,52.79,39.698,A,GLN48,OE1,46.152,53.275,43.432
Thermal Noise,RED,3.181,3.555,False,A,ARG44,NE,45.105,52.79,39.698,A,ASP339,OD1,44.779,49.263,39.392
Phase Boundary,YELLOW,5.252,2.776,False,A,ARG44,NE,45.105,52.79,39.698,A,ASP339,OD2,46.598,50.479,39.332
Thermal Noise,RED,3.941,3.607,False,A,ARG44,NH1,43.5,53.754,41.035,A,GLN48,OE1,46.152,53.275,43.432
Ligand Fluctuation Noise,RED,3.39,3.772,True,A,ARG44,NH1,43.5,53.754,41.035,A,SO41105,O1,41.804,51.153,43.177
Ligand Bound Core,BLUE,6.594,3.063,True,A,ARG44,NH1,43.5,53.754,41.035,A,SO41105,O3,42.411,53.374,43.873
Ligand Boundary Hotspot,ORANGE,4.432,3.147,True,A,ARG44,NH1,43.5,53.754,41.035,A,SO41105,O4,40.683,53.077,42.265
Ligand Boundary Hotspot,ORANGE,4.405,3.443,True,A,ARG44,NH1,43.5,53.754,41.035,A,SO41105,S,41.354,52.502,43.419
Thermal Noise,RED,3.875,3.303,False,A,ARG44,NH1,43.5,53.754,41.035,A,HOH712,O,45.647,56.064,42.017
Thermal Noise,RED,3.386,3.848,False,A,ARG44,NH2,43.772,51.469,41.007,A,GLN48,OE1,46.152,53.275,43.432
Bound Backbone,BLUE,5.636,2.914,False,A,ARG44,NH2,43.772,51.469,41.007,A,ASP339,OD1,44.779,49.263,39.392
Thermal Noise,RED,3.915,3.431,False,A,ARG44,NH2,43.772,51.469,41.007,A,ASP339,OD2,46.598,50.479,39.332
Thermal Noise,RED,2.883,3.856,False,A,ARG44,NH2,43.772,51.469,41.007,A,GLU341,OE2,40.137,51.446,39.722
Ligand Bound Core,BLUE,6.201,2.946,True,A,ARG44,NH2,43.772,51.469,41.007,A,SO41105,O1,41.804,51.153,43.177
Ligand Fluctuation Noise,RED,4.038,3.701,True,A,ARG44,NH2,43.772,51.469,41.007,A,SO41105,O3,42.411,53.374,43.873
Ligand Fluctuation Noise,RED,3.133,3.703,True,A,ARG44,NH2,43.772,51.469,41.007,A,SO41105,O4,40.683,53.077,42.265
Ligand Fluctuation Noise,RED,4.057,3.568,True,A,ARG44,NH2,43.772,51.469,41.007,A,SO41105,S,41.354,52.502,43.419
Thermal Noise,RED,2.612,3.933,False,A,ARG44,NH2,43.772,51.469,41.007,A,HOH546,O,43.152,47.615,40.529
Thermal Noise,RED,3.068,3.613,False,A,ARG44,NH2,43.772,51.469,41.007,A,HOH677,O,40.889,49.294,40.917
Phase Boundary,YELLOW,4.271,3.842,False,A,ARG44,NH2,43.772,51.469,41.007,A,HOH678,O,44.324,50.414,44.66
Bound Backbone,BLUE,6.175,2.805,False,A,LEU45,N,50.334,54.852,38.288,A,GLN46,N,52.284,56.044,39.914
Bound Backbone,BLUE,8.792,2.251,False,A,LEU45,O,52.592,54.026,40.862,A,GLN46,N,52.284,56.044,39.914
Phase Boundary,YELLOW,4.191,3.549,False,A,LEU45,O,52.592,54.026,40.862,A,GLN46,O,52.96,56.505,43.375
Phase Boundary,YELLOW,4.561,3.167,False,A,LEU45,O,52.592,54.026,40.862,A,LYS47,N,50.976,56.299,42.362
Phase Boundary,YELLOW,4.343,3.381,False,A,LEU45,O,52.592,54.026,40.862,A,GLN48,N,49.95,53.658,42.939
Bound Backbone,BLUE,5.719,3.008,False,A,LEU45,O,52.592,54.026,40.862,A,ASP49,N,52.171,51.857,42.903
Thermal Noise,RED,3.684,3.807,False,A,LEU45,O,52.592,54.026,40.862,A,HOH824,O,55.058,54.92,43.621
Bound Backbone,BLUE,7.68,2.787,False,A,GLN46,N,52.284,56.044,39.914,A,LYS47,N,50.976,56.299,42.362
Bound Backbone,BLUE,9.04,2.237,False,A,GLN46,O,52.96,56.505,43.375,A,LYS47,N,50.976,56.299,42.362
Thermal Noise,RED,3.016,3.862,False,A,GLN46,O,52.96,56.505,43.375,A,LYS47,O,50.449,54.117,45.081
Bound Backbone,BLUE,5.77,2.641,False,A,GLN46,O,52.96,56.505,43.375,A,HOH824,O,55.058,54.92,43.621
Phase Boundary,YELLOW,4.911,2.862,False,A,GLN46,NE2,55.389,58.538,42.895,A,HOH636,O,58.196,58.044,43.16
Thermal Noise,RED,2.987,3.705,False,A,GLN46,NE2,55.389,58.538,42.895,A,HOH824,O,55.058,54.92,43.621
Thermal Noise,RED,3.658,3.687,False,A,GLN46,OE1,55.663,59.457,40.884,A,HOH636,O,58.196,58.044,43.16
Bound Backbone,BLUE,6.679,2.785,False,A,GLN46,OE1,55.663,59.457,40.884,A,HOH684,O,54.477,61.119,38.99
Bound Backbone,BLUE,7.029,2.554,False,A,GLN46,OE1,55.663,59.457,40.884,A,HOH921,O,57.835,58.897,39.663
Phase Boundary,YELLOW,4.908,2.891,False,A,LYS47,N,50.976,56.299,42.362,A,GLN48,N,49.95,53.658,42.939
Bound Backbone,BLUE,12.514,2.247,False,A,LYS47,O,50.449,54.117,45.081,A,GLN48,N,49.95,53.658,42.939
Thermal Noise,RED,2.741,3.892,False,A,LYS47,O,50.449,54.117,45.081,A,GLN48,O,50.998,50.382,44.133
Thermal Noise,RED,3.858,3.58,False,A,LYS47,O,50.449,54.117,45.081,A,ASP49,N,52.171,51.857,42.903
Bound Backbone,BLUE,7.575,2.852,False,A,LYS47,O,50.449,54.117,45.081,A,HOH866,O,49.402,53.741,47.707
Phase Boundary,YELLOW,4.894,2.86,False,A,GLN48,N,49.95,53.658,42.939,A,ASP49,N,52.171,51.857,42.903
Bound Backbone,BLUE,9.404,2.25,False,A,GLN48,O,50.998,50.382,44.133,A,ASP49,N,52.171,51.857,42.903
Bound Backbone,BLUE,6.283,2.717,False,A,GLN48,O,50.998,50.382,44.133,A,ASN50,N,53.313,50.806,45.49
Phase Boundary,YELLOW,5.254,2.883,False,A,GLN48,O,50.998,50.382,44.133,A,HOH548,O,48.395,49.792,45.222
Bound Backbone,BLUE,7.044,2.601,False,A,GLN48,NE2,46.681,51.133,43.797,A,HOH548,O,48.395,49.792,45.222
Bound Backbone,BLUE,6.279,2.611,False,A,GLN48,NE2,46.681,51.133,43.797,A,HOH678,O,44.324,50.414,44.66
Ligand Fluctuation Noise,RED,2.843,3.768,True,A,GLN48,OE1,46.152,53.275,43.432,A,SO41105,O3,42.411,53.374,43.873
Thermal Noise,RED,3.296,3.61,False,A,GLN48,OE1,46.152,53.275,43.432,A,HOH678,O,44.324,50.414,44.66
Phase Boundary,YELLOW,4.494,3.168,False,A,GLN48,OE1,46.152,53.275,43.432,A,HOH712,O,45.647,56.064,42.017
Bound Backbone,BLUE,6.455,3.017,False,A,ASP49,N,52.171,51.857,42.903,A,ASN50,N,53.313,50.806,45.49
Bound Backbone,BLUE,8.655,2.233,False,A,ASP49,O,54.718,52.354,44.704,A,ASN50,N,53.313,50.806,45.49
Bound Backbone,BLUE,5.565,2.806,False,A,ASP49,O,54.718,52.354,44.704,A,HOH824,O,55.058,54.92,43.621
Thermal Noise,RED,3.778,3.746,False,A,ASP49,OD1,55.709,49.742,42.814,A,ASN50,N,53.313,50.806,45.49
Bound Backbone,BLUE,5.787,2.884,False,A,ASP49,OD1,55.709,49.742,42.814,A,ARG51,NE,56.182,47.408,44.44
Phase Boundary,YELLOW,4.506,3.015,False,A,ASP49,OD1,55.709,49.742,42.814,A,ARG51,NH2,56.331,46.849,42.238
Thermal Noise,RED,3.593,3.715,False,A,ASP49,OD1,55.709,49.742,42.814,A,HOH502,O,58.558,49.035,40.537
Bound Backbone,BLUE,5.303,2.775,False,A,ASP49,OD2,56.446,50.765,41.034,A,HOH502,O,58.558,49.035,40.537
Bound Backbone,BLUE,6.872,2.643,False,A,ASP49,OD2,56.446,50.765,41.034,A,HOH825,O,56.81,52.924,39.553
Phase Boundary,YELLOW,4.764,3.367,False,A,ASN50,N,53.313,50.806,45.49,A,ARG51,N,55.298,49.724,47.985
Bound Backbone,BLUE,7.978,2.252,False,A,ASN50,O,53.231,48.88,47.693,A,ARG51,N,55.298,49.724,47.985
Phase Boundary,YELLOW,4.432,3.627,False,A,ASN50,O,53.231,48.88,47.693,A,VAL52,N,55.097,49.36,50.766
Phase Boundary,YELLOW,4.691,3.298,False,A,ASN50,O,53.231,48.88,47.693,A,ARG387,NE,50.748,48.992,49.861
Thermal Noise,RED,2.991,3.727,False,A,ASN50,ND2,51.666,53.065,49.352,A,ARG387,NH1,49.078,50.544,50.269
Phase Boundary,YELLOW,4.26,3.443,False,A,ASN50,ND2,51.666,53.065,49.352,A,ARG387,NH2,50.963,50.519,51.561
Bound Backbone,BLUE,5.831,2.879,False,A,ASN50,ND2,51.666,53.065,49.352,A,HOH866,O,49.402,53.741,47.707
Phase Boundary,YELLOW,4.602,3.192,False,A,ASN50,OD1,53.493,51.768,49.645,A,ARG51,N,55.298,49.724,47.985
Phase Boundary,YELLOW,4.502,3.103,False,A,ASN50,OD1,53.493,51.768,49.645,A,VAL52,N,55.097,49.36,50.766
Thermal Noise,RED,2.623,3.91,False,A,ASN50,OD1,53.493,51.768,49.645,A,ARG387,NE,50.748,48.992,49.861
Phase Boundary,YELLOW,4.132,3.411,False,A,ASN50,OD1,53.493,51.768,49.645,A,ARG387,NH2,50.963,50.519,51.561
Bound Backbone,BLUE,8.212,2.812,False,A,ARG51,N,55.298,49.724,47.985,A,VAL52,N,55.097,49.36,50.766
Phase Boundary,YELLOW,4.712,2.916,False,A,ARG51,N,55.298,49.724,47.985,A,HOH823,O,57.239,51.897,47.877
Bound Backbone,BLUE,7.999,2.237,False,A,ARG51,O,56.685,47.785,50.723,A,VAL52,N,55.097,49.36,50.766
Thermal Noise,RED,4.03,3.642,False,A,ARG51,O,56.685,47.785,50.723,A,PHE53,N,54.215,47.377,53.368
Phase Boundary,YELLOW,5.016,3.526,False,A,ARG51,O,56.685,47.785,50.723,A,HOH829,O,57.084,46.615,54.025
Thermal Noise,RED,3.168,3.765,False,A,ARG51,NE,56.182,47.408,44.44,A,HOH828,O,55.723,44.055,46.09
Phase Boundary,YELLOW,4.86,3.077,False,A,ARG51,NH1,56.649,45.221,43.817,A,LEU403,O,57.569,42.692,42.326
Thermal Noise,RED,2.659,3.909,False,A,ARG51,NH1,56.649,45.221,43.817,A,TYR404,N,55.892,41.434,43.21
Thermal Noise,RED,2.75,3.831,False,A,ARG51,NH1,56.649,45.221,43.817,A,VAL405,N,53.129,43.774,43.379
Bound Backbone,BLUE,7.834,2.717,False,A,ARG51,NH1,56.649,45.221,43.817,A,HOH828,O,55.723,44.055,46.09
Bound Backbone,BLUE,9.159,2.621,False,A,ARG51,NH2,56.331,46.849,42.238,A,THR335,O,57.141,46.664,39.752
Thermal Noise,RED,3.408,3.602,False,A,ARG51,NH2,56.331,46.849,42.238,A,GLY336,O,54.069,44.457,40.776
Thermal Noise,RED,3.63,3.554,False,A,ARG51,NH2,56.331,46.849,42.238,A,HOH502,O,58.558,49.035,40.537
Phase Boundary,YELLOW,4.794,3.388,False,A,VAL52,N,55.097,49.36,50.766,A,PHE53,N,54.215,47.377,53.368
Bound Backbone,BLUE,9.604,2.242,False,A,VAL52,O,52.803,48.562,52.092,A,PHE53,N,54.215,47.377,53.368
Phase Boundary,YELLOW,4.177,3.622,False,A,VAL52,O,52.803,48.562,52.092,A,HIS377,ND1,50.466,48.768,54.852
Bound Backbone,BLUE,5.703,3.064,False,A,VAL52,O,52.803,48.562,52.092,A,ARG387,NE,50.748,48.992,49.861
Bound Backbone,BLUE,5.466,2.738,False,A,VAL52,O,52.803,48.562,52.092,A,ARG387,NH2,50.963,50.519,51.561
Phase Boundary,YELLOW,4.745,3.407,False,A,PHE53,N,54.215,47.377,53.368,A,ASN54,N,52.187,46.585,55.989
Phase Boundary,YELLOW,4.458,3.04,False,A,PHE53,N,54.215,47.377,53.368,A,HOH829,O,57.084,46.615,54.025
Bound Backbone,BLUE,7.954,2.246,False,A,PHE53,O,54.287,45.801,55.854,A,ASN54,N,52.187,46.585,55.989
Thermal Noise,RED,3.63,3.449,False,A,PHE53,O,54.287,45.801,55.854,A,THR55,N,51.507,44.161,57.069
Bound Backbone,BLUE,7.58,2.828,False,A,PHE53,O,54.287,45.801,55.854,A,HOH593,O,55.274,45.058,58.398
Thermal Noise,RED,3.991,3.44,False,A,PHE53,O,54.287,45.801,55.854,A,HOH829,O,57.084,46.615,54.025
Bound Backbone,BLUE,5.86,2.739,False,A,ASN54,N,52.187,46.585,55.989,A,THR55,N,51.507,44.161,57.069
Thermal Noise,RED,3.694,3.485,False,A,ASN54,N,52.187,46.585,55.989,A,CYS376,O,50.258,44.113,54.467
Phase Boundary,YELLOW,4.841,3.003,False,A,ASN54,N,52.187,46.585,55.989,A,HIS377,ND1,50.466,48.768,54.852
Bound Backbone,BLUE,12.28,2.25,False,A,ASN54,O,51.941,44.846,59.168,A,THR55,N,51.507,44.161,57.069
Thermal Noise,RED,3.672,3.408,False,A,ASN54,O,51.941,44.846,59.168,A,THR55,OG1,48.959,43.611,58.074
Thermal Noise,RED,3.516,3.427,False,A,ASN54,O,51.941,44.846,59.168,A,HOH593,O,55.274,45.058,58.398
Phase Boundary,YELLOW,4.144,3.147,False,A,ASN54,O,51.941,44.846,59.168,A,HOH815,O,53.887,42.455,59.802
Bound Backbone,BLUE,5.429,3.338,False,A,ASN54,ND2,49.015,48.485,57.845,A,HIS377,ND1,50.466,48.768,54.852
Phase Boundary,YELLOW,4.13,3.693,False,A,ASN54,ND2,49.015,48.485,57.845,A,HIS377,NE2,49.455,50.657,54.891
Thermal Noise,RED,3.554,3.752,False,A,ASN54,ND2,49.015,48.485,57.845,A,VAL378,N,46.95,46.417,55.492
Phase Boundary,YELLOW,5.007,2.865,False,A,ASN54,ND2,49.015,48.485,57.845,A,VAL378,O,46.214,48.604,57.253
Phase Boundary,YELLOW,4.787,2.922,False,A,ASN54,ND2,49.015,48.485,57.845,A,HOH816,O,50.444,50.977,58.382
Thermal Noise,RED,3.242,3.92,False,A,ASN54,ND2,49.015,48.485,57.845,A,HOH887,O,45.941,48.599,60.274
Phase Boundary,YELLOW,4.202,3.088,False,A,ASN54,OD1,49.332,46.349,57.194,A,THR55,N,51.507,44.161,57.069
Phase Boundary,YELLOW,5.037,2.9,False,A,ASN54,OD1,49.332,46.349,57.194,A,THR55,OG1,48.959,43.611,58.074
Phase Boundary,YELLOW,4.082,3.646,False,A,ASN54,OD1,49.332,46.349,57.194,A,CYS376,O,50.258,44.113,54.467
Thermal Noise,RED,4.047,3.553,False,A,ASN54,OD1,49.332,46.349,57.194,A,HIS377,ND1,50.466,48.768,54.852
Bound Backbone,BLUE,5.67,2.928,False,A,ASN54,OD1,49.332,46.349,57.194,A,VAL378,N,46.95,46.417,55.492
Thermal Noise,RED,2.703,3.848,False,A,ASN54,OD1,49.332,46.349,57.194,A,VAL378,O,46.214,48.604,57.253
Thermal Noise,RED,3.873,3.215,False,A,THR55,N,51.507,44.161,57.069,A,VAL56,N,53.117,41.379,57.135
Bound Backbone,BLUE,7.286,2.887,False,A,THR55,N,51.507,44.161,57.069,A,CYS376,O,50.258,44.113,54.467
Bound Backbone,BLUE,10.707,2.228,False,A,THR55,O,51.57,41.484,55.535,A,VAL56,N,53.117,41.379,57.135
Bound Backbone,BLUE,8.652,2.659,False,A,THR55,O,51.57,41.484,55.535,A,CYS376,N,50.578,41.944,53.111
Phase Boundary,YELLOW,4.399,3.126,False,A,THR55,O,51.57,41.484,55.535,A,CYS376,O,50.258,44.113,54.467
Phase Boundary,YELLOW,4.159,3.867,False,A,THR55,OG1,48.959,43.611,58.074,A,CYS376,O,50.258,44.113,54.467
Bound Backbone,BLUE,8.179,2.657,False,A,THR55,OG1,48.959,43.611,58.074,A,HOH549,O,47.533,43.268,60.289
Thermal Noise,RED,3.008,3.684,False,A,VAL56,N,53.117,41.379,57.135,A,VAL57,N,54.819,38.178,56.483
Bound Backbone,BLUE,6.821,2.977,False,A,VAL56,N,53.117,41.379,57.135,A,HOH815,O,53.887,42.455,59.802
Bound Backbone,BLUE,11.518,2.265,False,A,VAL56,O,54.434,39.246,58.443,A,VAL57,N,54.819,38.178,56.483
Thermal Noise,RED,3.838,3.389,False,A,VAL56,O,54.434,39.246,58.443,A,VAL57,O,57.384,38.27,57.09
Thermal Noise,RED,2.815,3.776,False,A,VAL56,O,54.434,39.246,58.443,A,SER58,N,57.219,36.708,58.682
Bound Backbone,BLUE,5.686,2.932,False,A,VAL56,O,54.434,39.246,58.443,A,HOH594,O,52.12,38.748,60.174
Bound Backbone,BLUE,6.151,2.972,False,A,VAL56,O,54.434,39.246,58.443,A,HOH751,O,56.166,40.177,60.672
Thermal Noise,RED,3.52,3.528,False,A,VAL56,O,54.434,39.246,58.443,A,HOH815,O,53.887,42.455,59.802
Thermal Noise,RED,3.894,3.572,False,A,VAL57,N,54.819,38.178,56.483,A,SER58,N,57.219,36.708,58.682
Bound Backbone,BLUE,6.27,3.209,False,A,VAL57,N,54.819,38.178,56.483,A,THR374,O,54.245,38.39,53.333
Bound Backbone,BLUE,10.582,2.236,False,A,VAL57,O,57.384,38.27,57.09,A,SER58,N,57.219,36.708,58.682
Thermal Noise,RED,2.865,3.925,False,A,VAL57,O,57.384,38.27,57.09,A,SER58,O,60.82,37.216,58.668
Thermal Noise,RED,3.32,3.496,False,A,VAL57,O,57.384,38.27,57.09,A,THR59,N,59.625,35.637,57.608
Bound Backbone,BLUE,5.396,2.844,False,A,SER58,N,57.219,36.708,58.682,A,THR59,N,59.625,35.637,57.608
Bound Backbone,BLUE,5.349,2.796,False,A,SER58,N,57.219,36.708,58.682,A,ASN318,OD1,55.341,34.774,59.422
Thermal Noise,RED,3.535,3.434,False,A,SER58,N,57.219,36.708,58.682,A,HOH696,O,57.427,33.395,57.801
Bound Backbone,BLUE,9.057,2.246,False,A,SER58,O,60.82,37.216,58.668,A,THR59,N,59.625,35.637,57.608
Thermal Noise,RED,3.119,3.803,False,A,SER58,O,60.82,37.216,58.668,A,HOH830,O,64.057,36.17,56.967
Bound Backbone,BLUE,5.762,3.274,False,A,SER58,OG,58.514,35.059,60.633,A,THR59,N,59.625,35.637,57.608
Thermal Noise,RED,3.785,3.692,False,A,SER58,OG,58.514,35.059,60.633,A,THR59,OG1,60.415,33.104,58.144
Bound Backbone,BLUE,5.34,2.794,False,A,SER58,OG,58.514,35.059,60.633,A,ASN318,ND2,56.082,33.884,61.349
Thermal Noise,RED,3.722,3.408,False,A,SER58,OG,58.514,35.059,60.633,A,ASN318,OD1,55.341,34.774,59.422
Phase Boundary,YELLOW,4.769,3.46,False,A,SER58,OG,58.514,35.059,60.633,A,HOH696,O,57.427,33.395,57.801
Phase Boundary,YELLOW,4.235,3.569,False,A,THR59,N,59.625,35.637,57.608,A,ASP60,N,61.996,36.022,54.968
Thermal Noise,RED,4.054,3.146,False,A,THR59,N,59.625,35.637,57.608,A,HOH696,O,57.427,33.395,57.801
Bound Backbone,BLUE,7.988,2.245,False,A,THR59,O,59.801,35.605,54.744,A,ASP60,N,61.996,36.022,54.968
Thermal Noise,RED,3.378,3.7,False,A,THR59,O,59.801,35.605,54.744,A,ASP60,O,62.738,34.295,52.914
Thermal Noise,RED,3.769,3.944,False,A,THR59,O,59.801,35.605,54.744,A,SER61,N,61.846,35.668,51.372
Bound Backbone,BLUE,7.877,2.731,False,A,THR59,O,59.801,35.605,54.744,A,HOH504,O,58.808,36.597,52.401
Thermal Noise,RED,2.851,3.867,False,A,THR59,OG1,60.415,33.104,58.144,A,LEU84,O,60.79,29.46,56.906
Thermal Noise,RED,3.377,3.992,False,A,THR59,OG1,60.415,33.104,58.144,A,SER88,OG,61.518,30.636,61.081
Phase Boundary,YELLOW,4.419,3.022,False,A,THR59,OG1,60.415,33.104,58.144,A,HOH696,O,57.427,33.395,57.801
Phase Boundary,YELLOW,4.985,3.616,False,A,ASP60,N,61.996,36.022,54.968,A,SER61,N,61.846,35.668,51.372
Bound Backbone,BLUE,6.331,2.875,False,A,ASP60,N,61.996,36.022,54.968,A,HOH830,O,64.057,36.17,56.967
Thermal Noise,RED,3.831,3.274,False,A,ASP60,N,61.996,36.022,54.968,A,HOH831,O,64.741,34.365,54.305
Bound Backbone,BLUE,10.278,2.249,False,A,ASP60,O,62.738,34.295,52.914,A,SER61,N,61.846,35.668,51.372
Bound Backbone,BLUE,6.24,3.097,False,A,ASP60,O,62.738,34.295,52.914,A,THR62,N,64.167,34.019,50.18
Thermal Noise,RED,3.047,3.701,False,A,ASP60,O,62.738,34.295,52.914,A,THR62,OG1,66.286,33.862,51.955
Bound Backbone,BLUE,8.115,2.44,False,A,ASP60,O,62.738,34.295,52.914,A,HOH831,O,64.741,34.365,54.305
Phase Boundary,YELLOW,4.275,3.89,False,A,ASP60,OD1,62.052,39.106,54.537,A,HOH697,O,62.078,38.42,50.708
Phase Boundary,YELLOW,4.513,3.003,False,A,ASP60,OD1,62.052,39.106,54.537,A,HOH757,O,61.851,42.062,54.046
Thermal Noise,RED,2.992,3.687,False,A,ASP60,OD2,64.251,39.326,54.637,A,HOH757,O,61.851,42.062,54.046
Thermal Noise,RED,3.175,3.928,False,A,ASP60,OD2,64.251,39.326,54.637,A,HOH830,O,64.057,36.17,56.967
Phase Boundary,YELLOW,4.599,3.087,False,A,SER61,N,61.846,35.668,51.372,A,THR62,N,64.167,34.019,50.18
Thermal Noise,RED,3.806,3.339,False,A,SER61,N,61.846,35.668,51.372,A,HOH504,O,58.808,36.597,52.401
Phase Boundary,YELLOW,5.133,2.84,False,A,SER61,N,61.846,35.668,51.372,A,HOH697,O,62.078,38.42,50.708
Bound Backbone,BLUE,10.432,2.252,False,A,SER61,O,63.383,35.394,48.578,A,THR62,N,64.167,34.019,50.18
Thermal Noise,RED,3.515,3.756,False,A,SER61,O,63.383,35.394,48.578,A,PRO63,O,64.452,32.626,46.275
Phase Boundary,YELLOW,4.274,3.728,False,A,SER61,O,63.383,35.394,48.578,A,VAL64,N,65.014,34.586,45.324
Thermal Noise,RED,3.307,3.549,False,A,SER61,O,63.383,35.394,48.578,A,ARG83,NH2,62.102,32.209,47.676
Thermal Noise,RED,3.087,3.924,False,A,SER61,O,63.383,35.394,48.578,A,HOH697,O,62.078,38.42,50.708
Bound Backbone,BLUE,5.69,2.674,False,A,SER61,O,63.383,35.394,48.578,A,HOH698,O,63.105,38.018,48.142
Bound Backbone,BLUE,6.779,2.753,False,A,SER61,OG,59.472,35.235,49.896,A,GLU391,OE1,58.084,33.728,48.057
Thermal Noise,RED,3.918,3.863,False,A,SER61,OG,59.472,35.235,49.896,A,GLU391,OE2,59.624,33.213,46.608
Phase Boundary,YELLOW,4.732,2.935,False,A,SER61,OG,59.472,35.235,49.896,A,HOH503,O,58.148,37.806,49.393
Bound Backbone,BLUE,6.845,2.928,False,A,SER61,OG,59.472,35.235,49.896,A,HOH504,O,58.808,36.597,52.401
Thermal Noise,RED,3.318,3.482,False,A,SER61,OG,59.472,35.235,49.896,A,HOH625,O,59.26,31.774,49.579
Thermal Noise,RED,3.938,3.558,False,A,THR62,N,64.167,34.019,50.18,A,PRO63,N,66.528,32.535,47.971
Thermal Noise,RED,3.735,3.716,False,A,THR62,N,64.167,34.019,50.18,A,ARG83,NH2,62.102,32.209,47.676
Bound Backbone,BLUE,11.957,2.263,False,A,THR62,O,66.101,31.714,50.036,A,PRO63,N,66.528,32.535,47.971
Phase Boundary,YELLOW,4.197,3.441,False,A,THR62,O,66.101,31.714,50.036,A,ARG83,NH1,63.661,30.537,47.914
Phase Boundary,YELLOW,4.673,2.976,False,A,THR62,O,66.101,31.714,50.036,A,PHE95,N,67.585,29.228,50.724
Thermal Noise,RED,3.435,3.436,False,A,THR62,O,66.101,31.714,50.036,A,PHE95,O,65.118,28.459,49.542
Bound Backbone,BLUE,5.672,2.744,False,A,THR62,OG1,66.286,33.862,51.955,A,LYS93,O,68.824,33.321,52.847
Thermal Noise,RED,3.424,3.719,False,A,THR62,OG1,66.286,33.862,51.955,A,HOH717,O,68.748,35.809,53.949
Bound Backbone,BLUE,7.014,2.857,False,A,THR62,OG1,66.286,33.862,51.955,A,HOH831,O,64.741,34.365,54.305
Thermal Noise,RED,3.942,3.675,False,A,PRO63,N,66.528,32.535,47.971,A,VAL64,N,65.014,34.586,45.324
Thermal Noise,RED,3.277,3.495,False,A,PRO63,N,66.528,32.535,47.971,A,ARG83,NH1,63.661,30.537,47.914
Bound Backbone,BLUE,8.805,2.25,False,A,PRO63,O,64.452,32.626,46.275,A,VAL64,N,65.014,34.586,45.324
Bound Backbone,BLUE,5.439,3.421,False,A,PRO63,O,64.452,32.626,46.275,A,VAL64,O,65.136,33.244,42.981
Bound Backbone,BLUE,5.33,3.376,False,A,PRO63,O,64.452,32.626,46.275,A,THR65,N,62.995,32.699,43.231
Bound Backbone,BLUE,6.375,2.771,False,A,PRO63,O,64.452,32.626,46.275,A,ARG83,NH1,63.661,30.537,47.914
Bound Backbone,BLUE,6.077,2.768,False,A,PRO63,O,64.452,32.626,46.275,A,ARG83,NH2,62.102,32.209,47.676
Phase Boundary,YELLOW,4.103,3.467,False,A,VAL64,N,65.014,34.586,45.324,A,THR65,N,62.995,32.699,43.231
Thermal Noise,RED,3.616,3.901,False,A,VAL64,N,65.014,34.586,45.324,A,HOH812,O,67.482,34.984,42.329
Phase Boundary,YELLOW,4.299,3.064,False,A,VAL64,N,65.014,34.586,45.324,A,HOH902,O,67.228,36.675,44.977
Bound Backbone,BLUE,8.161,2.223,False,A,VAL64,O,65.136,33.244,42.981,A,THR65,N,62.995,32.699,43.231
Thermal Noise,RED,3.308,3.875,False,A,VAL64,O,65.136,33.244,42.981,A,THR65,O,62.101,32.907,40.596
Thermal Noise,RED,2.819,3.783,False,A,VAL64,O,65.136,33.244,42.981,A,HOH603,O,67.105,30.042,42.555
Phase Boundary,YELLOW,4.603,2.993,False,A,VAL64,O,65.136,33.244,42.981,A,HOH812,O,67.482,34.984,42.329
Phase Boundary,YELLOW,4.421,3.682,False,A,THR65,N,62.995,32.699,43.231,A,ASN66,N,63.092,30.984,39.974
Bound Backbone,BLUE,5.726,2.724,False,A,THR65,N,62.995,32.699,43.231,A,HOH505,O,60.451,33.178,44.079
Bound Backbone,BLUE,8.282,2.251,False,A,THR65,O,62.101,32.907,40.596,A,ASN66,N,63.092,30.984,39.974
Thermal Noise,RED,3.948,3.62,False,A,THR65,O,62.101,32.907,40.596,A,SER393,O,59.611,31.97,38.141
Phase Boundary,YELLOW,4.17,3.416,False,A,THR65,O,62.101,32.907,40.596,A,TRP394,N,59.634,34.182,38.607
Bound Backbone,BLUE,6.551,2.839,False,A,THR65,O,62.101,32.907,40.596,A,GLY395,N,62.306,34.901,38.586
Thermal Noise,RED,4.068,3.864,False,A,THR65,O,62.101,32.907,40.596,A,HOH505,O,60.451,33.178,44.079
Phase Boundary,YELLOW,4.177,3.653,False,A,THR65,OG1,60.84,30.786,42.843,A,ASN66,N,63.092,30.984,39.974
Phase Boundary,YELLOW,4.689,3.27,False,A,THR65,OG1,60.84,30.786,42.843,A,ASN80,ND2,58.308,30.597,44.903
Phase Boundary,YELLOW,4.242,3.762,False,A,THR65,OG1,60.84,30.786,42.843,A,ASN80,OD1,59.765,29.415,46.177
Bound Backbone,BLUE,6.118,2.72,False,A,THR65,OG1,60.84,30.786,42.843,A,HOH505,O,60.451,33.178,44.079
Phase Boundary,YELLOW,4.699,3.393,False,A,ASN66,N,63.092,30.984,39.974,A,GLN67,N,61.218,29.704,37.452
Bound Backbone,BLUE,5.317,2.854,False,A,ASN66,N,63.092,30.984,39.974,A,HOH514,O,64.674,28.841,40.998
Bound Backbone,BLUE,7.973,2.25,False,A,ASN66,O,63.34,29.004,37.72,A,GLN67,N,61.218,29.704,37.452
Phase Boundary,YELLOW,5.186,3.37,False,A,ASN66,O,63.34,29.004,37.72,A,LYS68,N,61.722,29.569,34.818
Phase Boundary,YELLOW,4.926,3.543,False,A,ASN66,O,63.34,29.004,37.72,A,HOH514,O,64.674,28.841,40.998
Phase Boundary,YELLOW,5.102,2.808,False,A,ASN66,O,63.34,29.004,37.72,A,HOH702,O,65.709,27.518,37.462
Thermal Noise,RED,3.023,3.667,False,A,ASN66,ND2,64.612,33.245,35.992,A,TRP394,O,62.102,35.856,36.566
Thermal Noise,RED,3.49,3.846,False,A,ASN66,ND2,64.612,33.245,35.992,A,GLY395,N,62.306,34.901,38.586
Ligand Bound Core,BLUE,5.559,2.877,True,A,ASN66,ND2,64.612,33.245,35.992,A,SO41101,O2,67.042,33.898,37.386
Ligand Fluctuation Noise,RED,3.14,3.887,True,A,ASN66,ND2,64.612,33.245,35.992,A,SO41101,S,67.278,35.141,38.092
Bound Backbone,BLUE,6.256,3.119,False,A,ASN66,ND2,64.612,33.245,35.992,A,HOH853,O,64.684,34.572,33.17
Phase Boundary,YELLOW,4.45,3.204,False,A,ASN66,OD1,62.654,32.138,35.943,A,GLN67,N,61.218,29.704,37.452
Phase Boundary,YELLOW,5.005,2.955,False,A,ASN66,OD1,62.654,32.138,35.943,A,LYS68,N,61.722,29.569,34.818
Thermal Noise,RED,3.452,3.758,False,A,ASN66,OD1,62.654,32.138,35.943,A,SER393,O,59.611,31.97,38.141
Thermal Noise,RED,2.804,3.81,False,A,ASN66,OD1,62.654,32.138,35.943,A,TRP394,O,62.102,35.856,36.566
Thermal Noise,RED,3.534,3.839,False,A,ASN66,OD1,62.654,32.138,35.943,A,GLY395,N,62.306,34.901,38.586
Bound Backbone,BLUE,6.879,2.748,False,A,ASN66,OD1,62.654,32.138,35.943,A,HOH666,O,61.082,33.382,34.064
Bound Backbone,BLUE,8.949,2.685,False,A,GLN67,N,61.218,29.704,37.452,A,LYS68,N,61.722,29.569,34.818
Phase Boundary,YELLOW,5.066,2.862,False,A,GLN67,N,61.218,29.704,37.452,A,SER393,O,59.611,31.97,38.141
Bound Backbone,BLUE,7.87,2.257,False,A,GLN67,O,61.269,27.361,34.708,A,LYS68,N,61.722,29.569,34.818
Phase Boundary,YELLOW,5.011,3.171,False,A,GLN67,O,61.269,27.361,34.708,A,LYS68,O,59.989,29.44,32.684
Phase Boundary,YELLOW,4.688,3.64,False,A,GLN67,O,61.269,27.361,34.708,A,SER69,N,61.568,28.654,31.319
Thermal Noise,RED,3.926,3.803,False,A,GLN67,O,61.269,27.361,34.708,A,SER70,N,59.101,26.863,31.624
Bound Backbone,BLUE,5.627,2.693,False,A,GLN67,O,61.269,27.361,34.708,A,SER70,OG,59.322,25.562,34.234
Phase Boundary,YELLOW,4.769,3.193,False,A,GLN67,O,61.269,27.361,34.708,A,ARG72,NH2,62.257,24.958,36.564
Bound Backbone,BLUE,6.78,2.865,False,A,GLN67,NE2,56.318,28.966,35.29,A,SER70,O,57.031,27.333,33.047
Thermal Noise,RED,2.925,3.709,False,A,GLN67,NE2,56.318,28.966,35.29,A,ARG72,N,55.84,25.304,35.63
Thermal Noise,RED,3.961,3.641,False,A,GLN67,NE2,56.318,28.966,35.29,A,ALA73,N,54.842,26.827,37.84
Phase Boundary,YELLOW,4.772,2.897,False,A,GLN67,NE2,56.318,28.966,35.29,A,ALA453,O,53.626,27.9,35.377
Thermal Noise,RED,3.762,3.375,False,A,GLN67,NE2,56.318,28.966,35.29,A,HOH743,O,54.475,31.559,34.162
Thermal Noise,RED,2.677,3.911,False,A,GLN67,OE1,56.572,30.254,37.091,A,ALA73,N,54.842,26.827,37.84
Thermal Noise,RED,3.172,3.645,False,A,GLN67,OE1,56.572,30.254,37.091,A,SER393,O,59.611,31.97,38.141
Bound Backbone,BLUE,8.402,2.73,False,A,GLN67,OE1,56.572,30.254,37.091,A,SER393,OG,57.126,30.983,39.663
Thermal Noise,RED,3.456,3.588,False,A,GLN67,OE1,56.572,30.254,37.091,A,TRP394,NE1,56.357,33.505,35.588
Thermal Noise,RED,3.74,3.831,False,A,GLN67,OE1,56.572,30.254,37.091,A,HOH743,O,54.475,31.559,34.162
Phase Boundary,YELLOW,4.87,3.62,False,A,LYS68,N,61.722,29.569,34.818,A,SER69,N,61.568,28.654,31.319
Thermal Noise,RED,2.639,3.939,False,A,LYS68,N,61.722,29.569,34.818,A,HOH666,O,61.082,33.382,34.064
Thermal Noise,RED,2.864,3.9,False,A,LYS68,N,61.722,29.569,34.818,A,HOH667,O,58.989,31.942,33.366
Bound Backbone,BLUE,9.963,2.23,False,A,LYS68,O,59.989,29.44,32.684,A,SER69,N,61.568,28.654,31.319
Phase Boundary,YELLOW,5.07,2.925,False,A,LYS68,O,59.989,29.44,32.684,A,SER70,N,59.101,26.863,31.624
Thermal Noise,RED,3.023,3.65,False,A,LYS68,O,59.989,29.44,32.684,A,SER70,O,57.031,27.333,33.047
Bound Backbone,BLUE,5.379,2.779,False,A,LYS68,O,59.989,29.44,32.684,A,HOH667,O,58.989,31.942,33.366
Bound Backbone,BLUE,6.494,2.819,False,A,LYS68,NZ,67.707,30.235,34.128,A,HOH609,O,67.948,28.167,36.028
Phase Boundary,YELLOW,4.933,3.466,False,A,LYS68,NZ,67.707,30.235,34.128,A,HOH905,O,67.939,28.535,31.117
Thermal Noise,RED,4.045,3.463,False,A,LYS68,NZ,67.707,30.235,34.128,A,HOH907,O,69.443,32.467,36.127
Phase Boundary,YELLOW,4.29,3.064,False,A,SER69,N,61.568,28.654,31.319,A,SER70,N,59.101,26.863,31.624
Phase Boundary,YELLOW,4.782,2.968,False,A,SER69,N,61.568,28.654,31.319,A,THR171,O,63.602,26.668,30.465
Thermal Noise,RED,3.511,3.516,False,A,SER69,N,61.568,28.654,31.319,A,HOH508,O,63.965,30.885,30.039
Bound Backbone,BLUE,10.815,2.257,False,A,SER69,O,60.185,25.914,29.886,A,SER70,N,59.101,26.863,31.624
Thermal Noise,RED,3.235,3.547,False,A,SER69,O,60.185,25.914,29.886,A,THR171,O,63.602,26.668,30.465
Thermal Noise,RED,3.123,3.583,False,A,SER69,O,60.185,25.914,29.886,A,ALA172,N,63.45,24.45,30.065
Phase Boundary,YELLOW,4.178,3.176,False,A,SER69,O,60.185,25.914,29.886,A,SER173,N,61.181,23.041,28.969
Thermal Noise,RED,2.978,3.668,False,A,SER69,O,60.185,25.914,29.886,A,SER173,OG,58.537,22.641,30.049
Bound Backbone,BLUE,7.078,3.018,False,A,SER69,O,60.185,25.914,29.886,A,HOH528,O,60.359,25.332,26.93
Thermal Noise,RED,2.924,3.943,False,A,SER69,OG,61.65,29.569,28.643,A,THR171,O,63.602,26.668,30.465
Phase Boundary,YELLOW,5.034,3.007,False,A,SER69,OG,61.65,29.569,28.643,A,HOH508,O,63.965,30.885,30.039
Phase Boundary,YELLOW,4.643,3.538,False,A,SER69,OG,61.65,29.569,28.643,A,HOH852,O,63.104,28.342,25.66
Thermal Noise,RED,3.312,3.594,False,A,SER70,N,59.101,26.863,31.624,A,GLY71,N,56.09,25.297,32.805
Bound Backbone,BLUE,7.921,2.256,False,A,SER70,O,57.031,27.333,33.047,A,GLY71,N,56.09,25.297,32.805
Phase Boundary,YELLOW,4.419,3.494,False,A,SER70,O,57.031,27.333,33.047,A,ARG72,N,55.84,25.304,35.63
Thermal Noise,RED,3.517,3.544,False,A,SER70,OG,59.322,25.562,34.234,A,GLY71,N,56.09,25.297,32.805
Thermal Noise,RED,3.079,3.76,False,A,SER70,OG,59.322,25.562,34.234,A,ARG72,N,55.84,25.304,35.63
Bound Backbone,BLUE,6.416,2.895,False,A,SER70,OG,59.322,25.562,34.234,A,ARG72,NE,60.251,23.831,36.36
Thermal Noise,RED,3.444,3.796,False,A,SER70,OG,59.322,25.562,34.234,A,ARG72,NH2,62.257,24.958,36.564
Thermal Noise,RED,3.038,3.641,False,A,SER70,OG,59.322,25.562,34.234,A,THR170,O,62.369,23.602,33.874
Bound Backbone,BLUE,8.117,2.836,False,A,GLY71,N,56.09,25.297,32.805,A,ARG72,N,55.84,25.304,35.63
Bound Backbone,BLUE,5.516,2.807,False,A,GLY71,N,56.09,25.297,32.805,A,ASP141,OD2,56.633,22.744,31.771
Bound Backbone,BLUE,7.976,2.258,False,A,GLY71,O,53.733,24.576,35.271,A,ARG72,N,55.84,25.304,35.63
Phase Boundary,YELLOW,4.114,3.591,False,A,GLY71,O,53.733,24.576,35.271,A,ALA73,N,54.842,26.827,37.84
Phase Boundary,YELLOW,4.251,3.559,False,A,GLY71,O,53.733,24.576,35.271,A,TRP74,NE1,52.748,22.382,37.895
Thermal Noise,RED,3.528,3.37,False,A,GLY71,O,53.733,24.576,35.271,A,ASP141,O,52.938,21.304,35.405
Thermal Noise,RED,4.002,3.323,False,A,GLY71,O,53.733,24.576,35.271,A,GLY142,N,51.622,22.39,33.927
Thermal Noise,RED,2.908,3.923,False,A,GLY71,O,53.733,24.576,35.271,A,LEU452,O,50.269,25.306,36.961
Thermal Noise,RED,3.617,3.327,False,A,GLY71,O,53.733,24.576,35.271,A,ALA453,O,53.626,27.9,35.377
Bound Backbone,BLUE,6.731,2.863,False,A,ARG72,N,55.84,25.304,35.63,A,ALA73,N,54.842,26.827,37.84
Thermal Noise,RED,3.431,3.421,False,A,ARG72,N,55.84,25.304,35.63,A,ALA453,O,53.626,27.9,35.377
Bound Backbone,BLUE,10.062,2.244,False,A,ARG72,O,55.888,25.472,39.291,A,ALA73,N,54.842,26.827,37.84
Phase Boundary,YELLOW,4.226,3.378,False,A,ARG72,O,55.888,25.472,39.291,A,ALA73,O,54.124,27.623,41.207
Phase Boundary,YELLOW,4.092,3.159,False,A,ARG72,O,55.888,25.472,39.291,A,TRP74,N,52.896,26.314,39.856
Bound Backbone,BLUE,6.017,2.963,False,A,ARG72,O,55.888,25.472,39.291,A,LEU75,N,54.147,24.318,41.393
Bound Backbone,BLUE,7.199,2.992,False,A,ARG72,O,55.888,25.472,39.291,A,PHE76,N,56.431,25.748,42.22
Phase Boundary,YELLOW,5.104,3.274,False,A,ARG72,NE,60.251,23.831,36.36,A,THR170,O,62.369,23.602,33.874
Phase Boundary,YELLOW,4.988,2.884,False,A,ARG72,NH1,61.932,22.975,37.698,A,ASP165,OD1,64.73,22.872,38.388
Thermal Noise,RED,3.514,3.381,False,A,ARG72,NH1,61.932,22.975,37.698,A,ASP165,OD2,64.619,25.011,37.955
Phase Boundary,YELLOW,4.242,3.9,False,A,ARG72,NH1,61.932,22.975,37.698,A,THR170,O,62.369,23.602,33.874
Thermal Noise,RED,3.347,3.714,False,A,ARG72,NH2,62.257,24.958,36.564,A,ASP165,OD1,64.73,22.872,38.388
Bound Backbone,BLUE,6.196,2.742,False,A,ARG72,NH2,62.257,24.958,36.564,A,ASP165,OD2,64.619,25.011,37.955
Bound Backbone,BLUE,6.636,3.015,False,A,ARG72,NH2,62.257,24.958,36.564,A,THR170,O,62.369,23.602,33.874
Bound Backbone,BLUE,6.504,2.849,False,A,ALA73,N,54.842,26.827,37.84,A,TRP74,N,52.896,26.314,39.856
Bound Backbone,BLUE,6.645,2.949,False,A,ALA73,N,54.842,26.827,37.84,A,ALA453,O,53.626,27.9,35.377
Bound Backbone,BLUE,9.755,2.246,False,A,ALA73,O,54.124,27.623,41.207,A,TRP74,N,52.896,26.314,39.856
Phase Boundary,YELLOW,4.194,3.397,False,A,ALA73,O,54.124,27.623,41.207,A,TRP74,O,52.988,25.083,43.156
Thermal Noise,RED,3.659,3.31,False,A,ALA73,O,54.124,27.623,41.207,A,LEU75,N,54.147,24.318,41.393
Phase Boundary,YELLOW,4.326,3.141,False,A,ALA73,O,54.124,27.623,41.207,A,PHE76,N,56.431,25.748,42.22
Bound Backbone,BLUE,7.999,2.752,False,A,ALA73,O,54.124,27.623,41.207,A,ALA77,N,55.285,27.95,43.681
Thermal Noise,RED,2.565,3.975,False,A,ALA73,O,54.124,27.623,41.207,A,ALA370,O,52.424,31.172,40.647
Thermal Noise,RED,2.524,3.987,False,A,ALA73,O,54.124,27.623,41.207,A,HOH507,O,55.086,31.484,41.458
Bound Backbone,BLUE,6.02,2.813,False,A,TRP74,N,52.896,26.314,39.856,A,LEU75,N,54.147,24.318,41.393
Bound Backbone,BLUE,11.066,2.244,False,A,TRP74,O,52.988,25.083,43.156,A,LEU75,N,54.147,24.318,41.393
Thermal Noise,RED,3.298,3.558,False,A,TRP74,O,52.988,25.083,43.156,A,LEU75,O,56.375,24.509,44.083
Thermal Noise,RED,3.167,3.629,False,A,TRP74,O,52.988,25.083,43.156,A,PHE76,N,56.431,25.748,42.22
Thermal Noise,RED,2.943,3.711,False,A,TRP74,O,52.988,25.083,43.156,A,ALA77,N,55.285,27.95,43.681
Bound Backbone,BLUE,6.204,3.049,False,A,TRP74,O,52.988,25.083,43.156,A,ALA78,N,53.894,26.51,45.693
Bound Backbone,BLUE,8.294,2.72,False,A,TRP74,NE1,52.748,22.382,37.895,A,ASP141,O,52.938,21.304,35.405
Thermal Noise,RED,3.725,3.359,False,A,TRP74,NE1,52.748,22.382,37.895,A,GLY143,N,49.525,22.447,36.951
Thermal Noise,RED,2.662,3.946,False,A,TRP74,NE1,52.748,22.382,37.895,A,LEU452,O,50.269,25.306,36.961
Thermal Noise,RED,2.899,3.914,False,A,TRP74,NE1,52.748,22.382,37.895,A,HOH620,O,55.015,19.635,36.273
Bound Backbone,BLUE,5.313,2.819,False,A,LEU75,N,54.147,24.318,41.393,A,PHE76,N,56.431,25.748,42.22
Bound Backbone,BLUE,11.513,2.238,False,A,LEU75,O,56.375,24.509,44.083,A,PHE76,N,56.431,25.748,42.22
Thermal Noise,RED,3.59,3.418,False,A,LEU75,O,56.375,24.509,44.083,A,PHE76,O,57.076,27.72,45.022
Thermal Noise,RED,3.058,3.632,False,A,LEU75,O,56.375,24.509,44.083,A,ALA77,N,55.285,27.95,43.681
Thermal Noise,RED,3.544,3.571,False,A,LEU75,O,56.375,24.509,44.083,A,ALA78,N,53.894,26.51,45.693
Bound Backbone,BLUE,6.995,3.019,False,A,LEU75,O,56.375,24.509,44.083,A,THR79,N,56.03,25.218,46.997
Bound Backbone,BLUE,6.549,2.709,False,A,LEU75,O,56.375,24.509,44.083,A,THR79,OG1,58.557,25.018,45.606
Bound Backbone,BLUE,5.613,2.88,False,A,PHE76,N,56.431,25.748,42.22,A,ALA77,N,55.285,27.95,43.681
Bound Backbone,BLUE,9.7,2.249,False,A,PHE76,O,57.076,27.72,45.022,A,ALA77,N,55.285,27.95,43.681
Phase Boundary,YELLOW,4.157,3.432,False,A,PHE76,O,57.076,27.72,45.022,A,ALA77,O,54.363,28.25,47.056
Thermal Noise,RED,3.403,3.47,False,A,PHE76,O,57.076,27.72,45.022,A,ALA78,N,53.894,26.51,45.693
Phase Boundary,YELLOW,4.34,3.355,False,A,PHE76,O,57.076,27.72,45.022,A,THR79,N,56.03,25.218,46.997
Phase Boundary,YELLOW,4.159,3.136,False,A,PHE76,O,57.076,27.72,45.022,A,THR79,OG1,58.557,25.018,45.606
Bound Backbone,BLUE,8.911,2.697,False,A,PHE76,O,57.076,27.72,45.022,A,ASN80,N,57.429,27.452,47.682
Phase Boundary,YELLOW,4.084,3.132,False,A,PHE76,O,57.076,27.72,45.022,A,ASN80,ND2,58.308,30.597,44.903
Thermal Noise,RED,3.759,3.382,False,A,PHE76,O,57.076,27.72,45.022,A,ASN80,OD1,59.765,29.415,46.177
Thermal Noise,RED,3.612,3.332,False,A,PHE76,O,57.076,27.72,45.022,A,HOH580,O,60.324,27.001,45.219
Bound Backbone,BLUE,6.556,2.838,False,A,ALA77,N,55.285,27.95,43.681,A,ALA78,N,53.894,26.51,45.693
Thermal Noise,RED,2.546,3.979,False,A,ALA77,N,55.285,27.95,43.681,A,HOH506,O,55.837,31.867,44.112
Bound Backbone,BLUE,9.654,2.259,False,A,ALA77,O,54.363,28.25,47.056,A,ALA78,N,53.894,26.51,45.693
Thermal Noise,RED,4.017,3.431,False,A,ALA77,O,54.363,28.25,47.056,A,ALA78,O,54.82,25.386,48.889
Thermal Noise,RED,3.342,3.461,False,A,ALA77,O,54.363,28.25,47.056,A,THR79,N,56.03,25.218,46.997
Thermal Noise,RED,3.929,3.229,False,A,ALA77,O,54.363,28.25,47.056,A,ASN80,N,57.429,27.452,47.682
Bound Backbone,BLUE,6.423,3.029,False,A,ALA77,O,54.363,28.25,47.056,A,GLN81,N,55.875,28.527,49.666
Bound Backbone,BLUE,5.734,2.816,False,A,ALA78,N,53.894,26.51,45.693,A,THR79,N,56.03,25.218,46.997
Bound Backbone,BLUE,11.434,2.252,False,A,ALA78,O,54.82,25.386,48.889,A,THR79,N,56.03,25.218,46.997
Thermal Noise,RED,2.672,3.884,False,A,ALA78,O,54.82,25.386,48.889,A,THR79,O,58.557,26.363,49.293
Thermal Noise,RED,3.43,3.54,False,A,ALA78,O,54.82,25.386,48.889,A,ASN80,N,57.429,27.452,47.682
Thermal Noise,RED,3.57,3.403,False,A,ALA78,O,54.82,25.386,48.889,A,GLN81,N,55.875,28.527,49.666
Phase Boundary,YELLOW,4.962,3.41,False,A,ALA78,O,54.82,25.386,48.889,A,LEU82,N,56.228,26.642,51.729
Bound Backbone,BLUE,5.754,2.799,False,A,ALA78,O,54.82,25.386,48.889,A,HOH573,O,52.35,24.966,50.137
Bound Backbone,BLUE,5.613,2.723,False,A,THR79,N,56.03,25.218,46.997,A,ASN80,N,57.429,27.452,47.682
Bound Backbone,BLUE,10.507,2.248,False,A,THR79,O,58.557,26.363,49.293,A,ASN80,N,57.429,27.452,47.682
Thermal Noise,RED,3.379,3.552,False,A,THR79,O,58.557,26.363,49.293,A,ASN80,O,57.677,29.611,50.431
Thermal Noise,RED,3.355,3.466,False,A,THR79,O,58.557,26.363,49.293,A,GLN81,N,55.875,28.527,49.666
Phase Boundary,YELLOW,4.655,3.382,False,A,THR79,O,58.557,26.363,49.293,A,LEU82,N,56.228,26.642,51.729
Bound Backbone,BLUE,8.185,2.803,False,A,THR79,O,58.557,26.363,49.293,A,ARG83,N,59.129,26.547,52.031
Thermal Noise,RED,3.851,3.501,False,A,THR79,O,58.557,26.363,49.293,A,HOH579,O,61.485,25.887,47.433
Phase Boundary,YELLOW,4.307,3.392,False,A,THR79,OG1,58.557,25.018,45.606,A,ASN80,N,57.429,27.452,47.682
Thermal Noise,RED,3.689,3.559,False,A,THR79,OG1,58.557,25.018,45.606,A,HOH579,O,61.485,25.887,47.433
Bound Backbone,BLUE,5.629,2.684,False,A,THR79,OG1,58.557,25.018,45.606,A,HOH580,O,60.324,27.001,45.219
Bound Backbone,BLUE,7.11,2.74,False,A,ASN80,N,57.429,27.452,47.682,A,GLN81,N,55.875,28.527,49.666
Thermal Noise,RED,3.451,3.828,False,A,ASN80,N,57.429,27.452,47.682,A,HOH580,O,60.324,27.001,45.219
Bound Backbone,BLUE,8.586,2.238,False,A,ASN80,O,57.677,29.611,50.431,A,GLN81,N,55.875,28.527,49.666
Phase Boundary,YELLOW,5.027,3.36,False,A,ASN80,O,57.677,29.611,50.431,A,GLN81,O,56.128,28.395,53.153
Thermal Noise,RED,3.447,3.55,False,A,ASN80,O,57.677,29.611,50.431,A,LEU82,N,56.228,26.642,51.729
Thermal Noise,RED,3.177,3.749,False,A,ASN80,O,57.677,29.611,50.431,A,ARG83,N,59.129,26.547,52.031
Thermal Noise,RED,3.623,3.948,False,A,ASN80,O,57.677,29.611,50.431,A,LEU84,N,59.84,28.689,53.602
Bound Backbone,BLUE,5.355,2.813,False,A,ASN80,O,57.677,29.611,50.431,A,HOH625,O,59.26,31.774,49.579
Thermal Noise,RED,4.047,3.389,False,A,ASN80,ND2,58.308,30.597,44.903,A,GLU391,OE2,59.624,33.213,46.608
Thermal Noise,RED,3.475,3.454,False,A,ASN80,ND2,58.308,30.597,44.903,A,HOH505,O,60.451,33.178,44.079
Phase Boundary,YELLOW,5.025,2.889,False,A,ASN80,ND2,58.308,30.597,44.903,A,HOH506,O,55.837,31.867,44.112
Phase Boundary,YELLOW,4.773,3.435,False,A,ASN80,OD1,59.765,29.415,46.177,A,ARG83,NE,61.606,30.346,48.923
Thermal Noise,RED,2.817,3.939,False,A,ASN80,OD1,59.765,29.415,46.177,A,ARG83,NH2,62.102,32.209,47.676
Thermal Noise,RED,2.758,3.825,False,A,ASN80,OD1,59.765,29.415,46.177,A,GLU391,OE2,59.624,33.213,46.608
Bound Backbone,BLUE,6.14,2.657,False,A,ASN80,OD1,59.765,29.415,46.177,A,HOH580,O,60.324,27.001,45.219
Bound Backbone,BLUE,6.766,2.817,False,A,GLN81,N,55.875,28.527,49.666,A,LEU82,N,56.228,26.642,51.729
Bound Backbone,BLUE,9.808,2.261,False,A,GLN81,O,56.128,28.395,53.153,A,LEU82,N,56.228,26.642,51.729
Thermal Noise,RED,2.918,3.783,False,A,GLN81,O,56.128,28.395,53.153,A,LEU82,O,58.775,25.879,54.139
Thermal Noise,RED,3.097,3.699,False,A,GLN81,O,56.128,28.395,53.153,A,ARG83,N,59.129,26.547,52.031
Thermal Noise,RED,2.871,3.751,False,A,GLN81,O,56.128,28.395,53.153,A,LEU84,N,59.84,28.689,53.602
Bound Backbone,BLUE,6.452,2.73,False,A,GLN81,O,56.128,28.395,53.153,A,HOH571,O,54.542,30.0,54.69
Thermal Noise,RED,3.017,3.643,False,A,GLN81,NE2,53.225,27.554,54.322,A,ARG314,NH2,49.624,28.098,54.218
Ligand Boundary Hotspot,ORANGE,4.952,3.267,True,A,GLN81,NE2,53.225,27.554,54.322,A,GOL1001,O1,53.401,25.259,56.64
Phase Boundary,YELLOW,5.152,2.802,False,A,GLN81,NE2,53.225,27.554,54.322,A,HOH571,O,54.542,30.0,54.69
Phase Boundary,YELLOW,4.404,3.825,False,A,GLN81,NE2,53.225,27.554,54.322,A,HOH833,O,53.817,28.054,58.068
Thermal Noise,RED,3.196,3.621,False,A,GLN81,OE1,52.791,26.069,52.715,A,LEU82,N,56.228,26.642,51.729
Bound Backbone,BLUE,7.574,2.839,False,A,GLN81,OE1,52.791,26.069,52.715,A,HOH573,O,52.35,24.966,50.137
Thermal Noise,RED,3.167,3.634,False,A,GLN81,OE1,52.791,26.069,52.715,A,HOH595,O,49.293,25.879,51.749
Phase Boundary,YELLOW,4.731,2.918,False,A,LEU82,N,56.228,26.642,51.729,A,ARG83,N,59.129,26.547,52.031
Bound Backbone,BLUE,12.479,2.239,False,A,LEU82,O,58.775,25.879,54.139,A,ARG83,N,59.129,26.547,52.031
Thermal Noise,RED,3.04,3.63,False,A,LEU82,O,58.775,25.879,54.139,A,ARG83,O,61.873,27.766,54.003
Phase Boundary,YELLOW,4.379,3.053,False,A,LEU82,O,58.775,25.879,54.139,A,LEU84,N,59.84,28.689,53.602
Bound Backbone,BLUE,6.358,2.876,False,A,LEU82,O,58.775,25.879,54.139,A,ASN85,N,59.442,27.815,56.158
Phase Boundary,YELLOW,4.146,3.554,False,A,LEU82,O,58.775,25.879,54.139,A,ASN85,ND2,56.278,25.355,56.613
Thermal Noise,RED,3.752,3.689,False,A,LEU82,O,58.775,25.879,54.139,A,VAL86,N,61.545,26.067,56.568
Bound Backbone,BLUE,6.392,2.75,False,A,ARG83,N,59.129,26.547,52.031,A,LEU84,N,59.84,28.689,53.602
Bound Backbone,BLUE,7.932,2.268,False,A,ARG83,O,61.873,27.766,54.003,A,LEU84,N,59.84,28.689,53.602
Phase Boundary,YELLOW,4.59,3.531,False,A,ARG83,O,61.873,27.766,54.003,A,LEU84,O,60.79,29.46,56.906
Phase Boundary,YELLOW,4.853,3.249,False,A,ARG83,O,61.873,27.766,54.003,A,ASN85,N,59.442,27.815,56.158
Bound Backbone,BLUE,6.009,3.094,False,A,ARG83,O,61.873,27.766,54.003,A,VAL86,N,61.545,26.067,56.568
Bound Backbone,BLUE,6.551,2.861,False,A,ARG83,O,61.873,27.766,54.003,A,LEU87,N,63.827,27.791,56.092
Phase Boundary,YELLOW,5.192,2.824,False,A,ARG83,NE,61.606,30.346,48.923,A,HOH625,O,59.26,31.774,49.579
Phase Boundary,YELLOW,5.219,3.015,False,A,ARG83,NH1,63.661,30.537,47.914,A,PHE95,O,65.118,28.459,49.542
Phase Boundary,YELLOW,5.251,2.879,False,A,ARG83,NH2,62.102,32.209,47.676,A,GLU391,OE2,59.624,33.213,46.608
Thermal Noise,RED,4.019,3.448,False,A,ARG83,NH2,62.102,32.209,47.676,A,HOH625,O,59.26,31.774,49.579
Bound Backbone,BLUE,8.361,2.73,False,A,LEU84,N,59.84,28.689,53.602,A,ASN85,N,59.442,27.815,56.158
Bound Backbone,BLUE,8.426,2.254,False,A,LEU84,O,60.79,29.46,56.906,A,ASN85,N,59.442,27.815,56.158
Phase Boundary,YELLOW,4.164,3.372,False,A,LEU84,O,60.79,29.46,56.906,A,ASN85,O,61.468,26.696,58.715
Thermal Noise,RED,3.301,3.492,False,A,LEU84,O,60.79,29.46,56.906,A,VAL86,N,61.545,26.067,56.568
Thermal Noise,RED,3.263,3.56,False,A,LEU84,O,60.79,29.46,56.906,A,LEU87,N,63.827,27.791,56.092
Phase Boundary,YELLOW,4.806,3.055,False,A,LEU84,O,60.79,29.46,56.906,A,SER88,N,63.539,29.534,58.236
Thermal Noise,RED,3.499,3.763,False,A,LEU84,O,60.79,29.46,56.906,A,HOH872,O,57.889,30.13,59.207
Bound Backbone,BLUE,5.307,2.765,False,A,ASN85,N,59.442,27.815,56.158,A,VAL86,N,61.545,26.067,56.568
Bound Backbone,BLUE,12.661,2.239,False,A,ASN85,O,61.468,26.696,58.715,A,VAL86,N,61.545,26.067,56.568
Thermal Noise,RED,3.586,3.42,False,A,ASN85,O,61.468,26.696,58.715,A,VAL86,O,64.755,26.616,57.774
Thermal Noise,RED,3.874,3.694,False,A,ASN85,O,61.468,26.696,58.715,A,LEU87,N,63.827,27.791,56.092
Thermal Noise,RED,3.22,3.546,False,A,ASN85,O,61.468,26.696,58.715,A,SER88,N,63.539,29.534,58.236
Bound Backbone,BLUE,6.304,2.853,False,A,ASN85,O,61.468,26.696,58.715,A,GLU89,N,63.324,27.738,60.615
Thermal Noise,RED,4.047,3.956,False,A,ASN85,O,61.468,26.696,58.715,A,GLU89,OE2,60.321,26.738,62.501
Phase Boundary,YELLOW,5.068,2.851,False,A,ASN85,ND2,56.278,25.355,56.613,A,ALA261,O,57.146,22.709,56.002
Ligand Boundary Hotspot,ORANGE,4.83,2.879,True,A,ASN85,ND2,56.278,25.355,56.613,A,GOL1001,O1,53.401,25.259,56.64
Thermal Noise,RED,2.815,3.932,False,A,ASN85,ND2,56.278,25.355,56.613,A,HOH833,O,53.817,28.054,58.068
Phase Boundary,YELLOW,4.405,3.022,False,A,ASN85,OD1,56.71,27.225,57.788,A,HOH833,O,53.817,28.054,58.068
Thermal Noise,RED,3.745,3.441,False,A,ASN85,OD1,56.71,27.225,57.788,A,HOH872,O,57.889,30.13,59.207
Phase Boundary,YELLOW,4.842,2.899,False,A,VAL86,N,61.545,26.067,56.568,A,LEU87,N,63.827,27.791,56.092
Bound Backbone,BLUE,10.694,2.252,False,A,VAL86,O,64.755,26.616,57.774,A,LEU87,N,63.827,27.791,56.092
Thermal Noise,RED,3.622,3.346,False,A,VAL86,O,64.755,26.616,57.774,A,LEU87,O,65.803,29.757,58.254
Thermal Noise,RED,3.973,3.195,False,A,VAL86,O,64.755,26.616,57.774,A,SER88,N,63.539,29.534,58.236
Phase Boundary,YELLOW,5.105,3.373,False,A,VAL86,O,64.755,26.616,57.774,A,GLU89,N,63.324,27.738,60.615
Bound Backbone,BLUE,7.546,2.858,False,A,VAL86,O,64.755,26.616,57.774,A,LEU90,N,65.826,26.319,60.407
Bound Backbone,BLUE,7.151,2.778,False,A,LEU87,N,63.827,27.791,56.092,A,SER88,N,63.539,29.534,58.236
Bound Backbone,BLUE,7.733,2.275,False,A,LEU87,O,65.803,29.757,58.254,A,SER88,N,63.539,29.534,58.236
Bound Backbone,BLUE,5.745,3.301,False,A,LEU87,O,65.803,29.757,58.254,A,SER88,O,64.795,29.283,61.361
Thermal Noise,RED,3.103,3.974,False,A,LEU87,O,65.803,29.757,58.254,A,GLU89,N,63.324,27.738,60.615
Bound Backbone,BLUE,5.572,3.035,False,A,LEU87,O,65.803,29.757,58.254,A,ASN91,N,67.643,28.441,60.278
Phase Boundary,YELLOW,4.553,2.98,False,A,LEU87,O,65.803,29.757,58.254,A,LEU92,N,68.757,29.65,57.879
Thermal Noise,RED,3.145,3.932,False,A,LEU87,O,65.803,29.757,58.254,A,LEU92,O,68.355,31.687,55.968
Thermal Noise,RED,3.614,3.462,False,A,LEU87,O,65.803,29.757,58.254,A,HOH718,O,65.771,32.987,57.009
Bound Backbone,BLUE,6.288,2.989,False,A,SER88,N,63.539,29.534,58.236,A,GLU89,N,63.324,27.738,60.615
Bound Backbone,BLUE,8.379,2.26,False,A,SER88,O,64.795,29.283,61.361,A,GLU89,N,63.324,27.738,60.615
Thermal Noise,RED,3.915,3.347,False,A,SER88,O,64.795,29.283,61.361,A,GLU89,O,65.813,26.372,62.663
Thermal Noise,RED,3.92,3.28,False,A,SER88,O,64.795,29.283,61.361,A,LEU90,N,65.826,26.319,60.407
Phase Boundary,YELLOW,4.304,3.161,False,A,SER88,O,64.795,29.283,61.361,A,ASN91,N,67.643,28.441,60.278
Phase Boundary,YELLOW,4.622,2.952,False,A,SER88,O,64.795,29.283,61.361,A,HOH873,O,65.964,31.977,61.664
Thermal Noise,RED,3.409,3.446,False,A,SER88,OG,61.518,30.636,61.081,A,GLU89,N,63.324,27.738,60.615
Phase Boundary,YELLOW,4.828,2.884,False,A,GLU89,N,63.324,27.738,60.615,A,LEU90,N,65.826,26.319,60.407
Bound Backbone,BLUE,12.857,2.257,False,A,GLU89,O,65.813,26.372,62.663,A,LEU90,N,65.826,26.319,60.407
Thermal Noise,RED,3.822,3.649,False,A,GLU89,O,65.813,26.372,62.663,A,ASN91,N,67.643,28.441,60.278
Thermal Noise,RED,3.187,3.623,False,A,GLU89,OE1,61.086,24.844,63.367,A,LYS262,NZ,59.847,21.58,62.397
Phase Boundary,YELLOW,5.124,2.797,False,A,LEU90,N,65.826,26.319,60.407,A,ASN91,N,67.643,28.441,60.278
Bound Backbone,BLUE,7.869,2.257,False,A,LEU90,O,69.425,27.061,60.151,A,ASN91,N,67.643,28.441,60.278
Phase Boundary,YELLOW,4.125,3.201,False,A,LEU90,O,69.425,27.061,60.151,A,ASN91,O,70.578,29.892,59.202
Phase Boundary,YELLOW,4.118,3.509,False,A,LEU90,O,69.425,27.061,60.151,A,LEU92,N,68.757,29.65,57.879
Bound Backbone,BLUE,5.464,2.836,False,A,LEU90,O,69.425,27.061,60.151,A,HOH596,O,70.588,24.726,61.263
Bound Backbone,BLUE,6.781,2.908,False,A,ASN91,N,67.643,28.441,60.278,A,LEU92,N,68.757,29.65,57.879
Bound Backbone,BLUE,9.506,2.264,False,A,ASN91,O,70.578,29.892,59.202,A,LEU92,N,68.757,29.65,57.879
Phase Boundary,YELLOW,4.773,2.903,False,A,ASN91,O,70.578,29.892,59.202,A,LYS242,N,73.375,30.624,58.938
Thermal Noise,RED,3.66,3.539,False,A,ASN91,ND2,70.994,31.091,62.48,A,ASP243,OD2,74.061,31.597,64.171
Thermal Noise,RED,3.193,3.634,False,A,ASN91,ND2,70.994,31.091,62.48,A,HOH874,O,71.518,27.653,63.535
Thermal Noise,RED,3.551,3.364,False,A,ASN91,OD1,69.315,32.107,61.4,A,HOH873,O,65.964,31.977,61.664
Phase Boundary,YELLOW,4.132,3.606,False,A,LEU92,N,68.757,29.65,57.879,A,LYS93,N,70.455,31.416,55.233
Bound Backbone,BLUE,8.512,2.241,False,A,LEU92,O,68.355,31.687,55.968,A,LYS93,N,70.455,31.416,55.233
Phase Boundary,YELLOW,4.724,3.554,False,A,LEU92,O,68.355,31.687,55.968,A,LYS93,O,68.824,33.321,52.847
Phase Boundary,YELLOW,4.262,3.792,False,A,LEU92,O,68.355,31.687,55.968,A,GLU94,N,69.859,31.348,52.504
Phase Boundary,YELLOW,4.544,3.074,False,A,LEU92,O,68.355,31.687,55.968,A,HOH718,O,65.771,32.987,57.009
Bound Backbone,BLUE,8.238,2.794,False,A,LYS93,N,70.455,31.416,55.233,A,GLU94,N,69.859,31.348,52.504
Phase Boundary,YELLOW,4.178,3.539,False,A,LYS93,N,70.455,31.416,55.233,A,HOH605,O,72.407,29.785,52.772
Phase Boundary,YELLOW,4.964,2.844,False,A,LYS93,N,70.455,31.416,55.233,A,HOH606,O,73.009,30.182,55.445
Bound Backbone,BLUE,7.992,2.254,False,A,LYS93,O,68.824,33.321,52.847,A,GLU94,N,69.859,31.348,52.504
Bound Backbone,BLUE,5.964,2.722,False,A,LYS93,O,68.824,33.321,52.847,A,HOH717,O,68.748,35.809,53.949
Thermal Noise,RED,3.473,3.823,False,A,LYS93,NZ,74.025,35.067,50.716,A,GLU94,OE2,71.214,34.328,48.232
Thermal Noise,RED,3.608,3.582,False,A,GLU94,N,69.859,31.348,52.504,A,PHE95,N,67.585,29.228,50.724
Phase Boundary,YELLOW,4.466,3.001,False,A,GLU94,N,69.859,31.348,52.504,A,HOH605,O,72.407,29.785,52.772
Bound Backbone,BLUE,8.884,2.26,False,A,GLU94,O,69.525,28.708,51.76,A,PHE95,N,67.585,29.228,50.724
Thermal Noise,RED,4.052,3.239,False,A,GLU94,O,69.525,28.708,51.76,A,HOH605,O,72.407,29.785,52.772
Bound Backbone,BLUE,5.748,2.693,False,A,GLU94,O,69.525,28.708,51.76,A,HOH695,O,70.408,26.259,52.449
Phase Boundary,YELLOW,4.307,3.445,False,A,GLU94,O,69.525,28.708,51.76,A,HOH748,O,72.036,28.08,49.487
Phase Boundary,YELLOW,5.18,2.905,False,A,GLU94,OE1,71.516,32.206,47.841,A,HOH604,O,70.865,29.6,46.734
Thermal Noise,RED,3.474,3.616,False,A,PHE95,N,67.585,29.228,50.724,A,GLU96,N,65.974,26.452,49.058
Thermal Noise,RED,3.945,3.989,False,A,PHE95,N,67.585,29.228,50.724,A,HOH516,O,68.524,28.321,46.955
Bound Backbone,BLUE,8.251,2.235,False,A,PHE95,O,65.118,28.459,49.542,A,GLU96,N,65.974,26.452,49.058
Thermal Noise,RED,3.333,3.525,False,A,GLU96,N,65.974,26.452,49.058,A,LEU97,N,63.423,24.164,48.23
Thermal Noise,RED,3.317,3.797,False,A,GLU96,N,65.974,26.452,49.058,A,HOH516,O,68.524,28.321,46.955
Phase Boundary,YELLOW,4.571,3.034,False,A,GLU96,N,65.974,26.452,49.058,A,HOH600,O,68.845,25.985,48.194
Bound Backbone,BLUE,7.89,2.264,False,A,GLU96,O,65.641,23.815,48.518,A,LEU97,N,63.423,24.164,48.23
Thermal Noise,RED,3.785,3.732,False,A,GLU96,O,65.641,23.815,48.518,A,LEU97,O,63.039,23.344,45.885
Phase Boundary,YELLOW,5.037,2.947,False,A,GLU96,O,65.641,23.815,48.518,A,LYS160,N,66.758,21.332,47.389
Thermal Noise,RED,2.666,3.883,False,A,GLU96,O,65.641,23.815,48.518,A,HOH600,O,68.845,25.985,48.194
Phase Boundary,YELLOW,4.327,3.075,False,A,GLU96,O,65.641,23.815,48.518,A,HOH601,O,68.541,22.97,49.093
Phase Boundary,YELLOW,4.379,3.028,False,A,GLU96,OE1,65.089,27.586,43.877,A,GLN99,NE2,62.48,26.064,43.667
Thermal Noise,RED,2.951,3.856,False,A,GLU96,OE1,65.089,27.586,43.877,A,GLN99,OE1,63.38,24.472,42.377
Bound Backbone,BLUE,5.673,2.904,False,A,GLU96,OE1,65.089,27.586,43.877,A,LYS160,NZ,67.25,26.504,42.266
Bound Backbone,BLUE,6.084,3.168,False,A,GLU96,OE1,65.089,27.586,43.877,A,HOH514,O,64.674,28.841,40.998
Phase Boundary,YELLOW,4.779,3.582,False,A,GLU96,OE1,65.089,27.586,43.877,A,HOH515,O,64.691,26.191,40.602
Thermal Noise,RED,3.696,3.441,False,A,GLU96,OE1,65.089,27.586,43.877,A,HOH603,O,67.105,30.042,42.555
Bound Backbone,BLUE,5.297,3.241,False,A,GLU96,OE2,66.858,28.481,44.804,A,LYS160,NZ,67.25,26.504,42.266
Bound Backbone,BLUE,7.523,2.725,False,A,GLU96,OE2,66.858,28.481,44.804,A,HOH516,O,68.524,28.321,46.955
Bound Backbone,BLUE,7.553,2.749,False,A,GLU96,OE2,66.858,28.481,44.804,A,HOH603,O,67.105,30.042,42.555
Thermal Noise,RED,3.888,3.422,False,A,GLU96,OE2,66.858,28.481,44.804,A,HOH811,O,69.776,27.668,43.211
Thermal Noise,RED,3.827,3.509,False,A,LEU97,N,63.423,24.164,48.23,A,SER98,N,63.471,21.185,46.376
Bound Backbone,BLUE,5.736,2.713,False,A,LEU97,N,63.423,24.164,48.23,A,HOH579,O,61.485,25.887,47.433
Bound Backbone,BLUE,8.101,2.256,False,A,LEU97,O,63.039,23.344,45.885,A,SER98,N,63.471,21.185,46.376
Thermal Noise,RED,2.733,3.999,False,A,LEU97,O,63.039,23.344,45.885,A,SER98,O,61.441,20.009,44.362
Bound Backbone,BLUE,5.755,3.17,False,A,LEU97,O,63.039,23.344,45.885,A,GLN99,N,62.233,21.804,43.234
Thermal Noise,RED,3.954,3.554,False,A,LEU97,O,63.039,23.344,45.885,A,GLN99,NE2,62.48,26.064,43.667
Phase Boundary,YELLOW,4.593,3.701,False,A,LEU97,O,63.039,23.344,45.885,A,GLN99,OE1,63.38,24.472,42.377
Thermal Noise,RED,4.028,3.358,False,A,LEU97,O,63.039,23.344,45.885,A,HOH579,O,61.485,25.887,47.433
Phase Boundary,YELLOW,5.204,3.433,False,A,SER98,N,63.471,21.185,46.376,A,GLN99,N,62.233,21.804,43.234
Bound Backbone,BLUE,6.813,2.79,False,A,SER98,N,63.471,21.185,46.376,A,ILE158,O,63.989,19.305,48.372
Thermal Noise,RED,3.563,3.443,False,A,SER98,N,63.471,21.185,46.376,A,LYS160,N,66.758,21.332,47.389
Thermal Noise,RED,3.338,3.476,False,A,SER98,N,63.471,21.185,46.376,A,HOH581,O,61.224,18.561,46.76
Bound Backbone,BLUE,9.049,2.263,False,A,SER98,O,61.441,20.009,44.362,A,GLN99,N,62.233,21.804,43.234
Phase Boundary,YELLOW,4.437,3.751,False,A,SER98,O,61.441,20.009,44.362,A,GLN99,O,60.164,20.267,40.845
Phase Boundary,YELLOW,4.76,3.642,False,A,SER98,O,61.441,20.009,44.362,A,ALA100,N,62.403,20.555,40.892
Phase Boundary,YELLOW,4.14,3.638,False,A,SER98,O,61.441,20.009,44.362,A,TYR101,N,62.403,17.857,41.591
Thermal Noise,RED,3.134,3.896,False,A,SER98,O,61.441,20.009,44.362,A,LEU102,N,59.749,17.212,42.243
Bound Backbone,BLUE,7.42,2.81,False,A,SER98,O,61.441,20.009,44.362,A,HOH581,O,61.224,18.561,46.76
Thermal Noise,RED,3.211,3.538,False,A,SER98,OG,64.423,19.04,43.515,A,GLN99,N,62.233,21.804,43.234
Thermal Noise,RED,4.016,3.641,False,A,SER98,OG,64.423,19.04,43.515,A,ALA100,N,62.403,20.555,40.892
Bound Backbone,BLUE,5.477,3.03,False,A,SER98,OG,64.423,19.04,43.515,A,TYR101,N,62.403,17.857,41.591
Bound Backbone,BLUE,6.606,2.517,False,A,SER98,OG,64.423,19.04,43.515,A,TYR163,O,66.829,19.341,42.84
Bound Backbone,BLUE,8.449,2.66,False,A,GLN99,N,62.233,21.804,43.234,A,ALA100,N,62.403,20.555,40.892
Phase Boundary,YELLOW,4.544,3.336,False,A,GLN99,N,62.233,21.804,43.234,A,HOH578,O,64.74,22.291,41.088
Bound Backbone,BLUE,7.852,2.258,False,A,GLN99,O,60.164,20.267,40.845,A,ALA100,N,62.403,20.555,40.892
Thermal Noise,RED,3.239,3.67,False,A,GLN99,O,60.164,20.267,40.845,A,ALA100,O,61.861,17.321,39.462
Thermal Noise,RED,3.627,3.373,False,A,GLN99,O,60.164,20.267,40.845,A,TYR101,N,62.403,17.857,41.591
Thermal Noise,RED,3.871,3.385,False,A,GLN99,O,60.164,20.267,40.845,A,LEU102,N,59.749,17.212,42.243
Phase Boundary,YELLOW,4.697,3.036,False,A,GLN99,O,60.164,20.267,40.845,A,PHE103,N,58.7,17.84,39.758
Thermal Noise,RED,3.969,3.781,False,A,GLN99,NE2,62.48,26.064,43.667,A,HOH515,O,64.691,26.191,40.602
Phase Boundary,YELLOW,4.195,3.899,False,A,GLN99,NE2,62.48,26.064,43.667,A,HOH579,O,61.485,25.887,47.433
Bound Backbone,BLUE,6.018,2.817,False,A,GLN99,NE2,62.48,26.064,43.667,A,HOH580,O,60.324,27.001,45.219
Bound Backbone,BLUE,6.426,2.797,False,A,GLN99,OE1,63.38,24.472,42.377,A,HOH515,O,64.691,26.191,40.602
Bound Backbone,BLUE,5.459,2.875,False,A,GLN99,OE1,63.38,24.472,42.377,A,HOH578,O,64.74,22.291,41.088
Bound Backbone,BLUE,5.358,2.787,False,A,ALA100,N,62.403,20.555,40.892,A,TYR101,N,62.403,17.857,41.591
Phase Boundary,YELLOW,4.714,2.918,False,A,ALA100,N,62.403,20.555,40.892,A,HOH578,O,64.74,22.291,41.088
Bound Backbone,BLUE,12.24,2.261,False,A,ALA100,O,61.861,17.321,39.462,A,TYR101,N,62.403,17.857,41.591
Phase Boundary,YELLOW,4.441,3.309,False,A,ALA100,O,61.861,17.321,39.462,A,TYR101,O,60.24,15.172,41.387
Phase Boundary,YELLOW,4.601,3.494,False,A,ALA100,O,61.861,17.321,39.462,A,LEU102,N,59.749,17.212,42.243
Thermal Noise,RED,3.888,3.217,False,A,ALA100,O,61.861,17.321,39.462,A,PHE103,N,58.7,17.84,39.758
Bound Backbone,BLUE,5.363,2.935,False,A,ALA100,O,61.861,17.321,39.462,A,PHE104,N,59.749,15.884,38.017
Phase Boundary,YELLOW,5.25,2.808,False,A,TYR101,N,62.403,17.857,41.591,A,LEU102,N,59.749,17.212,42.243
Bound Backbone,BLUE,8.501,2.266,False,A,TYR101,O,60.24,15.172,41.387,A,LEU102,N,59.749,17.212,42.243
Thermal Noise,RED,3.322,3.609,False,A,TYR101,O,60.24,15.172,41.387,A,LEU102,O,57.07,16.317,40.096
Thermal Noise,RED,3.754,3.485,False,A,TYR101,O,60.24,15.172,41.387,A,PHE103,N,58.7,17.84,39.758
Bound Backbone,BLUE,5.28,3.479,False,A,TYR101,O,60.24,15.172,41.387,A,PHE104,N,59.749,15.884,38.017
Phase Boundary,YELLOW,4.306,3.513,False,A,TYR101,O,60.24,15.172,41.387,A,TYR105,N,58.506,13.448,38.864
Bound Backbone,BLUE,7.47,2.536,False,A,TYR101,OH,61.333,11.884,46.704,A,TYR155,O,59.236,11.956,48.129
Bound Backbone,BLUE,5.982,2.759,False,A,TYR101,OH,61.333,11.884,46.704,A,HOH518,O,62.127,9.575,45.419
Bound Backbone,BLUE,7.891,2.769,False,A,LEU102,N,59.749,17.212,42.243,A,PHE103,N,58.7,17.84,39.758
Bound Backbone,BLUE,7.974,2.256,False,A,LEU102,O,57.07,16.317,40.096,A,PHE103,N,58.7,17.84,39.758
Bound Backbone,BLUE,5.567,3.392,False,A,LEU102,O,57.07,16.317,40.096,A,PHE103,O,57.866,16.197,36.801
Phase Boundary,YELLOW,4.23,3.419,False,A,LEU102,O,57.07,16.317,40.096,A,PHE104,N,59.749,15.884,38.017
Thermal Noise,RED,3.665,3.437,False,A,LEU102,O,57.07,16.317,40.096,A,TYR105,N,58.506,13.448,38.864
Bound Backbone,BLUE,6.002,2.789,False,A,LEU102,O,57.07,16.317,40.096,A,ASP106,N,55.819,14.274,38.667
Bound Backbone,BLUE,6.248,2.821,False,A,PHE103,N,58.7,17.84,39.758,A,PHE104,N,59.749,15.884,38.017
Bound Backbone,BLUE,9.248,2.263,False,A,PHE103,O,57.866,16.197,36.801,A,PHE104,N,59.749,15.884,38.017
Thermal Noise,RED,3.843,3.229,False,A,PHE103,O,57.866,16.197,36.801,A,PHE104,O,58.385,13.013,36.662
Thermal Noise,RED,4.0,3.496,False,A,PHE103,O,57.866,16.197,36.801,A,TYR105,N,58.506,13.448,38.864
Phase Boundary,YELLOW,4.206,3.372,False,A,PHE103,O,57.866,16.197,36.801,A,ASP106,N,55.819,14.274,38.667
Phase Boundary,YELLOW,4.591,3.035,False,A,PHE103,O,57.866,16.197,36.801,A,LYS107,N,55.48,14.555,35.893
Phase Boundary,YELLOW,5.155,2.863,False,A,PHE104,N,59.749,15.884,38.017,A,TYR105,N,58.506,13.448,38.864
Bound Backbone,BLUE,12.758,2.248,False,A,PHE104,O,58.385,13.013,36.662,A,TYR105,N,58.506,13.448,38.864
Thermal Noise,RED,3.454,3.608,False,A,PHE104,O,58.385,13.013,36.662,A,TYR105,O,55.264,12.145,38.25
Thermal Noise,RED,3.97,3.492,False,A,PHE104,O,58.385,13.013,36.662,A,ASP106,N,55.819,14.274,38.667
Thermal Noise,RED,3.624,3.378,False,A,PHE104,O,58.385,13.013,36.662,A,LYS107,N,55.48,14.555,35.893
Phase Boundary,YELLOW,4.86,3.124,False,A,PHE104,O,58.385,13.013,36.662,A,LEU108,N,55.978,11.951,34.978
Phase Boundary,YELLOW,5.055,2.818,False,A,TYR105,N,58.506,13.448,38.864,A,ASP106,N,55.819,14.274,38.667
Bound Backbone,BLUE,8.157,2.239,False,A,TYR105,O,55.264,12.145,38.25,A,ASP106,N,55.819,14.274,38.667
Phase Boundary,YELLOW,4.85,3.203,False,A,TYR105,O,55.264,12.145,38.25,A,ASP106,O,53.379,13.813,36.269
Phase Boundary,YELLOW,4.594,3.378,False,A,TYR105,O,55.264,12.145,38.25,A,LYS107,N,55.48,14.555,35.893
Bound Backbone,BLUE,5.709,3.355,False,A,TYR105,O,55.264,12.145,38.25,A,LEU108,N,55.978,11.951,34.978
Bound Backbone,BLUE,6.471,2.838,False,A,TYR105,O,55.264,12.145,38.25,A,GLU109,N,53.984,10.535,36.295
Bound Backbone,BLUE,9.194,2.656,False,A,TYR105,OH,61.782,9.34,42.796,A,HOH518,O,62.127,9.575,45.419
Bound Backbone,BLUE,8.222,2.809,False,A,ASP106,N,55.819,14.274,38.667,A,LYS107,N,55.48,14.555,35.893
Bound Backbone,BLUE,7.976,2.26,False,A,ASP106,O,53.379,13.813,36.269,A,LYS107,N,55.48,14.555,35.893
Phase Boundary,YELLOW,4.931,3.44,False,A,ASP106,O,53.379,13.813,36.269,A,LYS107,O,54.465,12.349,33.352
Thermal Noise,RED,3.667,3.448,False,A,ASP106,O,53.379,13.813,36.269,A,LEU108,N,55.978,11.951,34.978
Thermal Noise,RED,3.602,3.333,False,A,ASP106,O,53.379,13.813,36.269,A,GLU109,N,53.984,10.535,36.295
Bound Backbone,BLUE,5.413,2.846,False,A,ASP106,O,53.379,13.813,36.269,A,LYS110,N,51.68,11.814,35.165
Phase Boundary,YELLOW,4.212,3.648,False,A,ASP106,OD1,52.127,16.578,38.142,A,LYS110,NZ,51.061,18.525,35.247
Bound Backbone,BLUE,6.426,2.896,False,A,ASP106,OD1,52.127,16.578,38.142,A,ASN290,ND2,50.618,15.335,40.278
Thermal Noise,RED,2.911,3.746,False,A,ASP106,OD2,53.311,17.534,36.566,A,LYS107,N,55.48,14.555,35.893
Bound Backbone,BLUE,5.872,2.79,False,A,ASP106,OD2,53.311,17.534,36.566,A,LYS110,NZ,51.061,18.525,35.247
Thermal Noise,RED,2.688,3.962,False,A,ASP106,OD2,53.311,17.534,36.566,A,ASP141,O,52.938,21.304,35.405
Bound Backbone,BLUE,6.82,3.049,False,A,ASP106,OD2,53.311,17.534,36.566,A,HOH561,O,54.16,17.349,33.643
Bound Backbone,BLUE,5.445,2.721,False,A,ASP106,OD2,53.311,17.534,36.566,A,HOH620,O,55.015,19.635,36.273
Bound Backbone,BLUE,5.432,2.805,False,A,LYS107,N,55.48,14.555,35.893,A,LEU108,N,55.978,11.951,34.978
Thermal Noise,RED,3.343,3.822,False,A,LYS107,N,55.48,14.555,35.893,A,HOH561,O,54.16,17.349,33.643
Bound Backbone,BLUE,10.458,2.256,False,A,LYS107,O,54.465,12.349,33.352,A,LEU108,N,55.978,11.951,34.978
Thermal Noise,RED,3.709,3.401,False,A,LYS107,O,54.465,12.349,33.352,A,LEU108,O,53.911,9.194,34.494
Phase Boundary,YELLOW,4.771,3.49,False,A,LYS107,O,54.465,12.349,33.352,A,GLU109,N,53.984,10.535,36.295
Phase Boundary,YELLOW,4.185,3.366,False,A,LYS107,O,54.465,12.349,33.352,A,LYS110,N,51.68,11.814,35.165
Phase Boundary,YELLOW,4.79,2.977,False,A,LYS107,O,54.465,12.349,33.352,A,ALA111,N,51.935,11.077,32.435
Phase Boundary,YELLOW,4.924,2.99,False,A,LYS107,NZ,56.292,17.813,31.752,A,THR139,O,53.55,17.68,30.567
Phase Boundary,YELLOW,4.859,2.871,False,A,LYS107,NZ,56.292,17.813,31.752,A,ASP141,OD1,55.952,20.662,31.653
Thermal Noise,RED,4.017,3.736,False,A,LYS107,NZ,56.292,17.813,31.752,A,ASN177,ND2,56.161,20.081,28.786
Bound Backbone,BLUE,8.425,2.787,False,A,LYS107,NZ,56.292,17.813,31.752,A,ASN177,OD1,56.154,17.849,28.969
Bound Backbone,BLUE,6.111,2.887,False,A,LYS107,NZ,56.292,17.813,31.752,A,HOH561,O,54.16,17.349,33.643
Bound Backbone,BLUE,5.929,2.778,False,A,LEU108,N,55.978,11.951,34.978,A,GLU109,N,53.984,10.535,36.295
Thermal Noise,RED,3.733,3.728,False,A,LEU108,N,55.978,11.951,34.978,A,MET220,SD,58.619,11.279,32.434
Bound Backbone,BLUE,11.172,2.247,False,A,LEU108,O,53.911,9.194,34.494,A,GLU109,N,53.984,10.535,36.295
Thermal Noise,RED,3.5,3.464,False,A,LEU108,O,53.911,9.194,34.494,A,GLU109,O,50.646,9.836,35.455
Thermal Noise,RED,3.332,3.506,False,A,LEU108,O,53.911,9.194,34.494,A,LYS110,N,51.68,11.814,35.165
Phase Boundary,YELLOW,4.214,3.419,False,A,LEU108,O,53.911,9.194,34.494,A,ALA111,N,51.935,11.077,32.435
Phase Boundary,YELLOW,5.07,3.081,False,A,LEU108,O,53.911,9.194,34.494,A,ASN112,N,51.514,8.343,32.755
Bound Backbone,BLUE,5.349,2.867,False,A,GLU109,N,53.984,10.535,36.295,A,LYS110,N,51.68,11.814,35.165
Bound Backbone,BLUE,7.984,2.251,False,A,GLU109,O,50.646,9.836,35.455,A,LYS110,N,51.68,11.814,35.165
Phase Boundary,YELLOW,4.896,3.503,False,A,GLU109,O,50.646,9.836,35.455,A,LYS110,O,49.682,11.132,32.347
Phase Boundary,YELLOW,4.778,3.51,False,A,GLU109,O,50.646,9.836,35.455,A,ALA111,N,51.935,11.077,32.435
Bound Backbone,BLUE,5.655,3.205,False,A,GLU109,O,50.646,9.836,35.455,A,ASN112,N,51.514,8.343,32.755
Bound Backbone,BLUE,6.497,2.724,False,A,GLU109,O,50.646,9.836,35.455,A,TYR113,N,48.945,8.372,33.912
Bound Backbone,BLUE,5.806,3.019,False,A,GLU109,O,50.646,9.836,35.455,A,ASN290,O,48.833,10.936,37.604
Bound Backbone,BLUE,5.956,2.948,False,A,GLU109,O,50.646,9.836,35.455,A,HOH521,O,49.681,7.899,37.457
Bound Backbone,BLUE,7.018,2.728,False,A,GLU109,OE1,51.584,8.402,39.346,A,HOH521,O,49.681,7.899,37.457
Bound Backbone,BLUE,6.089,2.838,False,A,GLU109,OE2,53.345,8.271,40.65,A,LYS154,NZ,52.976,6.02,42.338
Bound Backbone,BLUE,6.259,2.6,False,A,GLU109,OE2,53.345,8.271,40.65,A,TYR155,OH,55.825,8.302,41.431
Bound Backbone,BLUE,7.886,2.839,False,A,LYS110,N,51.68,11.814,35.165,A,ALA111,N,51.935,11.077,32.435
Thermal Noise,RED,3.389,3.85,False,A,LYS110,N,51.68,11.814,35.165,A,ASN290,O,48.833,10.936,37.604
Bound Backbone,BLUE,7.875,2.255,False,A,LYS110,O,49.682,11.132,32.347,A,ALA111,N,51.935,11.077,32.435
Phase Boundary,YELLOW,4.163,3.329,False,A,LYS110,O,49.682,11.132,32.347,A,ALA111,O,50.539,8.36,30.714
Thermal Noise,RED,3.574,3.362,False,A,LYS110,O,49.682,11.132,32.347,A,ASN112,N,51.514,8.343,32.755
Phase Boundary,YELLOW,4.326,3.257,False,A,LYS110,O,49.682,11.132,32.347,A,TYR113,N,48.945,8.372,33.912
Phase Boundary,YELLOW,4.956,2.879,False,A,LYS110,O,49.682,11.132,32.347,A,PHE114,N,47.505,9.342,31.759
Bound Backbone,BLUE,5.748,2.665,False,A,LYS110,O,49.682,11.132,32.347,A,HOH619,O,47.973,13.121,31.87
Bound Backbone,BLUE,7.861,2.827,False,A,LYS110,NZ,51.061,18.525,35.247,A,GLU140,O,51.795,19.067,32.571
Thermal Noise,RED,3.556,3.357,False,A,LYS110,NZ,51.061,18.525,35.247,A,ASP141,O,52.938,21.304,35.405
Bound Backbone,BLUE,5.9,2.609,False,A,LYS110,NZ,51.061,18.525,35.247,A,GLY142,O,49.783,20.791,35.448
Thermal Noise,RED,3.308,3.682,False,A,LYS110,NZ,51.061,18.525,35.247,A,HOH561,O,54.16,17.349,33.643
Phase Boundary,YELLOW,5.204,2.785,False,A,ALA111,N,51.935,11.077,32.435,A,ASN112,N,51.514,8.343,32.755
Bound Backbone,BLUE,11.874,2.262,False,A,ALA111,O,50.539,8.36,30.714,A,ASN112,N,51.514,8.343,32.755
Thermal Noise,RED,4.056,3.491,False,A,ALA111,O,50.539,8.36,30.714,A,ASN112,O,48.555,6.424,32.836
Phase Boundary,YELLOW,4.732,3.573,False,A,ALA111,O,50.539,8.36,30.714,A,TYR113,N,48.945,8.372,33.912
Thermal Noise,RED,3.773,3.356,False,A,ALA111,O,50.539,8.36,30.714,A,PHE114,N,47.505,9.342,31.759
Thermal Noise,RED,3.541,3.412,False,A,ALA111,O,50.539,8.36,30.714,A,LEU115,N,47.451,7.112,29.974
Bound Backbone,BLUE,5.582,2.818,False,A,ASN112,N,51.514,8.343,32.755,A,TYR113,N,48.945,8.372,33.912
Bound Backbone,BLUE,8.972,2.259,False,A,ASN112,O,48.555,6.424,32.836,A,TYR113,N,48.945,8.372,33.912
Thermal Noise,RED,3.294,3.489,False,A,ASN112,O,48.555,6.424,32.836,A,TYR113,O,45.67,8.377,32.646
Thermal Noise,RED,3.968,3.283,False,A,ASN112,O,48.555,6.424,32.836,A,PHE114,N,47.505,9.342,31.759
Bound Backbone,BLUE,6.185,3.144,False,A,ASN112,O,48.555,6.424,32.836,A,LEU115,N,47.451,7.112,29.974
Thermal Noise,RED,4.061,3.329,False,A,ASN112,O,48.555,6.424,32.836,A,ASP116,N,45.748,5.406,31.365
Thermal Noise,RED,3.029,3.967,False,A,ASN112,ND2,50.143,5.276,36.083,A,TYR113,N,48.945,8.372,33.912
Phase Boundary,YELLOW,5.052,2.997,False,A,ASN112,ND2,50.143,5.276,36.083,A,HOH521,O,49.681,7.899,37.457
Bound Backbone,BLUE,5.677,2.748,False,A,ASN112,OD1,51.083,4.31,34.292,A,GLN213,NE2,52.393,2.076,35.211
Thermal Noise,RED,3.259,3.662,False,A,ASN112,OD1,51.083,4.31,34.292,A,HOH690,O,49.34,1.406,32.9
Bound Backbone,BLUE,7.249,2.766,False,A,TYR113,N,48.945,8.372,33.912,A,PHE114,N,47.505,9.342,31.759
Phase Boundary,YELLOW,4.802,3.651,False,A,TYR113,N,48.945,8.372,33.912,A,HOH521,O,49.681,7.899,37.457
Bound Backbone,BLUE,8.645,2.255,False,A,TYR113,O,45.67,8.377,32.646,A,PHE114,N,47.505,9.342,31.759
Bound Backbone,BLUE,5.521,3.432,False,A,TYR113,O,45.67,8.377,32.646,A,PHE114,O,45.483,7.95,29.246
Phase Boundary,YELLOW,4.641,3.451,False,A,TYR113,O,45.67,8.377,32.646,A,LEU115,N,47.451,7.112,29.974
Phase Boundary,YELLOW,4.202,3.236,False,A,TYR113,O,45.67,8.377,32.646,A,ASP116,N,45.748,5.406,31.365
Bound Backbone,BLUE,5.31,2.917,False,A,TYR113,O,45.67,8.377,32.646,A,GLN117,N,43.451,7.013,31.333
Thermal Noise,RED,3.698,3.849,False,A,TYR113,OH,42.421,11.63,36.725,A,GLN117,NE2,41.206,9.449,33.796
Bound Backbone,BLUE,6.902,2.45,False,A,TYR113,OH,42.421,11.63,36.725,A,ARG287,O,41.797,13.928,36.148
Phase Boundary,YELLOW,5.004,3.6,False,A,TYR113,OH,42.421,11.63,36.725,A,HOH721,O,42.664,12.144,40.28
Thermal Noise,RED,2.949,3.709,False,A,TYR113,OH,42.421,11.63,36.725,A,HOH914,O,39.3,9.702,36.177
Bound Backbone,BLUE,6.121,2.857,False,A,PHE114,N,47.505,9.342,31.759,A,LEU115,N,47.451,7.112,29.974
Thermal Noise,RED,2.759,3.809,False,A,PHE114,N,47.505,9.342,31.759,A,HOH619,O,47.973,13.121,31.87
Thermal Noise,RED,2.64,3.963,False,A,PHE114,N,47.505,9.342,31.759,A,HOH703,O,45.347,12.529,30.816
Bound Backbone,BLUE,8.357,2.259,False,A,PHE114,O,45.483,7.95,29.246,A,LEU115,N,47.451,7.112,29.974
Thermal Noise,RED,3.604,3.334,False,A,PHE114,O,45.483,7.95,29.246,A,LEU115,O,45.069,4.644,29.359
Phase Boundary,YELLOW,4.567,3.321,False,A,PHE114,O,45.483,7.95,29.246,A,ASP116,N,45.748,5.406,31.365
Bound Backbone,BLUE,5.54,3.06,False,A,PHE114,O,45.483,7.95,29.246,A,GLN117,N,43.451,7.013,31.333
Phase Boundary,YELLOW,5.19,2.814,False,A,PHE114,O,45.483,7.95,29.246,A,ILE118,N,42.908,6.975,28.663
Bound Backbone,BLUE,5.988,2.783,False,A,LEU115,N,47.451,7.112,29.974,A,ASP116,N,45.748,5.406,31.365
Bound Backbone,BLUE,11.894,2.251,False,A,LEU115,O,45.069,4.644,29.359,A,ASP116,N,45.748,5.406,31.365
Thermal Noise,RED,3.894,3.531,False,A,LEU115,O,45.069,4.644,29.359,A,ASP116,O,42.229,5.117,31.404
Thermal Noise,RED,3.975,3.482,False,A,LEU115,O,45.069,4.644,29.359,A,GLN117,N,43.451,7.013,31.333
Thermal Noise,RED,3.89,3.254,False,A,LEU115,O,45.069,4.644,29.359,A,ILE118,N,42.908,6.975,28.663
Phase Boundary,YELLOW,5.066,2.943,False,A,LEU115,O,45.069,4.644,29.359,A,VAL119,N,42.383,4.274,28.215
Phase Boundary,YELLOW,5.092,2.804,False,A,ASP116,N,45.748,5.406,31.365,A,GLN117,N,43.451,7.013,31.333
Thermal Noise,RED,3.056,3.821,False,A,ASP116,N,45.748,5.406,31.365,A,ARG209,NH2,45.82,1.948,32.99
Bound Backbone,BLUE,7.863,2.257,False,A,ASP116,O,42.229,5.117,31.404,A,GLN117,N,43.451,7.013,31.333
Phase Boundary,YELLOW,4.075,3.522,False,A,ASP116,O,42.229,5.117,31.404,A,GLN117,O,40.767,7.383,29.138
Phase Boundary,YELLOW,4.968,3.38,False,A,ASP116,O,42.229,5.117,31.404,A,ILE118,N,42.908,6.975,28.663
Bound Backbone,BLUE,5.849,3.302,False,A,ASP116,O,42.229,5.117,31.404,A,VAL119,N,42.383,4.274,28.215
Bound Backbone,BLUE,5.801,2.862,False,A,ASP116,O,42.229,5.117,31.404,A,SER120,N,40.122,3.961,29.849
Thermal Noise,RED,3.718,3.284,False,A,ASP116,O,42.229,5.117,31.404,A,SER120,OG,39.136,6.207,31.57
Thermal Noise,RED,3.329,3.82,False,A,ASP116,OD1,43.681,3.194,34.319,A,ARG209,NH1,44.594,0.217,32.107
Bound Backbone,BLUE,5.791,2.81,False,A,ASP116,OD1,43.681,3.194,34.319,A,ARG209,NH2,45.82,1.948,32.99
Bound Backbone,BLUE,6.619,2.931,False,A,ASP116,OD1,43.681,3.194,34.319,A,HOH725,O,43.224,1.55,36.702
Bound Backbone,BLUE,8.683,2.725,False,A,GLN117,N,43.451,7.013,31.333,A,ILE118,N,42.908,6.975,28.663
Bound Backbone,BLUE,8.275,2.231,False,A,GLN117,O,40.767,7.383,29.138,A,ILE118,N,42.908,6.975,28.663
Phase Boundary,YELLOW,4.388,3.474,False,A,GLN117,O,40.767,7.383,29.138,A,ILE118,O,40.892,4.95,26.661
Thermal Noise,RED,3.174,3.623,False,A,GLN117,O,40.767,7.383,29.138,A,VAL119,N,42.383,4.274,28.215
Thermal Noise,RED,3.249,3.554,False,A,GLN117,O,40.767,7.383,29.138,A,SER120,N,40.122,3.961,29.849
Bound Backbone,BLUE,5.538,3.156,False,A,GLN117,O,40.767,7.383,29.138,A,SER120,OG,39.136,6.207,31.57
Phase Boundary,YELLOW,4.202,3.132,False,A,GLN117,O,40.767,7.383,29.138,A,SER121,N,38.278,5.608,28.457
Bound Backbone,BLUE,6.539,2.913,False,A,GLN117,O,40.767,7.383,29.138,A,SER121,OG,39.034,7.959,26.869
Bound Backbone,BLUE,7.714,2.494,False,A,GLN117,O,40.767,7.383,29.138,A,HOH915,O,38.981,8.424,30.534
Thermal Noise,RED,3.244,3.82,False,A,GLN117,NE2,41.206,9.449,33.796,A,ARG287,NH1,38.077,10.228,31.747
Bound Backbone,BLUE,5.919,3.06,False,A,GLN117,NE2,41.206,9.449,33.796,A,HOH914,O,39.3,9.702,36.177
Phase Boundary,YELLOW,4.382,3.067,False,A,GLN117,OE1,40.913,11.187,32.413,A,ARG287,NH1,38.077,10.228,31.747
Phase Boundary,YELLOW,4.095,3.127,False,A,GLN117,OE1,40.913,11.187,32.413,A,HOH559,O,43.202,13.316,32.347
Thermal Noise,RED,3.092,3.86,False,A,GLN117,OE1,40.913,11.187,32.413,A,HOH915,O,38.981,8.424,30.534
Phase Boundary,YELLOW,5.234,2.788,False,A,ILE118,N,42.908,6.975,28.663,A,VAL119,N,42.383,4.274,28.215
Bound Backbone,BLUE,10.224,2.257,False,A,ILE118,O,40.892,4.95,26.661,A,VAL119,N,42.383,4.274,28.215
Phase Boundary,YELLOW,4.339,3.265,False,A,ILE118,O,40.892,4.95,26.661,A,VAL119,O,39.438,2.514,28.278
Bound Backbone,BLUE,5.29,3.426,False,A,ILE118,O,40.892,4.95,26.661,A,SER120,N,40.122,3.961,29.849
Phase Boundary,YELLOW,4.561,3.239,False,A,ILE118,O,40.892,4.95,26.661,A,SER121,N,38.278,5.608,28.457
Thermal Noise,RED,3.196,3.543,False,A,ILE118,O,40.892,4.95,26.661,A,SER121,OG,39.034,7.959,26.869
Phase Boundary,YELLOW,4.334,3.079,False,A,ILE118,O,40.892,4.95,26.661,A,ALA122,N,37.923,4.431,26.033
Bound Backbone,BLUE,8.019,2.613,False,A,ILE118,O,40.892,4.95,26.661,A,HOH564,O,40.239,6.517,24.675
Bound Backbone,BLUE,6.174,2.807,False,A,VAL119,N,42.383,4.274,28.215,A,SER120,N,40.122,3.961,29.849
Bound Backbone,BLUE,10.441,2.243,False,A,VAL119,O,39.438,2.514,28.278,A,SER120,N,40.122,3.961,29.849
Thermal Noise,RED,2.981,3.795,False,A,VAL119,O,39.438,2.514,28.278,A,SER120,O,36.574,4.648,29.56
Thermal Noise,RED,3.661,3.309,False,A,VAL119,O,39.438,2.514,28.278,A,SER121,N,38.278,5.608,28.457
Phase Boundary,YELLOW,4.694,3.318,False,A,VAL119,O,39.438,2.514,28.278,A,ALA122,N,37.923,4.431,26.033
Phase Boundary,YELLOW,4.75,2.909,False,A,VAL119,O,39.438,2.514,28.278,A,HOH806,O,37.809,0.116,28.04
Bound Backbone,BLUE,5.732,2.837,False,A,SER120,N,40.122,3.961,29.849,A,SER121,N,38.278,5.608,28.457
Bound Backbone,BLUE,9.157,2.245,False,A,SER120,O,36.574,4.648,29.56,A,SER121,N,38.278,5.608,28.457
Phase Boundary,YELLOW,4.345,3.782,False,A,SER120,O,36.574,4.648,29.56,A,ALA122,N,37.923,4.431,26.033
Phase Boundary,YELLOW,4.558,3.452,False,A,SER120,O,36.574,4.648,29.56,A,ASP123,OD1,34.289,4.749,26.975
Phase Boundary,YELLOW,4.304,3.164,False,A,SER120,O,36.574,4.648,29.56,A,HOH766,O,35.342,7.348,30.656
Thermal Noise,RED,3.077,3.724,False,A,SER120,O,36.574,4.648,29.56,A,HOH767,O,34.099,7.157,28.356
Bound Backbone,BLUE,6.187,2.97,False,A,SER120,O,36.574,4.648,29.56,A,HOH807,O,35.171,3.303,31.806
Bound Backbone,BLUE,5.832,3.284,False,A,SER120,OG,39.136,6.207,31.57,A,SER121,N,38.278,5.608,28.457
Bound Backbone,BLUE,7.412,2.452,False,A,SER120,OG,39.136,6.207,31.57,A,HOH915,O,38.981,8.424,30.534
Bound Backbone,BLUE,8.16,2.718,False,A,SER121,N,38.278,5.608,28.457,A,ALA122,N,37.923,4.431,26.033
Thermal Noise,RED,3.819,3.569,False,A,SER121,N,38.278,5.608,28.457,A,HOH915,O,38.981,8.424,30.534
Bound Backbone,BLUE,8.685,2.25,False,A,SER121,O,36.97,6.267,25.149,A,ALA122,N,37.923,4.431,26.033
Thermal Noise,RED,3.27,3.854,False,A,SER121,O,36.97,6.267,25.149,A,ALA122,O,36.619,3.145,22.917
Phase Boundary,YELLOW,4.354,3.041,False,A,SER121,O,36.97,6.267,25.149,A,ASP123,N,35.602,3.567,24.859
Thermal Noise,RED,3.636,3.581,False,A,SER121,O,36.97,6.267,25.149,A,ASP123,OD1,34.289,4.749,26.975
Phase Boundary,YELLOW,5.251,2.968,False,A,SER121,O,36.97,6.267,25.149,A,GLN124,N,34.455,5.694,23.681
Phase Boundary,YELLOW,4.329,3.828,False,A,SER121,O,36.97,6.267,25.149,A,GLN124,O,35.905,6.49,21.479
Phase Boundary,YELLOW,4.715,3.519,False,A,SER121,O,36.97,6.267,25.149,A,ARG192,NH1,38.824,6.176,22.159
Thermal Noise,RED,3.695,3.313,False,A,SER121,O,36.97,6.267,25.149,A,HOH564,O,40.239,6.517,24.675
Thermal Noise,RED,2.869,3.792,False,A,SER121,OG,39.034,7.959,26.869,A,ALA122,N,37.923,4.431,26.033
Bound Backbone,BLUE,6.556,2.889,False,A,SER121,OG,39.034,7.959,26.869,A,HOH564,O,40.239,6.517,24.675
Phase Boundary,YELLOW,4.767,3.695,False,A,SER121,OG,39.034,7.959,26.869,A,HOH915,O,38.981,8.424,30.534
Bound Backbone,BLUE,5.95,2.741,False,A,ALA122,N,37.923,4.431,26.033,A,ASP123,N,35.602,3.567,24.859
Thermal Noise,RED,2.932,3.768,False,A,ALA122,N,37.923,4.431,26.033,A,ASP123,OD1,34.289,4.749,26.975
Thermal Noise,RED,3.814,3.4,False,A,ALA122,N,37.923,4.431,26.033,A,HOH564,O,40.239,6.517,24.675
Bound Backbone,BLUE,11.897,2.232,False,A,ALA122,O,36.619,3.145,22.917,A,ASP123,N,35.602,3.567,24.859
Thermal Noise,RED,2.558,3.96,False,A,ALA122,O,36.619,3.145,22.917,A,ASP123,O,32.886,4.444,22.675
Thermal Noise,RED,3.509,3.43,False,A,ALA122,O,36.619,3.145,22.917,A,GLN124,N,34.455,5.694,23.681
Thermal Noise,RED,3.185,3.71,False,A,ALA122,O,36.619,3.145,22.917,A,GLN124,O,35.905,6.49,21.479
Thermal Noise,RED,2.805,3.824,False,A,ALA122,O,36.619,3.145,22.917,A,ARG192,NH1,38.824,6.176,22.159
Bound Backbone,BLUE,6.248,3.105,False,A,ALA122,O,36.619,3.145,22.917,A,HOH565,O,35.21,3.123,20.15
Thermal Noise,RED,3.331,3.467,False,A,ALA122,O,36.619,3.145,22.917,A,HOH719,O,37.065,-0.292,22.812
Phase Boundary,YELLOW,4.979,3.072,False,A,ALA122,O,36.619,3.145,22.917,A,HOH805,O,38.911,1.878,21.312
Bound Backbone,BLUE,6.214,2.688,False,A,ASP123,N,35.602,3.567,24.859,A,GLN124,N,34.455,5.694,23.681
Bound Backbone,BLUE,8.963,2.244,False,A,ASP123,O,32.886,4.444,22.675,A,GLN124,N,34.455,5.694,23.681
Thermal Noise,RED,2.885,3.838,False,A,ASP123,O,32.886,4.444,22.675,A,GLN124,O,35.905,6.49,21.479
Thermal Noise,RED,3.848,3.677,False,A,ASP123,O,32.886,4.444,22.675,A,HOH565,O,35.21,3.123,20.15
Bound Backbone,BLUE,5.394,3.431,False,A,ASP123,OD1,34.289,4.749,26.975,A,GLN124,N,34.455,5.694,23.681
Bound Backbone,BLUE,5.98,2.782,False,A,ASP123,OD1,34.289,4.749,26.975,A,HOH767,O,34.099,7.157,28.356
Thermal Noise,RED,3.638,3.901,False,A,ASP123,OD2,32.127,4.902,26.71,A,GLN124,N,34.455,5.694,23.681
Thermal Noise,RED,3.931,3.418,False,A,ASP123,OD2,32.127,4.902,26.71,A,HOH767,O,34.099,7.157,28.356
Phase Boundary,YELLOW,4.316,3.638,False,A,GLN124,N,34.455,5.694,23.681,A,ASP125,N,34.23,7.766,20.699
Bound Backbone,BLUE,8.547,2.245,False,A,GLN124,O,35.905,6.49,21.479,A,ASP125,N,34.23,7.766,20.699
Thermal Noise,RED,3.82,3.336,False,A,GLN124,O,35.905,6.49,21.479,A,ASP125,O,36.225,9.642,20.434
Thermal Noise,RED,3.996,3.713,False,A,GLN124,O,35.905,6.49,21.479,A,ILE126,N,37.03,8.58,18.624
Phase Boundary,YELLOW,4.55,3.014,False,A,GLN124,O,35.905,6.49,21.479,A,ARG192,NH1,38.824,6.176,22.159
Bound Backbone,BLUE,5.524,2.919,False,A,GLN124,O,35.905,6.49,21.479,A,ARG192,NH2,38.309,5.873,19.942
Thermal Noise,RED,3.189,3.686,False,A,GLN124,O,35.905,6.49,21.479,A,HOH565,O,35.21,3.123,20.15
Thermal Noise,RED,3.667,3.31,False,A,GLN124,NE2,33.005,10.348,25.251,A,HOH626,O,33.18,13.643,24.986
Bound Backbone,BLUE,6.695,2.639,False,A,GLN124,OE1,34.037,9.427,27.011,A,HOH767,O,34.099,7.157,28.356
Thermal Noise,RED,3.793,3.579,False,A,ASP125,N,34.23,7.766,20.699,A,ILE126,N,37.03,8.58,18.624
Phase Boundary,YELLOW,4.738,2.957,False,A,ASP125,N,34.23,7.766,20.699,A,HOH585,O,31.701,9.132,21.392
Bound Backbone,BLUE,11.191,2.248,False,A,ASP125,O,36.225,9.642,20.434,A,ILE126,N,37.03,8.58,18.624
Thermal Noise,RED,3.631,3.458,False,A,ASP125,O,36.225,9.642,20.434,A,ILE126,O,38.811,11.558,19.168
Bound Backbone,BLUE,5.738,3.173,False,A,ASP125,O,36.225,9.642,20.434,A,ASP127,N,37.088,11.163,17.787
Phase Boundary,YELLOW,4.669,2.981,False,A,ASP125,O,36.225,9.642,20.434,A,SER128,N,35.612,12.47,19.719
Bound Backbone,BLUE,7.459,2.687,False,A,ASP125,O,36.225,9.642,20.434,A,SER128,OG,35.644,11.363,22.414
Thermal Noise,RED,2.853,3.747,False,A,ASP125,OD2,31.954,8.564,17.217,A,ASP127,OD1,33.658,11.898,17.083
Thermal Noise,RED,3.137,3.705,False,A,ASP125,OD2,31.954,8.564,17.217,A,ASP127,OD2,34.874,10.45,15.934
Bound Backbone,BLUE,5.754,2.716,False,A,ILE126,N,37.03,8.58,18.624,A,ASP127,N,37.088,11.163,17.787
Thermal Noise,RED,3.381,3.922,False,A,ILE126,N,37.03,8.58,18.624,A,ASP127,OD2,34.874,10.45,15.934
Phase Boundary,YELLOW,4.126,3.271,False,A,ILE126,N,37.03,8.58,18.624,A,ARG192,NH2,38.309,5.873,19.942
Bound Backbone,BLUE,5.361,2.969,False,A,ILE126,N,37.03,8.58,18.624,A,HOH632,O,36.592,6.106,17.043
Bound Backbone,BLUE,9.872,2.243,False,A,ILE126,O,38.811,11.558,19.168,A,ASP127,N,37.088,11.163,17.787
Thermal Noise,RED,3.58,3.372,False,A,ILE126,O,38.811,11.558,19.168,A,SER128,N,35.612,12.47,19.719
Phase Boundary,YELLOW,5.14,2.843,False,A,ILE126,O,38.811,11.558,19.168,A,GLN132,NE2,40.91,13.345,18.473
Bound Backbone,BLUE,6.89,2.76,False,A,ASP127,N,37.088,11.163,17.787,A,SER128,N,35.612,12.47,19.719
Bound Backbone,BLUE,9.292,2.245,False,A,ASP127,O,35.588,14.392,18.56,A,SER128,N,35.612,12.47,19.719
Bound Backbone,BLUE,6.009,3.201,False,A,ASP127,O,35.588,14.392,18.56,A,SER128,O,36.831,14.22,21.505
Phase Boundary,YELLOW,4.454,3.788,False,A,ASP127,O,35.588,14.392,18.56,A,ARG129,N,34.877,15.014,22.228
Phase Boundary,YELLOW,5.045,3.331,False,A,ASP127,OD1,33.658,11.898,17.083,A,SER128,N,35.612,12.47,19.719
Thermal Noise,RED,3.913,3.648,False,A,SER128,N,35.612,12.47,19.719,A,ARG129,N,34.877,15.014,22.228
Bound Backbone,BLUE,8.589,2.23,False,A,SER128,O,36.831,14.22,21.505,A,ARG129,N,34.877,15.014,22.228
Phase Boundary,YELLOW,4.717,3.44,False,A,SER128,O,36.831,14.22,21.505,A,ARG129,O,37.486,16.237,24.213
Bound Backbone,BLUE,5.594,3.373,False,A,SER128,O,36.831,14.22,21.505,A,LEU130,N,36.008,14.607,24.753
Phase Boundary,YELLOW,4.741,3.455,False,A,SER128,O,36.831,14.22,21.505,A,VAL131,N,38.014,12.558,24.294
Phase Boundary,YELLOW,4.885,2.941,False,A,SER128,O,36.831,14.22,21.505,A,GLN132,N,39.621,13.891,22.375
Thermal Noise,RED,2.873,3.735,False,A,SER128,OG,35.644,11.363,22.414,A,ARG129,N,34.877,15.014,22.228
Phase Boundary,YELLOW,4.587,3.253,False,A,SER128,OG,35.644,11.363,22.414,A,VAL131,N,38.014,12.558,24.294
Bound Backbone,BLUE,7.772,2.797,False,A,ARG129,N,34.877,15.014,22.228,A,LEU130,N,36.008,14.607,24.753
Phase Boundary,YELLOW,4.503,3.517,False,A,ARG129,N,34.877,15.014,22.228,A,HOH626,O,33.18,13.643,24.986
Phase Boundary,YELLOW,4.275,3.068,False,A,ARG129,N,34.877,15.014,22.228,A,HOH768,O,31.902,14.319,22.504
Bound Backbone,BLUE,8.079,2.266,False,A,ARG129,O,37.486,16.237,24.213,A,LEU130,N,36.008,14.607,24.753
Phase Boundary,YELLOW,4.223,3.258,False,A,ARG129,O,37.486,16.237,24.213,A,LEU130,O,39.231,13.878,25.63
Thermal Noise,RED,2.897,3.718,False,A,ARG129,O,37.486,16.237,24.213,A,VAL131,N,38.014,12.558,24.294
Thermal Noise,RED,3.454,3.666,False,A,ARG129,O,37.486,16.237,24.213,A,GLN132,N,39.621,13.891,22.375
Phase Boundary,YELLOW,4.64,2.948,False,A,ARG129,O,37.486,16.237,24.213,A,TYR133,N,40.412,16.079,23.886
Ligand Fluctuation Noise,RED,2.948,3.727,True,A,ARG129,NE,33.459,20.458,24.756,A,GOL1002,O1,35.178,23.688,25.463
Ligand Bound Core,BLUE,5.588,2.777,True,A,ARG129,NE,33.459,20.458,24.756,A,GOL1002,O2,35.85,21.491,23.794
Thermal Noise,RED,3.845,3.899,False,A,ARG129,NH2,32.754,22.501,25.56,A,TRP446,NE1,34.574,21.562,28.878
Ligand Bound Core,BLUE,5.491,2.701,True,A,ARG129,NH2,32.754,22.501,25.56,A,GOL1002,O1,35.178,23.688,25.463
Ligand Fluctuation Noise,RED,3.338,3.705,True,A,ARG129,NH2,32.754,22.501,25.56,A,GOL1002,O2,35.85,21.491,23.794
Phase Boundary,YELLOW,4.21,3.901,False,A,ARG129,NH2,32.754,22.501,25.56,A,HOH735,O,31.85,22.702,29.349
Phase Boundary,YELLOW,4.821,2.904,False,A,LEU130,N,36.008,14.607,24.753,A,VAL131,N,38.014,12.558,24.294
Phase Boundary,YELLOW,4.473,2.997,False,A,LEU130,N,36.008,14.607,24.753,A,HOH626,O,33.18,13.643,24.986
Bound Backbone,BLUE,9.803,2.238,False,A,LEU130,O,39.231,13.878,25.63,A,VAL131,N,38.014,12.558,24.294
Phase Boundary,YELLOW,4.768,3.312,False,A,LEU130,O,39.231,13.878,25.63,A,VAL131,O,41.386,12.862,23.329
Bound Backbone,BLUE,6.06,3.278,False,A,LEU130,O,39.231,13.878,25.63,A,GLN132,N,39.621,13.891,22.375
Phase Boundary,YELLOW,5.212,3.046,False,A,LEU130,O,39.231,13.878,25.63,A,TYR133,N,40.412,16.079,23.886
Phase Boundary,YELLOW,4.86,2.875,False,A,LEU130,O,39.231,13.878,25.63,A,LEU134,N,41.948,14.791,25.855
Bound Backbone,BLUE,6.427,2.836,False,A,VAL131,N,38.014,12.558,24.294,A,GLN132,N,39.621,13.891,22.375
Bound Backbone,BLUE,8.768,2.255,False,A,VAL131,O,41.386,12.862,23.329,A,GLN132,N,39.621,13.891,22.375
Thermal Noise,RED,3.251,3.55,False,A,VAL131,O,41.386,12.862,23.329,A,GLN132,O,42.282,16.228,22.644
Thermal Noise,RED,3.506,3.407,False,A,VAL131,O,41.386,12.862,23.329,A,TYR133,N,40.412,16.079,23.886
Bound Backbone,BLUE,5.339,3.228,False,A,VAL131,O,41.386,12.862,23.329,A,LEU134,N,41.948,14.791,25.855
Phase Boundary,YELLOW,4.356,3.132,False,A,VAL131,O,41.386,12.862,23.329,A,LEU135,N,44.133,13.967,24.349
Bound Backbone,BLUE,6.182,2.774,False,A,GLN132,N,39.621,13.891,22.375,A,TYR133,N,40.412,16.079,23.886
Bound Backbone,BLUE,9.44,2.25,False,A,GLN132,O,42.282,16.228,22.644,A,TYR133,N,40.412,16.079,23.886
Phase Boundary,YELLOW,5.194,3.496,False,A,GLN132,O,42.282,16.228,22.644,A,TYR133,O,43.151,16.692,25.998
Phase Boundary,YELLOW,4.889,3.534,False,A,GLN132,O,42.282,16.228,22.644,A,LEU134,N,41.948,14.791,25.855
Thermal Noise,RED,4.062,3.383,False,A,GLN132,O,42.282,16.228,22.644,A,LEU135,N,44.133,13.967,24.349
Phase Boundary,YELLOW,4.168,3.187,False,A,GLN132,O,42.282,16.228,22.644,A,ALA136,N,45.318,16.359,23.603
Thermal Noise,RED,3.682,3.388,False,A,GLN132,O,42.282,16.228,22.644,A,HOH734,O,41.209,19.28,21.637
Bound Backbone,BLUE,6.629,2.999,False,A,GLN132,OE1,41.563,15.484,18.467,A,HOH538,O,42.975,15.763,15.836
Bound Backbone,BLUE,6.653,2.81,False,A,TYR133,N,40.412,16.079,23.886,A,LEU134,N,41.948,14.791,25.855
Thermal Noise,RED,3.018,3.992,False,A,TYR133,N,40.412,16.079,23.886,A,HOH734,O,41.209,19.28,21.637
Bound Backbone,BLUE,7.896,2.254,False,A,TYR133,O,43.151,16.692,25.998,A,LEU134,N,41.948,14.791,25.855
Thermal Noise,RED,3.262,3.508,False,A,TYR133,O,43.151,16.692,25.998,A,LEU134,O,45.39,14.002,26.23
Phase Boundary,YELLOW,4.164,3.333,False,A,TYR133,O,43.151,16.692,25.998,A,LEU135,N,44.133,13.967,24.349
Phase Boundary,YELLOW,5.11,3.247,False,A,TYR133,O,43.151,16.692,25.998,A,ALA136,N,45.318,16.359,23.603
Bound Backbone,BLUE,6.897,2.631,False,A,TYR133,O,43.151,16.692,25.998,A,HOH558,O,45.079,17.745,27.445
Thermal Noise,RED,3.543,3.918,False,A,TYR133,OH,42.358,20.68,29.799,A,ILE445,O,39.826,20.144,32.74
Bound Backbone,BLUE,9.069,2.633,False,A,TYR133,OH,42.358,20.68,29.799,A,HOH525,O,42.573,19.866,32.294
Bound Backbone,BLUE,6.01,2.581,False,A,TYR133,OH,42.358,20.68,29.799,A,HOH675,O,42.095,23.247,29.753
Bound Backbone,BLUE,6.152,2.779,False,A,LEU134,N,41.948,14.791,25.855,A,LEU135,N,44.133,13.967,24.349
Bound Backbone,BLUE,11.255,2.263,False,A,LEU134,O,45.39,14.002,26.23,A,LEU135,N,44.133,13.967,24.349
Phase Boundary,YELLOW,4.343,3.53,False,A,LEU134,O,45.39,14.002,26.23,A,ALA136,N,45.318,16.359,23.603
Thermal Noise,RED,2.693,3.925,False,A,LEU134,O,45.39,14.002,26.23,A,PRO138,N,48.711,15.869,27.175
Thermal Noise,RED,2.723,3.948,False,A,LEU134,O,45.39,14.002,26.23,A,HOH558,O,45.079,17.745,27.445
Bound Backbone,BLUE,8.437,2.755,False,A,LEU134,O,45.39,14.002,26.23,A,HOH618,O,45.478,14.652,28.906
Bound Backbone,BLUE,5.449,2.772,False,A,LEU135,N,44.133,13.967,24.349,A,ALA136,N,45.318,16.359,23.603
Bound Backbone,BLUE,8.94,2.246,False,A,LEU135,O,47.03,15.306,22.601,A,ALA136,N,45.318,16.359,23.603
Thermal Noise,RED,3.543,3.438,False,A,LEU135,O,47.03,15.306,22.601,A,ALA136,O,48.103,18.437,23.533
Thermal Noise,RED,3.787,3.792,False,A,LEU135,O,47.03,15.306,22.601,A,ALA137,N,47.171,17.797,25.457
Bound Backbone,BLUE,6.17,2.862,False,A,LEU135,O,47.03,15.306,22.601,A,ARG185,NE,49.143,14.718,20.763
Phase Boundary,YELLOW,4.701,3.085,False,A,LEU135,O,47.03,15.306,22.601,A,ARG185,NH2,49.273,16.956,21.273
Bound Backbone,BLUE,5.573,2.99,False,A,ALA136,N,45.318,16.359,23.603,A,ALA137,N,47.171,17.797,25.457
Bound Backbone,BLUE,11.838,2.232,False,A,ALA136,O,48.103,18.437,23.533,A,ALA137,N,47.171,17.797,25.457
Bound Backbone,BLUE,6.347,2.944,False,A,ALA136,O,48.103,18.437,23.533,A,ARG185,NH2,49.273,16.956,21.273
Thermal Noise,RED,3.071,3.625,False,A,ALA136,O,48.103,18.437,23.533,A,HOH614,O,51.311,20.074,23.943
Phase Boundary,YELLOW,4.869,3.152,False,A,ALA136,O,48.103,18.437,23.533,A,HOH670,O,46.906,20.728,21.73
Bound Backbone,BLUE,5.347,3.007,False,A,ALA137,N,47.171,17.797,25.457,A,PRO138,N,48.711,15.869,27.175
Bound Backbone,BLUE,6.254,2.886,False,A,ALA137,N,47.171,17.797,25.457,A,HOH558,O,45.079,17.745,27.445
Bound Backbone,BLUE,9.825,2.253,False,A,ALA137,O,48.675,17.633,28.576,A,PRO138,N,48.711,15.869,27.175
Thermal Noise,RED,3.391,3.688,False,A,ALA137,O,48.675,17.633,28.576,A,PRO138,O,49.927,14.671,30.382
Phase Boundary,YELLOW,4.162,3.106,False,A,ALA137,O,48.675,17.633,28.576,A,THR139,N,51.109,15.716,28.793
Phase Boundary,YELLOW,4.461,3.153,False,A,ALA137,O,48.675,17.633,28.576,A,GLU140,N,51.487,18.219,29.877
Thermal Noise,RED,3.019,3.889,False,A,ALA137,O,48.675,17.633,28.576,A,GLU140,OE2,46.926,20.585,30.407
Thermal Noise,RED,2.975,3.771,False,A,ALA137,O,48.675,17.633,28.576,A,HOH558,O,45.079,17.745,27.445
Thermal Noise,RED,3.795,3.621,False,A,ALA137,O,48.675,17.633,28.576,A,HOH613,O,51.491,17.227,26.336
Phase Boundary,YELLOW,4.663,3.119,False,A,ALA137,O,48.675,17.633,28.576,A,HOH910,O,45.91,17.423,30.003
Bound Backbone,BLUE,5.716,2.897,False,A,PRO138,N,48.711,15.869,27.175,A,THR139,N,51.109,15.716,28.793
Thermal Noise,RED,4.064,3.206,False,A,PRO138,N,48.711,15.869,27.175,A,HOH613,O,51.491,17.227,26.336
Thermal Noise,RED,3.023,3.864,False,A,PRO138,N,48.711,15.869,27.175,A,HOH618,O,45.478,14.652,28.906
Bound Backbone,BLUE,10.539,2.239,False,A,PRO138,O,49.927,14.671,30.382,A,THR139,N,51.109,15.716,28.793
Thermal Noise,RED,2.647,3.909,False,A,PRO138,O,49.927,14.671,30.382,A,GLU140,N,51.487,18.219,29.877
Bound Backbone,BLUE,5.537,2.904,False,A,PRO138,O,49.927,14.671,30.382,A,HOH619,O,47.973,13.121,31.87
Thermal Noise,RED,3.065,3.989,False,A,PRO138,O,49.927,14.671,30.382,A,HOH732,O,47.879,17.171,32.721
Bound Backbone,BLUE,5.798,2.754,False,A,THR139,N,51.109,15.716,28.793,A,GLU140,N,51.487,18.219,29.877
Bound Backbone,BLUE,6.872,2.91,False,A,THR139,N,51.109,15.716,28.793,A,HOH613,O,51.491,17.227,26.336
Bound Backbone,BLUE,8.449,2.241,False,A,THR139,O,53.55,17.68,30.567,A,GLU140,N,51.487,18.219,29.877
Bound Backbone,BLUE,5.694,3.003,False,A,THR139,O,53.55,17.68,30.567,A,GLU140,O,51.795,19.067,32.571
Thermal Noise,RED,3.56,3.49,False,A,THR139,O,53.55,17.68,30.567,A,ASP141,N,52.937,20.875,31.83
Thermal Noise,RED,2.646,3.98,False,A,THR139,O,53.55,17.68,30.567,A,ASP141,OD1,55.952,20.662,31.653
Thermal Noise,RED,2.866,3.969,False,A,THR139,O,53.55,17.68,30.567,A,ASN177,ND2,56.161,20.081,28.786
Phase Boundary,YELLOW,5.016,3.06,False,A,THR139,O,53.55,17.68,30.567,A,ASN177,OD1,56.154,17.849,28.969
Bound Backbone,BLUE,6.462,3.153,False,A,THR139,O,53.55,17.68,30.567,A,HOH561,O,54.16,17.349,33.643
Thermal Noise,RED,3.105,3.838,False,A,THR139,OG1,54.007,15.967,28.058,A,GLU140,N,51.487,18.219,29.877
Phase Boundary,YELLOW,4.598,3.618,False,A,THR139,OG1,54.007,15.967,28.058,A,ASN177,O,55.65,16.119,24.838
Phase Boundary,YELLOW,4.718,2.997,False,A,THR139,OG1,54.007,15.967,28.058,A,ASN177,OD1,56.154,17.849,28.969
Bound Backbone,BLUE,6.243,3.165,False,A,THR139,OG1,54.007,15.967,28.058,A,THR181,OG1,53.05,15.468,25.083
Phase Boundary,YELLOW,4.315,3.299,False,A,THR139,OG1,54.007,15.967,28.058,A,HOH613,O,51.491,17.227,26.336
Thermal Noise,RED,3.663,3.602,False,A,GLU140,N,51.487,18.219,29.877,A,ASP141,N,52.937,20.875,31.83
Phase Boundary,YELLOW,4.706,3.677,False,A,GLU140,N,51.487,18.219,29.877,A,HOH613,O,51.491,17.227,26.336
Phase Boundary,YELLOW,4.909,3.521,False,A,GLU140,N,51.487,18.219,29.877,A,HOH672,O,52.397,19.415,26.693
Bound Backbone,BLUE,8.346,2.263,False,A,GLU140,O,51.795,19.067,32.571,A,ASP141,N,52.937,20.875,31.83
Thermal Noise,RED,3.785,3.787,False,A,GLU140,O,51.795,19.067,32.571,A,ASP141,O,52.938,21.304,35.405
Thermal Noise,RED,3.381,3.593,False,A,GLU140,O,51.795,19.067,32.571,A,GLY142,N,51.622,22.39,33.927
Thermal Noise,RED,3.517,3.911,False,A,GLU140,O,51.795,19.067,32.571,A,GLY142,O,49.783,20.791,35.448
Phase Boundary,YELLOW,4.44,3.114,False,A,GLU140,O,51.795,19.067,32.571,A,HOH561,O,54.16,17.349,33.643
Bound Backbone,BLUE,7.23,2.833,False,A,GLU140,OE1,48.317,22.258,30.151,A,HOH615,O,49.655,23.005,27.768
Bound Backbone,BLUE,7.001,2.619,False,A,GLU140,OE1,48.317,22.258,30.151,A,HOH617,O,50.112,23.476,31.618
Bound Backbone,BLUE,5.442,2.773,False,A,GLU140,OE1,48.317,22.258,30.151,A,HOH674,O,46.001,23.59,29.409
Thermal Noise,RED,3.892,3.299,False,A,GLU140,OE2,46.926,20.585,30.407,A,HOH674,O,46.001,23.59,29.409
Bound Backbone,BLUE,7.136,2.855,False,A,GLU140,OE2,46.926,20.585,30.407,A,HOH776,O,45.405,20.756,32.817
Thermal Noise,RED,3.608,3.346,False,A,GLU140,OE2,46.926,20.585,30.407,A,HOH910,O,45.91,17.423,30.003
Bound Backbone,BLUE,6.331,2.902,False,A,ASP141,N,52.937,20.875,31.83,A,GLY142,N,51.622,22.39,33.927
Bound Backbone,BLUE,6.736,2.888,False,A,ASP141,N,52.937,20.875,31.83,A,HOH616,O,53.657,22.467,29.531
Thermal Noise,RED,2.711,3.846,False,A,ASP141,N,52.937,20.875,31.83,A,HOH617,O,50.112,23.476,31.618
Thermal Noise,RED,2.763,3.88,False,A,ASP141,N,52.937,20.875,31.83,A,HOH909,O,52.594,24.617,30.862
Bound Backbone,BLUE,9.996,2.257,False,A,ASP141,O,52.938,21.304,35.405,A,GLY142,N,51.622,22.39,33.927
Thermal Noise,RED,3.917,3.197,False,A,ASP141,O,52.938,21.304,35.405,A,GLY142,O,49.783,20.791,35.448
Thermal Noise,RED,2.867,3.917,False,A,ASP141,O,52.938,21.304,35.405,A,GLY143,N,49.525,22.447,36.951
Bound Backbone,BLUE,5.407,2.802,False,A,ASP141,O,52.938,21.304,35.405,A,HOH620,O,55.015,19.635,36.273
Thermal Noise,RED,3.416,3.629,False,A,ASP141,OD1,55.952,20.662,31.653,A,SER173,OG,58.537,22.641,30.049
Bound Backbone,BLUE,7.483,2.933,False,A,ASP141,OD1,55.952,20.662,31.653,A,ASN177,ND2,56.161,20.081,28.786
Thermal Noise,RED,3.439,3.893,False,A,ASP141,OD1,55.952,20.662,31.653,A,ASN177,OD1,56.154,17.849,28.969
Thermal Noise,RED,3.748,3.609,False,A,ASP141,OD1,55.952,20.662,31.653,A,HOH616,O,53.657,22.467,29.531
Bound Backbone,BLUE,7.796,2.569,False,A,ASP141,OD2,56.633,22.744,31.771,A,SER173,OG,58.537,22.641,30.049
Thermal Noise,RED,3.525,3.735,False,A,ASP141,OD2,56.633,22.744,31.771,A,HOH616,O,53.657,22.467,29.531
Phase Boundary,YELLOW,4.224,3.68,False,A,GLY142,N,51.622,22.39,33.927,A,GLY143,N,49.525,22.447,36.951
Bound Backbone,BLUE,6.309,2.965,False,A,GLY142,N,51.622,22.39,33.927,A,HOH617,O,50.112,23.476,31.618
Thermal Noise,RED,3.638,3.911,False,A,GLY142,N,51.622,22.39,33.927,A,HOH909,O,52.594,24.617,30.862
Bound Backbone,BLUE,10.137,2.251,False,A,GLY142,O,49.783,20.791,35.448,A,GLY143,N,49.525,22.447,36.951
Phase Boundary,YELLOW,5.231,2.852,False,A,GLY142,O,49.783,20.791,35.448,A,HOH775,O,47.287,19.743,34.552
Thermal Noise,RED,4.053,3.681,False,A,GLY143,N,49.525,22.447,36.951,A,GLN144,N,47.318,21.577,39.765
Thermal Noise,RED,3.224,3.523,False,A,GLY143,N,49.525,22.447,36.951,A,LEU452,N,47.472,25.31,37.008
Phase Boundary,YELLOW,4.586,2.954,False,A,GLY143,N,49.525,22.447,36.951,A,LEU452,O,50.269,25.306,36.961
Bound Backbone,BLUE,8.233,2.26,False,A,GLY143,O,48.248,23.535,39.124,A,GLN144,N,47.318,21.577,39.765
Bound Backbone,BLUE,6.546,2.869,False,A,GLY143,O,48.248,23.535,39.124,A,LEU452,N,47.472,25.31,37.008
Phase Boundary,YELLOW,4.205,3.45,False,A,GLY143,O,48.248,23.535,39.124,A,LEU452,O,50.269,25.306,36.961
Phase Boundary,YELLOW,4.686,3.686,False,A,GLN144,N,47.318,21.577,39.765,A,TYR145,N,46.751,22.382,43.317
Thermal Noise,RED,3.549,3.441,False,A,GLN144,N,47.318,21.577,39.765,A,MET147,SD,46.541,18.367,38.799
Bound Backbone,BLUE,8.87,2.252,False,A,GLN144,O,48.074,20.855,42.322,A,TYR145,N,46.751,22.382,43.317
Bound Backbone,BLUE,5.351,3.462,False,A,GLN144,O,48.074,20.855,42.322,A,TYR145,O,47.925,20.069,45.69
Phase Boundary,YELLOW,4.855,3.31,False,A,GLN144,O,48.074,20.855,42.322,A,SER146,N,45.907,20.086,44.703
Phase Boundary,YELLOW,4.503,3.062,False,A,GLN144,O,48.074,20.855,42.322,A,MET147,N,47.106,18.093,43.223
Phase Boundary,YELLOW,4.607,3.14,False,A,GLN144,O,48.074,20.855,42.322,A,PHE148,N,49.737,18.618,43.767
Thermal Noise,RED,3.917,3.2,False,A,GLN144,NE2,44.099,25.16,40.587,A,TYR299,OH,41.004,24.371,40.387
Phase Boundary,YELLOW,4.246,3.893,False,A,GLN144,NE2,44.099,25.16,40.587,A,GLN417,NE2,43.791,25.923,44.392
Bound Backbone,BLUE,5.971,2.955,False,A,GLN144,NE2,44.099,25.16,40.587,A,GLN417,OE1,43.873,27.287,42.626
Bound Backbone,BLUE,8.377,2.781,False,A,GLN144,NE2,44.099,25.16,40.587,A,GLY450,O,43.644,25.222,37.844
Phase Boundary,YELLOW,5.089,2.895,False,A,GLN144,OE1,44.431,23.842,42.385,A,TYR145,N,46.751,22.382,43.317
Bound Backbone,BLUE,5.899,2.961,False,A,GLN144,OE1,44.431,23.842,42.385,A,GLN417,NE2,43.791,25.923,44.392
Thermal Noise,RED,3.28,3.498,False,A,GLN144,OE1,44.431,23.842,42.385,A,GLN417,OE1,43.873,27.287,42.626
Bound Backbone,BLUE,6.042,2.794,False,A,GLN144,OE1,44.431,23.842,42.385,A,HOH842,O,43.666,21.599,43.865
Bound Backbone,BLUE,5.846,2.812,False,A,TYR145,N,46.751,22.382,43.317,A,SER146,N,45.907,20.086,44.703
Thermal Noise,RED,3.907,3.23,False,A,TYR145,N,46.751,22.382,43.317,A,HOH842,O,43.666,21.599,43.865
Bound Backbone,BLUE,8.904,2.247,False,A,TYR145,O,47.925,20.069,45.69,A,SER146,N,45.907,20.086,44.703
Thermal Noise,RED,3.337,3.505,False,A,TYR145,O,47.925,20.069,45.69,A,SER146,O,47.061,16.742,45.006
Phase Boundary,YELLOW,5.117,3.265,False,A,TYR145,O,47.925,20.069,45.69,A,MET147,N,47.106,18.093,43.223
Bound Backbone,BLUE,5.545,3.014,False,A,TYR145,O,47.925,20.069,45.69,A,PHE148,N,49.737,18.618,43.767
Phase Boundary,YELLOW,4.558,3.03,False,A,TYR145,O,47.925,20.069,45.69,A,LEU149,N,49.875,17.896,46.5
Bound Backbone,BLUE,5.789,2.629,False,A,TYR145,OH,50.299,23.321,50.119,A,HOH573,O,52.35,24.966,50.137
Phase Boundary,YELLOW,4.568,3.196,False,A,TYR145,OH,50.299,23.321,50.119,A,HOH595,O,49.293,25.879,51.749
Bound Backbone,BLUE,6.232,2.757,False,A,SER146,N,45.907,20.086,44.703,A,MET147,N,47.106,18.093,43.223
Thermal Noise,RED,3.281,3.985,False,A,SER146,N,45.907,20.086,44.703,A,HOH628,O,43.537,21.737,47.449
Bound Backbone,BLUE,5.273,2.831,False,A,SER146,N,45.907,20.086,44.703,A,HOH842,O,43.666,21.599,43.865
Bound Backbone,BLUE,11.224,2.237,False,A,SER146,O,47.061,16.742,45.006,A,MET147,N,47.106,18.093,43.223
Thermal Noise,RED,3.239,3.787,False,A,SER146,O,47.061,16.742,45.006,A,MET147,O,50.328,16.535,43.102
Thermal Noise,RED,3.538,3.495,False,A,SER146,O,47.061,16.742,45.006,A,PHE148,N,49.737,18.618,43.767
Thermal Noise,RED,3.917,3.389,False,A,SER146,O,47.061,16.742,45.006,A,LEU149,N,49.875,17.896,46.5
Phase Boundary,YELLOW,5.185,2.917,False,A,SER146,O,47.061,16.742,45.006,A,ASN150,N,49.243,15.201,46.179
Thermal Noise,RED,4.017,3.415,False,A,SER146,O,47.061,16.742,45.006,A,ASN150,ND2,46.441,13.887,43.237
Thermal Noise,RED,3.869,3.237,False,A,SER146,O,47.061,16.742,45.006,A,ASN150,OD1,46.501,13.588,45.474
Bound Backbone,BLUE,6.841,2.935,False,A,SER146,O,47.061,16.742,45.006,A,HOH687,O,45.84,15.887,47.534
Phase Boundary,YELLOW,4.217,3.081,False,A,SER146,OG,44.043,18.421,43.243,A,MET147,N,47.106,18.093,43.223
Thermal Noise,RED,3.567,3.478,False,A,SER146,OG,44.043,18.421,43.243,A,ALA296,O,41.085,17.057,44.463
Thermal Noise,RED,3.15,3.637,False,A,SER146,OG,44.043,18.421,43.243,A,VAL297,N,40.644,17.516,42.317
Thermal Noise,RED,3.853,3.26,False,A,SER146,OG,44.043,18.421,43.243,A,HOH842,O,43.666,21.599,43.865
Bound Backbone,BLUE,5.974,2.904,False,A,SER146,OG,44.043,18.421,43.243,A,HOH843,O,43.952,16.186,41.391
Bound Backbone,BLUE,5.475,2.737,False,A,MET147,N,47.106,18.093,43.223,A,PHE148,N,49.737,18.618,43.767
Bound Backbone,BLUE,8.229,2.265,False,A,MET147,O,50.328,16.535,43.102,A,PHE148,N,49.737,18.618,43.767
Phase Boundary,YELLOW,5.107,3.385,False,A,MET147,O,50.328,16.535,43.102,A,PHE148,O,51.95,17.242,45.988
Phase Boundary,YELLOW,4.531,3.688,False,A,MET147,O,50.328,16.535,43.102,A,LEU149,N,49.875,17.896,46.5
Phase Boundary,YELLOW,4.783,3.525,False,A,MET147,O,50.328,16.535,43.102,A,ASN150,N,49.243,15.201,46.179
Phase Boundary,YELLOW,4.82,3.188,False,A,MET147,O,50.328,16.535,43.102,A,LEU151,N,51.554,14.282,44.996
Bound Backbone,BLUE,6.464,3.082,False,A,MET147,O,50.328,16.535,43.102,A,ASN290,ND2,50.618,15.335,40.278
Thermal Noise,RED,3.669,3.731,False,A,MET147,O,50.328,16.535,43.102,A,ASN290,OD1,48.673,14.267,40.645
Bound Backbone,BLUE,7.962,2.83,False,A,PHE148,N,49.737,18.618,43.767,A,LEU149,N,49.875,17.896,46.5
Bound Backbone,BLUE,8.279,2.235,False,A,PHE148,O,51.95,17.242,45.988,A,LEU149,N,49.875,17.896,46.5
Thermal Noise,RED,3.838,3.55,False,A,PHE148,O,51.95,17.242,45.988,A,LEU149,O,50.454,14.745,48.02
Thermal Noise,RED,3.478,3.396,False,A,PHE148,O,51.95,17.242,45.988,A,ASN150,N,49.243,15.201,46.179
Phase Boundary,YELLOW,4.297,3.147,False,A,PHE148,O,51.95,17.242,45.988,A,LEU151,N,51.554,14.282,44.996
Phase Boundary,YELLOW,4.608,3.052,False,A,PHE148,O,51.95,17.242,45.988,A,VAL152,N,53.492,14.818,47.018
Phase Boundary,YELLOW,5.197,2.787,False,A,LEU149,N,49.875,17.896,46.5,A,ASN150,N,49.243,15.201,46.179
Bound Backbone,BLUE,11.27,2.25,False,A,LEU149,O,50.454,14.745,48.02,A,ASN150,N,49.243,15.201,46.179
Phase Boundary,YELLOW,4.494,3.355,False,A,LEU149,O,50.454,14.745,48.02,A,ASN150,O,51.114,12.265,45.859
Bound Backbone,BLUE,5.871,3.251,False,A,LEU149,O,50.454,14.745,48.02,A,LEU151,N,51.554,14.282,44.996
Phase Boundary,YELLOW,4.153,3.2,False,A,LEU149,O,50.454,14.745,48.02,A,VAL152,N,53.492,14.818,47.018
Bound Backbone,BLUE,5.322,2.859,False,A,LEU149,O,50.454,14.745,48.02,A,LYS153,N,52.595,13.173,49.079
Bound Backbone,BLUE,5.896,2.754,False,A,ASN150,N,49.243,15.201,46.179,A,LEU151,N,51.554,14.282,44.996
Thermal Noise,RED,3.124,3.727,False,A,ASN150,N,49.243,15.201,46.179,A,HOH687,O,45.84,15.887,47.534
Bound Backbone,BLUE,8.75,2.238,False,A,ASN150,O,51.114,12.265,45.859,A,LEU151,N,51.554,14.282,44.996
Thermal Noise,RED,3.204,3.55,False,A,ASN150,O,51.114,12.265,45.859,A,LEU151,O,54.564,12.987,46.281
Thermal Noise,RED,3.148,3.676,False,A,ASN150,O,51.114,12.265,45.859,A,VAL152,N,53.492,14.818,47.018
Phase Boundary,YELLOW,4.463,3.659,False,A,ASN150,O,51.114,12.265,45.859,A,LYS153,N,52.595,13.173,49.079
Phase Boundary,YELLOW,4.262,3.455,False,A,ASN150,O,51.114,12.265,45.859,A,LYS154,N,53.173,10.65,48.115
Bound Backbone,BLUE,5.37,2.736,False,A,ASN150,O,51.114,12.265,45.859,A,HOH688,O,49.517,10.055,46.083
Phase Boundary,YELLOW,4.598,3.442,False,A,ASN150,ND2,46.441,13.887,43.237,A,ASN290,OD1,48.673,14.267,40.645
Thermal Noise,RED,3.713,3.535,False,A,ASN150,ND2,46.441,13.887,43.237,A,ASP295,N,43.881,12.211,45.008
Thermal Noise,RED,3.727,3.277,False,A,ASN150,ND2,46.441,13.887,43.237,A,ASP295,O,43.184,14.248,43.243
Bound Backbone,BLUE,6.681,2.983,False,A,ASN150,ND2,46.441,13.887,43.237,A,HOH629,O,45.653,12.669,40.63
Thermal Noise,RED,3.08,3.859,False,A,ASN150,ND2,46.441,13.887,43.237,A,HOH843,O,43.952,16.186,41.391
Phase Boundary,YELLOW,4.526,2.996,False,A,ASN150,OD1,46.501,13.588,45.474,A,ASP295,N,43.881,12.211,45.008
Thermal Noise,RED,3.92,3.806,False,A,ASN150,OD1,46.501,13.588,45.474,A,ASP295,OD2,44.283,13.771,48.561
Phase Boundary,YELLOW,5.104,3.157,False,A,ASN150,OD1,46.501,13.588,45.474,A,HOH687,O,45.84,15.887,47.534
Bound Backbone,BLUE,5.54,2.897,False,A,ASN150,OD1,46.501,13.588,45.474,A,HOH689,O,46.749,11.098,46.933
Bound Backbone,BLUE,6.496,2.852,False,A,LEU151,N,51.554,14.282,44.996,A,VAL152,N,53.492,14.818,47.018
Bound Backbone,BLUE,8.476,2.246,False,A,LEU151,O,54.564,12.987,46.281,A,VAL152,N,53.492,14.818,47.018
Phase Boundary,YELLOW,5.208,3.545,False,A,LEU151,O,54.564,12.987,46.281,A,VAL152,O,54.701,13.022,49.823
Phase Boundary,YELLOW,4.855,3.426,False,A,LEU151,O,54.564,12.987,46.281,A,LYS153,N,52.595,13.173,49.079
Phase Boundary,YELLOW,4.459,3.28,False,A,LEU151,O,54.564,12.987,46.281,A,LYS154,N,53.173,10.65,48.115
Bound Backbone,BLUE,5.943,2.713,False,A,LEU151,O,54.564,12.987,46.281,A,TYR155,N,55.828,10.822,47.318
Thermal Noise,RED,3.541,3.853,False,A,LEU151,O,54.564,12.987,46.281,A,GLY156,N,57.289,12.665,48.986
Bound Backbone,BLUE,6.956,2.785,False,A,VAL152,N,53.492,14.818,47.018,A,LYS153,N,52.595,13.173,49.079
Bound Backbone,BLUE,8.547,2.239,False,A,VAL152,O,54.701,13.022,49.823,A,LYS153,N,52.595,13.173,49.079
Thermal Noise,RED,3.317,3.488,False,A,VAL152,O,54.701,13.022,49.823,A,LYS153,O,53.233,9.883,50.22
Phase Boundary,YELLOW,4.307,3.298,False,A,VAL152,O,54.701,13.022,49.823,A,LYS154,N,53.173,10.65,48.115
Phase Boundary,YELLOW,4.273,3.519,False,A,VAL152,O,54.701,13.022,49.823,A,TYR155,N,55.828,10.822,47.318
Bound Backbone,BLUE,5.633,2.743,False,A,VAL152,O,54.701,13.022,49.823,A,GLY156,N,57.289,12.665,48.986
Bound Backbone,BLUE,5.653,2.762,False,A,LYS153,N,52.595,13.173,49.079,A,LYS154,N,53.173,10.65,48.115
Bound Backbone,BLUE,12.44,2.241,False,A,LYS153,O,53.233,9.883,50.22,A,LYS154,N,53.173,10.65,48.115
Thermal Noise,RED,3.257,3.89,False,A,LYS153,O,53.233,9.883,50.22,A,LYS154,O,56.078,8.644,47.874
Bound Backbone,BLUE,8.808,2.712,False,A,LYS153,O,53.233,9.883,50.22,A,HOH795,O,52.792,9.782,52.894
Phase Boundary,YELLOW,4.17,3.204,False,A,LYS153,O,53.233,9.883,50.22,A,HOH796,O,54.025,6.965,51.28
Thermal Noise,RED,3.262,3.853,False,A,LYS153,NZ,46.026,12.591,50.157,A,ASP295,OD1,42.895,12.211,47.944
Bound Backbone,BLUE,7.068,2.642,False,A,LYS153,NZ,46.026,12.591,50.157,A,ASP295,OD2,44.283,13.771,48.561
Phase Boundary,YELLOW,4.576,3.626,False,A,LYS153,NZ,46.026,12.591,50.157,A,HOH689,O,46.749,11.098,46.933
Thermal Noise,RED,3.413,3.447,False,A,LYS153,NZ,46.026,12.591,50.157,A,HOH723,O,42.795,11.499,50.66
Phase Boundary,YELLOW,4.72,3.031,False,A,LYS153,NZ,46.026,12.591,50.157,A,HOH836,O,45.482,15.363,51.256
Bound Backbone,BLUE,5.46,2.777,False,A,LYS154,N,53.173,10.65,48.115,A,TYR155,N,55.828,10.822,47.318
Bound Backbone,BLUE,8.124,2.262,False,A,LYS154,O,56.078,8.644,47.874,A,TYR155,N,55.828,10.822,47.318
Bound Backbone,BLUE,5.556,2.741,False,A,LYS154,O,56.078,8.644,47.874,A,HOH797,O,55.782,6.014,48.588
Thermal Noise,RED,2.934,3.761,False,A,LYS154,NZ,52.976,6.02,42.338,A,TYR155,OH,55.825,8.302,41.431
Phase Boundary,YELLOW,5.175,2.946,False,A,LYS154,NZ,52.976,6.02,42.338,A,HOH764,O,50.404,5.391,43.63
Bound Backbone,BLUE,5.839,2.883,False,A,TYR155,N,55.828,10.822,47.318,A,GLY156,N,57.289,12.665,48.986
Bound Backbone,BLUE,8.699,2.242,False,A,TYR155,O,59.236,11.956,48.129,A,GLY156,N,57.289,12.665,48.986
Thermal Noise,RED,3.331,3.467,False,A,TYR155,O,59.236,11.956,48.129,A,GLY156,O,58.103,15.231,48.227
Thermal Noise,RED,3.032,3.886,False,A,TYR155,O,59.236,11.956,48.129,A,LEU157,N,59.544,15.36,49.979
Thermal Noise,RED,3.143,3.652,False,A,GLY156,N,57.289,12.665,48.986,A,LEU157,N,59.544,15.36,49.979
Bound Backbone,BLUE,10.685,2.272,False,A,GLY156,O,58.103,15.231,48.227,A,LEU157,N,59.544,15.36,49.979
Thermal Noise,RED,3.198,3.601,False,A,LEU157,N,59.544,15.36,49.979,A,ILE158,N,62.575,17.103,49.116
Bound Backbone,BLUE,6.666,2.919,False,A,LEU157,N,59.544,15.36,49.979,A,PRO253,O,60.221,13.796,52.349
Bound Backbone,BLUE,11.134,2.246,False,A,LEU157,O,62.053,15.85,50.906,A,ILE158,N,62.575,17.103,49.116
Phase Boundary,YELLOW,4.713,3.108,False,A,LEU157,O,62.053,15.85,50.906,A,PRO253,O,60.221,13.796,52.349
Thermal Noise,RED,3.037,3.66,False,A,ILE158,N,62.575,17.103,49.116,A,PRO159,N,65.745,18.835,49.702
Bound Backbone,BLUE,5.778,3.082,False,A,ILE158,N,62.575,17.103,49.116,A,HOH581,O,61.224,18.561,46.76
Bound Backbone,BLUE,9.639,2.252,False,A,ILE158,O,63.989,19.305,48.372,A,PRO159,N,65.745,18.835,49.702
Thermal Noise,RED,3.689,3.374,False,A,ILE158,O,63.989,19.305,48.372,A,PRO159,O,67.225,19.136,47.431
Thermal Noise,RED,3.292,3.57,False,A,ILE158,O,63.989,19.305,48.372,A,LYS160,N,66.758,21.332,47.389
Phase Boundary,YELLOW,4.274,3.286,False,A,ILE158,O,63.989,19.305,48.372,A,HOH581,O,61.224,18.561,46.76
Thermal Noise,RED,4.03,3.551,False,A,PRO159,N,65.745,18.835,49.702,A,LYS160,N,66.758,21.332,47.389
Bound Backbone,BLUE,7.939,2.245,False,A,PRO159,O,67.225,19.136,47.431,A,LYS160,N,66.758,21.332,47.389
Thermal Noise,RED,3.961,3.674,False,A,PRO159,O,67.225,19.136,47.431,A,LYS160,O,69.133,20.789,44.762
Phase Boundary,YELLOW,4.383,3.045,False,A,PRO159,O,67.225,19.136,47.431,A,ASP161,N,69.393,21.221,46.959
Phase Boundary,YELLOW,4.402,3.085,False,A,PRO159,O,67.225,19.136,47.431,A,LEU162,N,70.144,18.589,46.597
Thermal Noise,RED,3.68,3.945,False,A,PRO159,O,67.225,19.136,47.431,A,TYR163,N,69.057,17.844,44.185
Bound Backbone,BLUE,5.697,2.672,False,A,LYS160,N,66.758,21.332,47.389,A,ASP161,N,69.393,21.221,46.959
Bound Backbone,BLUE,5.528,2.961,False,A,LYS160,N,66.758,21.332,47.389,A,HOH601,O,68.541,22.97,49.093
Bound Backbone,BLUE,12.638,2.254,False,A,LYS160,O,69.133,20.789,44.762,A,ASP161,N,69.393,21.221,46.959
Thermal Noise,RED,3.316,3.575,False,A,LYS160,O,69.133,20.789,44.762,A,ASP161,O,72.159,19.227,45.851
Bound Backbone,BLUE,5.343,3.038,False,A,LYS160,O,69.133,20.789,44.762,A,LEU162,N,70.144,18.589,46.597
Phase Boundary,YELLOW,4.545,3.002,False,A,LYS160,O,69.133,20.789,44.762,A,TYR163,N,69.057,17.844,44.185
Phase Boundary,YELLOW,4.369,3.332,False,A,LYS160,O,69.133,20.789,44.762,A,TYR163,O,66.829,19.341,42.84
Phase Boundary,YELLOW,5.124,3.483,False,A,LYS160,O,69.133,20.789,44.762,A,GLY164,N,68.596,19.649,41.515
Thermal Noise,RED,2.7,3.987,False,A,LYS160,O,69.133,20.789,44.762,A,HOH602,O,69.99,24.443,46.107
Thermal Noise,RED,3.138,3.702,False,A,LYS160,NZ,67.25,26.504,42.266,A,HOH514,O,64.674,28.841,40.998
Phase Boundary,YELLOW,5.046,3.068,False,A,LYS160,NZ,67.25,26.504,42.266,A,HOH515,O,64.691,26.191,40.602
Thermal Noise,RED,3.184,3.553,False,A,LYS160,NZ,67.25,26.504,42.266,A,HOH603,O,67.105,30.042,42.555
Bound Backbone,BLUE,7.1,2.969,False,A,LYS160,NZ,67.25,26.504,42.266,A,HOH701,O,67.678,27.412,39.472
Phase Boundary,YELLOW,4.944,2.937,False,A,LYS160,NZ,67.25,26.504,42.266,A,HOH811,O,69.776,27.668,43.211
Bound Backbone,BLUE,5.308,2.761,False,A,ASP161,N,69.393,21.221,46.959,A,LEU162,N,70.144,18.589,46.597
Bound Backbone,BLUE,6.467,2.888,False,A,ASP161,N,69.393,21.221,46.959,A,HOH601,O,68.541,22.97,49.093
Thermal Noise,RED,3.632,3.386,False,A,ASP161,N,69.393,21.221,46.959,A,HOH602,O,69.99,24.443,46.107
Bound Backbone,BLUE,8.528,2.241,False,A,ASP161,O,72.159,19.227,45.851,A,LEU162,N,70.144,18.589,46.597
Thermal Noise,RED,3.142,3.783,False,A,ASP161,O,72.159,19.227,45.851,A,TYR163,N,69.057,17.844,44.185
Phase Boundary,YELLOW,4.569,2.964,False,A,ASP161,O,72.159,19.227,45.851,A,HOH729,O,74.122,17.016,46.063
Thermal Noise,RED,3.387,3.581,False,A,ASP161,OD1,71.851,23.357,47.783,A,HOH601,O,68.541,22.97,49.093
Bound Backbone,BLUE,6.659,2.73,False,A,ASP161,OD1,71.851,23.357,47.783,A,HOH602,O,69.99,24.443,46.107
Phase Boundary,YELLOW,4.824,2.908,False,A,ASP161,OD1,71.851,23.357,47.783,A,HOH693,O,73.44,25.739,48.292
Phase Boundary,YELLOW,5.192,3.279,False,A,ASP161,OD1,71.851,23.357,47.783,A,HOH694,O,70.429,24.794,50.364
Bound Backbone,BLUE,6.13,2.913,False,A,ASP161,OD2,72.05,22.727,49.874,A,TRP237,NE1,71.181,20.794,51.872
Thermal Noise,RED,3.175,3.603,False,A,ASP161,OD2,72.05,22.727,49.874,A,HOH601,O,68.541,22.97,49.093
Thermal Noise,RED,3.312,3.675,False,A,ASP161,OD2,72.05,22.727,49.874,A,HOH693,O,73.44,25.739,48.292
Bound Backbone,BLUE,5.725,2.672,False,A,ASP161,OD2,72.05,22.727,49.874,A,HOH694,O,70.429,24.794,50.364
Bound Backbone,BLUE,6.217,2.741,False,A,ASP161,OD2,72.05,22.727,49.874,A,HOH863,O,74.393,22.946,51.28
Bound Backbone,BLUE,7.894,2.749,False,A,LEU162,N,70.144,18.589,46.597,A,TYR163,N,69.057,17.844,44.185
Bound Backbone,BLUE,7.978,2.24,False,A,LEU162,O,70.212,15.925,44.183,A,TYR163,N,69.057,17.844,44.185
Bound Backbone,BLUE,5.752,2.726,False,A,LEU162,O,70.212,15.925,44.183,A,HOH849,O,72.392,14.552,45.073
Bound Backbone,BLUE,5.392,3.256,False,A,TYR163,N,69.057,17.844,44.185,A,GLY164,N,68.596,19.649,41.515
Bound Backbone,BLUE,9.856,2.23,False,A,TYR163,O,66.829,19.341,42.84,A,GLY164,N,68.596,19.649,41.515
Bound Backbone,BLUE,7.092,2.448,False,A,TYR163,OH,65.009,14.352,38.365,A,ASP225,O,65.896,12.202,37.601
Thermal Noise,RED,3.451,3.645,False,A,TYR163,OH,65.009,14.352,38.365,A,HOH517,O,68.11,15.149,36.624
Thermal Noise,RED,3.749,3.68,False,A,GLY164,N,68.596,19.649,41.515,A,ASP165,N,67.733,22.31,39.124
Thermal Noise,RED,3.697,3.859,False,A,GLY164,N,68.596,19.649,41.515,A,HOH577,O,67.649,17.369,38.549
Bound Backbone,BLUE,7.917,2.253,False,A,GLY164,O,67.46,20.081,38.942,A,ASP165,N,67.733,22.31,39.124
Thermal Noise,RED,2.606,3.943,False,A,GLY164,O,67.46,20.081,38.942,A,ASP165,OD1,64.73,22.872,38.388
Phase Boundary,YELLOW,5.177,3.105,False,A,GLY164,O,67.46,20.081,38.942,A,LEU166,N,69.453,21.469,37.008
Bound Backbone,BLUE,5.373,2.747,False,A,GLY164,O,67.46,20.081,38.942,A,HOH577,O,67.649,17.369,38.549
Bound Backbone,BLUE,6.634,2.854,False,A,ASP165,N,67.733,22.31,39.124,A,LEU166,N,69.453,21.469,37.008
Thermal Noise,RED,3.721,3.58,False,A,ASP165,N,67.733,22.31,39.124,A,HOH578,O,64.74,22.291,41.088
Phase Boundary,YELLOW,4.896,2.895,False,A,ASP165,N,67.733,22.31,39.124,A,HOH716,O,69.613,24.434,39.704
Bound Backbone,BLUE,9.584,2.232,False,A,ASP165,O,68.659,23.154,35.778,A,LEU166,N,69.453,21.469,37.008
Phase Boundary,YELLOW,4.572,3.301,False,A,ASP165,O,68.659,23.154,35.778,A,LEU166,O,70.665,21.518,33.729
Thermal Noise,RED,3.467,3.534,False,A,ASP165,O,68.659,23.154,35.778,A,PRO167,N,69.283,19.915,34.51
Phase Boundary,YELLOW,4.099,3.707,False,A,ASP165,O,68.659,23.154,35.778,A,PRO167,O,67.382,21.334,32.812
Phase Boundary,YELLOW,4.116,3.198,False,A,ASP165,O,68.659,23.154,35.778,A,THR170,OG1,65.734,22.239,34.865
Bound Backbone,BLUE,7.865,2.788,False,A,ASP165,O,68.659,23.154,35.778,A,HOH610,O,68.796,24.301,33.241
Phase Boundary,YELLOW,4.551,3.718,False,A,ASP165,OD1,64.73,22.872,38.388,A,THR170,OG1,65.734,22.239,34.865
Thermal Noise,RED,3.007,3.99,False,A,ASP165,OD1,64.73,22.872,38.388,A,HOH515,O,64.691,26.191,40.602
Bound Backbone,BLUE,8.438,2.762,False,A,ASP165,OD1,64.73,22.872,38.388,A,HOH578,O,64.74,22.291,41.088
Bound Backbone,BLUE,7.288,2.899,False,A,ASP165,OD2,64.619,25.011,37.955,A,HOH515,O,64.691,26.191,40.602
Bound Backbone,BLUE,5.29,2.778,False,A,ASP165,OD2,64.619,25.011,37.955,A,HOH702,O,65.709,27.518,37.462
Bound Backbone,BLUE,6.716,2.947,False,A,LEU166,N,69.453,21.469,37.008,A,PRO167,N,69.283,19.915,34.51
Bound Backbone,BLUE,8.463,2.256,False,A,LEU166,O,70.665,21.518,33.729,A,PRO167,N,69.283,19.915,34.51
Thermal Noise,RED,3.592,3.414,False,A,LEU166,O,70.665,21.518,33.729,A,PRO167,O,67.382,21.334,32.812
Phase Boundary,YELLOW,4.486,3.5,False,A,LEU166,O,70.665,21.518,33.729,A,TYR168,N,68.6,20.624,31.048
Thermal Noise,RED,3.533,3.388,False,A,LEU166,O,70.665,21.518,33.729,A,HOH610,O,68.796,24.301,33.241
Bound Backbone,BLUE,5.451,3.234,False,A,LEU166,O,70.665,21.518,33.729,A,HOH850,O,70.703,23.384,31.088
Thermal Noise,RED,3.859,3.233,False,A,LEU166,O,70.665,21.518,33.729,A,HOH903,O,72.697,24.007,34.087
Phase Boundary,YELLOW,4.908,3.599,False,A,PRO167,N,69.283,19.915,34.51,A,TYR168,N,68.6,20.624,31.048
Bound Backbone,BLUE,10.896,2.258,False,A,PRO167,O,67.382,21.334,32.812,A,TYR168,N,68.6,20.624,31.048
Phase Boundary,YELLOW,5.026,3.358,False,A,PRO167,O,67.382,21.334,32.812,A,TYR168,O,65.869,22.605,30.097
Bound Backbone,BLUE,5.775,3.157,False,A,PRO167,O,67.382,21.334,32.812,A,SER169,N,65.908,20.366,30.194
Phase Boundary,YELLOW,4.416,3.021,False,A,PRO167,O,67.382,21.334,32.812,A,THR170,N,64.391,21.052,32.496
Bound Backbone,BLUE,6.951,2.784,False,A,PRO167,O,67.382,21.334,32.812,A,THR170,OG1,65.734,22.239,34.865
Thermal Noise,RED,2.551,3.964,False,A,PRO167,O,67.382,21.334,32.812,A,THR171,N,64.234,23.735,32.625
Thermal Noise,RED,2.576,3.969,False,A,PRO167,O,67.382,21.334,32.812,A,THR171,OG1,66.554,25.171,32.223
Thermal Noise,RED,3.682,3.315,False,A,PRO167,O,67.382,21.334,32.812,A,HOH610,O,68.796,24.301,33.241
Phase Boundary,YELLOW,5.263,2.836,False,A,TYR168,N,68.6,20.624,31.048,A,SER169,N,65.908,20.366,30.194
Thermal Noise,RED,3.324,3.47,False,A,TYR168,N,68.6,20.624,31.048,A,HOH850,O,70.703,23.384,31.088
Bound Backbone,BLUE,7.975,2.241,False,A,TYR168,O,65.869,22.605,30.097,A,SER169,N,65.908,20.366,30.194
Thermal Noise,RED,2.681,3.977,False,A,TYR168,O,65.869,22.605,30.097,A,SER169,O,62.486,20.905,31.315
Phase Boundary,YELLOW,5.234,3.217,False,A,TYR168,O,65.869,22.605,30.097,A,THR170,N,64.391,21.052,32.496
Bound Backbone,BLUE,5.392,3.216,False,A,TYR168,O,65.869,22.605,30.097,A,THR171,N,64.234,23.735,32.625
Phase Boundary,YELLOW,4.317,3.402,False,A,TYR168,O,65.869,22.605,30.097,A,THR171,OG1,66.554,25.171,32.223
Phase Boundary,YELLOW,4.324,3.042,False,A,TYR168,O,65.869,22.605,30.097,A,ALA172,N,63.45,24.45,30.065
Thermal Noise,RED,3.414,3.838,False,A,TYR168,O,65.869,22.605,30.097,A,ALA172,O,62.911,22.392,27.661
Phase Boundary,YELLOW,4.993,2.874,False,A,TYR168,O,65.869,22.605,30.097,A,HOH611,O,67.023,25.161,29.47
Thermal Noise,RED,3.398,3.436,False,A,TYR168,OH,65.801,24.004,24.61,A,HOH529,O,62.571,22.851,24.822
Phase Boundary,YELLOW,5.106,2.806,False,A,TYR168,OH,65.801,24.004,24.61,A,HOH851,O,66.047,26.789,24.852
Bound Backbone,BLUE,7.03,2.841,False,A,SER169,N,65.908,20.366,30.194,A,THR170,N,64.391,21.052,32.496
Bound Backbone,BLUE,9.327,2.246,False,A,SER169,O,62.486,20.905,31.315,A,THR170,N,64.391,21.052,32.496
Thermal Noise,RED,3.764,3.72,False,A,SER169,O,62.486,20.905,31.315,A,THR170,O,62.369,23.602,33.874
Thermal Noise,RED,3.399,3.575,False,A,SER169,O,62.486,20.905,31.315,A,THR171,N,64.234,23.735,32.625
Thermal Noise,RED,2.833,3.881,False,A,SER169,O,62.486,20.905,31.315,A,ALA172,N,63.45,24.45,30.065
Thermal Noise,RED,3.914,3.968,False,A,SER169,O,62.486,20.905,31.315,A,ALA172,O,62.911,22.392,27.661
Phase Boundary,YELLOW,4.412,3.431,False,A,SER169,O,62.486,20.905,31.315,A,SER173,N,61.181,23.041,28.969
Bound Backbone,BLUE,6.263,2.903,False,A,SER169,OG,64.513,18.376,28.607,A,HOH530,O,63.095,19.859,26.554
Bound Backbone,BLUE,5.536,2.691,False,A,THR170,N,64.391,21.052,32.496,A,THR171,N,64.234,23.735,32.625
Bound Backbone,BLUE,9.47,2.249,False,A,THR170,O,62.369,23.602,33.874,A,THR171,N,64.234,23.735,32.625
Bound Backbone,BLUE,5.624,3.083,False,A,THR170,OG1,65.734,22.239,34.865,A,THR171,N,64.234,23.735,32.625
Bound Backbone,BLUE,8.041,2.771,False,A,THR171,N,64.234,23.735,32.625,A,ALA172,N,63.45,24.45,30.065
Bound Backbone,BLUE,8.0,2.259,False,A,THR171,O,63.602,26.668,30.465,A,ALA172,N,63.45,24.45,30.065
Thermal Noise,RED,2.787,3.868,False,A,THR171,O,63.602,26.668,30.465,A,HOH611,O,67.023,25.161,29.47
Bound Backbone,BLUE,5.958,2.703,False,A,THR171,O,63.602,26.668,30.465,A,HOH731,O,65.448,28.368,29.46
Thermal Noise,RED,3.243,3.849,False,A,THR171,OG1,66.554,25.171,32.223,A,ALA172,N,63.45,24.45,30.065
Bound Backbone,BLUE,6.436,2.611,False,A,THR171,OG1,66.554,25.171,32.223,A,HOH610,O,68.796,24.301,33.241
Bound Backbone,BLUE,8.305,2.793,False,A,THR171,OG1,66.554,25.171,32.223,A,HOH611,O,67.023,25.161,29.47
Thermal Noise,RED,2.917,3.802,False,A,THR171,OG1,66.554,25.171,32.223,A,HOH905,O,67.939,28.535,31.117
Phase Boundary,YELLOW,5.242,2.887,False,A,ALA172,N,63.45,24.45,30.065,A,SER173,N,61.181,23.041,28.969
Thermal Noise,RED,2.986,3.691,False,A,ALA172,N,63.45,24.45,30.065,A,HOH611,O,67.023,25.161,29.47
Bound Backbone,BLUE,9.468,2.264,False,A,ALA172,O,62.911,22.392,27.661,A,SER173,N,61.181,23.041,28.969
Thermal Noise,RED,3.352,3.53,False,A,ALA172,O,62.911,22.392,27.661,A,ARG174,N,59.505,22.465,26.736
Thermal Noise,RED,2.606,3.961,False,A,ALA172,O,62.911,22.392,27.661,A,HOH528,O,60.359,25.332,26.93
Bound Backbone,BLUE,7.691,2.896,False,A,ALA172,O,62.911,22.392,27.661,A,HOH529,O,62.571,22.851,24.822
Bound Backbone,BLUE,5.744,2.77,False,A,ALA172,O,62.911,22.392,27.661,A,HOH530,O,63.095,19.859,26.554
Bound Backbone,BLUE,6.847,2.851,False,A,SER173,N,61.181,23.041,28.969,A,ARG174,N,59.505,22.465,26.736
Phase Boundary,YELLOW,5.011,3.175,False,A,SER173,N,61.181,23.041,28.969,A,HOH528,O,60.359,25.332,26.93
Bound Backbone,BLUE,8.534,2.223,False,A,SER173,O,59.227,20.356,27.38,A,ARG174,N,59.505,22.465,26.736
Bound Backbone,BLUE,5.924,3.254,False,A,SER173,O,59.227,20.356,27.38,A,ARG174,O,58.153,20.316,24.309
Bound Backbone,BLUE,5.505,3.357,False,A,SER173,O,59.227,20.356,27.38,A,LYS175,N,60.314,20.945,24.259
Phase Boundary,YELLOW,4.336,3.394,False,A,SER173,O,59.227,20.356,27.38,A,TRP176,N,60.922,18.316,25.263
Phase Boundary,YELLOW,4.828,2.987,False,A,SER173,O,59.227,20.356,27.38,A,ASN177,N,58.404,17.678,26.343
Thermal Noise,RED,3.878,3.384,False,A,SER173,O,59.227,20.356,27.38,A,ASN177,ND2,56.161,20.081,28.786
Thermal Noise,RED,2.587,3.986,False,A,SER173,O,59.227,20.356,27.38,A,HOH530,O,63.095,19.859,26.554
Bound Backbone,BLUE,5.31,3.456,False,A,SER173,OG,58.537,22.641,30.049,A,ARG174,N,59.505,22.465,26.736
Thermal Noise,RED,3.115,3.714,False,A,SER173,OG,58.537,22.641,30.049,A,ASN177,ND2,56.161,20.081,28.786
Thermal Noise,RED,3.814,3.642,False,A,SER173,OG,58.537,22.641,30.049,A,HOH621,O,55.752,22.658,27.702
Bound Backbone,BLUE,6.284,3.017,False,A,ARG174,N,59.505,22.465,26.736,A,LYS175,N,60.314,20.945,24.259
Phase Boundary,YELLOW,4.465,2.998,False,A,ARG174,N,59.505,22.465,26.736,A,HOH528,O,60.359,25.332,26.93
Thermal Noise,RED,3.563,3.635,False,A,ARG174,N,59.505,22.465,26.736,A,HOH529,O,62.571,22.851,24.822
Thermal Noise,RED,2.763,3.88,False,A,ARG174,N,59.505,22.465,26.736,A,HOH621,O,55.752,22.658,27.702
Bound Backbone,BLUE,7.899,2.251,False,A,ARG174,O,58.153,20.316,24.309,A,LYS175,N,60.314,20.945,24.259
Thermal Noise,RED,3.542,3.445,False,A,ARG174,O,58.153,20.316,24.309,A,LYS175,O,59.971,17.555,23.34
Thermal Noise,RED,3.328,3.546,False,A,ARG174,O,58.153,20.316,24.309,A,TRP176,N,60.922,18.316,25.263
Phase Boundary,YELLOW,4.432,3.341,False,A,ARG174,O,58.153,20.316,24.309,A,ASN177,N,58.404,17.678,26.343
Phase Boundary,YELLOW,4.701,2.935,False,A,ARG174,O,58.153,20.316,24.309,A,SER178,N,56.986,17.653,23.91
Bound Backbone,BLUE,5.411,2.732,False,A,ARG174,O,58.153,20.316,24.309,A,HOH671,O,55.479,20.769,23.977
Thermal Noise,RED,3.343,3.843,False,A,ARG174,NE,59.444,23.875,21.929,A,LYS175,N,60.314,20.945,24.259
Ligand Boundary Hotspot,ORANGE,4.585,3.302,True,A,ARG174,NH1,58.587,22.37,20.397,A,SO41104,O3,59.165,19.861,18.329
Thermal Noise,RED,4.03,3.889,False,A,ARG174,NH2,60.848,22.495,20.732,A,LYS175,N,60.314,20.945,24.259
Ligand Fluctuation Noise,RED,3.183,3.943,True,A,ARG174,NH2,60.848,22.495,20.732,A,SO41104,O3,59.165,19.861,18.329
Phase Boundary,YELLOW,5.202,2.879,False,A,LYS175,N,60.314,20.945,24.259,A,TRP176,N,60.922,18.316,25.263
Phase Boundary,YELLOW,4.524,3.007,False,A,LYS175,N,60.314,20.945,24.259,A,HOH529,O,62.571,22.851,24.822
Thermal Noise,RED,3.489,3.766,False,A,LYS175,N,60.314,20.945,24.259,A,HOH530,O,63.095,19.859,26.554
Bound Backbone,BLUE,11.232,2.276,False,A,LYS175,O,59.971,17.555,23.34,A,TRP176,N,60.922,18.316,25.263
Phase Boundary,YELLOW,4.887,3.309,False,A,LYS175,O,59.971,17.555,23.34,A,TRP176,O,58.891,15.559,25.748
Phase Boundary,YELLOW,5.224,3.389,False,A,LYS175,O,59.971,17.555,23.34,A,ASN177,N,58.404,17.678,26.343
Phase Boundary,YELLOW,4.426,3.041,False,A,LYS175,O,59.971,17.555,23.34,A,SER178,N,56.986,17.653,23.91
Phase Boundary,YELLOW,5.266,2.831,False,A,LYS175,O,59.971,17.555,23.34,A,LEU179,N,58.211,15.499,22.508
Ligand Boundary Hotspot,ORANGE,4.361,3.402,True,A,LYS175,NZ,61.454,18.08,18.422,A,SO41104,O1,58.889,18.572,16.242
Ligand Boundary Hotspot,ORANGE,4.756,2.902,True,A,LYS175,NZ,61.454,18.08,18.422,A,SO41104,O3,59.165,19.861,18.329
Ligand Fluctuation Noise,RED,3.165,3.699,True,A,LYS175,NZ,61.454,18.08,18.422,A,SO41104,S,58.395,19.681,17.096
Bound Backbone,BLUE,6.037,2.95,False,A,LYS175,NZ,61.454,18.08,18.422,A,HOH531,O,61.385,15.978,16.353
Bound Backbone,BLUE,5.531,2.813,False,A,TRP176,N,60.922,18.316,25.263,A,ASN177,N,58.404,17.678,26.343
Phase Boundary,YELLOW,5.116,2.961,False,A,TRP176,N,60.922,18.316,25.263,A,HOH530,O,63.095,19.859,26.554
Bound Backbone,BLUE,8.225,2.254,False,A,TRP176,O,58.891,15.559,25.748,A,ASN177,N,58.404,17.678,26.343
Thermal Noise,RED,3.592,3.413,False,A,TRP176,O,58.891,15.559,25.748,A,ASN177,O,55.65,16.119,24.838
Phase Boundary,YELLOW,4.176,3.375,False,A,TRP176,O,58.891,15.559,25.748,A,SER178,N,56.986,17.653,23.91
Bound Backbone,BLUE,5.874,3.311,False,A,TRP176,O,58.891,15.559,25.748,A,LEU179,N,58.211,15.499,22.508
Phase Boundary,YELLOW,5.254,2.969,False,A,TRP176,O,58.891,15.559,25.748,A,LEU180,N,57.588,13.337,24.271
Thermal Noise,RED,2.693,3.88,False,A,TRP176,NE1,61.496,13.889,28.962,A,LEU219,O,63.302,10.5,28.408
Bound Backbone,BLUE,7.443,2.816,False,A,ASN177,N,58.404,17.678,26.343,A,SER178,N,56.986,17.653,23.91
Bound Backbone,BLUE,8.883,2.236,False,A,ASN177,O,55.65,16.119,24.838,A,SER178,N,56.986,17.653,23.91
Bound Backbone,BLUE,5.701,3.309,False,A,ASN177,O,55.65,16.119,24.838,A,SER178,O,56.153,15.088,21.734
Phase Boundary,YELLOW,4.138,3.517,False,A,ASN177,O,55.65,16.119,24.838,A,LEU179,N,58.211,15.499,22.508
Thermal Noise,RED,3.445,3.438,False,A,ASN177,O,55.65,16.119,24.838,A,LEU180,N,57.588,13.337,24.271
Phase Boundary,YELLOW,5.002,2.876,False,A,ASN177,O,55.65,16.119,24.838,A,THR181,N,54.794,13.455,24.172
Bound Backbone,BLUE,5.554,2.691,False,A,ASN177,O,55.65,16.119,24.838,A,THR181,OG1,53.05,15.468,25.083
Thermal Noise,RED,3.58,3.35,False,A,ASN177,O,55.65,16.119,24.838,A,HOH612,O,53.564,18.727,24.58
Thermal Noise,RED,3.287,3.538,False,A,ASN177,ND2,56.161,20.081,28.786,A,HOH616,O,53.657,22.467,29.531
Bound Backbone,BLUE,5.483,2.825,False,A,ASN177,ND2,56.161,20.081,28.786,A,HOH621,O,55.752,22.658,27.702
Bound Backbone,BLUE,5.699,2.847,False,A,SER178,N,56.986,17.653,23.91,A,LEU179,N,58.211,15.499,22.508
Thermal Noise,RED,3.071,3.649,False,A,SER178,N,56.986,17.653,23.91,A,HOH612,O,53.564,18.727,24.58
Thermal Noise,RED,3.34,3.462,False,A,SER178,N,56.986,17.653,23.91,A,HOH671,O,55.479,20.769,23.977
Bound Backbone,BLUE,8.608,2.237,False,A,SER178,O,56.153,15.088,21.734,A,LEU179,N,58.211,15.499,22.508
Thermal Noise,RED,3.77,3.299,False,A,SER178,O,56.153,15.088,21.734,A,LEU179,O,57.41,12.11,22.395
Phase Boundary,YELLOW,4.688,3.4,False,A,SER178,O,56.153,15.088,21.734,A,LEU180,N,57.588,13.337,24.271
Phase Boundary,YELLOW,5.211,3.234,False,A,SER178,O,56.153,15.088,21.734,A,THR181,N,54.794,13.455,24.172
Phase Boundary,YELLOW,4.773,2.903,False,A,SER178,O,56.153,15.088,21.734,A,THR182,N,54.188,12.967,21.471
Bound Backbone,BLUE,6.118,3.131,False,A,SER178,O,56.153,15.088,21.734,A,THR182,OG1,55.136,14.046,18.962
Thermal Noise,RED,3.75,3.638,False,A,SER178,OG,56.76,17.977,20.275,A,LEU179,N,58.211,15.499,22.508
Ligand Bound Core,BLUE,6.663,3.004,True,A,SER178,OG,56.76,17.977,20.275,A,SO41104,O2,57.08,19.319,17.607
Ligand Fluctuation Noise,RED,3.61,3.622,True,A,SER178,OG,56.76,17.977,20.275,A,SO41104,O3,59.165,19.861,18.329
Ligand Fluctuation Noise,RED,3.598,3.96,True,A,SER178,OG,56.76,17.977,20.275,A,SO41104,S,58.395,19.681,17.096
Thermal Noise,RED,3.092,3.712,False,A,SER178,OG,56.76,17.977,20.275,A,HOH912,O,53.275,18.467,21.455
Bound Backbone,BLUE,6.084,2.858,False,A,LEU179,N,58.211,15.499,22.508,A,LEU180,N,57.588,13.337,24.271
Bound Backbone,BLUE,11.42,2.249,False,A,LEU179,O,57.41,12.11,22.395,A,LEU180,N,57.588,13.337,24.271
Phase Boundary,YELLOW,4.205,3.398,False,A,LEU179,O,57.41,12.11,22.395,A,LEU180,O,54.786,11.217,24.36
Thermal Noise,RED,3.965,3.437,False,A,LEU179,O,57.41,12.11,22.395,A,THR181,N,54.794,13.455,24.172
Thermal Noise,RED,3.495,3.46,False,A,LEU179,O,57.41,12.11,22.395,A,THR182,N,54.188,12.967,21.471
Thermal Noise,RED,3.773,3.353,False,A,LEU179,O,57.41,12.11,22.395,A,LYS183,N,54.782,10.299,21.368
Phase Boundary,YELLOW,5.115,2.798,False,A,LEU180,N,57.588,13.337,24.271,A,THR181,N,54.794,13.455,24.172
Bound Backbone,BLUE,7.97,2.246,False,A,LEU180,O,54.786,11.217,24.36,A,THR181,N,54.794,13.455,24.172
Thermal Noise,RED,3.911,3.569,False,A,LEU180,O,54.786,11.217,24.36,A,THR181,O,52.186,12.253,22.145
Phase Boundary,YELLOW,4.937,3.43,False,A,LEU180,O,54.786,11.217,24.36,A,THR182,N,54.188,12.967,21.471
Bound Backbone,BLUE,6.462,3.13,False,A,LEU180,O,54.786,11.217,24.36,A,LYS183,N,54.782,10.299,21.368
Bound Backbone,BLUE,5.328,2.866,False,A,LEU180,O,54.786,11.217,24.36,A,LEU184,N,53.01,9.254,23.262
Bound Backbone,BLUE,8.042,2.811,False,A,THR181,N,54.794,13.455,24.172,A,THR182,N,54.188,12.967,21.471
Bound Backbone,BLUE,8.517,2.23,False,A,THR181,O,52.186,12.253,22.145,A,THR182,N,54.188,12.967,21.471
Phase Boundary,YELLOW,4.61,3.378,False,A,THR181,O,52.186,12.253,22.145,A,THR182,O,53.202,10.076,19.77
Thermal Noise,RED,3.709,3.341,False,A,THR181,O,52.186,12.253,22.145,A,LYS183,N,54.782,10.299,21.368
Thermal Noise,RED,3.931,3.305,False,A,THR181,O,52.186,12.253,22.145,A,LEU184,N,53.01,9.254,23.262
Phase Boundary,YELLOW,4.583,2.959,False,A,THR181,O,52.186,12.253,22.145,A,ARG185,N,50.625,9.747,21.942
Thermal Noise,RED,3.645,3.337,False,A,THR181,OG1,53.05,15.468,25.083,A,HOH612,O,53.564,18.727,24.58
Bound Backbone,BLUE,6.435,2.664,False,A,THR181,OG1,53.05,15.468,25.083,A,HOH613,O,51.491,17.227,26.336
Bound Backbone,BLUE,5.354,2.735,False,A,THR182,N,54.188,12.967,21.471,A,LYS183,N,54.782,10.299,21.368
Bound Backbone,BLUE,10.348,2.258,False,A,THR182,O,53.202,10.076,19.77,A,LYS183,N,54.782,10.299,21.368
Thermal Noise,RED,4.069,3.519,False,A,THR182,O,53.202,10.076,19.77,A,LYS183,O,52.962,7.378,22.017
Phase Boundary,YELLOW,4.965,3.593,False,A,THR182,O,53.202,10.076,19.77,A,LEU184,N,53.01,9.254,23.262
Phase Boundary,YELLOW,4.404,3.386,False,A,THR182,O,53.202,10.076,19.77,A,ARG185,N,50.625,9.747,21.942
Thermal Noise,RED,3.865,3.22,False,A,THR182,O,53.202,10.076,19.77,A,GLU186,N,50.784,7.954,19.896
Bound Backbone,BLUE,6.612,2.796,False,A,LYS183,N,54.782,10.299,21.368,A,LEU184,N,53.01,9.254,23.262
Bound Backbone,BLUE,9.426,2.252,False,A,LYS183,O,52.962,7.378,22.017,A,LEU184,N,53.01,9.254,23.262
Thermal Noise,RED,3.384,3.55,False,A,LYS183,O,52.962,7.378,22.017,A,LEU184,O,49.677,8.096,23.154
Thermal Noise,RED,3.613,3.329,False,A,LYS183,O,52.962,7.378,22.017,A,ARG185,N,50.625,9.747,21.942
Bound Backbone,BLUE,5.43,3.094,False,A,LYS183,O,52.962,7.378,22.017,A,GLU186,N,50.784,7.954,19.896
Phase Boundary,YELLOW,5.0,2.871,False,A,LYS183,O,52.962,7.378,22.017,A,PHE187,N,50.781,5.617,21.397
Bound Backbone,BLUE,5.6,2.795,False,A,LYS183,NZ,57.568,5.136,19.502,A,GLU186,OE1,55.013,5.511,18.432
Thermal Noise,RED,3.195,3.55,False,A,LYS183,NZ,57.568,5.136,19.502,A,GLU186,OE2,54.431,3.511,19.153
Bound Backbone,BLUE,5.969,2.77,False,A,LEU184,N,53.01,9.254,23.262,A,ARG185,N,50.625,9.747,21.942
Bound Backbone,BLUE,9.299,2.257,False,A,LEU184,O,49.677,8.096,23.154,A,ARG185,N,50.625,9.747,21.942
Phase Boundary,YELLOW,4.641,3.686,False,A,LEU184,O,49.677,8.096,23.154,A,ARG185,O,48.544,7.969,19.649
Bound Backbone,BLUE,5.296,3.444,False,A,LEU184,O,49.677,8.096,23.154,A,GLU186,N,50.784,7.954,19.896
Phase Boundary,YELLOW,4.549,3.233,False,A,LEU184,O,49.677,8.096,23.154,A,PHE187,N,50.781,5.617,21.397
Bound Backbone,BLUE,5.36,2.778,False,A,LEU184,O,49.677,8.096,23.154,A,ALA188,N,48.199,5.832,22.515
Bound Backbone,BLUE,7.322,2.725,False,A,ARG185,N,50.625,9.747,21.942,A,GLU186,N,50.784,7.954,19.896
Bound Backbone,BLUE,7.94,2.254,False,A,ARG185,O,48.544,7.969,19.649,A,GLU186,N,50.784,7.954,19.896
Thermal Noise,RED,3.535,3.365,False,A,ARG185,O,48.544,7.969,19.649,A,GLU186,O,49.564,4.763,19.7
Thermal Noise,RED,3.366,3.687,False,A,ARG185,O,48.544,7.969,19.649,A,PHE187,N,50.781,5.617,21.397
Phase Boundary,YELLOW,4.36,3.592,False,A,ARG185,O,48.544,7.969,19.649,A,ALA188,N,48.199,5.832,22.515
Thermal Noise,RED,3.423,3.458,False,A,ARG185,O,48.544,7.969,19.649,A,GLU189,N,46.561,5.213,20.304
Thermal Noise,RED,3.099,3.599,False,A,ARG185,NH1,50.777,16.039,19.794,A,HOH911,O,50.681,19.628,20.039
Thermal Noise,RED,3.004,3.859,False,A,ARG185,NH1,50.777,16.039,19.794,A,HOH912,O,53.275,18.467,21.455
Phase Boundary,YELLOW,4.102,3.263,False,A,ARG185,NH2,49.273,16.956,21.273,A,HOH911,O,50.681,19.628,20.039
Bound Backbone,BLUE,6.152,2.778,False,A,GLU186,N,50.784,7.954,19.896,A,PHE187,N,50.781,5.617,21.397
Bound Backbone,BLUE,10.693,2.256,False,A,GLU186,O,49.564,4.763,19.7,A,PHE187,N,50.781,5.617,21.397
Phase Boundary,YELLOW,4.824,3.49,False,A,GLU186,O,49.564,4.763,19.7,A,PHE187,O,48.212,3.584,22.694
Bound Backbone,BLUE,5.351,3.306,False,A,GLU186,O,49.564,4.763,19.7,A,ALA188,N,48.199,5.832,22.515
Phase Boundary,YELLOW,4.276,3.096,False,A,GLU186,O,49.564,4.763,19.7,A,GLU189,N,46.561,5.213,20.304
Phase Boundary,YELLOW,4.289,3.056,False,A,GLU186,O,49.564,4.763,19.7,A,THR190,N,47.383,2.625,19.799
Thermal Noise,RED,3.834,3.246,False,A,GLU186,O,49.564,4.763,19.7,A,THR190,OG1,49.913,1.56,19.308
Bound Backbone,BLUE,6.732,3.094,False,A,GLU186,O,49.564,4.763,19.7,A,HOH683,O,49.953,4.277,16.669
Bound Backbone,BLUE,5.677,2.755,False,A,GLU186,OE2,54.431,3.511,19.153,A,HOH568,O,52.552,1.737,20.107
Thermal Noise,RED,2.957,3.997,False,A,GLU186,OE2,54.431,3.511,19.153,A,HOH769,O,52.92,0.484,17.024
Bound Backbone,BLUE,5.528,2.822,False,A,PHE187,N,50.781,5.617,21.397,A,ALA188,N,48.199,5.832,22.515
Bound Backbone,BLUE,7.901,2.255,False,A,PHE187,O,48.212,3.584,22.694,A,ALA188,N,48.199,5.832,22.515
Thermal Noise,RED,3.577,3.421,False,A,PHE187,O,48.212,3.584,22.694,A,ALA188,O,45.037,4.465,21.775
Phase Boundary,YELLOW,4.791,3.33,False,A,PHE187,O,48.212,3.584,22.694,A,GLU189,N,46.561,5.213,20.304
Bound Backbone,BLUE,6.146,3.16,False,A,PHE187,O,48.212,3.584,22.694,A,THR190,N,47.383,2.625,19.799
Phase Boundary,YELLOW,4.799,2.922,False,A,PHE187,O,48.212,3.584,22.694,A,LEU191,N,46.498,1.286,22.13
Bound Backbone,BLUE,6.999,2.82,False,A,ALA188,N,48.199,5.832,22.515,A,GLU189,N,46.561,5.213,20.304
Bound Backbone,BLUE,10.096,2.246,False,A,ALA188,O,45.037,4.465,21.775,A,GLU189,N,46.561,5.213,20.304
Phase Boundary,YELLOW,4.263,3.597,False,A,ALA188,O,45.037,4.465,21.775,A,GLU189,O,45.328,2.192,19.003
Thermal Noise,RED,3.736,3.577,False,A,ALA188,O,45.037,4.465,21.775,A,THR190,N,47.383,2.625,19.799
Thermal Noise,RED,3.257,3.517,False,A,ALA188,O,45.037,4.465,21.775,A,LEU191,N,46.498,1.286,22.13
Phase Boundary,YELLOW,4.343,3.047,False,A,ALA188,O,45.037,4.465,21.775,A,ARG192,N,43.666,1.764,22.107
Bound Backbone,BLUE,5.358,2.762,False,A,GLU189,N,46.561,5.213,20.304,A,THR190,N,47.383,2.625,19.799
Bound Backbone,BLUE,8.568,2.246,False,A,GLU189,O,45.328,2.192,19.003,A,THR190,N,47.383,2.625,19.799
Thermal Noise,RED,3.983,3.451,False,A,GLU189,O,45.328,2.192,19.003,A,THR190,O,46.267,-0.558,20.864
Phase Boundary,YELLOW,5.083,3.459,False,A,GLU189,O,45.328,2.192,19.003,A,LEU191,N,46.498,1.286,22.13
Phase Boundary,YELLOW,4.732,3.547,False,A,GLU189,O,45.328,2.192,19.003,A,ARG192,N,43.666,1.764,22.107
Phase Boundary,YELLOW,4.74,2.961,False,A,GLU189,O,45.328,2.192,19.003,A,THR193,N,43.076,0.413,19.733
Bound Backbone,BLUE,7.049,2.742,False,A,GLU189,O,45.328,2.192,19.003,A,THR193,OG1,44.179,0.654,17.045
Bound Backbone,BLUE,6.515,2.679,False,A,GLU189,OE1,47.776,5.011,15.291,A,HOH683,O,49.953,4.277,16.669
Bound Backbone,BLUE,7.153,2.83,False,A,THR190,N,47.383,2.625,19.799,A,LEU191,N,46.498,1.286,22.13
Bound Backbone,BLUE,9.511,2.249,False,A,THR190,O,46.267,-0.558,20.864,A,LEU191,N,46.498,1.286,22.13
Phase Boundary,YELLOW,4.408,3.325,False,A,THR190,O,46.267,-0.558,20.864,A,LEU191,O,43.576,-0.367,22.807
Thermal Noise,RED,3.13,3.702,False,A,THR190,O,46.267,-0.558,20.864,A,ARG192,N,43.666,1.764,22.107
Thermal Noise,RED,3.438,3.522,False,A,THR190,O,46.267,-0.558,20.864,A,THR193,N,43.076,0.413,19.733
Phase Boundary,YELLOW,4.354,3.06,False,A,THR190,O,46.267,-0.558,20.864,A,ALA194,N,43.798,-2.288,20.342
Bound Backbone,BLUE,6.624,2.77,False,A,THR190,O,46.267,-0.558,20.864,A,HOH567,O,47.071,-2.5,19.06
Bound Backbone,BLUE,5.521,2.763,False,A,THR190,OG1,49.913,1.56,19.308,A,HOH568,O,52.552,1.737,20.107
Thermal Noise,RED,3.651,3.788,False,A,THR190,OG1,49.913,1.56,19.308,A,HOH683,O,49.953,4.277,16.669
Thermal Noise,RED,3.155,3.926,False,A,THR190,OG1,49.913,1.56,19.308,A,HOH769,O,52.92,0.484,17.024
Thermal Noise,RED,3.041,3.987,False,A,THR190,OG1,49.913,1.56,19.308,A,HOH894,O,51.147,-1.47,17.029
Phase Boundary,YELLOW,4.852,2.872,False,A,LEU191,N,46.498,1.286,22.13,A,ARG192,N,43.666,1.764,22.107
Bound Backbone,BLUE,8.433,2.245,False,A,LEU191,O,43.576,-0.367,22.807,A,ARG192,N,43.666,1.764,22.107
Phase Boundary,YELLOW,4.438,3.391,False,A,LEU191,O,43.576,-0.367,22.807,A,ARG192,O,41.044,-0.023,20.578
Bound Backbone,BLUE,6.147,3.211,False,A,LEU191,O,43.576,-0.367,22.807,A,THR193,N,43.076,0.413,19.733
Bound Backbone,BLUE,5.683,3.133,False,A,LEU191,O,43.576,-0.367,22.807,A,ALA194,N,43.798,-2.288,20.342
Phase Boundary,YELLOW,5.139,2.816,False,A,LEU191,O,43.576,-0.367,22.807,A,LEU195,N,41.967,-2.628,22.327
Bound Backbone,BLUE,7.478,2.794,False,A,ARG192,N,43.666,1.764,22.107,A,THR193,N,43.076,0.413,19.733
Bound Backbone,BLUE,8.669,2.243,False,A,ARG192,O,41.044,-0.023,20.578,A,THR193,N,43.076,0.413,19.733
Thermal Noise,RED,3.865,3.439,False,A,ARG192,O,41.044,-0.023,20.578,A,THR193,O,42.102,-2.863,18.953
Thermal Noise,RED,3.143,3.574,False,A,ARG192,O,41.044,-0.023,20.578,A,ALA194,N,43.798,-2.288,20.342
Phase Boundary,YELLOW,4.422,3.271,False,A,ARG192,O,41.044,-0.023,20.578,A,LEU195,N,41.967,-2.628,22.327
Phase Boundary,YELLOW,4.176,3.118,False,A,ARG192,O,41.044,-0.023,20.578,A,LYS196,N,39.528,-2.707,21.046
Phase Boundary,YELLOW,4.78,2.95,False,A,ARG192,O,41.044,-0.023,20.578,A,HOH805,O,38.911,1.878,21.312
Ligand Bound Core,BLUE,6.923,2.949,True,A,ARG192,NE,40.487,5.686,20.622,A,SO41102,O4,39.882,4.488,17.996
Bound Backbone,BLUE,6.995,2.907,False,A,ARG192,NH1,38.824,6.176,22.159,A,HOH564,O,40.239,6.517,24.675
Ligand Fluctuation Noise,RED,4.056,3.984,True,A,ARG192,NH2,38.309,5.873,19.942,A,SO41102,O1,39.06,5.497,16.048
Ligand Bound Core,BLUE,6.334,2.86,True,A,ARG192,NH2,38.309,5.873,19.942,A,SO41102,O4,39.882,4.488,17.996
Ligand Fluctuation Noise,RED,3.629,3.996,True,A,ARG192,NH2,38.309,5.873,19.942,A,SO41102,S,40.076,4.603,16.591
Phase Boundary,YELLOW,5.154,3.377,False,A,ARG192,NH2,38.309,5.873,19.942,A,HOH632,O,36.592,6.106,17.043
Phase Boundary,YELLOW,5.029,2.861,False,A,THR193,N,43.076,0.413,19.733,A,ALA194,N,43.798,-2.288,20.342
Bound Backbone,BLUE,9.654,2.266,False,A,THR193,O,42.102,-2.863,18.953,A,ALA194,N,43.798,-2.288,20.342
Phase Boundary,YELLOW,4.124,3.759,False,A,THR193,O,42.102,-2.863,18.953,A,ALA194,O,42.086,-4.865,22.134
Bound Backbone,BLUE,5.702,3.385,False,A,THR193,O,42.102,-2.863,18.953,A,LEU195,N,41.967,-2.628,22.327
Phase Boundary,YELLOW,4.545,3.321,False,A,THR193,O,42.102,-2.863,18.953,A,LYS196,N,39.528,-2.707,21.046
Bound Backbone,BLUE,6.765,2.993,False,A,THR193,O,42.102,-2.863,18.953,A,LYS196,NZ,40.957,-2.226,16.262
Phase Boundary,YELLOW,4.283,3.37,False,A,THR193,O,42.102,-2.863,18.953,A,GLU197,OE2,40.251,-4.885,16.993
Bound Backbone,BLUE,6.385,2.728,False,A,THR193,OG1,44.179,0.654,17.045,A,HOH566,O,41.955,1.208,15.566
Bound Backbone,BLUE,7.23,2.722,False,A,ALA194,N,43.798,-2.288,20.342,A,LEU195,N,41.967,-2.628,22.327
Thermal Noise,RED,3.499,3.522,False,A,ALA194,N,43.798,-2.288,20.342,A,HOH567,O,47.071,-2.5,19.06
Thermal Noise,RED,3.274,3.762,False,A,ALA194,N,43.798,-2.288,20.342,A,HOH892,O,45.77,-4.888,18.471
Bound Backbone,BLUE,7.953,2.248,False,A,ALA194,O,42.086,-4.865,22.134,A,LEU195,N,41.967,-2.628,22.327
Thermal Noise,RED,3.428,3.519,False,A,ALA194,O,42.086,-4.865,22.134,A,LYS196,N,39.528,-2.707,21.046
Thermal Noise,RED,3.643,3.569,False,A,ALA194,O,42.086,-4.865,22.134,A,GLU197,N,39.016,-5.213,20.347
Phase Boundary,YELLOW,4.601,2.978,False,A,ALA194,O,42.086,-4.865,22.134,A,ARG198,N,39.797,-6.697,22.657
Thermal Noise,RED,3.778,3.263,False,A,ALA194,O,42.086,-4.865,22.134,A,ARG198,NE,43.584,-7.749,22.431
Bound Backbone,BLUE,5.841,2.898,False,A,ALA194,O,42.086,-4.865,22.134,A,ARG198,NH2,43.593,-6.64,20.409
Bound Backbone,BLUE,5.993,2.756,False,A,LEU195,N,41.967,-2.628,22.327,A,LYS196,N,39.528,-2.707,21.046
Bound Backbone,BLUE,11.696,2.232,False,A,LEU195,O,38.442,-3.188,22.936,A,LYS196,N,39.528,-2.707,21.046
Phase Boundary,YELLOW,4.857,3.321,False,A,LEU195,O,38.442,-3.188,22.936,A,LYS196,O,36.809,-4.767,20.513
Phase Boundary,YELLOW,4.972,3.337,False,A,LEU195,O,38.442,-3.188,22.936,A,GLU197,N,39.016,-5.213,20.347
Thermal Noise,RED,2.823,3.772,False,A,LEU195,O,38.442,-3.188,22.936,A,ARG198,N,39.797,-6.697,22.657
Bound Backbone,BLUE,6.632,2.826,False,A,LEU195,O,38.442,-3.188,22.936,A,ARG198,O,39.047,-5.075,24.951
Thermal Noise,RED,3.89,3.209,False,A,LEU195,O,38.442,-3.188,22.936,A,HOH719,O,37.065,-0.292,22.812
Bound Backbone,BLUE,5.944,2.652,False,A,LYS196,N,39.528,-2.707,21.046,A,GLU197,N,39.016,-5.213,20.347
Thermal Noise,RED,3.017,3.875,False,A,LYS196,N,39.528,-2.707,21.046,A,HOH719,O,37.065,-0.292,22.812
Bound Backbone,BLUE,7.878,2.258,False,A,LYS196,O,36.809,-4.767,20.513,A,GLU197,N,39.016,-5.213,20.347
Thermal Noise,RED,3.155,3.784,False,A,LYS196,O,36.809,-4.767,20.513,A,GLU197,O,37.96,-7.944,22.217
Phase Boundary,YELLOW,5.146,2.847,False,A,LYS196,NZ,40.957,-2.226,16.262,A,GLU197,OE2,40.251,-4.885,16.993
Thermal Noise,RED,3.085,3.643,False,A,LYS196,NZ,40.957,-2.226,16.262,A,HOH566,O,41.955,1.208,15.566
Bound Backbone,BLUE,6.958,2.855,False,A,GLU197,N,39.016,-5.213,20.347,A,ARG198,N,39.797,-6.697,22.657
Bound Backbone,BLUE,7.999,2.263,False,A,GLU197,O,37.96,-7.944,22.217,A,ARG198,N,39.797,-6.697,22.657
Phase Boundary,YELLOW,4.724,3.708,False,A,ARG198,N,39.797,-6.697,22.657,A,SER199,N,39.275,-6.861,26.324
Bound Backbone,BLUE,9.632,2.264,False,A,ARG198,O,39.047,-5.075,24.951,A,SER199,N,39.275,-6.861,26.324
Thermal Noise,RED,3.672,3.924,False,A,ARG198,O,39.047,-5.075,24.951,A,SER199,O,41.127,-6.116,28.111
Phase Boundary,YELLOW,4.176,3.401,False,A,ARG198,NH2,43.593,-6.64,20.409,A,HOH892,O,45.77,-4.888,18.471
Phase Boundary,YELLOW,4.215,3.579,False,A,SER199,N,39.275,-6.861,26.324,A,ALA200,N,39.81,-4.516,28.974
Phase Boundary,YELLOW,4.996,2.835,False,A,SER199,N,39.275,-6.861,26.324,A,HOH630,O,39.147,-9.686,26.519
Bound Backbone,BLUE,8.689,2.245,False,A,SER199,O,41.127,-6.116,28.111,A,ALA200,N,39.81,-4.516,28.974
Phase Boundary,YELLOW,4.178,3.624,False,A,SER199,O,41.127,-6.116,28.111,A,ALA200,O,42.835,-4.515,30.877
Bound Backbone,BLUE,6.688,3.115,False,A,SER199,O,41.127,-6.116,28.111,A,ASP201,N,40.935,-5.674,31.188
Bound Backbone,BLUE,6.75,2.803,False,A,SER199,O,41.127,-6.116,28.111,A,ASP202,N,42.208,-7.75,30.116
Phase Boundary,YELLOW,4.451,3.056,False,A,SER199,OG,37.889,-6.77,29.729,A,ALA200,N,39.81,-4.516,28.974
Thermal Noise,RED,3.515,3.551,False,A,SER199,OG,37.889,-6.77,29.729,A,ASP201,N,40.935,-5.674,31.188
Bound Backbone,BLUE,6.085,2.9,False,A,SER199,OG,37.889,-6.77,29.729,A,ASP201,OD1,39.233,-8.479,31.648
Bound Backbone,BLUE,7.115,3.028,False,A,SER199,OG,37.889,-6.77,29.729,A,ASP201,OD2,38.182,-6.864,32.741
Bound Backbone,BLUE,7.544,2.74,False,A,ALA200,N,39.81,-4.516,28.974,A,ASP201,N,40.935,-5.674,31.188
Bound Backbone,BLUE,8.021,2.247,False,A,ALA200,O,42.835,-4.515,30.877,A,ASP201,N,40.935,-5.674,31.188
Thermal Noise,RED,3.612,3.382,False,A,ALA200,O,42.835,-4.515,30.877,A,ASP202,N,42.208,-7.75,30.116
Bound Backbone,BLUE,6.171,2.682,False,A,ALA200,O,42.835,-4.515,30.877,A,HOH519,O,44.414,-2.654,31.99
Bound Backbone,BLUE,6.237,2.661,False,A,ASP201,N,40.935,-5.674,31.188,A,ASP202,N,42.208,-7.75,30.116
Bound Backbone,BLUE,12.124,2.223,False,A,ASP201,O,42.768,-8.629,32.079,A,ASP202,N,42.208,-7.75,30.116
Phase Boundary,YELLOW,4.472,3.448,False,A,ASP201,O,42.768,-8.629,32.079,A,ASP202,O,44.973,-7.687,29.601
Phase Boundary,YELLOW,4.086,3.571,False,A,ASP201,O,42.768,-8.629,32.079,A,SER203,N,45.004,-9.934,29.62
Bound Backbone,BLUE,7.935,2.646,False,A,ASP201,O,42.768,-8.629,32.079,A,HOH917,O,44.387,-8.962,34.145
Thermal Noise,RED,3.847,3.425,False,A,ASP201,OD1,39.233,-8.479,31.648,A,ASP202,N,42.208,-7.75,30.116
Thermal Noise,RED,3.156,3.582,False,A,ASP202,N,42.208,-7.75,30.116,A,SER203,N,45.004,-9.934,29.62
Bound Backbone,BLUE,7.925,2.247,False,A,ASP202,O,44.973,-7.687,29.601,A,SER203,N,45.004,-9.934,29.62
Thermal Noise,RED,3.39,3.462,False,A,ASP202,O,44.973,-7.687,29.601,A,SER203,O,48.261,-8.629,29.064
Phase Boundary,YELLOW,5.146,3.151,False,A,ASP202,O,44.973,-7.687,29.601,A,ILE204,N,46.748,-9.255,27.522
Bound Backbone,BLUE,6.373,2.967,False,A,ASP202,O,44.973,-7.687,29.601,A,ILE205,N,46.34,-6.513,27.244
Phase Boundary,YELLOW,4.592,2.956,False,A,ASP202,O,44.973,-7.687,29.601,A,VAL206,N,47.1,-5.643,29.791
Bound Backbone,BLUE,6.817,3.028,False,A,ASP202,OD1,43.992,-10.168,26.776,A,SER203,N,45.004,-9.934,29.62
Phase Boundary,YELLOW,4.629,2.998,False,A,ASP202,OD1,43.992,-10.168,26.776,A,ILE204,N,46.748,-9.255,27.522
Phase Boundary,YELLOW,4.627,2.961,False,A,ASP202,OD2,41.876,-10.75,26.951,A,HOH630,O,39.147,-9.686,26.519
Bound Backbone,BLUE,6.857,2.811,False,A,SER203,N,45.004,-9.934,29.62,A,ILE204,N,46.748,-9.255,27.522
Bound Backbone,BLUE,10.277,2.249,False,A,SER203,O,48.261,-8.629,29.064,A,ILE204,N,46.748,-9.255,27.522
Phase Boundary,YELLOW,4.818,3.356,False,A,SER203,O,48.261,-8.629,29.064,A,ILE204,O,48.471,-6.412,26.553
Phase Boundary,YELLOW,4.126,3.388,False,A,SER203,O,48.261,-8.629,29.064,A,ILE205,N,46.34,-6.513,27.244
Thermal Noise,RED,3.824,3.285,False,A,SER203,O,48.261,-8.629,29.064,A,VAL206,N,47.1,-5.643,29.791
Phase Boundary,YELLOW,5.134,2.839,False,A,SER203,O,48.261,-8.629,29.064,A,THR207,N,49.792,-6.33,29.72
Phase Boundary,YELLOW,4.353,3.034,False,A,SER203,O,48.261,-8.629,29.064,A,THR207,OG1,51.287,-8.807,29.185
Bound Backbone,BLUE,7.053,2.832,False,A,SER203,O,48.261,-8.629,29.064,A,HOH705,O,49.708,-9.476,31.346
Thermal Noise,RED,2.952,3.76,False,A,SER203,O,48.261,-8.629,29.064,A,HOH901,O,50.773,-11.252,28.092
Phase Boundary,YELLOW,5.188,2.786,False,A,ILE204,N,46.748,-9.255,27.522,A,ILE205,N,46.34,-6.513,27.244
Bound Backbone,BLUE,8.439,2.243,False,A,ILE204,O,48.471,-6.412,26.553,A,ILE205,N,46.34,-6.513,27.244
Phase Boundary,YELLOW,4.08,3.522,False,A,ILE204,O,48.471,-6.412,26.553,A,ILE205,O,47.901,-3.781,28.824
Phase Boundary,YELLOW,4.68,3.599,False,A,ILE204,O,48.471,-6.412,26.553,A,VAL206,N,47.1,-5.643,29.791
Phase Boundary,YELLOW,5.237,3.432,False,A,ILE204,O,48.471,-6.412,26.553,A,THR207,N,49.792,-6.33,29.72
Phase Boundary,YELLOW,4.979,2.932,False,A,ILE204,O,48.471,-6.412,26.553,A,LEU208,N,50.689,-4.757,27.521
Bound Backbone,BLUE,5.412,3.071,False,A,ILE204,O,48.471,-6.412,26.553,A,HOH691,O,50.595,-7.327,24.532
Bound Backbone,BLUE,7.817,2.797,False,A,ILE205,N,46.34,-6.513,27.244,A,VAL206,N,47.1,-5.643,29.791
Bound Backbone,BLUE,8.871,2.246,False,A,ILE205,O,47.901,-3.781,28.824,A,VAL206,N,47.1,-5.643,29.791
Phase Boundary,YELLOW,5.014,3.216,False,A,ILE205,O,47.901,-3.781,28.824,A,VAL206,O,50.134,-4.523,31.016
Thermal Noise,RED,3.853,3.298,False,A,ILE205,O,47.901,-3.781,28.824,A,THR207,N,49.792,-6.33,29.72
Phase Boundary,YELLOW,4.237,3.229,False,A,ILE205,O,47.901,-3.781,28.824,A,LEU208,N,50.689,-4.757,27.521
Phase Boundary,YELLOW,4.566,2.974,False,A,ILE205,O,47.901,-3.781,28.824,A,ARG209,N,50.322,-2.091,28.467
Phase Boundary,YELLOW,5.184,2.779,False,A,VAL206,N,47.1,-5.643,29.791,A,THR207,N,49.792,-6.33,29.72
Bound Backbone,BLUE,9.576,2.25,False,A,VAL206,O,50.134,-4.523,31.016,A,THR207,N,49.792,-6.33,29.72
Phase Boundary,YELLOW,4.439,3.422,False,A,VAL206,O,50.134,-4.523,31.016,A,THR207,O,52.627,-4.572,28.673
Phase Boundary,YELLOW,5.148,3.547,False,A,VAL206,O,50.134,-4.523,31.016,A,LEU208,N,50.689,-4.757,27.521
Phase Boundary,YELLOW,4.283,3.528,False,A,VAL206,O,50.134,-4.523,31.016,A,ARG209,N,50.322,-2.091,28.467
Thermal Noise,RED,3.952,3.205,False,A,VAL206,O,50.134,-4.523,31.016,A,GLU210,N,52.238,-2.154,30.53
Bound Backbone,BLUE,7.889,2.734,False,A,VAL206,O,50.134,-4.523,31.016,A,HOH520,O,49.803,-3.182,33.376
Thermal Noise,RED,3.494,3.75,False,A,VAL206,O,50.134,-4.523,31.016,A,HOH900,O,52.401,-6.495,33.26
Bound Backbone,BLUE,6.802,2.849,False,A,THR207,N,49.792,-6.33,29.72,A,LEU208,N,50.689,-4.757,27.521
Thermal Noise,RED,3.617,3.542,False,A,THR207,N,49.792,-6.33,29.72,A,HOH705,O,49.708,-9.476,31.346
Bound Backbone,BLUE,9.112,2.262,False,A,THR207,O,52.627,-4.572,28.673,A,LEU208,N,50.689,-4.757,27.521
Phase Boundary,YELLOW,4.182,3.27,False,A,THR207,O,52.627,-4.572,28.673,A,LEU208,O,52.176,-1.654,27.267
Thermal Noise,RED,3.485,3.393,False,A,THR207,O,52.627,-4.572,28.673,A,ARG209,N,50.322,-2.091,28.467
Phase Boundary,YELLOW,5.221,3.074,False,A,THR207,O,52.627,-4.572,28.673,A,GLU210,N,52.238,-2.154,30.53
Phase Boundary,YELLOW,4.467,3.009,False,A,THR207,O,52.627,-4.572,28.673,A,GLN211,N,54.602,-2.335,29.057
Thermal Noise,RED,2.833,3.868,False,A,THR207,O,52.627,-4.572,28.673,A,HOH727,O,55.946,-6.17,29.852
Bound Backbone,BLUE,7.312,2.759,False,A,THR207,OG1,51.287,-8.807,29.185,A,HOH705,O,49.708,-9.476,31.346
Bound Backbone,BLUE,5.931,2.727,False,A,THR207,OG1,51.287,-8.807,29.185,A,HOH901,O,50.773,-11.252,28.092
Phase Boundary,YELLOW,5.262,2.853,False,A,LEU208,N,50.689,-4.757,27.521,A,ARG209,N,50.322,-2.091,28.467
Thermal Noise,RED,3.515,3.943,False,A,LEU208,N,50.689,-4.757,27.521,A,HOH691,O,50.595,-7.327,24.532
Bound Backbone,BLUE,9.324,2.251,False,A,LEU208,O,52.176,-1.654,27.267,A,ARG209,N,50.322,-2.091,28.467
Phase Boundary,YELLOW,4.767,3.525,False,A,LEU208,O,52.176,-1.654,27.267,A,ARG209,O,52.452,0.073,30.327
Bound Backbone,BLUE,5.953,3.302,False,A,LEU208,O,52.176,-1.654,27.267,A,GLU210,N,52.238,-2.154,30.53
Phase Boundary,YELLOW,5.083,3.091,False,A,LEU208,O,52.176,-1.654,27.267,A,GLN211,N,54.602,-2.335,29.057
Phase Boundary,YELLOW,4.834,2.905,False,A,LEU208,O,52.176,-1.654,27.267,A,MET212,N,54.414,0.127,27.778
Thermal Noise,RED,2.776,3.998,False,A,LEU208,O,52.176,-1.654,27.267,A,MET212,SD,50.637,1.646,25.617
Bound Backbone,BLUE,6.769,2.816,False,A,ARG209,N,50.322,-2.091,28.467,A,GLU210,N,52.238,-2.154,30.53
Bound Backbone,BLUE,7.971,2.246,False,A,ARG209,O,52.452,0.073,30.327,A,GLU210,N,52.238,-2.154,30.53
Thermal Noise,RED,3.569,3.359,False,A,ARG209,O,52.452,0.073,30.327,A,GLU210,O,55.579,-1.108,30.662
Thermal Noise,RED,3.609,3.469,False,A,ARG209,O,52.452,0.073,30.327,A,GLN211,N,54.602,-2.335,29.057
Bound Backbone,BLUE,5.412,3.217,False,A,ARG209,O,52.452,0.073,30.327,A,MET212,N,54.414,0.127,27.778
Phase Boundary,YELLOW,4.972,2.856,False,A,ARG209,O,52.452,0.073,30.327,A,GLN213,N,54.584,1.928,29.915
Thermal Noise,RED,4.035,3.883,False,A,ARG209,O,52.452,0.073,30.327,A,HOH808,O,50.948,-0.634,33.836
Thermal Noise,RED,2.588,3.946,False,A,ARG209,NE,46.827,0.441,31.579,A,HOH519,O,44.414,-2.654,31.99
Phase Boundary,YELLOW,5.001,2.999,False,A,ARG209,NE,46.827,0.441,31.579,A,HOH690,O,49.34,1.406,32.9
Phase Boundary,YELLOW,4.833,2.879,False,A,ARG209,NH1,44.594,0.217,32.107,A,HOH519,O,44.414,-2.654,31.99
Thermal Noise,RED,3.154,3.563,False,A,ARG209,NH2,45.82,1.948,32.99,A,HOH690,O,49.34,1.406,32.9
Bound Backbone,BLUE,6.047,2.791,False,A,GLU210,N,52.238,-2.154,30.53,A,GLN211,N,54.602,-2.335,29.057
Thermal Noise,RED,3.559,3.884,False,A,GLU210,N,52.238,-2.154,30.53,A,HOH520,O,49.803,-3.182,33.376
Thermal Noise,RED,3.938,3.861,False,A,GLU210,N,52.238,-2.154,30.53,A,HOH808,O,50.948,-0.634,33.836
Bound Backbone,BLUE,10.533,2.244,False,A,GLU210,O,55.579,-1.108,30.662,A,GLN211,N,54.602,-2.335,29.057
Phase Boundary,YELLOW,4.924,3.491,False,A,GLU210,O,55.579,-1.108,30.662,A,GLN211,O,56.652,0.106,27.57
Phase Boundary,YELLOW,5.262,3.347,False,A,GLU210,O,55.579,-1.108,30.662,A,MET212,N,54.414,0.127,27.778
Thermal Noise,RED,3.84,3.281,False,A,GLU210,O,55.579,-1.108,30.662,A,GLN213,N,54.584,1.928,29.915
Phase Boundary,YELLOW,4.403,3.015,False,A,GLU210,O,55.579,-1.108,30.662,A,ARG214,N,57.192,1.439,30.653
Bound Backbone,BLUE,7.996,2.779,False,A,GLU210,OE1,54.883,-6.115,32.419,A,HOH727,O,55.946,-6.17,29.852
Bound Backbone,BLUE,6.074,2.648,False,A,GLU210,OE1,54.883,-6.115,32.419,A,HOH900,O,52.401,-6.495,33.26
Thermal Noise,RED,3.738,3.358,False,A,GLU210,OE2,55.822,-5.253,34.241,A,HOH728,O,58.975,-4.626,33.272
Thermal Noise,RED,2.938,3.769,False,A,GLU210,OE2,55.822,-5.253,34.241,A,HOH900,O,52.401,-6.495,33.26
Bound Backbone,BLUE,5.872,2.781,False,A,GLN211,N,54.602,-2.335,29.057,A,MET212,N,54.414,0.127,27.778
Bound Backbone,BLUE,7.964,2.248,False,A,GLN211,O,56.652,0.106,27.57,A,MET212,N,54.414,0.127,27.778
Thermal Noise,RED,3.338,3.536,False,A,GLN211,O,56.652,0.106,27.57,A,MET212,O,55.566,3.344,28.485
Thermal Noise,RED,3.873,3.619,False,A,GLN211,O,56.652,0.106,27.57,A,GLN213,N,54.584,1.928,29.915
Phase Boundary,YELLOW,5.265,3.402,False,A,GLN211,O,56.652,0.106,27.57,A,ARG214,N,57.192,1.439,30.653
Phase Boundary,YELLOW,4.387,3.091,False,A,GLN211,O,56.652,0.106,27.57,A,GLU215,N,58.604,2.349,28.416
Bound Backbone,BLUE,5.66,2.779,False,A,GLN211,O,56.652,0.106,27.57,A,HOH631,O,58.94,-1.063,26.51
Bound Backbone,BLUE,6.998,2.8,False,A,MET212,N,54.414,0.127,27.778,A,GLN213,N,54.584,1.928,29.915
Bound Backbone,BLUE,10.053,2.239,False,A,MET212,O,55.566,3.344,28.485,A,GLN213,N,54.584,1.928,29.915
Phase Boundary,YELLOW,5.061,3.404,False,A,MET212,O,55.566,3.344,28.485,A,GLN213,O,57.316,3.56,31.397
Phase Boundary,YELLOW,4.641,3.313,False,A,MET212,O,55.566,3.344,28.485,A,ARG214,N,57.192,1.439,30.653
Thermal Noise,RED,3.915,3.198,False,A,MET212,O,55.566,3.344,28.485,A,GLU215,N,58.604,2.349,28.416
Phase Boundary,YELLOW,4.822,2.881,False,A,MET212,O,55.566,3.344,28.485,A,ILE216,N,57.914,5.013,28.491
Bound Backbone,BLUE,5.517,2.754,False,A,GLN213,N,54.584,1.928,29.915,A,ARG214,N,57.192,1.439,30.653
Bound Backbone,BLUE,8.446,2.251,False,A,GLN213,O,57.316,3.56,31.397,A,ARG214,N,57.192,1.439,30.653
Thermal Noise,RED,3.717,3.491,False,A,GLN213,O,57.316,3.56,31.397,A,ARG214,O,60.325,2.78,29.808
Phase Boundary,YELLOW,4.9,3.466,False,A,GLN213,O,57.316,3.56,31.397,A,GLU215,N,58.604,2.349,28.416
Bound Backbone,BLUE,5.473,3.304,False,A,GLN213,O,57.316,3.56,31.397,A,ILE216,N,57.914,5.013,28.491
Phase Boundary,YELLOW,4.915,2.879,False,A,GLN213,O,57.316,3.56,31.397,A,PHE217,N,59.104,5.764,30.912
Thermal Noise,RED,3.244,3.887,False,A,GLN213,NE2,52.393,2.076,35.211,A,HOH690,O,49.34,1.406,32.9
Thermal Noise,RED,3.268,3.499,False,A,GLN213,NE2,52.393,2.076,35.211,A,HOH726,O,53.291,-1.306,35.187
Thermal Noise,RED,3.91,3.365,False,A,GLN213,NE2,52.393,2.076,35.211,A,HOH808,O,50.948,-0.634,33.836
Bound Backbone,BLUE,5.794,2.635,False,A,GLN213,OE1,54.386,1.079,34.953,A,HOH726,O,53.291,-1.306,35.187
Bound Backbone,BLUE,7.195,2.798,False,A,ARG214,N,57.192,1.439,30.653,A,GLU215,N,58.604,2.349,28.416
Bound Backbone,BLUE,9.778,2.255,False,A,ARG214,O,60.325,2.78,29.808,A,GLU215,N,58.604,2.349,28.416
Thermal Noise,RED,4.022,3.544,False,A,ARG214,O,60.325,2.78,29.808,A,GLU215,O,59.893,5.463,27.533
Thermal Noise,RED,3.474,3.54,False,A,ARG214,O,60.325,2.78,29.808,A,ILE216,N,57.914,5.013,28.491
Thermal Noise,RED,3.676,3.408,False,A,ARG214,O,60.325,2.78,29.808,A,PHE217,N,59.104,5.764,30.912
Phase Boundary,YELLOW,5.034,2.837,False,A,ARG214,O,60.325,2.78,29.808,A,ARG218,N,61.728,5.214,30.201
Thermal Noise,RED,2.957,3.808,False,A,ARG214,NH1,62.466,-1.725,27.787,A,HOH631,O,58.94,-1.063,26.51
Bound Backbone,BLUE,5.806,2.794,False,A,ARG214,NH1,62.466,-1.725,27.787,A,HOH804,O,61.2,0.415,26.513
Bound Backbone,BLUE,5.283,2.753,False,A,GLU215,N,58.604,2.349,28.416,A,ILE216,N,57.914,5.013,28.491
Thermal Noise,RED,2.992,3.923,False,A,GLU215,N,58.604,2.349,28.416,A,HOH631,O,58.94,-1.063,26.51
Thermal Noise,RED,3.302,3.755,False,A,GLU215,N,58.604,2.349,28.416,A,HOH804,O,61.2,0.415,26.513
Bound Backbone,BLUE,8.867,2.244,False,A,GLU215,O,59.893,5.463,27.533,A,ILE216,N,57.914,5.013,28.491
Phase Boundary,YELLOW,4.793,3.325,False,A,GLU215,O,59.893,5.463,27.533,A,ILE216,O,59.484,7.756,29.906
Bound Backbone,BLUE,5.275,3.483,False,A,GLU215,O,59.893,5.463,27.533,A,PHE217,N,59.104,5.764,30.912
Bound Backbone,BLUE,5.424,3.248,False,A,GLU215,O,59.893,5.463,27.533,A,ARG218,N,61.728,5.214,30.201
Phase Boundary,YELLOW,4.648,2.979,False,A,GLU215,O,59.893,5.463,27.533,A,LEU219,N,62.27,7.135,28.188
Phase Boundary,YELLOW,5.053,2.832,False,A,GLU215,OE1,61.042,2.784,25.026,A,ARG218,NE,63.685,3.72,25.422
Thermal Noise,RED,3.381,3.632,False,A,GLU215,OE1,61.042,2.784,25.026,A,ARG218,NH2,63.528,4.937,23.484
Bound Backbone,BLUE,6.013,2.801,False,A,GLU215,OE1,61.042,2.784,25.026,A,HOH804,O,61.2,0.415,26.513
Thermal Noise,RED,3.847,3.474,False,A,GLU215,OE2,60.783,4.499,23.678,A,ARG218,NE,63.685,3.72,25.422
Phase Boundary,YELLOW,5.17,2.786,False,A,GLU215,OE2,60.783,4.499,23.678,A,ARG218,NH2,63.528,4.937,23.484
Bound Backbone,BLUE,7.531,2.8,False,A,ILE216,N,57.914,5.013,28.491,A,PHE217,N,59.104,5.764,30.912
Bound Backbone,BLUE,8.791,2.264,False,A,ILE216,O,59.484,7.756,29.906,A,PHE217,N,59.104,5.764,30.912
Thermal Noise,RED,4.016,3.384,False,A,ILE216,O,59.484,7.756,29.906,A,PHE217,O,62.33,6.939,31.545
Thermal Noise,RED,3.471,3.404,False,A,ILE216,O,59.484,7.756,29.906,A,ARG218,N,61.728,5.214,30.201
Phase Boundary,YELLOW,4.216,3.332,False,A,ILE216,O,59.484,7.756,29.906,A,LEU219,N,62.27,7.135,28.188
Phase Boundary,YELLOW,4.808,2.888,False,A,ILE216,O,59.484,7.756,29.906,A,MET220,N,61.798,9.476,29.736
Bound Backbone,BLUE,5.419,2.774,False,A,PHE217,N,59.104,5.764,30.912,A,ARG218,N,61.728,5.214,30.201
Bound Backbone,BLUE,9.518,2.268,False,A,PHE217,O,62.33,6.939,31.545,A,ARG218,N,61.728,5.214,30.201
Phase Boundary,YELLOW,5.166,3.274,False,A,PHE217,O,62.33,6.939,31.545,A,ARG218,O,64.386,7.112,29.003
Bound Backbone,BLUE,5.781,3.363,False,A,PHE217,O,62.33,6.939,31.545,A,LEU219,N,62.27,7.135,28.188
Phase Boundary,YELLOW,4.84,3.161,False,A,PHE217,O,62.33,6.939,31.545,A,MET220,N,61.798,9.476,29.736
Phase Boundary,YELLOW,4.713,2.914,False,A,PHE217,O,62.33,6.939,31.545,A,SER221,N,63.938,9.369,31.57
Thermal Noise,RED,3.202,3.535,False,A,PHE217,O,62.33,6.939,31.545,A,SER221,OG,65.865,6.926,31.491
Bound Backbone,BLUE,6.578,2.835,False,A,ARG218,N,61.728,5.214,30.201,A,LEU219,N,62.27,7.135,28.188
Bound Backbone,BLUE,8.422,2.268,False,A,ARG218,O,64.386,7.112,29.003,A,LEU219,N,62.27,7.135,28.188
Thermal Noise,RED,3.13,3.607,False,A,ARG218,O,64.386,7.112,29.003,A,LEU219,O,63.302,10.5,28.408
Thermal Noise,RED,3.204,3.581,False,A,ARG218,O,64.386,7.112,29.003,A,MET220,N,61.798,9.476,29.736
Phase Boundary,YELLOW,4.556,3.447,False,A,ARG218,O,64.386,7.112,29.003,A,SER221,N,63.938,9.369,31.57
Bound Backbone,BLUE,6.985,2.9,False,A,ARG218,O,64.386,7.112,29.003,A,SER221,OG,65.865,6.926,31.491
Thermal Noise,RED,3.447,3.478,False,A,ARG218,O,64.386,7.112,29.003,A,LEU222,N,66.076,10.018,29.893
Bound Backbone,BLUE,5.816,2.839,False,A,ARG218,NH1,65.545,4.753,24.531,A,HOH803,O,67.848,3.986,26.003
Bound Backbone,BLUE,5.871,2.846,False,A,LEU219,N,62.27,7.135,28.188,A,MET220,N,61.798,9.476,29.736
Bound Backbone,BLUE,9.631,2.253,False,A,LEU219,O,63.302,10.5,28.408,A,MET220,N,61.798,9.476,29.736
Bound Backbone,BLUE,5.811,3.252,False,A,LEU219,O,63.302,10.5,28.408,A,MET220,O,63.954,11.617,31.392
Bound Backbone,BLUE,5.292,3.418,False,A,LEU219,O,63.302,10.5,28.408,A,SER221,N,63.938,9.369,31.57
Phase Boundary,YELLOW,4.497,3.183,False,A,LEU219,O,63.302,10.5,28.408,A,LEU222,N,66.076,10.018,29.893
Thermal Noise,RED,3.089,3.718,False,A,LEU219,O,63.302,10.5,28.408,A,PHE223,N,66.076,12.662,29.613
Bound Backbone,BLUE,6.385,2.82,False,A,MET220,N,61.798,9.476,29.736,A,SER221,N,63.938,9.369,31.57
Bound Backbone,BLUE,7.901,2.255,False,A,MET220,O,63.954,11.617,31.392,A,SER221,N,63.938,9.369,31.57
Thermal Noise,RED,2.506,3.999,False,A,MET220,O,63.954,11.617,31.392,A,SER221,O,67.565,9.91,31.584
Phase Boundary,YELLOW,4.961,3.051,False,A,MET220,O,63.954,11.617,31.392,A,LEU222,N,66.076,10.018,29.893
Bound Backbone,BLUE,5.619,2.96,False,A,MET220,O,63.954,11.617,31.392,A,PHE223,N,66.076,12.662,29.613
Phase Boundary,YELLOW,4.401,3.079,False,A,MET220,O,63.954,11.617,31.392,A,MET224,N,65.988,13.787,32.19
Phase Boundary,YELLOW,5.058,3.258,False,A,MET220,O,63.954,11.617,31.392,A,MET224,O,66.169,11.721,33.779
Bound Backbone,BLUE,6.304,2.794,False,A,SER221,N,63.938,9.369,31.57,A,LEU222,N,66.076,10.018,29.893
Thermal Noise,RED,3.125,3.923,False,A,SER221,N,63.938,9.369,31.57,A,MET224,O,66.169,11.721,33.779
Bound Backbone,BLUE,10.678,2.256,False,A,SER221,O,67.565,9.91,31.584,A,LEU222,N,66.076,10.018,29.893
Thermal Noise,RED,3.445,3.896,False,A,SER221,O,67.565,9.91,31.584,A,LEU222,O,68.205,12.641,28.88
Thermal Noise,RED,3.455,3.698,False,A,SER221,O,67.565,9.91,31.584,A,PHE223,N,66.076,12.662,29.613
Phase Boundary,YELLOW,5.199,3.17,False,A,SER221,O,67.565,9.91,31.584,A,MET224,O,66.169,11.721,33.779
Thermal Noise,RED,3.731,3.487,False,A,SER221,OG,65.865,6.926,31.491,A,LEU222,N,66.076,10.018,29.893
Bound Backbone,BLUE,5.701,2.659,False,A,LEU222,N,66.076,10.018,29.893,A,PHE223,N,66.076,12.662,29.613
Bound Backbone,BLUE,8.425,2.252,False,A,LEU222,O,68.205,12.641,28.88,A,PHE223,N,66.076,12.662,29.613
Bound Backbone,BLUE,7.757,2.813,False,A,PHE223,N,66.076,12.662,29.613,A,MET224,N,65.988,13.787,32.19
Bound Backbone,BLUE,8.338,2.275,False,A,PHE223,O,66.624,15.82,31.39,A,MET224,N,65.988,13.787,32.19
Phase Boundary,YELLOW,4.664,3.588,False,A,MET224,N,65.988,13.787,32.19,A,ASP225,N,67.315,12.79,35.371
Bound Backbone,BLUE,10.611,2.234,False,A,MET224,O,66.169,11.721,33.779,A,ASP225,N,67.315,12.79,35.371
Phase Boundary,YELLOW,4.356,3.862,False,A,MET224,O,66.169,11.721,33.779,A,ASP225,O,65.896,12.202,37.601
Thermal Noise,RED,3.701,3.612,False,A,ASP225,N,67.315,12.79,35.371,A,ILE226,N,66.319,9.993,37.428
Bound Backbone,BLUE,5.815,2.787,False,A,ASP225,N,67.315,12.79,35.371,A,HOH517,O,68.11,15.149,36.624
Bound Backbone,BLUE,7.894,2.256,False,A,ASP225,O,65.896,12.202,37.601,A,ILE226,N,66.319,9.993,37.428
Phase Boundary,YELLOW,5.065,3.2,False,A,ASP225,O,65.896,12.202,37.601,A,ILE226,O,67.242,10.287,39.783
Phase Boundary,YELLOW,5.16,3.423,False,A,ASP225,O,65.896,12.202,37.601,A,PRO227,N,65.245,10.825,40.666
Thermal Noise,RED,2.867,3.813,False,A,ASP225,O,65.896,12.202,37.601,A,HOH517,O,68.11,15.149,36.624
Thermal Noise,RED,2.982,3.664,False,A,ASP225,OD2,70.967,12.857,36.514,A,HOH517,O,68.11,15.149,36.624
Phase Boundary,YELLOW,4.634,2.939,False,A,ASP225,OD2,70.967,12.857,36.514,A,HOH608,O,70.927,15.795,36.432
Bound Backbone,BLUE,7.673,2.85,False,A,ASP225,OD2,70.967,12.857,36.514,A,HOH637,O,70.892,13.859,39.181
Phase Boundary,YELLOW,5.002,3.511,False,A,ILE226,N,66.319,9.993,37.428,A,PRO227,N,65.245,10.825,40.666
Bound Backbone,BLUE,8.69,2.249,False,A,ILE226,O,67.242,10.287,39.783,A,PRO227,N,65.245,10.825,40.666
Bound Backbone,BLUE,6.906,2.958,False,A,ILE226,O,67.242,10.287,39.783,A,PRO227,O,66.611,9.128,42.43
Bound Backbone,BLUE,5.297,3.474,False,A,ILE226,O,67.242,10.287,39.783,A,PRO228,N,67.914,10.818,43.15
Bound Backbone,BLUE,5.308,2.824,False,A,ILE226,O,67.242,10.287,39.783,A,HOH685,O,69.423,11.867,40.631
Phase Boundary,YELLOW,4.885,2.872,False,A,ILE226,O,67.242,10.287,39.783,A,HOH802,O,69.734,8.891,40.086
Thermal Noise,RED,3.9,3.646,False,A,PRO227,N,65.245,10.825,40.666,A,PRO228,N,67.914,10.818,43.15
Bound Backbone,BLUE,8.403,2.252,False,A,PRO227,O,66.611,9.128,42.43,A,PRO228,N,67.914,10.818,43.15
Bound Backbone,BLUE,5.89,3.292,False,A,PRO227,O,66.611,9.128,42.43,A,VAL229,N,67.414,9.365,45.614
Thermal Noise,RED,3.798,3.975,False,A,PRO227,O,66.611,9.128,42.43,A,VAL229,O,64.767,9.156,45.951
Thermal Noise,RED,3.213,3.912,False,A,PRO227,O,66.611,9.128,42.43,A,HOH802,O,69.734,8.891,40.086
Bound Backbone,BLUE,6.92,2.904,False,A,PRO228,N,67.914,10.818,43.15,A,VAL229,N,67.414,9.365,45.614
Bound Backbone,BLUE,5.826,3.118,False,A,PRO228,N,67.914,10.818,43.15,A,HOH685,O,69.423,11.867,40.631
Bound Backbone,BLUE,7.992,2.244,False,A,PRO228,O,69.35,8.25,45.405,A,VAL229,N,67.414,9.365,45.614
Thermal Noise,RED,2.817,3.772,False,A,PRO228,O,69.35,8.25,45.405,A,HOH569,O,67.512,4.961,45.22
Thermal Noise,RED,3.477,3.552,False,A,VAL229,N,67.414,9.365,45.614,A,GLN230,N,64.998,7.158,46.996
Bound Backbone,BLUE,8.844,2.267,False,A,VAL229,O,64.767,9.156,45.951,A,GLN230,N,64.998,7.158,46.996
Phase Boundary,YELLOW,4.782,3.517,False,A,VAL229,O,64.767,9.156,45.951,A,GLN230,O,63.545,7.897,48.999
Bound Backbone,BLUE,5.518,2.725,False,A,VAL229,O,64.767,9.156,45.951,A,HOH518,O,62.127,9.575,45.419
Thermal Noise,RED,3.204,3.631,False,A,GLN230,N,64.998,7.158,46.996,A,PRO231,N,61.55,7.537,48.069
Bound Backbone,BLUE,5.339,2.798,False,A,GLN230,N,64.998,7.158,46.996,A,GLU233,OE1,67.06,5.417,47.734
Thermal Noise,RED,3.191,3.782,False,A,GLN230,N,64.998,7.158,46.996,A,HOH569,O,67.512,4.961,45.22
Bound Backbone,BLUE,8.935,2.23,False,A,GLN230,O,63.545,7.897,48.999,A,PRO231,N,61.55,7.537,48.069
Thermal Noise,RED,3.918,3.634,False,A,GLN230,O,63.545,7.897,48.999,A,PRO231,O,61.007,8.726,51.464
Phase Boundary,YELLOW,4.82,3.175,False,A,GLN230,O,63.545,7.897,48.999,A,ASN232,N,61.313,6.59,50.84
Bound Backbone,BLUE,6.605,2.962,False,A,GLN230,O,63.545,7.897,48.999,A,GLU233,N,63.863,6.318,51.485
Phase Boundary,YELLOW,4.201,3.641,False,A,GLN230,O,63.545,7.897,48.999,A,GLU233,O,65.739,8.435,51.854
Thermal Noise,RED,3.26,3.91,False,A,GLN230,NE2,65.491,2.785,45.305,A,GLU233,OE1,67.06,5.417,47.734
Phase Boundary,YELLOW,4.536,2.971,False,A,GLN230,NE2,65.491,2.785,45.305,A,HOH569,O,67.512,4.961,45.22
Bound Backbone,BLUE,5.606,3.365,False,A,GLN230,NE2,65.491,2.785,45.305,A,HOH713,O,66.123,2.08,48.534
Phase Boundary,YELLOW,4.248,3.212,False,A,GLN230,NE2,65.491,2.785,45.305,A,HOH918,O,66.633,0.051,46.544
Thermal Noise,RED,3.524,3.854,False,A,GLN230,OE1,63.368,2.348,45.852,A,HOH713,O,66.123,2.08,48.534
Bound Backbone,BLUE,7.261,2.938,False,A,PRO231,N,61.55,7.537,48.069,A,ASN232,N,61.313,6.59,50.84
Phase Boundary,YELLOW,4.828,3.392,False,A,PRO231,N,61.55,7.537,48.069,A,HOH518,O,62.127,9.575,45.419
Bound Backbone,BLUE,8.321,2.246,False,A,PRO231,O,61.007,8.726,51.464,A,ASN232,N,61.313,6.59,50.84
Thermal Noise,RED,2.868,3.736,False,A,PRO231,O,61.007,8.726,51.464,A,GLU233,N,63.863,6.318,51.485
Phase Boundary,YELLOW,4.568,3.666,False,A,PRO231,O,61.007,8.726,51.464,A,THR252,OG1,62.069,9.741,54.823
Thermal Noise,RED,3.297,3.511,False,A,PRO231,O,61.007,8.726,51.464,A,PRO253,N,62.974,11.582,52.012
Phase Boundary,YELLOW,4.431,3.103,False,A,PRO231,O,61.007,8.726,51.464,A,LEU254,N,60.189,11.547,52.466
Bound Backbone,BLUE,5.94,2.644,False,A,ASN232,N,61.313,6.59,50.84,A,GLU233,N,63.863,6.318,51.485
Bound Backbone,BLUE,11.546,2.263,False,A,ASN232,O,63.413,5.279,53.444,A,GLU233,N,63.863,6.318,51.485
Thermal Noise,RED,2.546,3.977,False,A,ASN232,O,63.413,5.279,53.444,A,GLN234,N,66.976,7.002,53.051
Bound Backbone,BLUE,7.006,2.992,False,A,ASN232,ND2,58.41,5.014,51.738,A,HOH798,O,57.765,4.271,48.912
Bound Backbone,BLUE,5.432,3.002,False,A,ASN232,OD1,58.846,5.868,53.778,A,HOH575,O,60.46,7.669,55.557
Thermal Noise,RED,3.566,3.551,False,A,GLU233,N,63.863,6.318,51.485,A,GLN234,N,66.976,7.002,53.051
Bound Backbone,BLUE,9.428,2.24,False,A,GLU233,O,65.739,8.435,51.854,A,GLN234,N,66.976,7.002,53.051
Thermal Noise,RED,3.1,3.593,False,A,GLU233,O,65.739,8.435,51.854,A,GLN234,O,69.323,8.188,51.933
Thermal Noise,RED,3.086,3.717,False,A,GLU233,O,65.739,8.435,51.854,A,PHE235,N,68.847,10.089,53.047
Thermal Noise,RED,3.707,3.833,False,A,GLU233,O,65.739,8.435,51.854,A,SER251,O,66.778,10.734,54.739
Bound Backbone,BLUE,9.496,2.595,False,A,GLU233,OE1,67.06,5.417,47.734,A,HOH569,O,67.512,4.961,45.22
Thermal Noise,RED,3.265,3.557,False,A,GLU233,OE1,67.06,5.417,47.734,A,HOH713,O,66.123,2.08,48.534
Phase Boundary,YELLOW,4.572,3.656,False,A,GLU233,OE2,69.029,4.966,48.546,A,HOH569,O,67.512,4.961,45.22
Thermal Noise,RED,3.071,3.61,False,A,GLN234,N,66.976,7.002,53.051,A,PHE235,N,68.847,10.089,53.047
Thermal Noise,RED,2.633,3.92,False,A,GLN234,N,66.976,7.002,53.051,A,HOH599,O,70.645,5.723,52.531
Bound Backbone,BLUE,9.1,2.254,False,A,GLN234,O,69.323,8.188,51.933,A,PHE235,N,68.847,10.089,53.047
Phase Boundary,YELLOW,5.028,2.86,False,A,GLN234,O,69.323,8.188,51.933,A,HOH599,O,70.645,5.723,52.531
Thermal Noise,RED,3.787,3.263,False,A,GLN234,NE2,68.355,7.047,58.326,A,HOH715,O,65.669,8.866,58.674
Thermal Noise,RED,2.857,3.747,False,A,GLN234,NE2,68.355,7.047,58.326,A,HOH801,O,71.732,5.439,58.095
Bound Backbone,BLUE,5.814,3.022,False,A,GLN234,NE2,68.355,7.047,58.326,A,HOH895,O,69.959,5.68,60.492
Bound Backbone,BLUE,6.668,2.614,False,A,GLN234,OE1,69.435,5.704,56.876,A,HOH801,O,71.732,5.439,58.095
Phase Boundary,YELLOW,4.866,3.654,False,A,GLN234,OE1,69.435,5.704,56.876,A,HOH895,O,69.959,5.68,60.492
Thermal Noise,RED,3.148,3.567,False,A,PHE235,N,68.847,10.089,53.047,A,THR236,N,71.659,12.28,53.177
Bound Backbone,BLUE,6.57,2.749,False,A,PHE235,N,68.847,10.089,53.047,A,SER251,O,66.778,10.734,54.739
Bound Backbone,BLUE,10.002,2.24,False,A,PHE235,O,69.983,11.824,54.591,A,THR236,N,71.659,12.28,53.177
Thermal Noise,RED,3.389,3.696,False,A,PHE235,O,69.983,11.824,54.591,A,ILE249,O,71.01,14.863,56.427
Bound Backbone,BLUE,5.598,3.041,False,A,PHE235,O,69.983,11.824,54.591,A,SER251,N,67.787,12.227,56.655
Thermal Noise,RED,3.49,3.389,False,A,PHE235,O,69.983,11.824,54.591,A,SER251,O,66.778,10.734,54.739
Thermal Noise,RED,3.58,3.417,False,A,THR236,N,71.659,12.28,53.177,A,TRP237,N,72.157,15.537,54.084
Bound Backbone,BLUE,11.452,2.241,False,A,THR236,O,72.854,14.493,52.228,A,TRP237,N,72.157,15.537,54.084
Thermal Noise,RED,3.448,3.499,False,A,THR236,O,72.854,14.493,52.228,A,HOH920,O,76.054,15.467,51.202
Thermal Noise,RED,2.584,3.967,False,A,THR236,OG1,74.495,12.395,53.45,A,TRP237,N,72.157,15.537,54.084
Thermal Noise,RED,3.478,3.399,False,A,TRP237,N,72.157,15.537,54.084,A,GLU238,N,74.221,18.224,53.81
Bound Backbone,BLUE,8.166,2.694,False,A,TRP237,N,72.157,15.537,54.084,A,ILE249,O,71.01,14.863,56.427
Bound Backbone,BLUE,10.805,2.264,False,A,TRP237,O,72.839,17.871,55.568,A,GLU238,N,74.221,18.224,53.81
Thermal Noise,RED,3.233,3.869,False,A,TRP237,O,72.839,17.871,55.568,A,HIS247,O,75.12,20.072,57.787
Bound Backbone,BLUE,7.405,2.849,False,A,TRP237,O,72.839,17.871,55.568,A,ILE249,N,72.027,16.845,58.099
Thermal Noise,RED,3.157,3.624,False,A,TRP237,O,72.839,17.871,55.568,A,ILE249,O,71.01,14.863,56.427
Thermal Noise,RED,3.111,3.687,False,A,TRP237,NE1,71.181,20.794,51.872,A,GLU238,O,74.699,20.795,52.977
Thermal Noise,RED,2.654,3.911,False,A,TRP237,NE1,71.181,20.794,51.872,A,HOH863,O,74.393,22.946,51.28
Thermal Noise,RED,3.559,3.498,False,A,GLU238,N,74.221,18.224,53.81,A,TYR239,N,74.838,21.411,55.114
Bound Backbone,BLUE,6.434,3.178,False,A,GLU238,N,74.221,18.224,53.81,A,HOH809,O,74.618,18.013,50.664
Bound Backbone,BLUE,12.777,2.228,False,A,GLU238,O,74.699,20.795,52.977,A,TYR239,N,74.838,21.411,55.114
Thermal Noise,RED,3.85,3.619,False,A,GLU238,O,74.699,20.795,52.977,A,HOH809,O,74.618,18.013,50.664
Bound Backbone,BLUE,6.535,2.757,False,A,GLU238,O,74.699,20.795,52.977,A,HOH863,O,74.393,22.946,51.28
Phase Boundary,YELLOW,4.942,2.955,False,A,GLU238,OE1,78.901,17.518,52.831,A,HOH576,O,80.67,15.39,51.795
Thermal Noise,RED,2.976,3.869,False,A,GLU238,OE1,78.901,17.518,52.831,A,HOH920,O,76.054,15.467,51.202
Phase Boundary,YELLOW,4.295,3.672,False,A,GLU238,OE2,79.2,16.751,54.872,A,HOH576,O,80.67,15.39,51.795
Thermal Noise,RED,3.063,3.63,False,A,TYR239,N,74.838,21.411,55.114,A,VAL240,N,75.263,24.992,55.527
Bound Backbone,BLUE,6.676,3.003,False,A,TYR239,N,74.838,21.411,55.114,A,HIS247,O,75.12,20.072,57.787
Bound Backbone,BLUE,9.667,2.26,False,A,TYR239,O,75.645,23.236,56.898,A,VAL240,N,75.263,24.992,55.527
Thermal Noise,RED,3.637,3.84,False,A,TYR239,O,75.645,23.236,56.898,A,LYS245,O,76.521,25.705,59.706
Bound Backbone,BLUE,7.242,2.872,False,A,TYR239,O,75.645,23.236,56.898,A,HIS247,N,76.073,21.94,59.425
Thermal Noise,RED,3.777,3.328,False,A,TYR239,O,75.645,23.236,56.898,A,HIS247,O,75.12,20.072,57.787
Bound Backbone,BLUE,6.694,2.782,False,A,TYR239,OH,70.489,22.454,59.782,A,HOH570,O,69.903,20.5,61.673
Bound Backbone,BLUE,6.464,2.714,False,A,TYR239,OH,70.489,22.454,59.782,A,HOH596,O,70.588,24.726,61.263
Phase Boundary,YELLOW,4.368,3.51,False,A,VAL240,N,75.263,24.992,55.527,A,ASP241,N,74.676,27.295,58.11
Bound Backbone,BLUE,7.04,3.03,False,A,VAL240,N,75.263,24.992,55.527,A,HOH862,O,74.764,25.223,52.547
Thermal Noise,RED,3.247,3.903,False,A,VAL240,N,75.263,24.992,55.527,A,HOH864,O,72.988,27.092,53.15
Bound Backbone,BLUE,12.321,2.251,False,A,VAL240,O,73.907,27.407,55.997,A,ASP241,N,74.676,27.295,58.11
Thermal Noise,RED,3.787,3.599,False,A,VAL240,O,73.907,27.407,55.997,A,ASP241,O,75.373,29.898,58.142
Phase Boundary,YELLOW,4.642,2.968,False,A,VAL240,O,73.907,27.407,55.997,A,HOH606,O,73.009,30.182,55.445
Bound Backbone,BLUE,6.943,3.008,False,A,VAL240,O,73.907,27.407,55.997,A,HOH864,O,72.988,27.092,53.15
Thermal Noise,RED,3.07,3.669,False,A,ASP241,N,74.676,27.295,58.11,A,LYS242,N,73.375,30.624,58.938
Bound Backbone,BLUE,5.622,2.912,False,A,ASP241,N,74.676,27.295,58.11,A,LYS245,O,76.521,25.705,59.706
Bound Backbone,BLUE,8.375,2.27,False,A,ASP241,O,75.373,29.898,58.142,A,LYS242,N,73.375,30.624,58.938
Thermal Noise,RED,2.919,3.859,False,A,ASP241,O,75.373,29.898,58.142,A,LYS242,O,75.475,33.485,59.561
Bound Backbone,BLUE,6.029,3.097,False,A,ASP241,O,75.373,29.898,58.142,A,ASP243,N,75.239,31.591,60.732
Bound Backbone,BLUE,6.233,2.804,False,A,ASP241,O,75.373,29.898,58.142,A,LYS244,N,77.51,30.618,59.809
Thermal Noise,RED,3.182,3.951,False,A,ASP241,O,75.373,29.898,58.142,A,LYS245,N,77.869,28.037,60.575
Phase Boundary,YELLOW,4.198,3.598,False,A,ASP241,O,75.373,29.898,58.142,A,HOH606,O,73.009,30.182,55.445
Phase Boundary,YELLOW,5.005,3.341,False,A,ASP241,O,75.373,29.898,58.142,A,HOH607,O,75.358,31.95,55.505
Phase Boundary,YELLOW,4.688,3.256,False,A,ASP241,OD1,75.156,28.78,60.945,A,LYS242,N,73.375,30.624,58.938
Phase Boundary,YELLOW,5.05,2.82,False,A,ASP241,OD1,75.156,28.78,60.945,A,ASP243,N,75.239,31.591,60.732
Phase Boundary,YELLOW,4.235,3.195,False,A,ASP241,OD1,75.156,28.78,60.945,A,LYS244,N,77.51,30.618,59.809
Phase Boundary,YELLOW,5.026,2.837,False,A,ASP241,OD1,75.156,28.78,60.945,A,LYS245,N,77.869,28.037,60.575
Thermal Noise,RED,3.35,3.585,False,A,ASP241,OD1,75.156,28.78,60.945,A,LYS245,O,76.521,25.705,59.706
Bound Backbone,BLUE,5.434,3.47,False,A,ASP241,OD1,75.156,28.78,60.945,A,HOH799,O,74.997,28.734,64.411
Thermal Noise,RED,3.115,3.999,False,A,ASP241,OD2,73.945,27.496,62.186,A,LYS245,O,76.521,25.705,59.706
Bound Backbone,BLUE,5.314,2.746,False,A,ASP241,OD2,73.945,27.496,62.186,A,HIS247,NE2,74.172,24.762,62.069
Bound Backbone,BLUE,7.461,2.755,False,A,ASP241,OD2,73.945,27.496,62.186,A,HOH799,O,74.997,28.734,64.411
Bound Backbone,BLUE,5.949,2.781,False,A,ASP241,OD2,73.945,27.496,62.186,A,HOH874,O,71.518,27.653,63.535
Bound Backbone,BLUE,6.655,2.762,False,A,LYS242,N,73.375,30.624,58.938,A,ASP243,N,75.239,31.591,60.732
Phase Boundary,YELLOW,5.173,3.54,False,A,LYS242,N,73.375,30.624,58.938,A,HOH606,O,73.009,30.182,55.445
Bound Backbone,BLUE,9.37,2.239,False,A,LYS242,O,75.475,33.485,59.561,A,ASP243,N,75.239,31.591,60.732
Phase Boundary,YELLOW,4.256,3.903,False,A,LYS242,O,75.475,33.485,59.561,A,ASP243,OD1,74.844,33.523,63.412
Thermal Noise,RED,3.232,3.525,False,A,LYS242,O,75.475,33.485,59.561,A,LYS244,N,77.51,30.618,59.809
Thermal Noise,RED,3.53,3.512,False,A,LYS242,NZ,68.25,35.105,58.313,A,HOH718,O,65.771,32.987,57.009
Bound Backbone,BLUE,6.202,2.637,False,A,ASP243,N,75.239,31.591,60.732,A,LYS244,N,77.51,30.618,59.809
Bound Backbone,BLUE,11.364,2.248,False,A,ASP243,O,78.669,31.123,61.668,A,LYS244,N,77.51,30.618,59.809
Thermal Noise,RED,3.037,3.91,False,A,ASP243,O,78.669,31.123,61.668,A,LYS244,O,79.912,27.977,59.707
Thermal Noise,RED,3.759,3.37,False,A,ASP243,O,78.669,31.123,61.668,A,LYS245,N,77.869,28.037,60.575
Phase Boundary,YELLOW,4.401,3.022,False,A,ASP243,OD2,74.061,31.597,64.171,A,HOH799,O,74.997,28.734,64.411
Bound Backbone,BLUE,5.699,2.716,False,A,LYS244,N,77.51,30.618,59.809,A,LYS245,N,77.869,28.037,60.575
Bound Backbone,BLUE,8.905,2.221,False,A,LYS244,O,79.912,27.977,59.707,A,LYS245,N,77.869,28.037,60.575
Thermal Noise,RED,2.805,3.8,False,A,LYS244,O,79.912,27.977,59.707,A,ILE246,N,78.365,24.546,60.23
Bound Backbone,BLUE,5.401,2.976,False,A,LYS244,O,79.912,27.977,59.707,A,HOH750,O,82.385,27.82,58.059
Thermal Noise,RED,3.208,3.543,False,A,LYS245,N,77.869,28.037,60.575,A,ILE246,N,78.365,24.546,60.23
Bound Backbone,BLUE,8.253,2.24,False,A,LYS245,O,76.521,25.705,59.706,A,ILE246,N,78.365,24.546,60.23
Thermal Noise,RED,2.808,3.968,False,A,LYS245,O,76.521,25.705,59.706,A,ILE246,O,77.271,22.157,61.317
Thermal Noise,RED,2.778,3.802,False,A,LYS245,O,76.521,25.705,59.706,A,HIS247,N,76.073,21.94,59.425
Phase Boundary,YELLOW,4.327,3.463,False,A,LYS245,O,76.521,25.705,59.706,A,HIS247,NE2,74.172,24.762,62.069
Phase Boundary,YELLOW,5.196,3.506,False,A,LYS245,NZ,77.455,23.024,64.709,A,ILE246,O,77.271,22.157,61.317
Phase Boundary,YELLOW,4.821,3.203,False,A,LYS245,NZ,77.455,23.024,64.709,A,HOH747,O,79.827,22.11,62.761
Thermal Noise,RED,3.256,3.563,False,A,ILE246,N,78.365,24.546,60.23,A,HIS247,N,76.073,21.94,59.425
Thermal Noise,RED,3.543,3.805,False,A,ILE246,N,78.365,24.546,60.23,A,HOH747,O,79.827,22.11,62.761
Bound Backbone,BLUE,5.728,2.859,False,A,ILE246,N,78.365,24.546,60.23,A,HOH861,O,80.809,24.415,61.708
Bound Backbone,BLUE,11.464,2.25,False,A,ILE246,O,77.271,22.157,61.317,A,HIS247,N,76.073,21.94,59.425
Thermal Noise,RED,2.877,3.845,False,A,ILE246,O,77.271,22.157,61.317,A,HIS247,ND1,73.666,22.735,62.522
Bound Backbone,BLUE,5.357,2.936,False,A,ILE246,O,77.271,22.157,61.317,A,HOH747,O,79.827,22.11,62.761
Thermal Noise,RED,3.138,3.572,False,A,HIS247,N,76.073,21.94,59.425,A,THR248,N,74.55,18.71,59.498
Bound Backbone,BLUE,10.694,2.26,False,A,HIS247,O,75.12,20.072,57.787,A,THR248,N,74.55,18.71,59.498
Thermal Noise,RED,3.439,3.457,False,A,HIS247,O,75.12,20.072,57.787,A,THR248,OG1,76.601,17.031,58.502
Thermal Noise,RED,2.843,3.876,False,A,HIS247,ND1,73.666,22.735,62.522,A,HOH596,O,70.588,24.726,61.263
Thermal Noise,RED,3.056,3.674,False,A,HIS247,NE2,74.172,24.762,62.069,A,HOH596,O,70.588,24.726,61.263
Thermal Noise,RED,3.749,3.435,False,A,THR248,N,74.55,18.71,59.498,A,ILE249,N,72.027,16.845,58.099
Bound Backbone,BLUE,6.848,3.076,False,A,THR248,N,74.55,18.71,59.498,A,HOH597,O,75.014,18.495,62.531
Thermal Noise,RED,3.515,3.479,False,A,THR248,N,74.55,18.71,59.498,A,HOH860,O,77.81,18.187,60.595
Bound Backbone,BLUE,12.633,2.238,False,A,THR248,O,72.688,16.838,60.237,A,ILE249,N,72.027,16.845,58.099
Thermal Noise,RED,3.727,3.663,False,A,THR248,O,72.688,16.838,60.237,A,HOH597,O,75.014,18.495,62.531
Thermal Noise,RED,2.621,3.991,False,A,THR248,O,72.688,16.838,60.237,A,HOH800,O,69.64,14.482,61.281
Bound Backbone,BLUE,7.04,2.733,False,A,THR248,O,72.688,16.838,60.237,A,HOH871,O,71.543,18.412,62.155
Bound Backbone,BLUE,7.74,2.679,False,A,THR248,OG1,76.601,17.031,58.502,A,HOH860,O,77.81,18.187,60.595
Thermal Noise,RED,3.294,3.488,False,A,ILE249,N,72.027,16.845,58.099,A,LYS250,N,70.231,13.86,58.281
Bound Backbone,BLUE,11.357,2.247,False,A,ILE249,O,71.01,14.863,56.427,A,LYS250,N,70.231,13.86,58.281
Phase Boundary,YELLOW,4.076,3.359,False,A,LYS250,N,70.231,13.86,58.281,A,SER251,N,67.787,12.227,56.655
Bound Backbone,BLUE,6.528,3.12,False,A,LYS250,N,70.231,13.86,58.281,A,HOH800,O,69.64,14.482,61.281
Bound Backbone,BLUE,12.844,2.253,False,A,LYS250,O,67.961,12.404,58.894,A,SER251,N,67.787,12.227,56.655
Bound Backbone,BLUE,5.922,2.863,False,A,LYS250,O,67.961,12.404,58.894,A,HOH598,O,65.914,13.529,60.549
Thermal Noise,RED,3.999,3.583,False,A,LYS250,O,67.961,12.404,58.894,A,HOH800,O,69.64,14.482,61.281
Phase Boundary,YELLOW,5.12,3.08,False,A,LYS250,NZ,72.615,7.789,59.879,A,HOH801,O,71.732,5.439,58.095
Thermal Noise,RED,3.437,3.446,False,A,LYS250,NZ,72.615,7.789,59.879,A,HOH895,O,69.959,5.68,60.492
Thermal Noise,RED,3.36,3.64,False,A,SER251,N,67.787,12.227,56.655,A,THR252,N,64.633,11.246,55.125
Bound Backbone,BLUE,8.136,2.239,False,A,SER251,O,66.778,10.734,54.739,A,THR252,N,64.633,11.246,55.125
Bound Backbone,BLUE,6.002,2.854,False,A,SER251,OG,64.296,13.525,56.81,A,THR252,N,64.633,11.246,55.125
Bound Backbone,BLUE,5.389,3.293,False,A,SER251,OG,64.296,13.525,56.81,A,THR252,O,62.838,12.586,54.011
Bound Backbone,BLUE,7.896,2.753,False,A,SER251,OG,64.296,13.525,56.81,A,GLU255,OE1,63.934,12.282,59.24
Thermal Noise,RED,4.007,3.306,False,A,SER251,OG,64.296,13.525,56.81,A,PHE256,N,61.333,14.254,55.538
Phase Boundary,YELLOW,4.753,3.543,False,A,THR252,N,64.633,11.246,55.125,A,PRO253,N,62.974,11.582,52.012
Bound Backbone,BLUE,12.002,2.241,False,A,THR252,O,62.838,12.586,54.011,A,PRO253,N,62.974,11.582,52.012
Phase Boundary,YELLOW,4.187,3.328,False,A,THR252,O,62.838,12.586,54.011,A,PRO253,O,60.221,13.796,52.349
Phase Boundary,YELLOW,4.37,3.238,False,A,THR252,O,62.838,12.586,54.011,A,LEU254,N,60.189,11.547,52.466
Phase Boundary,YELLOW,4.378,3.177,False,A,THR252,O,62.838,12.586,54.011,A,GLU255,N,60.034,11.825,55.296
Bound Backbone,BLUE,6.514,2.716,False,A,THR252,O,62.838,12.586,54.011,A,PHE256,N,61.333,14.254,55.538
Phase Boundary,YELLOW,4.677,3.48,False,A,THR252,OG1,62.069,9.741,54.823,A,PRO253,N,62.974,11.582,52.012
Phase Boundary,YELLOW,4.168,3.514,False,A,THR252,OG1,62.069,9.741,54.823,A,LEU254,N,60.189,11.547,52.466
Phase Boundary,YELLOW,4.671,2.951,False,A,THR252,OG1,62.069,9.741,54.823,A,GLU255,N,60.034,11.825,55.296
Bound Backbone,BLUE,5.642,2.724,False,A,THR252,OG1,62.069,9.741,54.823,A,HOH575,O,60.46,7.669,55.557
Phase Boundary,YELLOW,5.108,2.822,False,A,PRO253,N,62.974,11.582,52.012,A,LEU254,N,60.189,11.547,52.466
Bound Backbone,BLUE,7.903,2.252,False,A,PRO253,O,60.221,13.796,52.349,A,LEU254,N,60.189,11.547,52.466
Phase Boundary,YELLOW,4.603,3.439,False,A,PRO253,O,60.221,13.796,52.349,A,LEU254,O,58.118,12.957,54.938
Phase Boundary,YELLOW,4.567,3.55,False,A,PRO253,O,60.221,13.796,52.349,A,GLU255,N,60.034,11.825,55.296
Bound Backbone,BLUE,5.365,3.408,False,A,PRO253,O,60.221,13.796,52.349,A,PHE256,N,61.333,14.254,55.538
Phase Boundary,YELLOW,5.119,3.129,False,A,PRO253,O,60.221,13.796,52.349,A,ALA257,N,59.57,16.137,54.321
Bound Backbone,BLUE,8.035,2.848,False,A,LEU254,N,60.189,11.547,52.466,A,GLU255,N,60.034,11.825,55.296
Bound Backbone,BLUE,8.003,2.254,False,A,LEU254,O,58.118,12.957,54.938,A,GLU255,N,60.034,11.825,55.296
Phase Boundary,YELLOW,4.188,3.517,False,A,LEU254,O,58.118,12.957,54.938,A,GLU255,O,60.034,14.681,57.331
Thermal Noise,RED,3.293,3.518,False,A,LEU254,O,58.118,12.957,54.938,A,PHE256,N,61.333,14.254,55.538
Thermal Noise,RED,3.237,3.55,False,A,LEU254,O,58.118,12.957,54.938,A,ALA257,N,59.57,16.137,54.321
Thermal Noise,RED,3.17,3.699,False,A,LEU254,O,58.118,12.957,54.938,A,SER258,N,57.488,16.346,56.279
Phase Boundary,YELLOW,5.21,2.778,False,A,LEU254,O,58.118,12.957,54.938,A,HOH686,O,55.352,13.054,54.694
Phase Boundary,YELLOW,5.26,2.765,False,A,GLU255,N,60.034,11.825,55.296,A,PHE256,N,61.333,14.254,55.538
Bound Backbone,BLUE,11.038,2.255,False,A,GLU255,O,60.034,14.681,57.331,A,PHE256,N,61.333,14.254,55.538
Thermal Noise,RED,3.935,3.403,False,A,GLU255,O,60.034,14.681,57.331,A,PHE256,O,60.445,17.662,55.742
Bound Backbone,BLUE,5.289,3.376,False,A,GLU255,O,60.034,14.681,57.331,A,ALA257,N,59.57,16.137,54.321
Phase Boundary,YELLOW,4.125,3.219,False,A,GLU255,O,60.034,14.681,57.331,A,SER258,N,57.488,16.346,56.279
Bound Backbone,BLUE,6.193,2.776,False,A,GLU255,O,60.034,14.681,57.331,A,LYS259,N,58.798,16.642,58.859
Bound Backbone,BLUE,6.411,2.681,False,A,GLU255,OE1,63.934,12.282,59.24,A,HOH598,O,65.914,13.529,60.549
Thermal Noise,RED,2.704,3.873,False,A,GLU255,OE1,63.934,12.282,59.24,A,HOH715,O,65.669,8.866,58.674
Bound Backbone,BLUE,5.49,2.852,False,A,PHE256,N,61.333,14.254,55.538,A,ALA257,N,59.57,16.137,54.321
Bound Backbone,BLUE,9.8,2.261,False,A,PHE256,O,60.445,17.662,55.742,A,ALA257,N,59.57,16.137,54.321
Thermal Noise,RED,3.335,3.471,False,A,PHE256,O,60.445,17.662,55.742,A,ALA257,O,57.065,18.402,55.466
Thermal Noise,RED,3.781,3.281,False,A,PHE256,O,60.445,17.662,55.742,A,SER258,N,57.488,16.346,56.279
Phase Boundary,YELLOW,4.335,3.67,False,A,PHE256,O,60.445,17.662,55.742,A,LYS259,N,58.798,16.642,58.859
Bound Backbone,BLUE,7.186,2.93,False,A,PHE256,O,60.445,17.662,55.742,A,TYR260,N,60.826,18.725,58.446
Phase Boundary,YELLOW,4.515,3.017,False,A,PHE256,O,60.445,17.662,55.742,A,ALA261,N,60.013,20.583,56.361
Bound Backbone,BLUE,6.321,2.866,False,A,ALA257,N,59.57,16.137,54.321,A,SER258,N,57.488,16.346,56.279
Bound Backbone,BLUE,8.554,2.251,False,A,ALA257,O,57.065,18.402,55.466,A,SER258,N,57.488,16.346,56.279
Phase Boundary,YELLOW,4.792,3.693,False,A,ALA257,O,57.065,18.402,55.466,A,SER258,O,57.29,18.296,59.151
Thermal Noise,RED,2.909,3.775,False,A,ALA257,O,57.065,18.402,55.466,A,ALA261,N,60.013,20.583,56.361
Phase Boundary,YELLOW,4.678,3.228,False,A,ALA257,O,57.065,18.402,55.466,A,LYS262,N,57.544,20.975,57.356
Phase Boundary,YELLOW,4.99,2.929,False,A,ALA257,O,57.065,18.402,55.466,A,LEU263,N,54.939,20.168,56.437
Thermal Noise,RED,2.946,3.741,False,A,ALA257,O,57.065,18.402,55.466,A,LEU263,O,53.501,17.609,56.279
Thermal Noise,RED,2.86,3.864,False,A,ALA257,O,57.065,18.402,55.466,A,HOH835,O,54.313,15.998,54.209
Bound Backbone,BLUE,7.099,2.909,False,A,SER258,N,57.488,16.346,56.279,A,LYS259,N,58.798,16.642,58.859
Thermal Noise,RED,3.283,3.806,False,A,SER258,N,57.488,16.346,56.279,A,HOH835,O,54.313,15.998,54.209
Bound Backbone,BLUE,7.938,2.257,False,A,SER258,O,57.29,18.296,59.151,A,LYS259,N,58.798,16.642,58.859
Thermal Noise,RED,3.453,3.577,False,A,SER258,O,57.29,18.296,59.151,A,LYS259,O,60.422,19.244,60.595
Thermal Noise,RED,3.108,3.631,False,A,SER258,O,57.29,18.296,59.151,A,TYR260,N,60.826,18.725,58.446
Phase Boundary,YELLOW,4.574,3.235,False,A,SER258,O,57.29,18.296,59.151,A,LYS262,N,57.544,20.975,57.356
Thermal Noise,RED,3.217,3.668,False,A,SER258,OG,55.281,14.683,57.592,A,LEU263,O,53.501,17.609,56.279
Bound Backbone,BLUE,5.369,3.325,False,A,SER258,OG,55.281,14.683,57.592,A,HOH686,O,55.352,13.054,54.694
Phase Boundary,YELLOW,4.3,3.756,False,A,SER258,OG,55.281,14.683,57.592,A,HOH835,O,54.313,15.998,54.209
Phase Boundary,YELLOW,4.7,2.936,False,A,LYS259,N,58.798,16.642,58.859,A,TYR260,N,60.826,18.725,58.446
Bound Backbone,BLUE,12.534,2.247,False,A,LYS259,O,60.422,19.244,60.595,A,TYR260,N,60.826,18.725,58.446
Bound Backbone,BLUE,5.443,3.006,False,A,LYS259,O,60.422,19.244,60.595,A,LYS262,NZ,59.847,21.58,62.397
Phase Boundary,YELLOW,4.657,3.359,False,A,LYS259,O,60.422,19.244,60.595,A,HOH763,O,62.733,19.873,62.95
Thermal Noise,RED,3.38,3.708,False,A,LYS259,NZ,64.453,14.235,62.896,A,TYR260,OH,66.302,16.852,61.03
Bound Backbone,BLUE,7.032,2.853,False,A,LYS259,NZ,64.453,14.235,62.896,A,HOH598,O,65.914,13.529,60.549
Bound Backbone,BLUE,6.277,2.909,False,A,TYR260,N,60.826,18.725,58.446,A,ALA261,N,60.013,20.583,56.361
Bound Backbone,BLUE,9.921,2.252,False,A,TYR260,O,60.662,22.196,57.792,A,ALA261,N,60.013,20.583,56.361
Thermal Noise,RED,2.854,3.979,False,A,TYR260,O,60.662,22.196,57.792,A,ALA261,O,57.146,22.709,56.002
Thermal Noise,RED,3.547,3.377,False,A,TYR260,O,60.662,22.196,57.792,A,LYS262,N,57.544,20.975,57.356
Bound Backbone,BLUE,6.011,2.798,False,A,TYR260,O,60.662,22.196,57.792,A,HOH865,O,62.918,22.956,59.262
Thermal Noise,RED,3.548,3.38,False,A,TYR260,OH,66.302,16.852,61.03,A,HOH598,O,65.914,13.529,60.549
Bound Backbone,BLUE,6.009,2.691,False,A,ALA261,N,60.013,20.583,56.361,A,LYS262,N,57.544,20.975,57.356
Bound Backbone,BLUE,9.875,2.236,False,A,ALA261,O,57.146,22.709,56.002,A,LYS262,N,57.544,20.975,57.356
Thermal Noise,RED,3.152,3.831,False,A,ALA261,O,57.146,22.709,56.002,A,LYS262,O,54.009,21.593,57.896
Thermal Noise,RED,3.511,3.394,False,A,ALA261,O,57.146,22.709,56.002,A,LEU263,N,54.939,20.168,56.437
Phase Boundary,YELLOW,5.146,2.878,False,A,LYS262,N,57.544,20.975,57.356,A,LEU263,N,54.939,20.168,56.437
Bound Backbone,BLUE,10.113,2.241,False,A,LYS262,O,54.009,21.593,57.896,A,LEU263,N,54.939,20.168,56.437
Thermal Noise,RED,3.016,3.775,False,A,LYS262,O,54.009,21.593,57.896,A,ASP264,N,51.682,18.913,56.61
Ligand Fluctuation Noise,RED,2.771,3.923,True,A,LYS262,O,54.009,21.593,57.896,A,GOL1001,O1,53.401,25.259,56.64
Thermal Noise,RED,2.981,3.748,False,A,LYS262,O,54.009,21.593,57.896,A,HOH574,O,50.405,21.421,56.88
Phase Boundary,YELLOW,4.907,3.029,False,A,LYS262,O,54.009,21.593,57.896,A,HOH753,O,53.341,24.225,59.238
Thermal Noise,RED,3.524,3.398,False,A,LYS262,NZ,59.847,21.58,62.397,A,HOH763,O,62.733,19.873,62.95
Thermal Noise,RED,3.282,3.495,False,A,LEU263,N,54.939,20.168,56.437,A,ASP264,N,51.682,18.913,56.61
Bound Backbone,BLUE,7.925,2.262,False,A,LEU263,O,53.501,17.609,56.279,A,ASP264,N,51.682,18.913,56.61
Thermal Noise,RED,2.737,3.963,False,A,LEU263,O,53.501,17.609,56.279,A,PRO265,N,49.835,16.948,54.926
Bound Backbone,BLUE,7.228,2.746,False,A,LEU263,O,53.501,17.609,56.279,A,HOH835,O,54.313,15.998,54.209
Phase Boundary,YELLOW,4.666,3.179,False,A,ASP264,N,51.682,18.913,56.61,A,PRO265,N,49.835,16.948,54.926
Phase Boundary,YELLOW,5.036,2.827,False,A,ASP264,N,51.682,18.913,56.61,A,HOH574,O,50.405,21.421,56.88
Bound Backbone,BLUE,8.683,2.256,False,A,ASP264,O,48.94,18.807,55.838,A,PRO265,N,49.835,16.948,54.926
Thermal Noise,RED,3.397,3.927,False,A,ASP264,O,48.94,18.807,55.838,A,PRO265,O,46.663,17.149,53.102
Phase Boundary,YELLOW,4.679,2.963,False,A,ASP264,O,48.94,18.807,55.838,A,SER266,N,47.039,16.616,55.235
Phase Boundary,YELLOW,4.354,3.034,False,A,ASP264,O,48.94,18.807,55.838,A,THR267,N,45.914,18.973,55.986
Phase Boundary,YELLOW,4.179,3.18,False,A,ASP264,O,48.94,18.807,55.838,A,THR267,OG1,47.474,21.467,56.78
Phase Boundary,YELLOW,4.249,3.173,False,A,ASP264,O,48.94,18.807,55.838,A,HOH574,O,50.405,21.421,56.88
Bound Backbone,BLUE,5.719,3.272,False,A,ASP264,OD1,48.731,16.189,57.911,A,PRO265,N,49.835,16.948,54.926
Bound Backbone,BLUE,5.672,3.195,False,A,ASP264,OD1,48.731,16.189,57.911,A,SER266,N,47.039,16.616,55.235
Phase Boundary,YELLOW,4.542,2.968,False,A,ASP264,OD1,48.731,16.189,57.911,A,SER266,OG,45.763,16.149,57.92
Thermal Noise,RED,4.031,3.438,False,A,ASP264,OD2,48.436,17.214,59.802,A,SER266,OG,45.763,16.149,57.92
Phase Boundary,YELLOW,5.026,2.833,False,A,PRO265,N,49.835,16.948,54.926,A,SER266,N,47.039,16.616,55.235
Bound Backbone,BLUE,12.725,2.231,False,A,PRO265,O,46.663,17.149,53.102,A,SER266,N,47.039,16.616,55.235
Phase Boundary,YELLOW,4.701,3.494,False,A,PRO265,O,46.663,17.149,53.102,A,THR267,N,45.914,18.973,55.986
Bound Backbone,BLUE,6.366,2.827,False,A,PRO265,O,46.663,17.149,53.102,A,HOH836,O,45.482,15.363,51.256
Phase Boundary,YELLOW,4.973,2.851,False,A,PRO265,O,46.663,17.149,53.102,A,HOH837,O,44.08,18.301,52.741
Bound Backbone,BLUE,5.682,2.718,False,A,SER266,N,47.039,16.616,55.235,A,THR267,N,45.914,18.973,55.986
Bound Backbone,BLUE,8.128,2.228,False,A,SER266,O,43.906,18.041,56.236,A,THR267,N,45.914,18.973,55.986
Bound Backbone,BLUE,5.302,3.509,False,A,SER266,O,43.906,18.041,56.236,A,HOH837,O,44.08,18.301,52.741
Phase Boundary,YELLOW,4.101,3.426,False,A,SER266,OG,45.763,16.149,57.92,A,THR267,N,45.914,18.973,55.986
Bound Backbone,BLUE,5.639,2.953,False,A,THR267,N,45.914,18.973,55.986,A,PRO268,N,45.782,21.332,54.214
Phase Boundary,YELLOW,4.093,3.787,False,A,THR267,N,45.914,18.973,55.986,A,HOH837,O,44.08,18.301,52.741
Bound Backbone,BLUE,9.395,2.25,False,A,THR267,O,44.006,21.972,55.438,A,PRO268,N,45.782,21.332,54.214
Phase Boundary,YELLOW,4.907,3.595,False,A,THR267,O,44.006,21.972,55.438,A,PRO268,O,43.875,20.956,51.992
Phase Boundary,YELLOW,5.102,3.481,False,A,THR267,O,44.006,21.972,55.438,A,VAL269,N,43.397,23.145,52.218
Thermal Noise,RED,3.013,3.88,False,A,THR267,O,44.006,21.972,55.438,A,VAL420,O,44.28,25.41,53.66
Thermal Noise,RED,2.72,3.873,False,A,THR267,O,44.006,21.972,55.438,A,ASP421,OD1,47.183,24.081,56.113
Bound Backbone,BLUE,5.981,2.795,False,A,THR267,O,44.006,21.972,55.438,A,ILE422,N,42.588,23.908,56.87
Bound Backbone,BLUE,6.1,3.077,False,A,THR267,OG1,47.474,21.467,56.78,A,PRO268,N,45.782,21.332,54.214
Bound Backbone,BLUE,5.645,2.713,False,A,THR267,OG1,47.474,21.467,56.78,A,ASP421,OD1,47.183,24.081,56.113
Phase Boundary,YELLOW,4.655,2.933,False,A,THR267,OG1,47.474,21.467,56.78,A,HOH574,O,50.405,21.421,56.88
Thermal Noise,RED,3.692,3.6,False,A,PRO268,N,45.782,21.332,54.214,A,VAL269,N,43.397,23.145,52.218
Thermal Noise,RED,3.582,3.623,False,A,PRO268,N,45.782,21.332,54.214,A,ASP421,OD1,47.183,24.081,56.113
Thermal Noise,RED,3.08,3.775,False,A,PRO268,N,45.782,21.332,54.214,A,HOH837,O,44.08,18.301,52.741
Bound Backbone,BLUE,7.942,2.252,False,A,PRO268,O,43.875,20.956,51.992,A,VAL269,N,43.397,23.145,52.218
Bound Backbone,BLUE,8.164,2.743,False,A,PRO268,O,43.875,20.956,51.992,A,HOH522,O,43.175,20.114,49.477
Bound Backbone,BLUE,5.474,2.766,False,A,PRO268,O,43.875,20.956,51.992,A,HOH837,O,44.08,18.301,52.741
Phase Boundary,YELLOW,4.423,3.566,False,A,VAL269,N,43.397,23.145,52.218,A,SER270,N,41.545,24.234,49.372
Bound Backbone,BLUE,5.839,2.827,False,A,VAL269,N,43.397,23.145,52.218,A,VAL420,O,44.28,25.41,53.66
Bound Backbone,BLUE,10.339,2.237,False,A,VAL269,O,42.722,25.38,50.891,A,SER270,N,41.545,24.234,49.372
Phase Boundary,YELLOW,4.878,3.02,False,A,VAL269,O,42.722,25.38,50.891,A,VAL420,N,44.426,27.529,52.155
Bound Backbone,BLUE,5.88,3.177,False,A,VAL269,O,42.722,25.38,50.891,A,VAL420,O,44.28,25.41,53.66
Thermal Noise,RED,3.382,3.498,False,A,SER270,N,41.545,24.234,49.372,A,LEU271,N,40.063,27.297,48.559
Bound Backbone,BLUE,5.386,2.761,False,A,SER270,N,41.545,24.234,49.372,A,HOH583,O,40.351,21.808,48.811
Thermal Noise,RED,3.366,3.728,False,A,SER270,N,41.545,24.234,49.372,A,HOH628,O,43.537,21.737,47.449
Bound Backbone,BLUE,7.771,2.269,False,A,SER270,O,39.071,25.256,48.559,A,LEU271,N,40.063,27.297,48.559
Phase Boundary,YELLOW,4.609,3.029,False,A,SER270,O,39.071,25.256,48.559,A,LEU300,N,36.187,25.05,47.657
Thermal Noise,RED,2.953,3.687,False,A,SER270,O,39.071,25.256,48.559,A,HOH583,O,40.351,21.808,48.811
Bound Backbone,BLUE,6.784,2.916,False,A,SER270,OG,43.065,24.483,46.822,A,GLN417,NE2,43.791,25.923,44.392
Phase Boundary,YELLOW,5.057,2.856,False,A,SER270,OG,43.065,24.483,46.822,A,HOH628,O,43.537,21.737,47.449
Thermal Noise,RED,3.847,3.53,False,A,LEU271,N,40.063,27.297,48.559,A,ILE272,N,37.784,29.139,46.591
Phase Boundary,YELLOW,4.797,2.9,False,A,LEU271,N,40.063,27.297,48.559,A,ILE418,O,42.716,28.421,48.226
Bound Backbone,BLUE,8.059,2.232,False,A,LEU271,O,40.01,29.173,46.752,A,ILE272,N,37.784,29.139,46.591
Thermal Noise,RED,3.296,3.929,False,A,LEU271,O,40.01,29.173,46.752,A,PHE416,O,39.517,32.107,44.185
Phase Boundary,YELLOW,4.655,2.934,False,A,LEU271,O,40.01,29.173,46.752,A,ILE418,N,42.649,30.448,46.619
Phase Boundary,YELLOW,4.525,3.172,False,A,LEU271,O,40.01,29.173,46.752,A,ILE418,O,42.716,28.421,48.226
Thermal Noise,RED,3.755,3.613,False,A,ILE272,N,37.784,29.139,46.591,A,ASN273,N,36.836,31.886,44.444
Bound Backbone,BLUE,5.378,2.919,False,A,ILE272,N,37.784,29.139,46.591,A,LEU300,O,35.615,27.77,47.985
Bound Backbone,BLUE,9.991,2.255,False,A,ILE272,O,35.646,30.656,45.913,A,ASN273,N,36.836,31.886,44.444
Phase Boundary,YELLOW,4.266,3.769,False,A,ILE272,O,35.646,30.656,45.913,A,ASP274,N,34.377,31.71,42.524
Thermal Noise,RED,3.857,3.553,False,A,ILE272,O,35.646,30.656,45.913,A,LEU300,O,35.615,27.77,47.985
Phase Boundary,YELLOW,4.59,3.169,False,A,ILE272,O,35.646,30.656,45.913,A,ASN301,OD1,32.945,30.063,44.365
Bound Backbone,BLUE,6.055,2.882,False,A,ILE272,O,35.646,30.656,45.913,A,VAL302,N,33.424,30.526,47.744
Thermal Noise,RED,3.868,3.335,False,A,ILE272,O,35.646,30.656,45.913,A,VAL302,O,33.725,33.13,47.058
Phase Boundary,YELLOW,5.083,3.125,False,A,ASN273,N,36.836,31.886,44.444,A,ASP274,N,34.377,31.71,42.524
Bound Backbone,BLUE,5.511,2.703,False,A,ASN273,N,36.836,31.886,44.444,A,PHE416,O,39.517,32.107,44.185
Bound Backbone,BLUE,8.439,2.242,False,A,ASN273,O,35.989,33.108,41.836,A,ASP274,N,34.377,31.71,42.524
Thermal Noise,RED,2.63,3.976,False,A,ASN273,O,35.989,33.108,41.836,A,PRO275,N,32.137,33.066,40.85
Thermal Noise,RED,3.379,3.462,False,A,ASN273,O,35.989,33.108,41.836,A,LYS356,NZ,37.167,36.329,41.363
Phase Boundary,YELLOW,4.724,2.94,False,A,ASN273,ND2,33.783,35.073,44.889,A,TYR279,OH,30.916,35.458,44.362
Bound Backbone,BLUE,6.383,2.913,False,A,ASN273,ND2,33.783,35.073,44.889,A,VAL302,O,33.725,33.13,47.058
Phase Boundary,YELLOW,4.462,3.587,False,A,ASN273,ND2,33.783,35.073,44.889,A,ASN304,N,34.169,37.055,47.854
Thermal Noise,RED,2.726,3.87,False,A,ASN273,ND2,33.783,35.073,44.889,A,ASN304,ND2,36.801,37.397,45.57
Ligand Fluctuation Noise,RED,4.01,3.228,True,A,ASN273,ND2,33.783,35.073,44.889,A,SO41103,O2,32.204,37.757,45.74
Thermal Noise,RED,3.574,3.701,False,A,ASN273,ND2,33.783,35.073,44.889,A,HOH738,O,33.142,37.986,42.698
Phase Boundary,YELLOW,4.512,3.426,False,A,ASN273,OD1,34.903,35.924,43.127,A,ASN304,ND2,36.801,37.397,45.57
Thermal Noise,RED,3.558,3.532,False,A,ASN273,OD1,34.903,35.924,43.127,A,ASN304,OD1,35.655,39.05,44.588
Bound Backbone,BLUE,5.886,2.899,False,A,ASN273,OD1,34.903,35.924,43.127,A,LYS356,NZ,37.167,36.329,41.363
Thermal Noise,RED,2.681,3.908,False,A,ASN273,OD1,34.903,35.924,43.127,A,HOH582,O,38.707,36.421,43.87
Bound Backbone,BLUE,5.392,2.745,False,A,ASN273,OD1,34.903,35.924,43.127,A,HOH738,O,33.142,37.986,42.698
Phase Boundary,YELLOW,4.908,3.108,False,A,ASP274,N,34.377,31.71,42.524,A,PRO275,N,32.137,33.066,40.85
Bound Backbone,BLUE,6.208,2.855,False,A,ASP274,N,34.377,31.71,42.524,A,ASN301,OD1,32.945,30.063,44.365
Bound Backbone,BLUE,8.158,2.257,False,A,ASP274,O,31.547,30.959,41.403,A,PRO275,N,32.137,33.066,40.85
Bound Backbone,BLUE,7.022,2.852,False,A,ASP274,O,31.547,30.959,41.403,A,ARG276,N,30.228,31.925,39.066
Phase Boundary,YELLOW,4.667,3.066,False,A,ASP274,O,31.547,30.959,41.403,A,HIS277,N,28.916,29.932,40.209
Thermal Noise,RED,3.65,3.511,False,A,ASP274,O,31.547,30.959,41.403,A,HIS277,O,28.431,30.498,42.953
Bound Backbone,BLUE,5.971,3.139,False,A,ASP274,O,31.547,30.959,41.403,A,ASN301,ND2,30.782,29.546,44.099
Phase Boundary,YELLOW,5.151,3.396,False,A,ASP274,O,31.547,30.959,41.403,A,ASN301,OD1,32.945,30.063,44.365
Thermal Noise,RED,3.767,3.568,False,A,ASP274,OD1,33.037,30.245,38.86,A,PRO275,N,32.137,33.066,40.85
Thermal Noise,RED,3.73,3.28,False,A,ASP274,OD1,33.037,30.245,38.86,A,ARG276,N,30.228,31.925,39.066
Bound Backbone,BLUE,7.489,2.863,False,A,ASP274,OD1,33.037,30.245,38.86,A,ARG276,NE,32.599,29.184,36.237
Thermal Noise,RED,3.705,3.636,False,A,ASP274,OD1,33.037,30.245,38.86,A,ARG276,NH2,34.107,27.52,36.704
Thermal Noise,RED,2.891,3.748,False,A,ASP274,OD1,33.037,30.245,38.86,A,HIS277,ND1,30.769,27.316,39.431
Phase Boundary,YELLOW,5.075,3.474,False,A,ASP274,OD2,33.621,28.198,39.407,A,ARG276,NE,32.599,29.184,36.237
Bound Backbone,BLUE,7.907,2.829,False,A,ASP274,OD2,33.621,28.198,39.407,A,ARG276,NH2,34.107,27.52,36.704
Phase Boundary,YELLOW,4.491,2.985,False,A,ASP274,OD2,33.621,28.198,39.407,A,HIS277,ND1,30.769,27.316,39.431
Bound Backbone,BLUE,6.15,2.851,False,A,PRO275,N,32.137,33.066,40.85,A,ARG276,N,30.228,31.925,39.066
Bound Backbone,BLUE,8.506,2.243,False,A,PRO275,O,28.61,33.29,39.809,A,ARG276,N,30.228,31.925,39.066
Thermal Noise,RED,2.916,3.823,False,A,PRO275,O,28.61,33.29,39.809,A,ARG276,O,27.337,29.898,38.588
Thermal Noise,RED,3.502,3.396,False,A,PRO275,O,28.61,33.29,39.809,A,HIS277,N,28.916,29.932,40.209
Phase Boundary,YELLOW,4.172,3.584,False,A,PRO275,O,28.61,33.29,39.809,A,HOH761,O,27.53,35.488,42.426
Bound Backbone,BLUE,6.396,2.646,False,A,ARG276,N,30.228,31.925,39.066,A,HIS277,N,28.916,29.932,40.209
Bound Backbone,BLUE,10.364,2.263,False,A,ARG276,O,27.337,29.898,38.588,A,HIS277,N,28.916,29.932,40.209
Bound Backbone,BLUE,8.754,2.699,False,A,ARG276,O,27.337,29.898,38.588,A,ARG361,NH2,26.811,30.359,35.981
Phase Boundary,YELLOW,4.502,2.987,False,A,ARG276,NH1,33.225,27.673,34.601,A,ASP447,OD1,34.382,24.929,34.365
Thermal Noise,RED,3.262,3.604,False,A,ARG276,NH1,33.225,27.673,34.601,A,ASP447,OD2,35.97,25.61,35.696
Bound Backbone,BLUE,7.471,2.772,False,A,ARG276,NH1,33.225,27.673,34.601,A,HOH736,O,31.776,28.253,32.31
Phase Boundary,YELLOW,4.191,3.501,False,A,ARG276,NH2,34.107,27.52,36.704,A,ASP447,OD1,34.382,24.929,34.365
Bound Backbone,BLUE,5.311,2.852,False,A,ARG276,NH2,34.107,27.52,36.704,A,ASP447,OD2,35.97,25.61,35.696
Thermal Noise,RED,4.046,3.714,False,A,HIS277,N,28.916,29.932,40.209,A,PRO278,N,26.897,28.853,43.134
Bound Backbone,BLUE,7.892,2.257,False,A,HIS277,O,28.431,30.498,42.953,A,PRO278,N,26.897,28.853,43.134
Phase Boundary,YELLOW,5.08,3.244,False,A,HIS277,O,28.431,30.498,42.953,A,PRO278,O,28.499,28.27,45.31
Bound Backbone,BLUE,5.361,3.464,False,A,HIS277,O,28.431,30.498,42.953,A,TYR279,N,27.781,30.151,46.338
Bound Backbone,BLUE,5.723,2.783,False,A,HIS277,O,28.431,30.498,42.953,A,ASN301,ND2,30.782,29.546,44.099
Phase Boundary,YELLOW,4.982,2.929,False,A,HIS277,O,28.431,30.498,42.953,A,HOH846,O,27.461,33.091,43.908
Phase Boundary,YELLOW,4.756,3.568,False,A,PRO278,N,26.897,28.853,43.134,A,TYR279,N,27.781,30.151,46.338
Bound Backbone,BLUE,8.862,2.261,False,A,PRO278,O,28.499,28.27,45.31,A,TYR279,N,27.781,30.151,46.338
Phase Boundary,YELLOW,4.753,3.595,False,A,PRO278,O,28.499,28.27,45.31,A,TYR279,O,27.191,28.865,48.605
Phase Boundary,YELLOW,4.195,3.909,False,A,PRO278,O,28.499,28.27,45.31,A,GLY280,N,29.36,28.565,49.112
Thermal Noise,RED,4.067,3.704,False,A,PRO278,O,28.499,28.27,45.31,A,LYS281,N,29.215,26.1,48.225
Bound Backbone,BLUE,5.359,2.882,False,A,PRO278,O,28.499,28.27,45.31,A,ASN301,ND2,30.782,29.546,44.099
Phase Boundary,YELLOW,4.365,3.564,False,A,TYR279,N,27.781,30.151,46.338,A,GLY280,N,29.36,28.565,49.112
Thermal Noise,RED,3.399,3.793,False,A,TYR279,N,27.781,30.151,46.338,A,ASN301,ND2,30.782,29.546,44.099
Thermal Noise,RED,3.432,3.828,False,A,TYR279,N,27.781,30.151,46.338,A,HOH846,O,27.461,33.091,43.908
Phase Boundary,YELLOW,4.31,3.047,False,A,TYR279,N,27.781,30.151,46.338,A,HOH847,O,25.529,32.204,46.315
Bound Backbone,BLUE,8.179,2.248,False,A,TYR279,O,27.191,28.865,48.605,A,GLY280,N,29.36,28.565,49.112
Thermal Noise,RED,3.393,3.448,False,A,TYR279,O,27.191,28.865,48.605,A,LYS281,N,29.215,26.1,48.225
Bound Backbone,BLUE,6.217,2.611,False,A,TYR279,O,27.191,28.865,48.605,A,HOH760,O,25.538,27.007,49.401
Ligand Bound Core,BLUE,5.64,2.698,True,A,TYR279,OH,30.916,35.458,44.362,A,SO41103,O1,29.843,37.873,44.906
Ligand Boundary Hotspot,ORANGE,5.144,2.974,True,A,TYR279,OH,30.916,35.458,44.362,A,SO41103,O2,32.204,37.757,45.74
Ligand Fluctuation Noise,RED,3.952,3.316,True,A,TYR279,OH,30.916,35.458,44.362,A,SO41103,S,30.966,38.542,45.579
Thermal Noise,RED,3.189,3.757,False,A,TYR279,OH,30.916,35.458,44.362,A,HOH738,O,33.142,37.986,42.698
Thermal Noise,RED,3.043,3.901,False,A,TYR279,OH,30.916,35.458,44.362,A,HOH761,O,27.53,35.488,42.426
Bound Backbone,BLUE,6.236,2.624,False,A,GLY280,N,29.36,28.565,49.112,A,LYS281,N,29.215,26.1,48.225
Bound Backbone,BLUE,6.037,2.629,False,A,GLY280,N,29.36,28.565,49.112,A,ASN301,O,31.843,29.097,48.431
Bound Backbone,BLUE,12.024,2.244,False,A,GLY280,O,28.795,25.206,50.24,A,LYS281,N,29.215,26.1,48.225
Bound Backbone,BLUE,8.063,2.827,False,A,GLY280,O,28.795,25.206,50.24,A,LYS432,NZ,28.303,25.509,53.007
Thermal Noise,RED,2.834,3.815,False,A,GLY280,O,28.795,25.206,50.24,A,HOH760,O,25.538,27.007,49.401
Thermal Noise,RED,3.272,3.591,False,A,LYS281,N,29.215,26.1,48.225,A,LEU282,N,30.872,23.091,47.18
Thermal Noise,RED,2.516,3.991,False,A,LYS281,N,29.215,26.1,48.225,A,ASN301,O,31.843,29.097,48.431
Thermal Noise,RED,2.687,3.966,False,A,LYS281,N,29.215,26.1,48.225,A,HOH760,O,25.538,27.007,49.401
Bound Backbone,BLUE,7.954,2.25,False,A,LYS281,O,31.49,25.243,46.957,A,LEU282,N,30.872,23.091,47.18
Thermal Noise,RED,3.192,3.889,False,A,LYS281,O,31.49,25.243,46.957,A,LEU282,O,31.048,22.077,44.742
Thermal Noise,RED,3.171,3.921,False,A,LYS281,O,31.49,25.243,46.957,A,ILE283,N,33.232,22.584,44.661
Thermal Noise,RED,2.64,3.93,False,A,LYS281,O,31.49,25.243,46.957,A,TYR299,O,35.036,23.691,46.275
Phase Boundary,YELLOW,5.066,2.819,False,A,LYS281,O,31.49,25.243,46.957,A,ASN301,N,33.586,27.109,47.22
Phase Boundary,YELLOW,4.379,3.489,False,A,LEU282,N,30.872,23.091,47.18,A,ILE283,N,33.232,22.584,44.661
Phase Boundary,YELLOW,4.373,3.05,False,A,LEU282,N,30.872,23.091,47.18,A,HOH645,O,28.648,21.062,47.668
Bound Backbone,BLUE,7.957,2.244,False,A,LEU282,O,31.048,22.077,44.742,A,ILE283,N,33.232,22.584,44.661
Bound Backbone,BLUE,6.107,2.862,False,A,LEU282,O,31.048,22.077,44.742,A,ILE441,N,29.659,20.333,42.947
Thermal Noise,RED,3.532,3.918,False,A,LEU282,O,31.048,22.077,44.742,A,HOH645,O,28.648,21.062,47.668
Phase Boundary,YELLOW,4.574,3.451,False,A,ILE283,N,33.232,22.584,44.661,A,LYS284,N,34.108,20.49,42.062
Bound Backbone,BLUE,6.97,2.662,False,A,ILE283,N,33.232,22.584,44.661,A,TYR299,O,35.036,23.691,46.275
Bound Backbone,BLUE,10.053,2.256,False,A,ILE283,O,35.483,21.477,43.553,A,LYS284,N,34.108,20.49,42.062
Thermal Noise,RED,2.874,3.838,False,A,ILE283,O,35.483,21.477,43.553,A,VAL297,O,38.348,19.201,42.393
Bound Backbone,BLUE,6.656,2.755,False,A,ILE283,O,35.483,21.477,43.553,A,TYR299,N,37.295,22.563,45.321
Phase Boundary,YELLOW,4.404,3.537,False,A,ILE283,O,35.483,21.477,43.553,A,TYR299,O,35.036,23.691,46.275
Thermal Noise,RED,4.0,3.535,False,A,LYS284,N,34.108,20.49,42.062,A,ILE285,N,36.663,19.451,39.851
Bound Backbone,BLUE,5.34,2.874,False,A,LYS284,N,34.108,20.49,42.062,A,ILE441,O,31.481,20.662,40.908
Bound Backbone,BLUE,8.14,2.246,False,A,LYS284,O,34.476,19.685,39.396,A,ILE285,N,36.663,19.451,39.851
Thermal Noise,RED,3.838,3.58,False,A,LYS284,O,34.476,19.685,39.396,A,ASP286,N,36.268,17.451,37.248
Thermal Noise,RED,3.668,3.494,False,A,LYS284,O,34.476,19.685,39.396,A,ILE441,O,31.481,20.662,40.908
Bound Backbone,BLUE,6.478,2.842,False,A,LYS284,O,34.476,19.685,39.396,A,LEU443,N,32.451,19.95,37.419
Phase Boundary,YELLOW,4.741,3.682,False,A,LYS284,O,34.476,19.685,39.396,A,LEU443,O,34.321,18.899,35.802
Phase Boundary,YELLOW,4.495,3.499,False,A,LYS284,NZ,35.341,13.187,41.199,A,HOH563,O,37.508,12.608,38.514
Bound Backbone,BLUE,7.925,2.763,False,A,LYS284,NZ,35.341,13.187,41.199,A,HOH627,O,34.246,13.733,38.722
Phase Boundary,YELLOW,5.105,3.306,False,A,ILE285,N,36.663,19.451,39.851,A,ASP286,N,36.268,17.451,37.248
Bound Backbone,BLUE,6.151,3.06,False,A,ILE285,N,36.663,19.451,39.851,A,VAL297,O,38.348,19.201,42.393
Bound Backbone,BLUE,9.484,2.251,False,A,ILE285,O,38.121,17.267,38.513,A,ASP286,N,36.268,17.451,37.248
Bound Backbone,BLUE,6.275,3.192,False,A,ILE285,O,38.121,17.267,38.513,A,ASP286,O,38.207,16.483,35.42
Phase Boundary,YELLOW,4.262,3.382,False,A,ILE285,O,38.121,17.267,38.513,A,ARG287,N,38.167,14.526,36.532
Thermal Noise,RED,3.491,3.751,False,A,ILE285,O,38.121,17.267,38.513,A,LEU288,N,40.817,15.936,36.27
Bound Backbone,BLUE,6.244,2.726,False,A,ILE285,O,38.121,17.267,38.513,A,HOH562,O,40.174,16.102,39.876
Thermal Noise,RED,3.239,3.56,False,A,ASP286,N,36.268,17.451,37.248,A,ARG287,N,38.167,14.526,36.532
Bound Backbone,BLUE,5.853,2.825,False,A,ASP286,N,36.268,17.451,37.248,A,LEU443,O,34.321,18.899,35.802
Bound Backbone,BLUE,9.123,2.251,False,A,ASP286,O,38.207,16.483,35.42,A,ARG287,N,38.167,14.526,36.532
Bound Backbone,BLUE,5.408,2.799,False,A,ASP286,O,38.207,16.483,35.42,A,LEU288,N,40.817,15.936,36.27
Thermal Noise,RED,4.069,3.63,False,A,ASP286,O,38.207,16.483,35.42,A,ILE445,N,36.707,18.457,32.769
Thermal Noise,RED,3.535,3.369,False,A,ASP286,OD1,34.956,13.53,36.31,A,ARG287,N,38.167,14.526,36.532
Phase Boundary,YELLOW,4.103,3.496,False,A,ASP286,OD1,34.956,13.53,36.31,A,HOH563,O,37.508,12.608,38.514
Bound Backbone,BLUE,9.949,2.523,False,A,ASP286,OD1,34.956,13.53,36.31,A,HOH627,O,34.246,13.733,38.722
Phase Boundary,YELLOW,4.195,3.134,False,A,ASP286,OD1,34.956,13.53,36.31,A,HOH720,O,35.568,10.532,35.63
Thermal Noise,RED,3.798,3.937,False,A,ASP286,OD1,34.956,13.53,36.31,A,HOH782,O,34.139,11.697,32.923
Thermal Noise,RED,3.184,3.922,False,A,ASP286,OD2,35.032,14.147,34.206,A,ARG287,N,38.167,14.526,36.532
Phase Boundary,YELLOW,4.309,3.316,False,A,ASP286,OD2,35.032,14.147,34.206,A,ARG287,NE,36.756,11.946,32.423
Bound Backbone,BLUE,6.786,2.868,False,A,ASP286,OD2,35.032,14.147,34.206,A,HOH584,O,35.21,15.905,31.947
Thermal Noise,RED,2.82,3.922,False,A,ASP286,OD2,35.032,14.147,34.206,A,HOH720,O,35.568,10.532,35.63
Bound Backbone,BLUE,5.326,2.906,False,A,ASP286,OD2,35.032,14.147,34.206,A,HOH782,O,34.139,11.697,32.923
Phase Boundary,YELLOW,4.429,3.013,False,A,ARG287,N,38.167,14.526,36.532,A,LEU288,N,40.817,15.936,36.27
Bound Backbone,BLUE,6.524,2.836,False,A,ARG287,N,38.167,14.526,36.532,A,HOH563,O,37.508,12.608,38.514
Bound Backbone,BLUE,8.007,2.238,False,A,ARG287,O,41.797,13.928,36.148,A,LEU288,N,40.817,15.936,36.27
Phase Boundary,YELLOW,4.494,3.462,False,A,ARG287,O,41.797,13.928,36.148,A,LEU288,O,42.619,16.118,38.7
Phase Boundary,YELLOW,4.957,2.94,False,A,ARG287,O,41.797,13.928,36.148,A,GLY289,N,44.097,15.475,37.129
Thermal Noise,RED,3.811,3.589,False,A,ARG287,O,41.797,13.928,36.148,A,HOH560,O,44.214,15.494,34.006
Phase Boundary,YELLOW,4.319,3.701,False,A,ARG287,NE,36.756,11.946,32.423,A,HOH720,O,35.568,10.532,35.63
Bound Backbone,BLUE,5.713,2.676,False,A,ARG287,NE,36.756,11.946,32.423,A,HOH782,O,34.139,11.697,32.923
Bound Backbone,BLUE,8.44,2.354,False,A,ARG287,NH1,38.077,10.228,31.747,A,HOH915,O,38.981,8.424,30.534
Phase Boundary,YELLOW,5.151,2.887,False,A,ARG287,NH2,35.798,10.026,31.634,A,HOH766,O,35.342,7.348,30.656
Bound Backbone,BLUE,6.369,2.684,False,A,ARG287,NH2,35.798,10.026,31.634,A,HOH782,O,34.139,11.697,32.923
Thermal Noise,RED,3.037,3.729,False,A,ARG287,NH2,35.798,10.026,31.634,A,HOH915,O,38.981,8.424,30.534
Thermal Noise,RED,3.555,3.422,False,A,LEU288,N,40.817,15.936,36.27,A,GLY289,N,44.097,15.475,37.129
Phase Boundary,YELLOW,4.809,3.667,False,A,LEU288,N,40.817,15.936,36.27,A,HOH562,O,40.174,16.102,39.876
Bound Backbone,BLUE,10.349,2.251,False,A,LEU288,O,42.619,16.118,38.7,A,GLY289,N,44.097,15.475,37.129
Bound Backbone,BLUE,6.087,2.713,False,A,LEU288,O,42.619,16.118,38.7,A,HOH562,O,40.174,16.102,39.876
Bound Backbone,BLUE,6.701,3.004,False,A,LEU288,O,42.619,16.118,38.7,A,HOH843,O,43.952,16.186,41.391
Thermal Noise,RED,3.169,3.688,False,A,GLY289,N,44.097,15.475,37.129,A,ASN290,N,47.099,13.761,38.415
Bound Backbone,BLUE,6.701,3.125,False,A,GLY289,N,44.097,15.475,37.129,A,HOH560,O,44.214,15.494,34.006
Bound Backbone,BLUE,11.642,2.249,False,A,GLY289,O,46.693,14.83,36.478,A,ASN290,N,47.099,13.761,38.415
Phase Boundary,YELLOW,4.117,3.563,False,A,GLY289,O,46.693,14.83,36.478,A,HOH560,O,44.214,15.494,34.006
Bound Backbone,BLUE,9.372,2.641,False,A,GLY289,O,46.693,14.83,36.478,A,HOH733,O,46.839,14.95,33.844
Bound Backbone,BLUE,5.304,2.92,False,A,ASN290,N,47.099,13.761,38.415,A,VAL291,N,48.537,11.589,39.734
Bound Backbone,BLUE,6.75,2.862,False,A,ASN290,N,47.099,13.761,38.415,A,HOH629,O,45.653,12.669,40.63
Bound Backbone,BLUE,12.452,2.247,False,A,ASN290,O,48.833,10.936,37.604,A,VAL291,N,48.537,11.589,39.734
Thermal Noise,RED,3.905,3.483,False,A,ASN290,O,48.833,10.936,37.604,A,LEU292,N,47.462,8.338,39.475
Thermal Noise,RED,4.022,3.157,False,A,ASN290,O,48.833,10.936,37.604,A,HOH521,O,49.681,7.899,37.457
Bound Backbone,BLUE,5.319,2.832,False,A,ASN290,OD1,48.673,14.267,40.645,A,VAL291,N,48.537,11.589,39.734
Thermal Noise,RED,3.428,3.417,False,A,ASN290,OD1,48.673,14.267,40.645,A,HOH629,O,45.653,12.669,40.63
Thermal Noise,RED,3.406,3.434,False,A,VAL291,N,48.537,11.589,39.734,A,LEU292,N,47.462,8.338,39.475
Phase Boundary,YELLOW,4.084,3.207,False,A,VAL291,N,48.537,11.589,39.734,A,HOH629,O,45.653,12.669,40.63
Bound Backbone,BLUE,9.232,2.248,False,A,VAL291,O,46.374,9.936,40.622,A,LEU292,N,47.462,8.338,39.475
Thermal Noise,RED,4.059,3.228,False,A,VAL291,O,46.374,9.936,40.622,A,LEU292,O,46.366,6.856,41.589
Thermal Noise,RED,3.98,3.173,False,A,VAL291,O,46.374,9.936,40.622,A,GLY293,N,44.362,7.487,40.781
Bound Backbone,BLUE,6.537,2.902,False,A,VAL291,O,46.374,9.936,40.622,A,GLY294,N,44.617,9.336,42.853
Phase Boundary,YELLOW,5.009,2.827,False,A,VAL291,O,46.374,9.936,40.622,A,HOH629,O,45.653,12.669,40.63
Thermal Noise,RED,3.624,3.47,False,A,LEU292,N,47.462,8.338,39.475,A,GLY293,N,44.362,7.487,40.781
Bound Backbone,BLUE,5.584,3.031,False,A,LEU292,N,47.462,8.338,39.475,A,HOH521,O,49.681,7.899,37.457
Bound Backbone,BLUE,8.546,2.251,False,A,LEU292,O,46.366,6.856,41.589,A,GLY293,N,44.362,7.487,40.781
Thermal Noise,RED,4.052,3.287,False,A,LEU292,O,46.366,6.856,41.589,A,GLY294,N,44.617,9.336,42.853
Bound Backbone,BLUE,6.954,2.789,False,A,GLY293,N,44.362,7.487,40.781,A,GLY294,N,44.617,9.336,42.853
Bound Backbone,BLUE,10.044,2.251,False,A,GLY293,O,43.582,7.983,44.325,A,GLY294,N,44.617,9.336,42.853
Thermal Noise,RED,3.804,3.299,False,A,GLY293,O,43.582,7.983,44.325,A,GLY294,O,42.639,11.05,43.559
Thermal Noise,RED,3.629,3.668,False,A,GLY294,N,44.617,9.336,42.853,A,ASP295,N,43.881,12.211,45.008
Bound Backbone,BLUE,10.167,2.234,False,A,GLY294,O,42.639,11.05,43.559,A,ASP295,N,43.881,12.211,45.008
Thermal Noise,RED,3.789,3.259,False,A,GLY294,O,42.639,11.05,43.559,A,ASP295,O,43.184,14.248,43.243
Thermal Noise,RED,2.978,3.693,False,A,GLY294,O,42.639,11.05,43.559,A,ALA296,N,41.116,14.367,44.119
Phase Boundary,YELLOW,5.267,3.457,False,A,GLY294,O,42.639,11.05,43.559,A,HOH721,O,42.664,12.144,40.28
Thermal Noise,RED,3.176,3.617,False,A,ASP295,N,43.881,12.211,45.008,A,ALA296,N,41.116,14.367,44.119
Thermal Noise,RED,3.583,3.629,False,A,ASP295,N,43.881,12.211,45.008,A,HOH689,O,46.749,11.098,46.933
Bound Backbone,BLUE,8.676,2.249,False,A,ASP295,O,43.184,14.248,43.243,A,ALA296,N,41.116,14.367,44.119
Thermal Noise,RED,3.103,3.713,False,A,ASP295,O,43.184,14.248,43.243,A,ALA296,O,41.085,17.057,44.463
Thermal Noise,RED,3.327,3.926,False,A,ASP295,O,43.184,14.248,43.243,A,HOH629,O,45.653,12.669,40.63
Phase Boundary,YELLOW,4.201,3.671,False,A,ASP295,O,43.184,14.248,43.243,A,HOH721,O,42.664,12.144,40.28
Bound Backbone,BLUE,6.592,2.788,False,A,ASP295,O,43.184,14.248,43.243,A,HOH843,O,43.952,16.186,41.391
Bound Backbone,BLUE,8.085,2.81,False,A,ASP295,OD1,42.895,12.211,47.944,A,HOH723,O,42.795,11.499,50.66
Thermal Noise,RED,3.461,3.403,False,A,ASP295,OD1,42.895,12.211,47.944,A,HOH844,O,39.689,11.081,47.788
Bound Backbone,BLUE,5.454,2.821,False,A,ASP295,OD2,44.283,13.771,48.561,A,HOH687,O,45.84,15.887,47.534
Thermal Noise,RED,2.789,3.985,False,A,ASP295,OD2,44.283,13.771,48.561,A,HOH689,O,46.749,11.098,46.933
Phase Boundary,YELLOW,4.205,3.432,False,A,ASP295,OD2,44.283,13.771,48.561,A,HOH723,O,42.795,11.499,50.66
Phase Boundary,YELLOW,5.027,3.352,False,A,ASP295,OD2,44.283,13.771,48.561,A,HOH836,O,45.482,15.363,51.256
Thermal Noise,RED,2.638,3.899,False,A,ASP295,OD2,44.283,13.771,48.561,A,HOH838,O,43.947,17.649,48.343
Thermal Noise,RED,3.451,3.659,False,A,ALA296,N,41.116,14.367,44.119,A,VAL297,N,40.644,17.516,42.317
Bound Backbone,BLUE,12.659,2.238,False,A,ALA296,O,41.085,17.057,44.463,A,VAL297,N,40.644,17.516,42.317
Thermal Noise,RED,3.616,3.33,False,A,ALA296,O,41.085,17.057,44.463,A,ILE298,N,39.321,19.876,44.297
Bound Backbone,BLUE,8.565,2.694,False,A,ALA296,O,41.085,17.057,44.463,A,HOH839,O,41.441,17.965,46.974
Phase Boundary,YELLOW,4.351,3.353,False,A,VAL297,N,40.644,17.516,42.317,A,ILE298,N,39.321,19.876,44.297
Bound Backbone,BLUE,7.162,2.86,False,A,VAL297,N,40.644,17.516,42.317,A,HOH562,O,40.174,16.102,39.876
Thermal Noise,RED,3.068,3.684,False,A,VAL297,N,40.644,17.516,42.317,A,HOH843,O,43.952,16.186,41.391
Bound Backbone,BLUE,11.613,2.242,False,A,VAL297,O,38.348,19.201,42.393,A,ILE298,N,39.321,19.876,44.297
Thermal Noise,RED,3.409,3.518,False,A,ILE298,N,39.321,19.876,44.297,A,TYR299,N,37.295,22.563,45.321
Thermal Noise,RED,3.392,3.913,False,A,ILE298,N,39.321,19.876,44.297,A,HOH839,O,41.441,17.965,46.974
Phase Boundary,YELLOW,5.154,2.951,False,A,ILE298,N,39.321,19.876,44.297,A,HOH841,O,41.796,20.836,45.585
Bound Backbone,BLUE,8.577,2.25,False,A,ILE298,O,39.296,21.945,46.144,A,TYR299,N,37.295,22.563,45.321
Bound Backbone,BLUE,7.519,2.871,False,A,ILE298,O,39.296,21.945,46.144,A,HOH583,O,40.351,21.808,48.811
Phase Boundary,YELLOW,5.267,2.791,False,A,ILE298,O,39.296,21.945,46.144,A,HOH841,O,41.796,20.836,45.585
Thermal Noise,RED,3.949,3.587,False,A,TYR299,N,37.295,22.563,45.321,A,LEU300,N,36.187,25.05,47.657
Bound Backbone,BLUE,9.759,2.254,False,A,TYR299,O,35.036,23.691,46.275,A,LEU300,N,36.187,25.05,47.657
Thermal Noise,RED,2.832,3.831,False,A,TYR299,O,35.036,23.691,46.275,A,ASN301,N,33.586,27.109,47.22
Bound Backbone,BLUE,7.865,2.743,False,A,TYR299,OH,41.004,24.371,40.387,A,MET449,O,39.709,24.804,38.008
Thermal Noise,RED,3.647,3.763,False,A,TYR299,OH,41.004,24.371,40.387,A,GLY450,O,43.644,25.222,37.844
Thermal Noise,RED,3.613,3.346,False,A,LEU300,N,36.187,25.05,47.657,A,ASN301,N,33.586,27.109,47.22
Bound Backbone,BLUE,8.352,2.267,False,A,LEU300,O,35.615,27.77,47.985,A,ASN301,N,33.586,27.109,47.22
Thermal Noise,RED,3.223,3.529,False,A,LEU300,O,35.615,27.77,47.985,A,VAL302,N,33.424,30.526,47.744
Thermal Noise,RED,3.39,3.461,False,A,ASN301,N,33.586,27.109,47.22,A,VAL302,N,33.424,30.526,47.744
Bound Backbone,BLUE,8.461,2.239,False,A,ASN301,O,31.843,29.097,48.431,A,VAL302,N,33.424,30.526,47.744
Bound Backbone,BLUE,5.441,3.444,False,A,ASN301,OD1,32.945,30.063,44.365,A,VAL302,N,33.424,30.526,47.744
Thermal Noise,RED,3.157,3.653,False,A,VAL302,N,33.424,30.526,47.744,A,ASP303,N,32.535,33.91,48.793
Bound Backbone,BLUE,10.973,2.244,False,A,VAL302,O,33.725,33.13,47.058,A,ASP303,N,32.535,33.91,48.793
Phase Boundary,YELLOW,4.32,3.453,False,A,VAL302,O,33.725,33.13,47.058,A,ASP303,O,34.731,35.483,49.376
Thermal Noise,RED,3.101,3.666,False,A,ASP303,N,32.535,33.91,48.793,A,ASN304,N,34.169,37.055,47.854
Bound Backbone,BLUE,10.107,2.259,False,A,ASP303,O,34.731,35.483,49.376,A,ASN304,N,34.169,37.055,47.854
Thermal Noise,RED,3.088,3.619,False,A,ASP303,O,34.731,35.483,49.376,A,ASN304,O,36.836,38.39,49.839
Thermal Noise,RED,3.769,3.313,False,A,ASP303,O,34.731,35.483,49.376,A,GLU305,N,34.642,38.706,50.136
Bound Backbone,BLUE,6.095,3.138,False,A,ASP303,O,34.731,35.483,49.376,A,THR306,N,35.013,36.908,52.158
Bound Backbone,BLUE,5.507,2.98,False,A,ASP303,O,34.731,35.483,49.376,A,LEU307,N,37.132,35.357,51.137
Phase Boundary,YELLOW,4.447,3.63,False,A,ASP303,OD1,32.441,36.299,50.956,A,ASN304,N,34.169,37.055,47.854
Thermal Noise,RED,3.672,3.363,False,A,ASP303,OD1,32.441,36.299,50.956,A,GLU305,N,34.642,38.706,50.136
Phase Boundary,YELLOW,5.265,2.904,False,A,ASP303,OD1,32.441,36.299,50.956,A,THR306,N,35.013,36.908,52.158
Bound Backbone,BLUE,7.313,2.777,False,A,ASP303,OD1,32.441,36.299,50.956,A,THR306,OG1,33.279,34.866,53.182
Thermal Noise,RED,3.243,3.779,False,A,ASP303,OD1,32.441,36.299,50.956,A,HOH550,O,32.109,39.561,49.077
Phase Boundary,YELLOW,4.495,3.564,False,A,ASP303,OD1,32.441,36.299,50.956,A,HOH821,O,30.614,37.22,53.874
Thermal Noise,RED,2.958,3.909,False,A,ASP303,OD2,30.286,36.585,50.837,A,HOH550,O,32.109,39.561,49.077
Thermal Noise,RED,2.696,3.859,False,A,ASP303,OD2,30.286,36.585,50.837,A,HOH679,O,30.113,40.43,51.118
Bound Backbone,BLUE,6.59,3.12,False,A,ASP303,OD2,30.286,36.585,50.837,A,HOH821,O,30.614,37.22,53.874
Bound Backbone,BLUE,6.899,2.856,False,A,ASN304,N,34.169,37.055,47.854,A,GLU305,N,34.642,38.706,50.136
Ligand Bound Core,BLUE,5.998,2.97,True,A,ASN304,N,34.169,37.055,47.854,A,SO41103,O2,32.204,37.757,45.74
Thermal Noise,RED,3.593,3.467,False,A,ASN304,N,34.169,37.055,47.854,A,HOH550,O,32.109,39.561,49.077
Bound Backbone,BLUE,8.091,2.236,False,A,ASN304,O,36.836,38.39,49.839,A,GLU305,N,34.642,38.706,50.136
Bound Backbone,BLUE,5.936,3.311,False,A,ASN304,O,36.836,38.39,49.839,A,GLU305,O,36.414,38.376,53.123
Phase Boundary,YELLOW,4.826,3.301,False,A,ASN304,O,36.836,38.39,49.839,A,THR306,N,35.013,36.908,52.158
Thermal Noise,RED,4.004,3.312,False,A,ASN304,O,36.836,38.39,49.839,A,LEU307,N,37.132,35.357,51.137
Bound Backbone,BLUE,5.375,2.88,False,A,ASN304,O,36.836,38.39,49.839,A,SER308,N,39.175,37.233,51.057
Thermal Noise,RED,3.555,3.407,False,A,ASN304,O,36.836,38.39,49.839,A,HOH820,O,36.172,41.646,49.089
Bound Backbone,BLUE,6.671,2.734,False,A,ASN304,ND2,36.801,37.397,45.57,A,HOH582,O,38.707,36.421,43.87
Bound Backbone,BLUE,5.836,3.137,False,A,ASN304,OD1,35.655,39.05,44.588,A,GLU412,O,37.418,39.084,41.993
Ligand Fluctuation Noise,RED,2.836,3.861,True,A,ASN304,OD1,35.655,39.05,44.588,A,SO41103,O2,32.204,37.757,45.74
Phase Boundary,YELLOW,5.121,2.801,False,A,ASN304,OD1,35.655,39.05,44.588,A,HOH639,O,33.921,41.239,44.805
Phase Boundary,YELLOW,4.381,3.32,False,A,ASN304,OD1,35.655,39.05,44.588,A,HOH738,O,33.142,37.986,42.698
Bound Backbone,BLUE,7.237,2.731,False,A,GLU305,N,34.642,38.706,50.136,A,THR306,N,35.013,36.908,52.158
Phase Boundary,YELLOW,5.258,2.876,False,A,GLU305,N,34.642,38.706,50.136,A,HOH550,O,32.109,39.561,49.077
Thermal Noise,RED,3.504,3.476,False,A,GLU305,N,34.642,38.706,50.136,A,HOH820,O,36.172,41.646,49.089
Bound Backbone,BLUE,8.857,2.247,False,A,GLU305,O,36.414,38.376,53.123,A,THR306,N,35.013,36.908,52.158
Thermal Noise,RED,3.26,3.506,False,A,GLU305,O,36.414,38.376,53.123,A,THR306,O,37.804,35.161,53.284
Thermal Noise,RED,3.493,3.684,False,A,GLU305,O,36.414,38.376,53.123,A,LEU307,N,37.132,35.357,51.137
Thermal Noise,RED,3.656,3.633,False,A,GLU305,O,36.414,38.376,53.123,A,SER308,N,39.175,37.233,51.057
Phase Boundary,YELLOW,4.587,2.999,False,A,GLU305,O,36.414,38.376,53.123,A,LYS309,N,39.314,37.993,53.784
Phase Boundary,YELLOW,4.978,2.869,False,A,GLU305,O,36.414,38.376,53.123,A,HOH818,O,37.21,41.076,53.677
Bound Backbone,BLUE,8.657,2.649,False,A,GLU305,OE1,31.254,40.49,53.508,A,HOH679,O,30.113,40.43,51.118
Thermal Noise,RED,3.589,3.352,False,A,GLU305,OE1,31.254,40.49,53.508,A,HOH821,O,30.614,37.22,53.874
Thermal Noise,RED,3.265,3.501,False,A,GLU305,OE2,32.465,41.141,55.216,A,HOH880,O,34.331,44.103,55.249
Thermal Noise,RED,3.455,3.463,False,A,GLU305,OE2,32.465,41.141,55.216,A,HOH881,O,35.778,41.734,56.033
Bound Backbone,BLUE,5.463,2.817,False,A,THR306,N,35.013,36.908,52.158,A,LEU307,N,37.132,35.357,51.137
Bound Backbone,BLUE,12.362,2.258,False,A,THR306,O,37.804,35.161,53.284,A,LEU307,N,37.132,35.357,51.137
Phase Boundary,YELLOW,4.344,3.293,False,A,THR306,O,37.804,35.161,53.284,A,LEU307,O,40.575,35.541,51.545
Phase Boundary,YELLOW,4.614,3.337,False,A,THR306,O,37.804,35.161,53.284,A,SER308,N,39.175,37.233,51.057
Thermal Noise,RED,3.85,3.248,False,A,THR306,O,37.804,35.161,53.284,A,LYS309,N,39.314,37.993,53.784
Bound Backbone,BLUE,5.352,2.967,False,A,THR306,O,37.804,35.161,53.284,A,LEU310,N,40.278,35.637,54.852
Thermal Noise,RED,3.121,3.622,False,A,THR306,OG1,33.279,34.866,53.182,A,HOH821,O,30.614,37.22,53.874
Phase Boundary,YELLOW,5.2,2.775,False,A,LEU307,N,37.132,35.357,51.137,A,SER308,N,39.175,37.233,51.057
Bound Backbone,BLUE,8.144,2.25,False,A,LEU307,O,40.575,35.541,51.545,A,SER308,N,39.175,37.233,51.057
Thermal Noise,RED,3.794,3.524,False,A,LEU307,O,40.575,35.541,51.545,A,SER308,O,41.5,38.388,53.404
Thermal Noise,RED,3.974,3.552,False,A,LEU307,O,40.575,35.541,51.545,A,LYS309,N,39.314,37.993,53.784
Bound Backbone,BLUE,5.915,3.322,False,A,LEU307,O,40.575,35.541,51.545,A,LEU310,N,40.278,35.637,54.852
Bound Backbone,BLUE,5.348,3.118,False,A,LEU307,O,40.575,35.541,51.545,A,VAL311,N,42.845,35.479,53.681
Bound Backbone,BLUE,7.916,2.834,False,A,SER308,N,39.175,37.233,51.057,A,LYS309,N,39.314,37.993,53.784
Bound Backbone,BLUE,8.022,2.254,False,A,SER308,O,41.5,38.388,53.404,A,LYS309,N,39.314,37.993,53.784
Phase Boundary,YELLOW,4.9,3.504,False,A,SER308,O,41.5,38.388,53.404,A,LYS309,O,41.195,36.816,56.521
Thermal Noise,RED,4.016,3.34,False,A,SER308,O,41.5,38.388,53.404,A,LEU310,N,40.278,35.637,54.852
Thermal Noise,RED,3.886,3.217,False,A,SER308,O,41.5,38.388,53.404,A,VAL311,N,42.845,35.479,53.681
Phase Boundary,YELLOW,4.487,3.184,False,A,SER308,O,41.5,38.388,53.404,A,VAL312,N,44.227,37.667,54.882
Thermal Noise,RED,3.302,3.549,False,A,SER308,O,41.5,38.388,53.404,A,HOH819,O,39.806,41.38,54.282
Thermal Noise,RED,3.978,3.522,False,A,SER308,OG,39.951,40.724,51.653,A,LYS309,N,39.314,37.993,53.784
Thermal Noise,RED,3.809,3.413,False,A,SER308,OG,39.951,40.724,51.653,A,TYR388,OH,43.055,40.866,50.24
Phase Boundary,YELLOW,4.715,3.546,False,A,SER308,OG,39.951,40.724,51.653,A,GLN408,NE2,39.579,42.434,48.569
Thermal Noise,RED,3.581,3.801,False,A,SER308,OG,39.951,40.724,51.653,A,GLN408,OE1,41.704,42.899,49.076
Phase Boundary,YELLOW,4.169,3.425,False,A,SER308,OG,39.951,40.724,51.653,A,HOH818,O,37.21,41.076,53.677
Bound Backbone,BLUE,8.682,2.713,False,A,SER308,OG,39.951,40.724,51.653,A,HOH819,O,39.806,41.38,54.282
Thermal Noise,RED,2.692,3.856,False,A,SER308,OG,39.951,40.724,51.653,A,HOH879,O,36.756,42.882,51.626
Bound Backbone,BLUE,5.752,2.761,False,A,LYS309,N,39.314,37.993,53.784,A,LEU310,N,40.278,35.637,54.852
Thermal Noise,RED,2.872,3.734,False,A,LYS309,N,39.314,37.993,53.784,A,HOH818,O,37.21,41.076,53.677
Thermal Noise,RED,3.39,3.459,False,A,LYS309,N,39.314,37.993,53.784,A,HOH819,O,39.806,41.38,54.282
Bound Backbone,BLUE,10.797,2.24,False,A,LYS309,O,41.195,36.816,56.521,A,LEU310,N,40.278,35.637,54.852
Thermal Noise,RED,3.333,3.557,False,A,LYS309,O,41.195,36.816,56.521,A,LEU310,O,43.494,34.307,55.485
Phase Boundary,YELLOW,4.481,3.546,False,A,LYS309,O,41.195,36.816,56.521,A,VAL311,N,42.845,35.479,53.681
Thermal Noise,RED,3.606,3.55,False,A,LYS309,O,41.195,36.816,56.521,A,VAL312,N,44.227,37.667,54.882
Phase Boundary,YELLOW,4.617,3.065,False,A,LYS309,O,41.195,36.816,56.521,A,LYS313,N,44.05,36.886,57.635
Bound Backbone,BLUE,6.727,2.831,False,A,LYS309,O,41.195,36.816,56.521,A,HOH817,O,41.015,38.716,58.612
Bound Backbone,BLUE,5.559,2.826,False,A,LEU310,N,40.278,35.637,54.852,A,VAL311,N,42.845,35.479,53.681
Bound Backbone,BLUE,11.177,2.247,False,A,LEU310,O,43.494,34.307,55.485,A,VAL311,N,42.845,35.479,53.681
Thermal Noise,RED,3.763,3.3,False,A,LEU310,O,43.494,34.307,55.485,A,VAL311,O,46.029,36.321,54.848
Thermal Noise,RED,3.345,3.491,False,A,LEU310,O,43.494,34.307,55.485,A,VAL312,N,44.227,37.667,54.882
Phase Boundary,YELLOW,4.333,3.403,False,A,LEU310,O,43.494,34.307,55.485,A,LYS313,N,44.05,36.886,57.635
Bound Backbone,BLUE,6.056,2.942,False,A,LEU310,O,43.494,34.307,55.485,A,ARG314,N,45.59,34.527,57.538
Bound Backbone,BLUE,6.059,2.911,False,A,LEU310,O,43.494,34.307,55.485,A,HOH652,O,43.115,32.171,57.426
Bound Backbone,BLUE,5.471,2.853,False,A,VAL311,N,42.845,35.479,53.681,A,VAL312,N,44.227,37.667,54.882
Bound Backbone,BLUE,7.91,2.249,False,A,VAL311,O,46.029,36.321,54.848,A,VAL312,N,44.227,37.667,54.882
Bound Backbone,BLUE,5.428,3.338,False,A,VAL311,O,46.029,36.321,54.848,A,VAL312,O,46.097,37.801,57.839
Phase Boundary,YELLOW,4.707,3.465,False,A,VAL311,O,46.029,36.321,54.848,A,LYS313,N,44.05,36.886,57.635
Bound Backbone,BLUE,5.384,3.263,False,A,VAL311,O,46.029,36.321,54.848,A,ARG314,N,45.59,34.527,57.538
Bound Backbone,BLUE,5.67,3.008,False,A,VAL311,O,46.029,36.321,54.848,A,LEU315,N,48.118,35.5,56.851
Bound Backbone,BLUE,7.725,2.867,False,A,VAL312,N,44.227,37.667,54.882,A,LYS313,N,44.05,36.886,57.635
Bound Backbone,BLUE,7.936,2.251,False,A,VAL312,O,46.097,37.801,57.839,A,LYS313,N,44.05,36.886,57.635
Phase Boundary,YELLOW,4.102,3.397,False,A,VAL312,O,46.097,37.801,57.839,A,LYS313,O,46.165,34.934,59.66
Thermal Noise,RED,3.635,3.327,False,A,VAL312,O,46.097,37.801,57.839,A,ARG314,N,45.59,34.527,57.538
Phase Boundary,YELLOW,4.097,3.218,False,A,VAL312,O,46.097,37.801,57.839,A,LEU315,N,48.118,35.5,56.851
Bound Backbone,BLUE,5.492,2.87,False,A,VAL312,O,46.097,37.801,57.839,A,GLN316,N,48.538,37.033,59.139
Phase Boundary,YELLOW,4.462,3.653,False,A,VAL312,O,46.097,37.801,57.839,A,GLN316,NE2,44.84,39.037,61.039
Phase Boundary,YELLOW,5.04,2.819,False,A,LYS313,N,44.05,36.886,57.635,A,ARG314,N,45.59,34.527,57.538
Thermal Noise,RED,3.094,3.676,False,A,LYS313,N,44.05,36.886,57.635,A,HOH817,O,41.015,38.716,58.612
Bound Backbone,BLUE,12.594,2.236,False,A,LYS313,O,46.165,34.934,59.66,A,ARG314,N,45.59,34.527,57.538
Phase Boundary,YELLOW,4.135,3.298,False,A,LYS313,O,46.165,34.934,59.66,A,ARG314,O,48.932,33.884,58.204
Phase Boundary,YELLOW,4.718,3.468,False,A,LYS313,O,46.165,34.934,59.66,A,LEU315,N,48.118,35.5,56.851
Thermal Noise,RED,3.947,3.211,False,A,LYS313,O,46.165,34.934,59.66,A,GLN316,N,48.538,37.033,59.139
Phase Boundary,YELLOW,5.08,2.957,False,A,LYS313,O,46.165,34.934,59.66,A,ASN317,N,48.853,35.024,60.889
Phase Boundary,YELLOW,4.183,3.265,False,A,LYS313,O,46.165,34.934,59.66,A,ASN317,ND2,45.991,31.982,61.045
Bound Backbone,BLUE,5.715,3.249,False,A,LYS313,O,46.165,34.934,59.66,A,ASN317,OD1,46.635,33.55,62.562
Bound Backbone,BLUE,5.965,2.59,False,A,LYS313,NZ,40.995,32.486,59.381,A,GLU424,O,40.061,30.07,59.353
Bound Backbone,BLUE,6.13,2.901,False,A,LYS313,NZ,40.995,32.486,59.381,A,HOH652,O,43.115,32.171,57.426
Bound Backbone,BLUE,5.322,2.795,False,A,ARG314,N,45.59,34.527,57.538,A,LEU315,N,48.118,35.5,56.851
Thermal Noise,RED,3.426,3.419,False,A,ARG314,N,45.59,34.527,57.538,A,HOH652,O,43.115,32.171,57.426
Bound Backbone,BLUE,9.629,2.259,False,A,ARG314,O,48.932,33.884,58.204,A,LEU315,N,48.118,35.5,56.851
Thermal Noise,RED,3.486,3.429,False,A,ARG314,O,48.932,33.884,58.204,A,LEU315,O,50.734,36.724,58.87
Thermal Noise,RED,3.842,3.308,False,A,ARG314,O,48.932,33.884,58.204,A,GLN316,N,48.538,37.033,59.139
Bound Backbone,BLUE,7.232,2.918,False,A,ARG314,O,48.932,33.884,58.204,A,ASN317,N,48.853,35.024,60.889
Phase Boundary,YELLOW,4.926,3.223,False,A,ARG314,O,48.932,33.884,58.204,A,ASN318,N,51.314,34.286,60.338
Phase Boundary,YELLOW,4.083,3.142,False,A,ARG314,O,48.932,33.884,58.204,A,LYS319,N,51.882,32.856,57.866
Phase Boundary,YELLOW,4.916,3.413,False,A,ARG314,O,48.932,33.884,58.204,A,LYS319,O,50.82,33.443,55.395
Bound Backbone,BLUE,5.45,2.865,False,A,ARG314,NE,48.279,29.975,54.209,A,ALA320,O,50.653,31.002,52.978
Phase Boundary,YELLOW,4.103,3.628,False,A,ARG314,NE,48.279,29.975,54.209,A,VAL419,O,46.074,28.937,51.522
Phase Boundary,YELLOW,5.122,3.446,False,A,ARG314,NE,48.279,29.975,54.209,A,HOH572,O,48.831,28.605,51.096
Thermal Noise,RED,3.159,3.559,False,A,ARG314,NH1,47.797,28.199,55.591,A,ASP421,N,44.712,26.424,55.581
Bound Backbone,BLUE,5.406,3.004,False,A,ARG314,NH1,47.797,28.199,55.591,A,ASP421,OD2,47.928,25.77,57.354
Bound Backbone,BLUE,5.485,2.89,False,A,ARG314,NH1,47.797,28.199,55.591,A,GLU424,OE1,45.348,28.874,56.969
Ligand Fluctuation Noise,RED,3.038,3.76,True,A,ARG314,NH1,47.797,28.199,55.591,A,GOL1001,O3,49.254,24.976,54.315
Thermal Noise,RED,3.95,3.321,False,A,ARG314,NH2,49.624,28.098,54.218,A,ALA320,O,50.653,31.002,52.978
Ligand Fluctuation Noise,RED,4.048,3.145,True,A,ARG314,NH2,49.624,28.098,54.218,A,GOL1001,O3,49.254,24.976,54.315
Bound Backbone,BLUE,5.959,3.261,False,A,ARG314,NH2,49.624,28.098,54.218,A,HOH572,O,48.831,28.605,51.096
Phase Boundary,YELLOW,4.849,3.336,False,A,ARG314,NH2,49.624,28.098,54.218,A,HOH595,O,49.293,25.879,51.749
Bound Backbone,BLUE,7.369,2.786,False,A,LEU315,N,48.118,35.5,56.851,A,GLN316,N,48.538,37.033,59.139
Thermal Noise,RED,3.221,3.695,False,A,LEU315,N,48.118,35.5,56.851,A,LYS319,O,50.82,33.443,55.395
Bound Backbone,BLUE,8.094,2.234,False,A,LEU315,O,50.734,36.724,58.87,A,GLN316,N,48.538,37.033,59.139
Phase Boundary,YELLOW,4.902,3.608,False,A,LEU315,O,50.734,36.724,58.87,A,GLN316,O,49.864,36.406,62.357
Phase Boundary,YELLOW,4.751,3.241,False,A,LEU315,O,50.734,36.724,58.87,A,ASN317,N,48.853,35.024,60.889
Bound Backbone,BLUE,5.516,2.904,False,A,LEU315,O,50.734,36.724,58.87,A,ASN318,N,51.314,34.286,60.338
Bound Backbone,BLUE,5.912,2.778,False,A,LEU315,O,50.734,36.724,58.87,A,HOH594,O,52.12,38.748,60.174
Bound Backbone,BLUE,7.065,2.683,False,A,GLN316,N,48.538,37.033,59.139,A,ASN317,N,48.853,35.024,60.889
Bound Backbone,BLUE,9.988,2.255,False,A,GLN316,O,49.864,36.406,62.357,A,ASN317,N,48.853,35.024,60.889
Phase Boundary,YELLOW,4.661,3.267,False,A,GLN316,O,49.864,36.406,62.357,A,ASN318,N,51.314,34.286,60.338
Thermal Noise,RED,3.125,3.917,False,A,GLN316,O,49.864,36.406,62.357,A,HOH594,O,52.12,38.748,60.174
Phase Boundary,YELLOW,5.211,2.772,False,A,GLN316,NE2,44.84,39.037,61.039,A,HOH885,O,42.107,39.493,60.949
Phase Boundary,YELLOW,4.557,2.976,False,A,GLN316,OE1,45.469,41.152,60.636,A,HOH549,O,47.533,43.268,60.289
Thermal Noise,RED,2.84,3.762,False,A,GLN316,OE1,45.469,41.152,60.636,A,HOH885,O,42.107,39.493,60.949
Bound Backbone,BLUE,5.958,2.628,False,A,ASN317,N,48.853,35.024,60.889,A,ASN318,N,51.314,34.286,60.338
Bound Backbone,BLUE,8.728,2.254,False,A,ASN317,O,51.1,32.243,61.265,A,ASN318,N,51.314,34.286,60.338
Thermal Noise,RED,3.751,3.709,False,A,ASN317,O,51.1,32.243,61.265,A,ASN318,O,53.838,32.302,58.764
Phase Boundary,YELLOW,5.062,3.541,False,A,ASN317,O,51.1,32.243,61.265,A,LYS319,N,51.882,32.856,57.866
Bound Backbone,BLUE,6.348,3.045,False,A,ASN317,ND2,45.991,31.982,61.045,A,GLU424,OE2,45.748,30.449,58.425
Bound Backbone,BLUE,6.885,2.912,False,A,ASN318,N,51.314,34.286,60.338,A,LYS319,N,51.882,32.856,57.866
Bound Backbone,BLUE,8.944,2.222,False,A,ASN318,O,53.838,32.302,58.764,A,LYS319,N,51.882,32.856,57.866
Thermal Noise,RED,2.772,3.873,False,A,ASN318,O,53.838,32.302,58.764,A,HOH696,O,57.427,33.395,57.801
Bound Backbone,BLUE,6.054,2.829,False,A,ASN318,O,53.838,32.302,58.764,A,HOH832,O,55.924,31.301,57.136
Phase Boundary,YELLOW,4.231,3.826,False,A,ASN318,ND2,56.082,33.884,61.349,A,HOH696,O,57.427,33.395,57.801
Phase Boundary,YELLOW,5.036,3.372,False,A,ASN318,ND2,56.082,33.884,61.349,A,HOH752,O,54.847,32.419,64.124
Bound Backbone,BLUE,5.355,2.98,False,A,ASN318,OD1,55.341,34.774,59.422,A,HOH696,O,57.427,33.395,57.801
Phase Boundary,YELLOW,5.122,3.535,False,A,LYS319,N,51.882,32.856,57.866,A,ALA320,N,52.478,32.248,54.435
Bound Backbone,BLUE,8.752,2.258,False,A,LYS319,O,50.82,33.443,55.395,A,ALA320,N,52.478,32.248,54.435
Phase Boundary,YELLOW,4.447,3.439,False,A,LYS319,O,50.82,33.443,55.395,A,ALA320,O,50.653,31.002,52.978
Ligand Fluctuation Noise,RED,3.956,3.705,True,A,LYS319,NZ,51.405,26.687,59.416,A,GOL1001,O1,53.401,25.259,56.64
Ligand Bound Core,BLUE,5.992,3.053,True,A,LYS319,NZ,51.405,26.687,59.416,A,GOL1001,O2,50.472,25.057,57.009
Phase Boundary,YELLOW,4.075,3.137,False,A,LYS319,NZ,51.405,26.687,59.416,A,HOH753,O,53.341,24.225,59.238
Phase Boundary,YELLOW,4.723,3.083,False,A,LYS319,NZ,51.405,26.687,59.416,A,HOH833,O,53.817,28.054,58.068
Phase Boundary,YELLOW,4.37,3.632,False,A,ALA320,N,52.478,32.248,54.435,A,VAL321,N,50.499,32.62,51.412
Phase Boundary,YELLOW,4.286,3.062,False,A,ALA320,N,52.478,32.248,54.435,A,HOH571,O,54.542,30.0,54.69
Bound Backbone,BLUE,10.263,2.257,False,A,ALA320,O,50.653,31.002,52.978,A,VAL321,N,50.499,32.62,51.412
Thermal Noise,RED,3.742,3.551,False,A,ALA320,O,50.653,31.002,52.978,A,HOH572,O,48.831,28.605,51.096
Phase Boundary,YELLOW,4.463,3.449,False,A,VAL321,N,50.499,32.62,51.412,A,PHE322,N,49.309,30.527,48.943
Phase Boundary,YELLOW,5.186,2.811,False,A,VAL321,N,50.499,32.62,51.412,A,ILE373,O,51.673,35.115,50.864
Bound Backbone,BLUE,8.073,2.253,False,A,VAL321,O,49.634,32.713,48.504,A,PHE322,N,49.309,30.527,48.943
Thermal Noise,RED,3.214,3.608,False,A,VAL321,O,49.634,32.713,48.504,A,PHE322,O,46.973,30.475,47.542
Phase Boundary,YELLOW,4.459,3.538,False,A,VAL321,O,49.634,32.713,48.504,A,PHE323,N,48.112,31.15,45.719
Thermal Noise,RED,3.969,3.944,False,A,VAL321,O,49.634,32.713,48.504,A,MET371,O,50.925,31.926,44.861
Bound Backbone,BLUE,5.384,2.745,False,A,VAL321,O,49.634,32.713,48.504,A,ILE373,N,51.224,34.914,48.098
Thermal Noise,RED,3.173,3.937,False,A,VAL321,O,49.634,32.713,48.504,A,ILE373,O,51.673,35.115,50.864
Phase Boundary,YELLOW,5.05,3.495,False,A,PHE322,N,49.309,30.527,48.943,A,PHE323,N,48.112,31.15,45.719
Bound Backbone,BLUE,6.288,2.925,False,A,PHE322,N,49.309,30.527,48.943,A,HOH572,O,48.831,28.605,51.096
Bound Backbone,BLUE,11.168,2.253,False,A,PHE322,O,46.973,30.475,47.542,A,PHE323,N,48.112,31.15,45.719
Phase Boundary,YELLOW,4.834,3.087,False,A,PHE322,O,46.973,30.475,47.542,A,VAL419,N,44.767,28.926,49.047
Phase Boundary,YELLOW,4.233,3.618,False,A,PHE323,N,48.112,31.15,45.719,A,GLY324,N,45.841,31.315,42.908
Phase Boundary,YELLOW,4.545,3.042,False,A,PHE323,N,48.112,31.15,45.719,A,MET371,O,50.925,31.926,44.861
Bound Backbone,BLUE,7.744,2.274,False,A,PHE323,O,48.112,31.405,42.993,A,GLY324,N,45.841,31.315,42.908
Phase Boundary,YELLOW,4.278,3.912,False,A,PHE323,O,48.112,31.405,42.993,A,HIS369,O,48.204,31.418,39.082
Phase Boundary,YELLOW,4.493,3.039,False,A,PHE323,O,48.112,31.405,42.993,A,MET371,N,51.023,31.883,42.264
Phase Boundary,YELLOW,4.08,3.417,False,A,PHE323,O,48.112,31.405,42.993,A,MET371,O,50.925,31.926,44.861
Bound Backbone,BLUE,5.329,3.127,False,A,PHE323,O,48.112,31.405,42.993,A,HOH870,O,48.654,33.606,40.839
Phase Boundary,YELLOW,4.955,3.504,False,A,GLY324,N,45.841,31.315,42.908,A,SER325,N,45.564,32.788,39.741
Bound Backbone,BLUE,6.43,2.893,False,A,GLY324,N,45.841,31.315,42.908,A,GLN417,O,43.888,31.473,45.036
Bound Backbone,BLUE,10.689,2.251,False,A,GLY324,O,44.064,32.833,41.419,A,SER325,N,45.564,32.788,39.741
Phase Boundary,YELLOW,4.481,3.005,False,A,GLY324,O,44.064,32.833,41.419,A,PHE416,N,41.326,34.006,41.816
Thermal Noise,RED,4.051,3.436,False,A,GLY324,O,44.064,32.833,41.419,A,GLN417,N,41.521,31.523,43.323
Phase Boundary,YELLOW,4.163,3.868,False,A,GLY324,O,44.064,32.833,41.419,A,GLN417,O,43.888,31.473,45.036
Phase Boundary,YELLOW,4.134,3.65,False,A,SER325,N,45.564,32.788,39.741,A,HIS326,N,44.603,34.915,36.935
Phase Boundary,YELLOW,4.441,3.046,False,A,SER325,N,45.564,32.788,39.741,A,HIS369,O,48.204,31.418,39.082
Thermal Noise,RED,3.739,3.38,False,A,SER325,N,45.564,32.788,39.741,A,HOH870,O,48.654,33.606,40.839
Bound Backbone,BLUE,7.792,2.268,False,A,SER325,O,45.858,33.029,37.037,A,HIS326,N,44.603,34.915,36.935
Phase Boundary,YELLOW,4.649,3.25,False,A,SER325,O,45.858,33.029,37.037,A,THR327,N,47.08,35.332,35.097
Bound Backbone,BLUE,5.976,2.87,False,A,SER325,O,45.858,33.029,37.037,A,THR368,N,45.49,30.765,35.312
Bound Backbone,BLUE,5.444,3.336,False,A,SER325,O,45.858,33.029,37.037,A,THR368,OG1,47.287,32.707,34.04
Phase Boundary,YELLOW,4.131,3.162,False,A,SER325,O,45.858,33.029,37.037,A,HIS369,N,48.04,30.853,36.329
Thermal Noise,RED,3.965,3.504,False,A,SER325,O,45.858,33.029,37.037,A,HIS369,O,48.204,31.418,39.082
Phase Boundary,YELLOW,4.541,3.415,False,A,SER325,OG,46.962,35.33,39.369,A,HIS326,N,44.603,34.915,36.935
Thermal Noise,RED,4.018,3.657,False,A,SER325,OG,46.962,35.33,39.369,A,THR327,OG1,49.447,35.381,36.687
Bound Backbone,BLUE,5.989,2.841,False,A,SER325,OG,46.962,35.33,39.369,A,HOH638,O,47.94,37.447,37.747
Bound Backbone,BLUE,5.866,2.828,False,A,SER325,OG,46.962,35.33,39.369,A,HOH870,O,48.654,33.606,40.839
Phase Boundary,YELLOW,5.048,3.113,False,A,HIS326,N,44.603,34.915,36.935,A,THR327,N,47.08,35.332,35.097
Thermal Noise,RED,3.357,3.841,False,A,HIS326,N,44.603,34.915,36.935,A,LEU366,O,42.507,32.712,34.589
Bound Backbone,BLUE,5.725,2.887,False,A,HIS326,N,44.603,34.915,36.935,A,TYR414,O,43.065,36.772,38.523
Bound Backbone,BLUE,7.9,2.26,False,A,HIS326,O,45.744,37.137,34.847,A,THR327,N,47.08,35.332,35.097
Thermal Noise,RED,3.193,3.903,False,A,HIS326,O,45.744,37.137,34.847,A,THR327,O,47.975,34.878,32.577
Thermal Noise,RED,3.392,3.841,False,A,HIS326,O,45.744,37.137,34.847,A,PRO328,N,48.732,36.997,32.438
Bound Backbone,BLUE,5.525,3.021,False,A,HIS326,O,45.744,37.137,34.847,A,LYS329,N,46.894,39.157,32.918
Phase Boundary,YELLOW,4.299,3.449,False,A,HIS326,O,45.744,37.137,34.847,A,TYR410,OH,46.338,39.656,37.127
Phase Boundary,YELLOW,4.208,3.651,False,A,HIS326,O,45.744,37.137,34.847,A,HOH638,O,47.94,37.447,37.747
Thermal Noise,RED,3.634,3.894,False,A,HIS326,ND1,42.213,35.857,32.701,A,GLU364,O,39.731,36.012,29.705
Bound Backbone,BLUE,6.229,2.705,False,A,HIS326,ND1,42.213,35.857,32.701,A,SER365,OG,39.834,36.099,33.966
Thermal Noise,RED,3.324,3.484,False,A,HIS326,ND1,42.213,35.857,32.701,A,LEU366,N,40.311,32.965,33.094
Thermal Noise,RED,3.45,3.68,False,A,HIS326,ND1,42.213,35.857,32.701,A,LEU366,O,42.507,32.712,34.589
Bound Backbone,BLUE,7.677,2.696,False,A,HIS326,NE2,43.736,35.389,31.271,A,HOH784,O,45.315,34.865,29.15
Phase Boundary,YELLOW,4.323,3.546,False,A,THR327,N,47.08,35.332,35.097,A,PRO328,N,48.732,36.997,32.438
Bound Backbone,BLUE,5.41,2.837,False,A,THR327,N,47.08,35.332,35.097,A,THR368,OG1,47.287,32.707,34.04
Phase Boundary,YELLOW,4.466,3.498,False,A,THR327,N,47.08,35.332,35.097,A,HOH638,O,47.94,37.447,37.747
Bound Backbone,BLUE,7.893,2.254,False,A,THR327,O,47.975,34.878,32.577,A,PRO328,N,48.732,36.997,32.438
Bound Backbone,BLUE,6.477,2.707,False,A,THR327,O,47.975,34.878,32.577,A,THR368,OG1,47.287,32.707,34.04
Bound Backbone,BLUE,8.16,2.734,False,A,THR327,O,47.975,34.878,32.577,A,HOH669,O,47.696,33.767,30.094
Bound Backbone,BLUE,5.71,2.768,False,A,THR327,OG1,49.447,35.381,36.687,A,HOH638,O,47.94,37.447,37.747
Phase Boundary,YELLOW,4.922,2.876,False,A,PRO328,N,48.732,36.997,32.438,A,LYS329,N,46.894,39.157,32.918
Bound Backbone,BLUE,8.177,2.254,False,A,PRO328,O,48.586,40.541,32.37,A,LYS329,N,46.894,39.157,32.918
Phase Boundary,YELLOW,4.671,3.413,False,A,PRO328,O,48.586,40.541,32.37,A,LYS329,O,46.415,41.131,34.937
Thermal Noise,RED,3.955,3.25,False,A,PRO328,O,48.586,40.541,32.37,A,PHE330,N,46.19,42.564,33.224
Phase Boundary,YELLOW,4.783,3.24,False,A,PRO328,O,48.586,40.541,32.37,A,MET331,N,48.722,43.046,34.421
Thermal Noise,RED,2.574,3.999,False,A,PRO328,O,48.586,40.541,32.37,A,MET331,O,51.313,43.34,33.218
Thermal Noise,RED,3.212,3.763,False,A,PRO328,O,48.586,40.541,32.37,A,HOH543,O,46.878,43.405,30.626
Thermal Noise,RED,3.297,3.492,False,A,LYS329,N,46.894,39.157,32.918,A,PHE330,N,46.19,42.564,33.224
Bound Backbone,BLUE,10.887,2.245,False,A,LYS329,O,46.415,41.131,34.937,A,PHE330,N,46.19,42.564,33.224
Thermal Noise,RED,3.379,3.544,False,A,LYS329,O,46.415,41.131,34.937,A,PHE330,O,47.694,44.251,36.027
Phase Boundary,YELLOW,4.403,3.042,False,A,LYS329,O,46.415,41.131,34.937,A,MET331,N,48.722,43.046,34.421
Bound Backbone,BLUE,8.244,2.642,False,A,LYS329,O,46.415,41.131,34.937,A,TYR410,OH,46.338,39.656,37.127
Phase Boundary,YELLOW,4.674,2.928,False,A,LYS329,NZ,42.333,39.855,28.6,A,GLU364,OE2,39.454,39.336,28.481
Phase Boundary,YELLOW,4.821,2.966,False,A,LYS329,NZ,42.333,39.855,28.6,A,HOH554,O,41.03,42.36,29.507
Phase Boundary,YELLOW,5.014,3.255,False,A,LYS329,NZ,42.333,39.855,28.6,A,HOH676,O,42.366,42.122,26.264
Bound Backbone,BLUE,5.515,2.842,False,A,PHE330,N,46.19,42.564,33.224,A,MET331,N,48.722,43.046,34.421
Bound Backbone,BLUE,7.78,2.816,False,A,PHE330,N,46.19,42.564,33.224,A,HOH543,O,46.878,43.405,30.626
Bound Backbone,BLUE,10.403,2.256,False,A,PHE330,O,47.694,44.251,36.027,A,MET331,N,48.722,43.046,34.421
Thermal Noise,RED,3.06,3.807,False,A,PHE330,O,47.694,44.251,36.027,A,VAL337,O,51.018,45.24,37.597
Bound Backbone,BLUE,6.058,3.103,False,A,PHE330,O,47.694,44.251,36.027,A,ASP339,N,47.211,45.826,38.656
Thermal Noise,RED,3.119,3.61,False,A,PHE330,O,47.694,44.251,36.027,A,ASP339,O,45.839,47.296,36.594
Thermal Noise,RED,3.423,3.457,False,A,MET331,N,48.722,43.046,34.421,A,ASP332,N,51.784,44.516,35.063
Bound Backbone,BLUE,11.445,2.238,False,A,MET331,O,51.313,43.34,33.218,A,ASP332,N,51.784,44.516,35.063
Thermal Noise,RED,3.264,3.568,False,A,MET331,O,51.313,43.34,33.218,A,LYS333,N,54.755,43.683,34.091
Phase Boundary,YELLOW,4.224,3.387,False,A,MET331,O,51.313,43.34,33.218,A,HOH512,O,54.067,43.634,31.268
Thermal Noise,RED,4.044,3.235,False,A,ASP332,N,51.784,44.516,35.063,A,LYS333,N,54.755,43.683,34.091
Bound Backbone,BLUE,8.196,2.744,False,A,ASP332,N,51.784,44.516,35.063,A,VAL337,O,51.018,45.24,37.597
Bound Backbone,BLUE,11.948,2.239,False,A,ASP332,O,54.57,44.717,36.068,A,LYS333,N,54.755,43.683,34.091
Thermal Noise,RED,2.941,3.703,False,A,ASP332,O,54.57,44.717,36.068,A,LYS333,O,57.979,43.329,35.662
Phase Boundary,YELLOW,4.238,3.372,False,A,ASP332,O,54.57,44.717,36.068,A,LYS334,N,57.345,44.876,34.159
Thermal Noise,RED,3.219,3.528,False,A,ASP332,O,54.57,44.717,36.068,A,THR335,N,57.359,46.872,36.232
Thermal Noise,RED,3.108,3.693,False,A,ASP332,O,54.57,44.717,36.068,A,THR335,OG1,54.941,48.214,37.197
Bound Backbone,BLUE,7.568,2.692,False,A,ASP332,O,54.57,44.717,36.068,A,GLY336,N,56.135,45.476,38.123
Bound Backbone,BLUE,5.822,3.228,False,A,ASP332,O,54.57,44.717,36.068,A,VAL337,N,53.532,45.66,38.976
Thermal Noise,RED,2.885,3.902,False,A,ASP332,O,54.57,44.717,36.068,A,VAL337,O,51.018,45.24,37.597
Bound Backbone,BLUE,7.538,2.782,False,A,ASP332,OD1,53.835,47.382,32.704,A,HOH510,O,52.562,48.128,30.346
Phase Boundary,YELLOW,5.171,2.911,False,A,ASP332,OD1,53.835,47.382,32.704,A,HOH511,O,55.998,45.792,31.577
Thermal Noise,RED,3.193,3.548,False,A,ASP332,OD1,53.835,47.382,32.704,A,HOH789,O,56.449,49.763,32.994
Phase Boundary,YELLOW,4.461,3.25,False,A,ASP332,OD2,54.858,48.04,34.517,A,THR335,N,57.359,46.872,36.232
Bound Backbone,BLUE,9.053,2.687,False,A,ASP332,OD2,54.858,48.04,34.517,A,THR335,OG1,54.941,48.214,37.197
Thermal Noise,RED,3.647,3.873,False,A,ASP332,OD2,54.858,48.04,34.517,A,HOH511,O,55.998,45.792,31.577
Bound Backbone,BLUE,6.084,2.796,False,A,ASP332,OD2,54.858,48.04,34.517,A,HOH789,O,56.449,49.763,32.994
Phase Boundary,YELLOW,4.921,2.852,False,A,LYS333,N,54.755,43.683,34.091,A,LYS334,N,57.345,44.876,34.159
Phase Boundary,YELLOW,4.312,3.509,False,A,LYS333,N,54.755,43.683,34.091,A,HOH511,O,55.998,45.792,31.577
Bound Backbone,BLUE,7.585,2.906,False,A,LYS333,N,54.755,43.683,34.091,A,HOH512,O,54.067,43.634,31.268
Bound Backbone,BLUE,10.17,2.248,False,A,LYS333,O,57.979,43.329,35.662,A,LYS334,N,57.345,44.876,34.159
Thermal Noise,RED,3.169,3.603,False,A,LYS333,O,57.979,43.329,35.662,A,LYS334,O,59.551,46.482,36.416
Thermal Noise,RED,3.065,3.642,False,A,LYS333,O,57.979,43.329,35.662,A,THR335,N,57.359,46.872,36.232
Thermal Noise,RED,3.625,3.751,False,A,LYS333,O,57.979,43.329,35.662,A,GLY336,N,56.135,45.476,38.123
Bound Backbone,BLUE,6.834,2.813,False,A,LYS333,O,57.979,43.329,35.662,A,GLY399,N,59.425,42.122,37.751
Thermal Noise,RED,3.314,3.574,False,A,LYS333,O,57.979,43.329,35.662,A,TYR404,OH,56.545,40.238,36.741
Thermal Noise,RED,3.104,3.598,False,A,LYS333,O,57.979,43.329,35.662,A,HOH656,O,61.431,44.3,35.958
Thermal Noise,RED,3.852,3.243,False,A,LYS333,NZ,54.582,37.864,31.026,A,HOH624,O,52.599,35.338,31.476
Thermal Noise,RED,3.208,3.656,False,A,LYS333,NZ,54.582,37.864,31.026,A,HOH742,O,57.566,36.143,32.251
Bound Backbone,BLUE,6.428,2.878,False,A,LYS334,N,57.345,44.876,34.159,A,THR335,N,57.359,46.872,36.232
Bound Backbone,BLUE,6.248,3.053,False,A,LYS334,N,57.345,44.876,34.159,A,HOH511,O,55.998,45.792,31.577
Bound Backbone,BLUE,8.053,2.234,False,A,LYS334,O,59.551,46.482,36.416,A,THR335,N,57.359,46.872,36.232
Thermal Noise,RED,2.871,3.949,False,A,LYS334,O,59.551,46.482,36.416,A,GLY336,N,56.135,45.476,38.123
Thermal Noise,RED,4.07,3.58,False,A,LYS334,O,59.551,46.482,36.416,A,GLY399,O,60.841,44.236,38.887
Phase Boundary,YELLOW,4.779,2.916,False,A,LYS334,O,59.551,46.482,36.416,A,HOH656,O,61.431,44.3,35.958
Bound Backbone,BLUE,6.147,3.053,False,A,LYS334,O,59.551,46.482,36.416,A,HOH858,O,61.009,47.415,38.931
Bound Backbone,BLUE,7.545,2.65,False,A,THR335,N,57.359,46.872,36.232,A,GLY336,N,56.135,45.476,38.123
Bound Backbone,BLUE,10.505,2.253,False,A,THR335,O,57.141,46.664,39.752,A,GLY336,N,56.135,45.476,38.123
Thermal Noise,RED,2.719,3.919,False,A,THR335,O,57.141,46.664,39.752,A,GLY336,O,54.069,44.457,40.776
Thermal Noise,RED,2.806,3.826,False,A,THR335,O,57.141,46.664,39.752,A,VAL337,N,53.532,45.66,38.976
Thermal Noise,RED,2.898,3.801,False,A,THR335,O,57.141,46.664,39.752,A,LYS400,N,59.646,43.995,40.777
Phase Boundary,YELLOW,5.084,2.872,False,A,THR335,O,57.141,46.664,39.752,A,HOH502,O,58.558,49.035,40.537
Phase Boundary,YELLOW,4.32,3.127,False,A,THR335,OG1,54.941,48.214,37.197,A,GLY336,N,56.135,45.476,38.123
Thermal Noise,RED,4.02,3.417,False,A,THR335,OG1,54.941,48.214,37.197,A,VAL337,N,53.532,45.66,38.976
Bound Backbone,BLUE,5.636,2.745,False,A,GLY336,N,56.135,45.476,38.123,A,VAL337,N,53.532,45.66,38.976
Bound Backbone,BLUE,11.376,2.231,False,A,GLY336,O,54.069,44.457,40.776,A,VAL337,N,53.532,45.66,38.976
Bound Backbone,BLUE,7.539,2.851,False,A,GLY336,O,54.069,44.457,40.776,A,VAL405,N,53.129,43.774,43.379
Thermal Noise,RED,3.31,3.687,False,A,GLY336,O,54.069,44.457,40.776,A,VAL405,O,50.768,44.65,42.408
Thermal Noise,RED,3.227,3.561,False,A,VAL337,N,53.532,45.66,38.976,A,MET338,N,50.124,44.875,39.646
Bound Backbone,BLUE,11.861,2.265,False,A,VAL337,O,51.018,45.24,37.597,A,MET338,N,50.124,44.875,39.646
Thermal Noise,RED,2.62,3.995,False,A,VAL337,O,51.018,45.24,37.597,A,ASP339,N,47.211,45.826,38.656
Phase Boundary,YELLOW,4.091,3.22,False,A,MET338,N,50.124,44.875,39.646,A,ASP339,N,47.211,45.826,38.656
Bound Backbone,BLUE,7.91,2.845,False,A,MET338,N,50.124,44.875,39.646,A,VAL405,O,50.768,44.65,42.408
Bound Backbone,BLUE,12.31,2.264,False,A,MET338,O,47.401,45.161,40.812,A,ASP339,N,47.211,45.826,38.656
Thermal Noise,RED,3.154,3.761,False,A,MET338,O,47.401,45.161,40.812,A,VAL405,O,50.768,44.65,42.408
Bound Backbone,BLUE,6.791,3.06,False,A,MET338,O,47.401,45.161,40.812,A,THR407,N,46.571,45.05,43.755
Thermal Noise,RED,3.134,3.789,False,A,MET338,O,47.401,45.161,40.812,A,THR407,OG1,44.168,46.213,42.484
Thermal Noise,RED,3.571,3.416,False,A,ASP339,N,47.211,45.826,38.656,A,ILE340,N,44.034,46.73,37.785
Bound Backbone,BLUE,9.456,2.235,False,A,ASP339,O,45.839,47.296,36.594,A,ILE340,N,44.034,46.73,37.785
Thermal Noise,RED,2.81,3.963,False,A,ASP339,O,45.839,47.296,36.594,A,ILE340,O,42.361,48.331,35.0
Phase Boundary,YELLOW,4.157,3.106,False,A,ASP339,O,45.839,47.296,36.594,A,GLU341,N,43.413,49.228,36.761
Thermal Noise,RED,3.935,3.24,False,A,ASP339,O,45.839,47.296,36.594,A,LEU342,N,45.647,50.447,35.864
Phase Boundary,YELLOW,4.91,3.091,False,A,ASP339,OD1,44.779,49.263,39.392,A,ILE340,N,44.034,46.73,37.785
Bound Backbone,BLUE,6.835,2.965,False,A,ASP339,OD1,44.779,49.263,39.392,A,GLU341,N,43.413,49.228,36.761
Phase Boundary,YELLOW,4.227,3.821,False,A,ASP339,OD1,44.779,49.263,39.392,A,LEU342,N,45.647,50.447,35.864
Bound Backbone,BLUE,6.756,2.58,False,A,ASP339,OD1,44.779,49.263,39.392,A,HOH546,O,43.152,47.615,40.529
Phase Boundary,YELLOW,4.926,3.596,False,A,ASP339,OD2,46.598,50.479,39.332,A,LEU342,N,45.647,50.447,35.864
Bound Backbone,BLUE,5.668,2.77,False,A,ILE340,N,44.034,46.73,37.785,A,GLU341,N,43.413,49.228,36.761
Bound Backbone,BLUE,6.723,3.015,False,A,ILE340,N,44.034,46.73,37.785,A,HOH546,O,43.152,47.615,40.529
Bound Backbone,BLUE,11.128,2.239,False,A,ILE340,O,42.361,48.331,35.0,A,GLU341,N,43.413,49.228,36.761
Bound Backbone,BLUE,7.41,2.725,False,A,ILE340,O,42.361,48.331,35.0,A,HOH544,O,43.852,49.239,32.907
Thermal Noise,RED,3.334,3.857,False,A,ILE340,O,42.361,48.331,35.0,A,HOH709,O,40.152,50.431,32.637
Bound Backbone,BLUE,5.672,2.841,False,A,ILE340,O,42.361,48.331,35.0,A,HOH785,O,39.89,47.958,33.648
Bound Backbone,BLUE,5.883,2.698,False,A,GLU341,N,43.413,49.228,36.761,A,LEU342,N,45.647,50.447,35.864
Phase Boundary,YELLOW,4.331,3.879,False,A,GLU341,N,43.413,49.228,36.761,A,HOH544,O,43.852,49.239,32.907
Bound Backbone,BLUE,8.038,2.241,False,A,GLU341,O,44.627,52.425,35.6,A,LEU342,N,45.647,50.447,35.864
Thermal Noise,RED,3.074,3.843,False,A,GLU341,O,44.627,52.425,35.6,A,LEU342,O,48.038,52.299,33.835
Bound Backbone,BLUE,5.319,3.197,False,A,GLU341,O,44.627,52.425,35.6,A,TRP343,N,46.253,51.078,33.199
Phase Boundary,YELLOW,4.384,3.832,False,A,GLU341,O,44.627,52.425,35.6,A,TRP343,O,43.954,51.982,31.854
Bound Backbone,BLUE,6.204,2.785,False,A,GLU341,O,44.627,52.425,35.6,A,HOH545,O,44.33,54.705,34.028
Thermal Noise,RED,3.798,3.546,False,A,GLU341,O,44.627,52.425,35.6,A,HOH710,O,41.672,52.271,33.646
Ligand Boundary Hotspot,ORANGE,4.091,3.847,True,A,GLU341,OE2,40.137,51.446,39.722,A,SO41105,O1,41.804,51.153,43.177
Ligand Bound Core,BLUE,6.1,3.07,True,A,GLU341,OE2,40.137,51.446,39.722,A,SO41105,O4,40.683,53.077,42.265
Bound Backbone,BLUE,6.87,2.574,False,A,GLU341,OE2,40.137,51.446,39.722,A,HOH677,O,40.889,49.294,40.917
Bound Backbone,BLUE,8.009,2.805,False,A,LEU342,N,45.647,50.447,35.864,A,TRP343,N,46.253,51.078,33.199
Phase Boundary,YELLOW,4.217,3.664,False,A,LEU342,N,45.647,50.447,35.864,A,HOH544,O,43.852,49.239,32.907
Bound Backbone,BLUE,8.275,2.254,False,A,LEU342,O,48.038,52.299,33.835,A,TRP343,N,46.253,51.078,33.199
Phase Boundary,YELLOW,4.119,3.542,False,A,TRP343,N,46.253,51.078,33.199,A,ASN344,N,45.252,53.487,30.803
Phase Boundary,YELLOW,4.36,3.038,False,A,TRP343,N,46.253,51.078,33.199,A,HOH544,O,43.852,49.239,32.907
Bound Backbone,BLUE,9.019,2.248,False,A,TRP343,O,43.954,51.982,31.854,A,ASN344,N,45.252,53.487,30.803
Bound Backbone,BLUE,6.742,2.963,False,A,TRP343,O,43.954,51.982,31.854,A,TYR345,N,42.753,52.835,29.283
Phase Boundary,YELLOW,5.008,2.94,False,A,TRP343,O,43.954,51.982,31.854,A,HOH544,O,43.852,49.239,32.907
Thermal Noise,RED,4.056,3.505,False,A,TRP343,O,43.954,51.982,31.854,A,HOH545,O,44.33,54.705,34.028
Bound Backbone,BLUE,5.838,2.916,False,A,TRP343,O,43.954,51.982,31.854,A,HOH710,O,41.672,52.271,33.646
Phase Boundary,YELLOW,4.827,2.896,False,A,TRP343,NE1,49.765,48.77,30.734,A,HOH510,O,52.562,48.128,30.346
Phase Boundary,YELLOW,5.186,2.997,False,A,ASN344,N,45.252,53.487,30.803,A,TYR345,N,42.753,52.835,29.283
Phase Boundary,YELLOW,4.776,3.569,False,A,ASN344,N,45.252,53.487,30.803,A,HOH545,O,44.33,54.705,34.028
Bound Backbone,BLUE,8.764,2.251,False,A,ASN344,O,43.117,54.85,28.347,A,TYR345,N,42.753,52.835,29.283
Thermal Noise,RED,3.349,3.602,False,A,ASN344,O,43.117,54.85,28.347,A,TYR345,O,40.083,53.43,27.022
Thermal Noise,RED,3.688,3.369,False,A,ASN344,O,43.117,54.85,28.347,A,PRO346,N,40.054,53.777,29.249
Phase Boundary,YELLOW,4.133,3.114,False,A,ASN344,O,43.117,54.85,28.347,A,ALA347,N,40.372,56.313,28.193
Thermal Noise,RED,3.348,3.989,False,A,ASN344,O,43.117,54.85,28.347,A,ILE348,N,40.573,55.924,25.468
Phase Boundary,YELLOW,4.494,3.523,False,A,ASN344,OD1,42.535,56.554,30.963,A,ALA347,N,40.372,56.313,28.193
Phase Boundary,YELLOW,4.897,2.859,False,A,TYR345,N,42.753,52.835,29.283,A,PRO346,N,40.054,53.777,29.249
Bound Backbone,BLUE,12.77,2.254,False,A,TYR345,O,40.083,53.43,27.022,A,PRO346,N,40.054,53.777,29.249
Thermal Noise,RED,3.272,3.524,False,A,TYR345,O,40.083,53.43,27.022,A,PRO346,O,38.202,56.359,27.572
Phase Boundary,YELLOW,4.464,3.125,False,A,TYR345,O,40.083,53.43,27.022,A,ALA347,N,40.372,56.313,28.193
Bound Backbone,BLUE,5.29,2.979,False,A,TYR345,O,40.083,53.43,27.022,A,ILE348,N,40.573,55.924,25.468
Phase Boundary,YELLOW,4.417,3.354,False,A,TYR345,O,40.083,53.43,27.022,A,GLY349,N,38.119,55.197,24.956
Phase Boundary,YELLOW,5.102,2.994,False,A,TYR345,O,40.083,53.43,27.022,A,TYR350,N,37.602,52.535,25.606
Thermal Noise,RED,3.625,3.412,False,A,TYR345,O,40.083,53.43,27.022,A,TYR350,O,38.032,50.892,28.018
Bound Backbone,BLUE,5.719,2.765,False,A,PRO346,N,40.054,53.777,29.249,A,ALA347,N,40.372,56.313,28.193
Thermal Noise,RED,3.073,3.732,False,A,PRO346,N,40.054,53.777,29.249,A,TYR350,O,38.032,50.892,28.018
Bound Backbone,BLUE,8.23,2.258,False,A,PRO346,O,38.202,56.359,27.572,A,ALA347,N,40.372,56.313,28.193
Thermal Noise,RED,3.534,3.793,False,A,PRO346,O,38.202,56.359,27.572,A,ALA347,O,40.46,58.141,25.1
Phase Boundary,YELLOW,4.985,3.2,False,A,PRO346,O,38.202,56.359,27.572,A,ILE348,N,40.573,55.924,25.468
Bound Backbone,BLUE,7.472,2.864,False,A,PRO346,O,38.202,56.359,27.572,A,GLY349,N,38.119,55.197,24.956
Bound Backbone,BLUE,5.844,2.651,False,A,PRO346,O,38.202,56.359,27.572,A,HOH650,O,35.606,56.346,28.108
Bound Backbone,BLUE,8.513,2.76,False,A,ALA347,N,40.372,56.313,28.193,A,ILE348,N,40.573,55.924,25.468
Bound Backbone,BLUE,8.039,2.25,False,A,ALA347,O,40.46,58.141,25.1,A,ILE348,N,40.573,55.924,25.468
Thermal Noise,RED,2.827,3.764,False,A,ALA347,O,40.46,58.141,25.1,A,GLY349,N,38.119,55.197,24.956
Bound Backbone,BLUE,6.018,2.61,False,A,ILE348,N,40.573,55.924,25.468,A,GLY349,N,38.119,55.197,24.956
Bound Backbone,BLUE,12.206,2.243,False,A,ILE348,O,38.586,54.433,22.899,A,GLY349,N,38.119,55.197,24.956
Thermal Noise,RED,3.144,3.757,False,A,ILE348,O,38.586,54.433,22.899,A,GLY349,O,35.688,52.616,24.453
Phase Boundary,YELLOW,4.682,3.449,False,A,ILE348,O,38.586,54.433,22.899,A,TYR350,N,37.602,52.535,25.606
Bound Backbone,BLUE,5.325,2.789,False,A,GLY349,N,38.119,55.197,24.956,A,TYR350,N,37.602,52.535,25.606
Bound Backbone,BLUE,9.36,2.236,False,A,GLY349,O,35.688,52.616,24.453,A,TYR350,N,37.602,52.535,25.606
Phase Boundary,YELLOW,4.175,3.641,False,A,GLY349,O,35.688,52.616,24.453,A,ASN351,N,35.978,50.337,27.278
Thermal Noise,RED,4.017,3.942,False,A,GLY349,O,35.688,52.616,24.453,A,ASN351,ND2,34.474,53.247,28.15
Phase Boundary,YELLOW,4.575,3.204,False,A,TYR350,N,37.602,52.535,25.606,A,ASN351,N,35.978,50.337,27.278
Bound Backbone,BLUE,8.428,2.253,False,A,TYR350,O,38.032,50.892,28.018,A,ASN351,N,35.978,50.337,27.278
Thermal Noise,RED,3.765,3.561,False,A,TYR350,O,38.032,50.892,28.018,A,ASN351,OD1,35.666,52.691,29.98
Bound Backbone,BLUE,8.628,2.663,False,A,TYR350,O,38.032,50.892,28.018,A,HOH662,O,38.682,50.014,30.447
Thermal Noise,RED,4.042,3.582,False,A,ASN351,N,35.978,50.337,27.278,A,LEU352,N,35.104,47.868,29.722
Bound Backbone,BLUE,12.456,2.243,False,A,ASN351,O,34.385,48.077,27.608,A,LEU352,N,35.104,47.868,29.722
Thermal Noise,RED,3.676,3.3,False,A,ASN351,ND2,34.474,53.247,28.15,A,HOH650,O,35.606,56.346,28.108
Thermal Noise,RED,3.865,3.291,False,A,LEU352,N,35.104,47.868,29.722,A,PRO353,N,32.386,46.237,30.606
Bound Backbone,BLUE,6.498,2.943,False,A,LEU352,N,35.104,47.868,29.722,A,HOH643,O,36.53,48.915,32.074
Bound Backbone,BLUE,10.013,2.241,False,A,LEU352,O,34.054,45.775,32.03,A,PRO353,N,32.386,46.237,30.606
Thermal Noise,RED,3.508,3.447,False,A,LEU352,O,34.054,45.775,32.03,A,GLN354,N,31.636,43.482,31.147
Thermal Noise,RED,3.873,3.847,False,A,LEU352,O,34.054,45.775,32.03,A,HOH557,O,33.423,43.688,28.861
Thermal Noise,RED,2.503,3.999,False,A,LEU352,O,34.054,45.775,32.03,A,HOH643,O,36.53,48.915,32.074
Phase Boundary,YELLOW,4.832,3.634,False,A,LEU352,O,34.054,45.775,32.03,A,HOH657,O,33.19,45.429,35.543
Bound Backbone,BLUE,5.301,2.756,False,A,LEU352,O,34.054,45.775,32.03,A,HOH660,O,35.155,43.263,32.304
Phase Boundary,YELLOW,4.843,2.906,False,A,PRO353,N,32.386,46.237,30.606,A,GLN354,N,31.636,43.482,31.147
Phase Boundary,YELLOW,4.457,3.258,False,A,PRO353,N,32.386,46.237,30.606,A,HOH557,O,33.423,43.688,28.861
Bound Backbone,BLUE,11.231,2.242,False,A,PRO353,O,30.487,44.164,32.947,A,GLN354,N,31.636,43.482,31.147
Thermal Noise,RED,3.384,3.445,False,A,PRO353,O,30.487,44.164,32.947,A,GLN354,O,33.048,41.874,33.207
Phase Boundary,YELLOW,4.133,3.158,False,A,PRO353,O,30.487,44.164,32.947,A,GLN355,N,30.977,41.12,33.628
Thermal Noise,RED,3.259,3.955,False,A,PRO353,O,30.487,44.164,32.947,A,HOH657,O,33.19,45.429,35.543
Bound Backbone,BLUE,5.917,2.736,False,A,PRO353,O,30.487,44.164,32.947,A,HOH737,O,28.496,45.669,34.068
Phase Boundary,YELLOW,4.347,3.488,False,A,GLN354,N,31.636,43.482,31.147,A,GLN355,N,30.977,41.12,33.628
Bound Backbone,BLUE,6.588,2.909,False,A,GLN354,N,31.636,43.482,31.147,A,HOH557,O,33.423,43.688,28.861
Thermal Noise,RED,3.086,3.711,False,A,GLN354,N,31.636,43.482,31.147,A,HOH660,O,35.155,43.263,32.304
Bound Backbone,BLUE,8.127,2.244,False,A,GLN354,O,33.048,41.874,33.207,A,GLN355,N,30.977,41.12,33.628
Thermal Noise,RED,3.394,3.524,False,A,GLN354,O,33.048,41.874,33.207,A,GLN355,O,32.049,38.652,34.228
Bound Backbone,BLUE,5.931,2.917,False,A,GLN354,O,33.048,41.874,33.207,A,ARG359,NH1,35.186,41.203,35.074
Phase Boundary,YELLOW,4.907,3.541,False,A,GLN354,O,33.048,41.874,33.207,A,HOH658,O,33.798,43.05,36.462
Bound Backbone,BLUE,5.973,2.68,False,A,GLN354,O,33.048,41.874,33.207,A,HOH660,O,35.155,43.263,32.304
Thermal Noise,RED,3.197,3.93,False,A,GLN354,NE2,30.952,38.269,28.468,A,SER358,O,31.888,35.286,30.849
Phase Boundary,YELLOW,5.233,2.83,False,A,GLN354,OE1,33.078,38.895,28.792,A,HOH556,O,34.644,41.123,28.023
Thermal Noise,RED,3.986,3.669,False,A,GLN355,N,30.977,41.12,33.628,A,LYS356,N,32.619,39.233,36.312
Phase Boundary,YELLOW,4.893,3.033,False,A,GLN355,N,30.977,41.12,33.628,A,HOH592,O,28.333,40.481,32.287
Bound Backbone,BLUE,12.41,2.237,False,A,GLN355,O,32.049,38.652,34.228,A,LYS356,N,32.619,39.233,36.312
Thermal Noise,RED,3.997,3.289,False,A,GLN355,O,32.049,38.652,34.228,A,LYS356,O,33.578,35.985,35.398
Phase Boundary,YELLOW,4.79,3.325,False,A,GLN355,O,32.049,38.652,34.228,A,ALA357,N,31.721,36.343,36.598
Phase Boundary,YELLOW,4.315,3.048,False,A,GLN355,O,32.049,38.652,34.228,A,SER358,N,30.585,35.983,34.082
Bound Backbone,BLUE,6.141,2.855,False,A,GLN355,O,32.049,38.652,34.228,A,ARG359,N,32.824,36.569,32.436
Thermal Noise,RED,3.811,3.388,False,A,GLN355,O,32.049,38.652,34.228,A,HOH739,O,29.008,37.91,35.525
Phase Boundary,YELLOW,4.471,3.62,False,A,GLN355,NE2,29.191,43.919,37.16,A,HOH737,O,28.496,45.669,34.068
Phase Boundary,YELLOW,4.355,3.04,False,A,LYS356,N,32.619,39.233,36.312,A,ALA357,N,31.721,36.343,36.598
Thermal Noise,RED,3.605,3.465,False,A,LYS356,N,32.619,39.233,36.312,A,ARG359,NH1,35.186,41.203,35.074
Bound Backbone,BLUE,6.806,2.785,False,A,LYS356,N,32.619,39.233,36.312,A,HOH551,O,32.784,41.192,38.285
Thermal Noise,RED,2.506,3.998,False,A,LYS356,N,32.619,39.233,36.312,A,HOH658,O,33.798,43.05,36.462
Thermal Noise,RED,3.828,3.615,False,A,LYS356,N,32.619,39.233,36.312,A,HOH681,O,30.158,37.864,38.579
Thermal Noise,RED,2.664,3.925,False,A,LYS356,N,32.619,39.233,36.312,A,HOH739,O,29.008,37.91,35.525
Bound Backbone,BLUE,9.435,2.24,False,A,LYS356,O,33.578,35.985,35.398,A,ALA357,N,31.721,36.343,36.598
Thermal Noise,RED,3.973,3.3,False,A,LYS356,O,33.578,35.985,35.398,A,ALA357,O,31.345,33.859,34.223
Phase Boundary,YELLOW,4.13,3.27,False,A,LYS356,O,33.578,35.985,35.398,A,SER358,N,30.585,35.983,34.082
Bound Backbone,BLUE,6.516,3.112,False,A,LYS356,O,33.578,35.985,35.398,A,ARG359,N,32.824,36.569,32.436
Bound Backbone,BLUE,5.873,3.105,False,A,LYS356,O,33.578,35.985,35.398,A,ILE360,N,34.333,34.317,32.89
Phase Boundary,YELLOW,5.127,2.837,False,A,LYS356,NZ,37.167,36.329,41.363,A,GLU412,O,37.418,39.084,41.993
Phase Boundary,YELLOW,4.839,2.876,False,A,LYS356,NZ,37.167,36.329,41.363,A,CYS415,O,39.986,35.761,41.338
Bound Backbone,BLUE,6.75,2.944,False,A,LYS356,NZ,37.167,36.329,41.363,A,HOH582,O,38.707,36.421,43.87
Bound Backbone,BLUE,7.848,2.784,False,A,ALA357,N,31.721,36.343,36.598,A,SER358,N,30.585,35.983,34.082
Bound Backbone,BLUE,5.937,2.946,False,A,ALA357,N,31.721,36.343,36.598,A,HOH681,O,30.158,37.864,38.579
Thermal Noise,RED,3.893,3.312,False,A,ALA357,N,31.721,36.343,36.598,A,HOH739,O,29.008,37.91,35.525
Bound Backbone,BLUE,7.853,2.26,False,A,ALA357,O,31.345,33.859,34.223,A,SER358,N,30.585,35.983,34.082
Phase Boundary,YELLOW,4.459,3.703,False,A,ALA357,O,31.345,33.859,34.223,A,SER358,O,31.888,35.286,30.849
Thermal Noise,RED,3.647,3.567,False,A,ALA357,O,31.345,33.859,34.223,A,ARG359,N,32.824,36.569,32.436
Thermal Noise,RED,4.046,3.304,False,A,ALA357,O,31.345,33.859,34.223,A,ILE360,N,34.333,34.317,32.89
Bound Backbone,BLUE,5.949,3.019,False,A,ALA357,O,31.345,33.859,34.223,A,ARG361,N,32.567,32.266,31.968
Bound Backbone,BLUE,6.022,2.84,False,A,SER358,N,30.585,35.983,34.082,A,ARG359,N,32.824,36.569,32.436
Bound Backbone,BLUE,5.605,2.878,False,A,SER358,N,30.585,35.983,34.082,A,HOH739,O,29.008,37.91,35.525
Thermal Noise,RED,3.148,3.718,False,A,SER358,N,30.585,35.983,34.082,A,HOH868,O,27.471,34.491,32.703
Bound Backbone,BLUE,10.464,2.245,False,A,SER358,O,31.888,35.286,30.849,A,ARG359,N,32.824,36.569,32.436
Thermal Noise,RED,3.532,3.366,False,A,SER358,O,31.888,35.286,30.849,A,ARG359,O,35.174,34.556,30.832
Phase Boundary,YELLOW,4.475,3.329,False,A,SER358,O,31.888,35.286,30.849,A,ILE360,N,34.333,34.317,32.89
Thermal Noise,RED,3.966,3.291,False,A,SER358,O,31.888,35.286,30.849,A,ARG361,N,32.567,32.266,31.968
Bound Backbone,BLUE,6.12,2.808,False,A,SER358,O,31.888,35.286,30.849,A,TYR362,N,32.292,33.011,29.254
Thermal Noise,RED,3.544,3.373,False,A,SER358,OG,28.326,37.128,32.656,A,HOH592,O,28.333,40.481,32.287
Bound Backbone,BLUE,6.719,3.051,False,A,SER358,OG,28.326,37.128,32.656,A,HOH739,O,29.008,37.91,35.525
Phase Boundary,YELLOW,5.207,2.773,False,A,SER358,OG,28.326,37.128,32.656,A,HOH868,O,27.471,34.491,32.703
Thermal Noise,RED,3.499,3.719,False,A,SER358,OG,28.326,37.128,32.656,A,HOH875,O,26.658,39.677,34.79
Bound Backbone,BLUE,5.389,2.749,False,A,ARG359,N,32.824,36.569,32.436,A,ILE360,N,34.333,34.317,32.89
Bound Backbone,BLUE,12.319,2.236,False,A,ARG359,O,35.174,34.556,30.832,A,ILE360,N,34.333,34.317,32.89
Thermal Noise,RED,3.555,3.37,False,A,ARG359,O,35.174,34.556,30.832,A,ILE360,O,34.454,31.288,31.234
Thermal Noise,RED,3.187,3.651,False,A,ARG359,O,35.174,34.556,30.832,A,ARG361,N,32.567,32.266,31.968
Thermal Noise,RED,3.401,3.631,False,A,ARG359,O,35.174,34.556,30.832,A,TYR362,N,32.292,33.011,29.254
Phase Boundary,YELLOW,4.584,3.508,False,A,ARG359,O,35.174,34.556,30.832,A,HIS363,N,34.754,32.506,28.016
Bound Backbone,BLUE,7.181,2.828,False,A,ARG359,O,35.174,34.556,30.832,A,GLU364,N,36.757,34.389,28.495
Phase Boundary,YELLOW,4.268,3.063,False,A,ARG359,O,35.174,34.556,30.832,A,SER365,N,38.219,34.877,30.906
Thermal Noise,RED,2.958,3.926,False,A,ARG359,O,35.174,34.556,30.832,A,SER365,O,38.113,32.71,32.667
Thermal Noise,RED,2.946,3.705,False,A,ARG359,O,35.174,34.556,30.832,A,HOH523,O,36.957,31.343,30.356
Thermal Noise,RED,3.02,3.727,False,A,ARG359,NE,36.457,39.406,34.342,A,TYR414,OH,39.132,41.789,33.314
Bound Backbone,BLUE,5.445,2.889,False,A,ARG359,NE,36.457,39.406,34.342,A,HOH552,O,38.167,37.496,35.673
Phase Boundary,YELLOW,4.615,3.75,False,A,ARG359,NH1,35.186,41.203,35.074,A,GLU413,OE1,35.602,41.603,38.779
Bound Backbone,BLUE,6.439,2.695,False,A,ARG359,NH1,35.186,41.203,35.074,A,HOH658,O,33.798,43.05,36.462
Thermal Noise,RED,3.112,3.71,False,A,ARG359,NH1,35.186,41.203,35.074,A,HOH659,O,37.487,43.839,33.84
Phase Boundary,YELLOW,4.734,3.452,False,A,ARG359,NH1,35.186,41.203,35.074,A,HOH660,O,35.155,43.263,32.304
Thermal Noise,RED,3.165,3.725,False,A,ARG359,NH1,35.186,41.203,35.074,A,HOH787,O,36.727,44.266,36.529
Bound Backbone,BLUE,5.532,2.915,False,A,ARG359,NH2,36.526,40.06,36.549,A,GLU413,O,38.643,38.762,38.076
Bound Backbone,BLUE,6.756,2.865,False,A,ARG359,NH2,36.526,40.06,36.549,A,GLU413,OE1,35.602,41.603,38.779
Phase Boundary,YELLOW,4.182,3.168,False,A,ARG359,NH2,36.526,40.06,36.549,A,HOH552,O,38.167,37.496,35.673
Phase Boundary,YELLOW,5.219,2.859,False,A,ILE360,N,34.333,34.317,32.89,A,ARG361,N,32.567,32.266,31.968
Bound Backbone,BLUE,8.452,2.249,False,A,ILE360,O,34.454,31.288,31.234,A,ARG361,N,32.567,32.266,31.968
Thermal Noise,RED,4.0,3.606,False,A,ILE360,O,34.454,31.288,31.234,A,ARG361,O,31.868,30.85,28.759
Phase Boundary,YELLOW,4.208,3.4,False,A,ILE360,O,34.454,31.288,31.234,A,TYR362,N,32.292,33.011,29.254
Phase Boundary,YELLOW,5.208,3.454,False,A,ILE360,O,34.454,31.288,31.234,A,HIS363,N,34.754,32.506,28.016
Bound Backbone,BLUE,6.082,2.653,False,A,ILE360,O,34.454,31.288,31.234,A,HOH523,O,36.957,31.343,30.356
Bound Backbone,BLUE,7.938,2.828,False,A,ARG361,N,32.567,32.266,31.968,A,TYR362,N,32.292,33.011,29.254
Bound Backbone,BLUE,8.096,2.257,False,A,ARG361,O,31.868,30.85,28.759,A,TYR362,N,32.292,33.011,29.254
Thermal Noise,RED,3.547,3.409,False,A,ARG361,O,31.868,30.85,28.759,A,HIS363,N,34.754,32.506,28.016
Phase Boundary,YELLOW,4.556,3.071,False,A,ARG361,O,31.868,30.85,28.759,A,HOH644,O,30.939,28.116,29.806
Thermal Noise,RED,2.958,3.755,False,A,ARG361,NH1,27.325,32.45,35.152,A,HOH740,O,26.025,35.837,36.122
Bound Backbone,BLUE,5.402,3.191,False,A,ARG361,NH1,27.325,32.45,35.152,A,HOH868,O,27.471,34.491,32.703
Bound Backbone,BLUE,5.732,2.802,False,A,TYR362,N,32.292,33.011,29.254,A,HIS363,N,34.754,32.506,28.016
Bound Backbone,BLUE,10.617,2.259,False,A,TYR362,O,34.286,33.937,26.332,A,HIS363,N,34.754,32.506,28.016
Thermal Noise,RED,2.595,3.97,False,A,TYR362,O,34.286,33.937,26.332,A,HIS363,O,38.146,33.371,27.069
Phase Boundary,YELLOW,4.629,3.315,False,A,TYR362,O,34.286,33.937,26.332,A,GLU364,N,36.757,34.389,28.495
Phase Boundary,YELLOW,5.236,2.791,False,A,HIS363,N,34.754,32.506,28.016,A,GLU364,N,36.757,34.389,28.495
Phase Boundary,YELLOW,4.448,3.418,False,A,HIS363,N,34.754,32.506,28.016,A,HOH523,O,36.957,31.343,30.356
Bound Backbone,BLUE,10.078,2.236,False,A,HIS363,O,38.146,33.371,27.069,A,GLU364,N,36.757,34.389,28.495
Phase Boundary,YELLOW,4.106,3.126,False,A,HIS363,O,38.146,33.371,27.069,A,HOH779,O,40.82,31.764,27.264
Thermal Noise,RED,3.179,3.813,False,A,HIS363,O,38.146,33.371,27.069,A,HOH913,O,38.836,30.126,28.948
Phase Boundary,YELLOW,4.818,3.187,False,A,HIS363,NE2,39.113,29.844,25.378,A,HOH779,O,40.82,31.764,27.264
Phase Boundary,YELLOW,5.052,3.592,False,A,HIS363,NE2,39.113,29.844,25.378,A,HOH913,O,38.836,30.126,28.948
Bound Backbone,BLUE,7.095,2.862,False,A,GLU364,N,36.757,34.389,28.495,A,SER365,N,38.219,34.877,30.906
Thermal Noise,RED,3.671,3.575,False,A,GLU364,N,36.757,34.389,28.495,A,HOH523,O,36.957,31.343,30.356
Bound Backbone,BLUE,9.437,2.24,False,A,GLU364,O,39.731,36.012,29.705,A,SER365,N,38.219,34.877,30.906
Phase Boundary,YELLOW,4.249,3.402,False,A,GLU364,OE1,38.5,38.104,26.942,A,HOH555,O,41.178,38.598,24.903
Bound Backbone,BLUE,6.67,2.884,False,A,GLU364,OE2,39.454,39.336,28.481,A,HOH553,O,38.841,41.037,30.728
Thermal Noise,RED,3.323,3.561,False,A,GLU364,OE2,39.454,39.336,28.481,A,HOH554,O,41.03,42.36,29.507
Thermal Noise,RED,3.864,3.58,False,A,SER365,N,38.219,34.877,30.906,A,LEU366,N,40.311,32.965,33.094
Thermal Noise,RED,2.819,3.793,False,A,SER365,N,38.219,34.877,30.906,A,HOH523,O,36.957,31.343,30.356
Bound Backbone,BLUE,8.06,2.254,False,A,SER365,O,38.113,32.71,32.667,A,LEU366,N,40.311,32.965,33.094
Bound Backbone,BLUE,6.546,2.923,False,A,SER365,O,38.113,32.71,32.667,A,HOH523,O,36.957,31.343,30.356
Thermal Noise,RED,3.868,3.288,False,A,SER365,OG,39.834,36.099,33.966,A,LEU366,N,40.311,32.965,33.094
Bound Backbone,BLUE,6.505,2.765,False,A,SER365,OG,39.834,36.099,33.966,A,HOH552,O,38.167,37.496,35.673
Thermal Noise,RED,3.724,3.655,False,A,LEU366,N,40.311,32.965,33.094,A,MET367,N,42.011,30.649,35.354
Bound Backbone,BLUE,8.443,2.255,False,A,LEU366,O,42.507,32.712,34.589,A,MET367,N,42.011,30.649,35.354
Thermal Noise,RED,2.729,3.832,False,A,LEU366,O,42.507,32.712,34.589,A,MET367,O,44.096,29.229,34.415
Thermal Noise,RED,3.105,3.635,False,A,LEU366,O,42.507,32.712,34.589,A,THR368,N,45.49,30.765,35.312
Thermal Noise,RED,3.303,3.481,False,A,MET367,N,42.011,30.649,35.354,A,THR368,N,45.49,30.765,35.312
Phase Boundary,YELLOW,4.173,3.118,False,A,MET367,N,42.011,30.649,35.354,A,PRO448,O,40.376,28.034,34.895
Bound Backbone,BLUE,8.622,2.26,False,A,MET367,O,44.096,29.229,34.415,A,THR368,N,45.49,30.765,35.312
Thermal Noise,RED,2.607,3.937,False,A,MET367,O,44.096,29.229,34.415,A,PRO448,O,40.376,28.034,34.895
Thermal Noise,RED,2.874,3.834,False,A,MET367,O,44.096,29.229,34.415,A,ALA451,O,45.898,26.041,35.552
Bound Backbone,BLUE,6.122,2.993,False,A,MET367,O,44.096,29.229,34.415,A,HOH527,O,45.336,27.744,32.131
Bound Backbone,BLUE,5.351,2.744,False,A,MET367,O,44.096,29.229,34.415,A,HOH778,O,43.194,26.653,34.697
Phase Boundary,YELLOW,4.118,3.609,False,A,MET367,SD,42.442,29.291,39.988,A,GLN417,OE1,43.873,27.287,42.626
Bound Backbone,BLUE,5.767,2.747,False,A,THR368,N,45.49,30.765,35.312,A,HIS369,N,48.04,30.853,36.329
Bound Backbone,BLUE,10.612,2.249,False,A,THR368,O,48.792,29.518,34.683,A,HIS369,N,48.04,30.853,36.329
Phase Boundary,YELLOW,5.011,2.922,False,A,THR368,O,48.792,29.518,34.683,A,ALA453,N,50.149,27.116,35.647
Thermal Noise,RED,3.933,3.287,False,A,THR368,O,48.792,29.518,34.683,A,ALA453,OXT,51.899,29.202,35.708
Bound Backbone,BLUE,5.764,2.969,False,A,THR368,O,48.792,29.518,34.683,A,HOH623,O,50.638,30.812,32.751
Bound Backbone,BLUE,6.577,2.773,False,A,THR368,O,48.792,29.518,34.683,A,HOH773,O,47.979,27.559,32.896
Bound Backbone,BLUE,5.891,3.04,False,A,THR368,OG1,47.287,32.707,34.04,A,HIS369,N,48.04,30.853,36.329
Phase Boundary,YELLOW,4.257,3.632,False,A,HIS369,N,48.04,30.853,36.329,A,ALA370,N,50.163,30.289,39.222
Bound Backbone,BLUE,7.817,2.265,False,A,HIS369,O,48.204,31.418,39.082,A,ALA370,N,50.163,30.289,39.222
Bound Backbone,BLUE,6.16,2.842,False,A,HIS369,O,48.204,31.418,39.082,A,HOH870,O,48.654,33.606,40.839
Thermal Noise,RED,4.05,3.563,False,A,HIS369,ND1,52.481,31.568,36.837,A,ALA370,N,50.163,30.289,39.222
Phase Boundary,YELLOW,4.443,3.831,False,A,HIS369,ND1,52.481,31.568,36.837,A,ALA370,O,52.424,31.172,40.647
Bound Backbone,BLUE,6.174,2.685,False,A,HIS369,ND1,52.481,31.568,36.837,A,ALA453,OXT,51.899,29.202,35.708
Phase Boundary,YELLOW,4.437,3.754,False,A,HIS369,ND1,52.481,31.568,36.837,A,HOH668,O,52.147,32.802,33.307
Phase Boundary,YELLOW,5.066,3.336,False,A,HIS369,ND1,52.481,31.568,36.837,A,HOH743,O,54.475,31.559,34.162
Phase Boundary,YELLOW,4.151,3.655,False,A,HIS369,NE2,53.297,33.293,37.801,A,ALA370,O,52.424,31.172,40.647
Thermal Noise,RED,3.552,3.773,False,A,HIS369,NE2,53.297,33.293,37.801,A,MET371,SD,52.204,35.967,40.228
Bound Backbone,BLUE,5.498,2.873,False,A,HIS369,NE2,53.297,33.293,37.801,A,ASN392,OD1,55.42,34.711,39.118
Thermal Noise,RED,3.407,3.782,False,A,HIS369,NE2,53.297,33.293,37.801,A,TRP394,NE1,56.357,33.505,35.588
Phase Boundary,YELLOW,4.693,3.54,False,A,ALA370,N,50.163,30.289,39.222,A,MET371,N,51.023,31.883,42.264
Thermal Noise,RED,2.781,3.987,False,A,ALA370,N,50.163,30.289,39.222,A,HOH870,O,48.654,33.606,40.839
Bound Backbone,BLUE,10.451,2.255,False,A,ALA370,O,52.424,31.172,40.647,A,MET371,N,51.023,31.883,42.264
Bound Backbone,BLUE,5.376,2.8,False,A,ALA370,O,52.424,31.172,40.647,A,HOH507,O,55.086,31.484,41.458
Phase Boundary,YELLOW,4.271,3.629,False,A,MET371,N,51.023,31.883,42.264,A,LEU372,N,52.521,33.476,45.16
Phase Boundary,YELLOW,4.231,3.258,False,A,MET371,N,51.023,31.883,42.264,A,HOH870,O,48.654,33.606,40.839
Bound Backbone,BLUE,8.032,2.245,False,A,MET371,O,50.925,31.926,44.861,A,LEU372,N,52.521,33.476,45.16
Thermal Noise,RED,3.547,3.615,False,A,MET371,SD,52.204,35.967,40.228,A,ASN392,ND2,55.216,36.83,38.424
Thermal Noise,RED,3.224,3.627,False,A,MET371,SD,52.204,35.967,40.228,A,ASN392,OD1,55.42,34.711,39.118
Phase Boundary,YELLOW,4.666,3.519,False,A,LEU372,N,52.521,33.476,45.16,A,ILE373,N,51.224,34.914,48.098
Phase Boundary,YELLOW,4.47,3.112,False,A,LEU372,N,52.521,33.476,45.16,A,GLU391,O,55.139,34.735,44.043
Thermal Noise,RED,2.855,3.832,False,A,LEU372,N,52.521,33.476,45.16,A,HOH506,O,55.837,31.867,44.112
Bound Backbone,BLUE,8.975,2.256,False,A,LEU372,O,53.068,35.661,47.034,A,ILE373,N,51.224,34.914,48.098
Phase Boundary,YELLOW,4.884,3.556,False,A,LEU372,O,53.068,35.661,47.034,A,THR374,N,52.769,36.991,50.318
Thermal Noise,RED,2.998,3.803,False,A,LEU372,O,53.068,35.661,47.034,A,ARG389,O,52.539,39.166,48.411
Bound Backbone,BLUE,6.266,2.716,False,A,LEU372,O,53.068,35.661,47.034,A,GLU391,N,54.95,37.088,45.692
Thermal Noise,RED,3.987,3.754,False,A,LEU372,O,53.068,35.661,47.034,A,GLU391,O,55.139,34.735,44.043
Phase Boundary,YELLOW,4.369,3.41,False,A,ILE373,N,51.224,34.914,48.098,A,THR374,N,52.769,36.991,50.318
Bound Backbone,BLUE,8.276,2.24,False,A,ILE373,O,51.673,35.115,50.864,A,THR374,N,52.769,36.991,50.318
Bound Backbone,BLUE,6.875,2.715,False,A,THR374,N,52.769,36.991,50.318,A,GLY375,N,52.508,39.045,52.074
Bound Backbone,BLUE,6.059,2.902,False,A,THR374,N,52.769,36.991,50.318,A,ARG389,O,52.539,39.166,48.411
Bound Backbone,BLUE,9.549,2.243,False,A,THR374,O,54.245,38.39,53.333,A,GLY375,N,52.508,39.045,52.074
Thermal Noise,RED,3.449,3.755,False,A,THR374,O,54.245,38.39,53.333,A,ARG389,NE,56.162,40.768,51.149
Phase Boundary,YELLOW,4.551,2.972,False,A,THR374,O,54.245,38.39,53.333,A,ARG389,NH2,56.881,39.74,53.089
Thermal Noise,RED,3.499,3.668,False,A,THR374,OG1,55.447,38.001,50.143,A,GLY375,N,52.508,39.045,52.074
Thermal Noise,RED,3.589,3.58,False,A,THR374,OG1,55.447,38.001,50.143,A,ARG389,O,52.539,39.166,48.411
Phase Boundary,YELLOW,4.666,3.03,False,A,THR374,OG1,55.447,38.001,50.143,A,ARG389,NE,56.162,40.768,51.149
Phase Boundary,YELLOW,4.076,3.709,False,A,THR374,OG1,55.447,38.001,50.143,A,ARG389,NH2,56.881,39.74,53.089
Bound Backbone,BLUE,5.298,2.81,False,A,THR374,OG1,55.447,38.001,50.143,A,HOH503,O,58.148,37.806,49.393
Thermal Noise,RED,3.188,3.634,False,A,GLY375,N,52.508,39.045,52.074,A,CYS376,N,50.578,41.944,53.111
Phase Boundary,YELLOW,4.873,3.665,False,A,GLY375,N,52.508,39.045,52.074,A,ARG389,O,52.539,39.166,48.411
Bound Backbone,BLUE,11.49,2.25,False,A,GLY375,O,50.639,40.739,51.212,A,CYS376,N,50.578,41.944,53.111
Bound Backbone,BLUE,7.951,2.75,False,A,GLY375,O,50.639,40.739,51.212,A,ARG389,N,51.418,41.734,48.77
Thermal Noise,RED,3.903,3.732,False,A,GLY375,O,50.639,40.739,51.212,A,ARG389,O,52.539,39.166,48.411
Thermal Noise,RED,3.097,3.595,False,A,CYS376,N,50.578,41.944,53.111,A,HIS377,N,48.741,45.034,53.073
Bound Backbone,BLUE,9.766,2.257,False,A,CYS376,O,50.258,44.113,54.467,A,HIS377,N,48.741,45.034,53.073
Thermal Noise,RED,3.253,3.658,False,A,CYS376,SG,47.386,41.919,54.43,A,HIS377,N,48.741,45.034,53.073
Phase Boundary,YELLOW,4.885,3.312,False,A,HIS377,N,48.741,45.034,53.073,A,VAL378,N,46.95,46.417,55.492
Bound Backbone,BLUE,7.142,2.954,False,A,HIS377,N,48.741,45.034,53.073,A,ARG387,O,47.952,44.356,50.308
Bound Backbone,BLUE,12.328,2.265,False,A,HIS377,O,46.37,46.752,53.328,A,VAL378,N,46.95,46.417,55.492
Thermal Noise,RED,3.864,3.647,False,A,HIS377,O,46.37,46.752,53.328,A,ASP379,N,44.514,48.731,55.765
Thermal Noise,RED,2.654,3.971,False,A,HIS377,O,46.37,46.752,53.328,A,LEU384,O,42.576,47.249,54.389
Bound Backbone,BLUE,6.52,2.846,False,A,HIS377,O,46.37,46.752,53.328,A,LEU386,N,44.362,46.756,51.311
Phase Boundary,YELLOW,4.188,3.94,False,A,HIS377,O,46.37,46.752,53.328,A,ARG387,N,46.233,46.236,49.424
Phase Boundary,YELLOW,4.208,3.761,False,A,HIS377,ND1,50.466,48.768,54.852,A,ARG387,NH2,50.963,50.519,51.561
Phase Boundary,YELLOW,5.212,3.13,False,A,HIS377,NE2,49.455,50.657,54.891,A,GLU380,OE2,47.903,52.429,56.952
Phase Boundary,YELLOW,4.568,3.658,False,A,HIS377,NE2,49.455,50.657,54.891,A,ARG387,NH2,50.963,50.519,51.561
Phase Boundary,YELLOW,4.78,3.642,False,A,HIS377,NE2,49.455,50.657,54.891,A,HOH816,O,50.444,50.977,58.382
Thermal Noise,RED,3.356,3.496,False,A,HIS377,NE2,49.455,50.657,54.891,A,HOH889,O,46.898,52.938,54.198
Thermal Noise,RED,3.743,3.551,False,A,HIS377,NE2,49.455,50.657,54.891,A,HOH890,O,51.713,52.646,56.776
Thermal Noise,RED,3.537,3.371,False,A,VAL378,N,46.95,46.417,55.492,A,ASP379,N,44.514,48.731,55.765
Bound Backbone,BLUE,9.967,2.263,False,A,VAL378,O,46.214,48.604,57.253,A,ASP379,N,44.514,48.731,55.765
Thermal Noise,RED,3.321,3.524,False,A,VAL378,O,46.214,48.604,57.253,A,ASP379,O,42.98,49.772,58.025
Thermal Noise,RED,3.89,3.265,False,A,VAL378,O,46.214,48.604,57.253,A,GLU380,N,44.598,51.332,58.031
Bound Backbone,BLUE,7.095,3.033,False,A,VAL378,O,46.214,48.604,57.253,A,HOH887,O,45.941,48.599,60.274
Phase Boundary,YELLOW,4.283,3.451,False,A,ASP379,N,44.514,48.731,55.765,A,GLU380,N,44.598,51.332,58.031
Bound Backbone,BLUE,5.884,2.801,False,A,ASP379,N,44.514,48.731,55.765,A,LEU384,O,42.576,47.249,54.389
Bound Backbone,BLUE,7.922,2.248,False,A,ASP379,O,42.98,49.772,58.025,A,GLU380,N,44.598,51.332,58.031
Bound Backbone,BLUE,5.763,3.136,False,A,ASP379,O,42.98,49.772,58.025,A,GLU380,O,42.373,51.515,60.56
Thermal Noise,RED,3.712,3.35,False,A,ASP379,O,42.98,49.772,58.025,A,THR381,N,42.421,52.964,58.874
Thermal Noise,RED,3.22,3.54,False,A,ASP379,O,42.98,49.772,58.025,A,SER382,N,40.026,51.68,57.615
Bound Backbone,BLUE,5.554,2.691,False,A,ASP379,O,42.98,49.772,58.025,A,LYS383,N,40.418,48.984,58.263
Thermal Noise,RED,2.974,3.869,False,A,ASP379,O,42.98,49.772,58.025,A,LEU384,N,40.748,47.061,56.402
Thermal Noise,RED,3.19,3.899,False,A,ASP379,O,42.98,49.772,58.025,A,HOH887,O,45.941,48.599,60.274
Phase Boundary,YELLOW,4.672,3.58,False,A,ASP379,OD1,43.971,52.89,54.869,A,GLU380,N,44.598,51.332,58.031
Bound Backbone,BLUE,5.445,3.08,False,A,ASP379,OD1,43.971,52.89,54.869,A,GLU380,OE1,46.099,53.68,56.951
Bound Backbone,BLUE,5.694,2.753,False,A,ASP379,OD1,43.971,52.89,54.869,A,HOH888,O,43.881,55.467,55.832
Phase Boundary,YELLOW,4.578,3.003,False,A,ASP379,OD1,43.971,52.89,54.869,A,HOH889,O,46.898,52.938,54.198
Thermal Noise,RED,3.589,3.723,False,A,ASP379,OD2,41.976,52.634,55.731,A,GLU380,N,44.598,51.332,58.031
Bound Backbone,BLUE,6.354,3.191,False,A,ASP379,OD2,41.976,52.634,55.731,A,THR381,N,42.421,52.964,58.874
Bound Backbone,BLUE,6.168,2.874,False,A,ASP379,OD2,41.976,52.634,55.731,A,SER382,N,40.026,51.68,57.615
Thermal Noise,RED,4.02,3.193,False,A,ASP379,OD2,41.976,52.634,55.731,A,SER382,OG,40.053,50.162,55.107
Thermal Noise,RED,3.433,3.415,False,A,ASP379,OD2,41.976,52.634,55.731,A,HOH888,O,43.881,55.467,55.832
Phase Boundary,YELLOW,5.208,2.848,False,A,GLU380,N,44.598,51.332,58.031,A,THR381,N,42.421,52.964,58.874
Thermal Noise,RED,3.424,3.782,False,A,GLU380,N,44.598,51.332,58.031,A,HOH887,O,45.941,48.599,60.274
Bound Backbone,BLUE,11.055,2.224,False,A,GLU380,O,42.373,51.515,60.56,A,THR381,N,42.421,52.964,58.874
Thermal Noise,RED,3.241,3.605,False,A,GLU380,O,42.373,51.515,60.56,A,THR381,O,38.994,52.225,59.522
Thermal Noise,RED,3.911,3.769,False,A,GLU380,O,42.373,51.515,60.56,A,SER382,N,40.026,51.68,57.615
Thermal Noise,RED,3.14,3.938,False,A,GLU380,O,42.373,51.515,60.56,A,LYS383,N,40.418,48.984,58.263
Phase Boundary,YELLOW,4.637,3.06,False,A,GLU380,OE1,46.099,53.68,56.951,A,HOH888,O,43.881,55.467,55.832
Bound Backbone,BLUE,7.075,2.961,False,A,GLU380,OE1,46.099,53.68,56.951,A,HOH889,O,46.898,52.938,54.198
Phase Boundary,YELLOW,4.235,3.257,False,A,GLU380,OE2,47.903,52.429,56.952,A,HOH816,O,50.444,50.977,58.382
Bound Backbone,BLUE,6.984,2.976,False,A,GLU380,OE2,47.903,52.429,56.952,A,HOH889,O,46.898,52.938,54.198
Thermal Noise,RED,2.746,3.82,False,A,GLU380,OE2,47.903,52.429,56.952,A,HOH890,O,51.713,52.646,56.776
Phase Boundary,YELLOW,4.963,2.995,False,A,THR381,N,42.421,52.964,58.874,A,SER382,N,40.026,51.68,57.615
Bound Backbone,BLUE,11.713,2.236,False,A,THR381,O,38.994,52.225,59.522,A,SER382,N,40.026,51.68,57.615
Thermal Noise,RED,3.037,3.757,False,A,THR381,O,38.994,52.225,59.522,A,LYS383,N,40.418,48.984,58.263
Phase Boundary,YELLOW,4.237,3.627,False,A,THR381,OG1,41.651,55.707,58.683,A,HOH888,O,43.881,55.467,55.832
Bound Backbone,BLUE,5.277,2.8,False,A,SER382,N,40.026,51.68,57.615,A,LYS383,N,40.418,48.984,58.263
Bound Backbone,BLUE,8.089,2.246,False,A,SER382,O,38.258,48.51,57.873,A,LYS383,N,40.418,48.984,58.263
Thermal Noise,RED,3.02,3.64,False,A,SER382,O,38.258,48.51,57.873,A,LYS383,O,40.253,45.465,57.905
Phase Boundary,YELLOW,4.328,3.235,False,A,SER382,O,38.258,48.51,57.873,A,LEU384,N,40.748,47.061,56.402
Bound Backbone,BLUE,5.41,3.388,False,A,SER382,OG,40.053,50.162,55.107,A,LYS383,N,40.418,48.984,58.263
Thermal Noise,RED,3.706,3.432,False,A,SER382,OG,40.053,50.162,55.107,A,LEU384,N,40.748,47.061,56.402
Thermal Noise,RED,2.66,3.92,False,A,SER382,OG,40.053,50.162,55.107,A,LEU384,O,42.576,47.249,54.389
Bound Backbone,BLUE,7.311,2.947,False,A,SER382,OG,40.053,50.162,55.107,A,HOH878,O,39.309,49.805,52.278
Bound Backbone,BLUE,7.173,2.696,False,A,LYS383,N,40.418,48.984,58.263,A,LEU384,N,40.748,47.061,56.402
Bound Backbone,BLUE,10.178,2.247,False,A,LYS383,O,40.253,45.465,57.905,A,LEU384,N,40.748,47.061,56.402
Bound Backbone,BLUE,6.431,2.689,False,A,LYS383,O,40.253,45.465,57.905,A,HOH822,O,38.205,44.372,59.263
Bound Backbone,BLUE,5.513,2.702,False,A,LYS383,O,40.253,45.465,57.905,A,HOH884,O,41.905,43.342,57.653
Phase Boundary,YELLOW,4.129,3.62,False,A,LEU384,N,40.748,47.061,56.402,A,PRO385,N,42.219,45.139,53.71
Bound Backbone,BLUE,8.402,2.245,False,A,LEU384,O,42.576,47.249,54.389,A,PRO385,N,42.219,45.139,53.71
Phase Boundary,YELLOW,4.557,3.7,False,A,LEU384,O,42.576,47.249,54.389,A,PRO385,O,42.277,45.996,50.92
Phase Boundary,YELLOW,4.549,3.593,False,A,LEU384,O,42.576,47.249,54.389,A,LEU386,N,44.362,46.756,51.311
Thermal Noise,RED,3.96,3.6,False,A,PRO385,N,42.219,45.139,53.71,A,LEU386,N,44.362,46.756,51.311
Bound Backbone,BLUE,8.033,2.253,False,A,PRO385,O,42.277,45.996,50.92,A,LEU386,N,44.362,46.756,51.311
Thermal Noise,RED,3.493,3.65,False,A,PRO385,O,42.277,45.996,50.92,A,GLN408,OE1,41.704,42.899,49.076
Bound Backbone,BLUE,5.402,2.728,False,A,PRO385,O,42.277,45.996,50.92,A,HOH869,O,40.103,47.628,50.696
Bound Backbone,BLUE,7.145,2.708,False,A,LEU386,N,44.362,46.756,51.311,A,ARG387,N,46.233,46.236,49.424
Bound Backbone,BLUE,10.468,2.24,False,A,LEU386,O,44.935,47.17,47.856,A,ARG387,N,46.233,46.236,49.424
Bound Backbone,BLUE,5.595,3.011,False,A,LEU386,O,44.935,47.17,47.856,A,GLN408,N,43.624,45.29,45.903
Bound Backbone,BLUE,5.828,2.694,False,A,LEU386,O,44.935,47.17,47.856,A,HOH641,O,43.601,49.368,47.053
Thermal Noise,RED,3.255,3.63,False,A,ARG387,N,46.233,46.236,49.424,A,TYR388,N,48.408,43.597,48.207
Bound Backbone,BLUE,11.859,2.28,False,A,ARG387,O,47.952,44.356,50.308,A,TYR388,N,48.408,43.597,48.207
Bound Backbone,BLUE,6.851,2.945,False,A,ARG387,NH1,49.078,50.544,50.269,A,HOH547,O,47.655,50.733,47.697
Thermal Noise,RED,3.164,3.584,False,A,TYR388,N,48.408,43.597,48.207,A,ARG389,N,51.418,41.734,48.77
Bound Backbone,BLUE,7.719,2.806,False,A,TYR388,N,48.408,43.597,48.207,A,MET406,O,47.355,44.19,45.675
Bound Backbone,BLUE,11.168,2.264,False,A,TYR388,O,50.707,42.809,46.909,A,ARG389,N,51.418,41.734,48.77
Thermal Noise,RED,2.876,3.747,False,A,TYR388,O,50.707,42.809,46.909,A,VAL390,N,53.196,40.044,46.461
Thermal Noise,RED,3.158,3.868,False,A,TYR388,O,50.707,42.809,46.909,A,TYR404,O,53.935,42.268,44.848
Bound Backbone,BLUE,6.994,2.94,False,A,TYR388,O,50.707,42.809,46.909,A,MET406,N,49.841,43.787,44.275
Thermal Noise,RED,2.909,3.83,False,A,TYR388,O,50.707,42.809,46.909,A,MET406,O,47.355,44.19,45.675
Bound Backbone,BLUE,6.118,2.704,False,A,TYR388,OH,43.055,40.866,50.24,A,GLN408,OE1,41.704,42.899,49.076
Phase Boundary,YELLOW,4.581,3.369,False,A,ARG389,N,51.418,41.734,48.77,A,VAL390,N,53.196,40.044,46.461
Bound Backbone,BLUE,11.862,2.237,False,A,ARG389,O,52.539,39.166,48.411,A,VAL390,N,53.196,40.044,46.461
Thermal Noise,RED,2.847,3.975,False,A,ARG389,NE,56.162,40.768,51.149,A,HOH503,O,58.148,37.806,49.393
Thermal Noise,RED,2.942,3.709,False,A,ARG389,NE,56.162,40.768,51.149,A,HOH814,O,59.693,39.746,50.657
Thermal Noise,RED,3.296,3.83,False,A,ARG389,NH1,57.791,41.758,52.446,A,HOH754,O,60.884,42.311,50.256
Bound Backbone,BLUE,6.611,2.99,False,A,ARG389,NH1,57.791,41.758,52.446,A,HOH758,O,59.198,42.263,55.036
Phase Boundary,YELLOW,4.373,3.296,False,A,ARG389,NH1,57.791,41.758,52.446,A,HOH814,O,59.693,39.746,50.657
Phase Boundary,YELLOW,5.203,3.11,False,A,ARG389,NH1,57.791,41.758,52.446,A,HOH826,O,58.804,43.934,50.469
Thermal Noise,RED,2.906,3.75,False,A,ARG389,NH2,56.881,39.74,53.089,A,HOH504,O,58.808,36.597,52.401
Thermal Noise,RED,2.978,3.94,False,A,ARG389,NH2,56.881,39.74,53.089,A,HOH758,O,59.198,42.263,55.036
Thermal Noise,RED,3.684,3.718,False,A,ARG389,NH2,56.881,39.74,53.089,A,HOH814,O,59.693,39.746,50.657
Thermal Noise,RED,3.324,3.522,False,A,VAL390,N,53.196,40.044,46.461,A,GLU391,N,54.95,37.088,45.692
Bound Backbone,BLUE,5.956,2.845,False,A,VAL390,N,53.196,40.044,46.461,A,TYR404,O,53.935,42.268,44.848
Bound Backbone,BLUE,8.988,2.247,False,A,VAL390,O,55.358,39.043,44.663,A,GLU391,N,54.95,37.088,45.692
Thermal Noise,RED,3.438,3.652,False,A,VAL390,O,55.358,39.043,44.663,A,ASN392,N,56.56,36.07,42.915
Bound Backbone,BLUE,5.75,2.848,False,A,VAL390,O,55.358,39.043,44.663,A,TYR404,N,55.892,41.434,43.21
Thermal Noise,RED,3.218,3.53,False,A,VAL390,O,55.358,39.043,44.663,A,TYR404,O,53.935,42.268,44.848
Phase Boundary,YELLOW,5.056,3.368,False,A,GLU391,N,54.95,37.088,45.692,A,ASN392,N,56.56,36.07,42.915
Bound Backbone,BLUE,9.146,2.253,False,A,GLU391,O,55.139,34.735,44.043,A,ASN392,N,56.56,36.07,42.915
Thermal Noise,RED,3.041,3.847,False,A,GLU391,O,55.139,34.735,44.043,A,ASN392,O,58.582,34.514,42.341
Phase Boundary,YELLOW,4.592,2.953,False,A,GLU391,O,55.139,34.735,44.043,A,HOH506,O,55.837,31.867,44.112
Bound Backbone,BLUE,6.367,2.742,False,A,GLU391,OE1,58.084,33.728,48.057,A,HOH625,O,59.26,31.774,49.579
Bound Backbone,BLUE,8.9,2.661,False,A,GLU391,OE2,59.624,33.213,46.608,A,HOH505,O,60.451,33.178,44.079
Bound Backbone,BLUE,5.476,3.321,False,A,GLU391,OE2,59.624,33.213,46.608,A,HOH625,O,59.26,31.774,49.579
Thermal Noise,RED,3.907,3.626,False,A,ASN392,N,56.56,36.07,42.915,A,SER393,N,57.643,33.597,40.494
Thermal Noise,RED,3.364,3.499,False,A,ASN392,N,56.56,36.07,42.915,A,GLY402,O,58.92,38.542,42.163
Bound Backbone,BLUE,11.091,2.266,False,A,ASN392,O,58.582,34.514,42.341,A,SER393,N,57.643,33.597,40.494
Phase Boundary,YELLOW,4.185,3.894,False,A,ASN392,O,58.582,34.514,42.341,A,TRP394,N,59.634,34.182,38.607
Bound Backbone,BLUE,5.94,2.881,False,A,ASN392,O,58.582,34.514,42.341,A,HOH505,O,60.451,33.178,44.079
Phase Boundary,YELLOW,4.258,3.494,False,A,ASN392,O,58.582,34.514,42.341,A,HOH513,O,59.791,36.752,39.945
Bound Backbone,BLUE,5.695,2.842,False,A,ASN392,OD1,55.42,34.711,39.118,A,SER393,N,57.643,33.597,40.494
Phase Boundary,YELLOW,4.155,3.846,False,A,ASN392,OD1,55.42,34.711,39.118,A,TRP394,NE1,56.357,33.505,35.588
Bound Backbone,BLUE,6.552,2.805,False,A,SER393,N,57.643,33.597,40.494,A,TRP394,N,59.634,34.182,38.607
Thermal Noise,RED,3.52,3.454,False,A,SER393,N,57.643,33.597,40.494,A,HOH507,O,55.086,31.484,41.458
Thermal Noise,RED,2.726,3.856,False,A,SER393,N,57.643,33.597,40.494,A,HOH513,O,59.791,36.752,39.945
Bound Backbone,BLUE,8.043,2.261,False,A,SER393,O,59.611,31.97,38.141,A,TRP394,N,59.634,34.182,38.607
Bound Backbone,BLUE,6.65,2.763,False,A,SER393,OG,57.126,30.983,39.663,A,HOH507,O,55.086,31.484,41.458
Phase Boundary,YELLOW,5.227,2.767,False,A,TRP394,N,59.634,34.182,38.607,A,GLY395,N,62.306,34.901,38.586
Bound Backbone,BLUE,5.396,2.902,False,A,TRP394,N,59.634,34.182,38.607,A,HOH513,O,59.791,36.752,39.945
Bound Backbone,BLUE,12.051,2.244,False,A,TRP394,O,62.102,35.856,36.566,A,GLY395,N,62.306,34.901,38.586
Bound Backbone,BLUE,5.459,3.27,False,A,TRP394,O,62.102,35.856,36.566,A,GLY395,O,62.596,37.512,39.342
Thermal Noise,RED,3.867,3.663,False,A,TRP394,O,62.102,35.856,36.566,A,HOH666,O,61.082,33.382,34.064
Bound Backbone,BLUE,7.34,2.977,False,A,TRP394,O,62.102,35.856,36.566,A,HOH854,O,61.979,36.222,33.614
Phase Boundary,YELLOW,5.043,2.826,False,A,TRP394,O,62.102,35.856,36.566,A,HOH857,O,64.325,37.578,36.287
Thermal Noise,RED,3.411,3.783,False,A,TRP394,NE1,56.357,33.505,35.588,A,HOH667,O,58.989,31.942,33.366
Phase Boundary,YELLOW,4.865,3.06,False,A,TRP394,NE1,56.357,33.505,35.588,A,HOH743,O,54.475,31.559,34.162
Thermal Noise,RED,3.291,3.629,False,A,GLY395,N,62.306,34.901,38.586,A,LYS396,N,64.773,37.218,39.895
Thermal Noise,RED,3.8,3.406,False,A,GLY395,N,62.306,34.901,38.586,A,HOH513,O,59.791,36.752,39.945
Bound Backbone,BLUE,8.095,2.265,False,A,GLY395,O,62.596,37.512,39.342,A,LYS396,N,64.773,37.218,39.895
Phase Boundary,YELLOW,4.207,3.17,False,A,GLY395,O,62.596,37.512,39.342,A,ASP397,N,64.833,39.55,38.398
Phase Boundary,YELLOW,4.421,3.334,False,A,GLY395,O,62.596,37.512,39.342,A,SER398,N,62.376,40.174,37.347
Phase Boundary,YELLOW,4.662,2.968,False,A,GLY395,O,62.596,37.512,39.342,A,HOH513,O,59.791,36.752,39.945
Phase Boundary,YELLOW,4.811,3.511,False,A,GLY395,O,62.596,37.512,39.342,A,HOH857,O,64.325,37.578,36.287
Bound Backbone,BLUE,6.176,2.772,False,A,LYS396,N,64.773,37.218,39.895,A,ASP397,N,64.833,39.55,38.398
Ligand Boundary Hotspot,ORANGE,4.718,3.404,True,A,LYS396,N,64.773,37.218,39.895,A,SO41101,O1,66.804,36.322,37.315
Ligand Boundary Hotspot,ORANGE,4.747,2.925,True,A,LYS396,N,64.773,37.218,39.895,A,SO41101,O4,66.694,35.058,39.447
Ligand Fluctuation Noise,RED,3.324,3.72,True,A,LYS396,N,64.773,37.218,39.895,A,SO41101,S,67.278,35.141,38.092
Phase Boundary,YELLOW,4.859,3.653,False,A,LYS396,N,64.773,37.218,39.895,A,HOH857,O,64.325,37.578,36.287
Bound Backbone,BLUE,11.346,2.247,False,A,LYS396,O,64.729,40.822,40.247,A,ASP397,N,64.833,39.55,38.398
Thermal Noise,RED,3.823,3.79,False,A,LYS396,O,64.729,40.822,40.247,A,SER398,N,62.376,40.174,37.347
Thermal Noise,RED,3.252,3.73,False,A,LYS396,O,64.729,40.822,40.247,A,ASP401,N,62.547,43.331,41.937
Phase Boundary,YELLOW,4.283,3.246,False,A,LYS396,O,64.729,40.822,40.247,A,GLY402,N,61.83,40.672,41.699
Thermal Noise,RED,3.358,3.495,False,A,LYS396,O,64.729,40.822,40.247,A,HOH700,O,63.749,44.104,39.55
Phase Boundary,YELLOW,4.793,3.109,False,A,LYS396,O,64.729,40.822,40.247,A,HOH856,O,67.022,42.242,41.793
Thermal Noise,RED,2.788,3.965,False,A,LYS396,NZ,69.898,38.227,38.903,A,ASP397,OD1,67.579,41.053,37.367
Ligand Fluctuation Noise,RED,2.805,3.965,True,A,LYS396,NZ,69.898,38.227,38.903,A,SO41101,O1,66.804,36.322,37.315
Ligand Boundary Hotspot,ORANGE,4.115,3.163,True,A,LYS396,NZ,69.898,38.227,38.903,A,SO41101,O3,68.706,35.375,38.233
Bound Backbone,BLUE,5.81,2.744,False,A,ASP397,N,64.833,39.55,38.398,A,SER398,N,62.376,40.174,37.347
Ligand Fluctuation Noise,RED,2.71,3.934,True,A,ASP397,N,64.833,39.55,38.398,A,SO41101,O1,66.804,36.322,37.315
Bound Backbone,BLUE,6.185,2.933,False,A,ASP397,N,64.833,39.55,38.398,A,HOH857,O,64.325,37.578,36.287
Bound Backbone,BLUE,8.716,2.238,False,A,ASP397,O,63.09,42.119,36.5,A,SER398,N,62.376,40.174,37.347
Thermal Noise,RED,3.819,3.752,False,A,ASP397,O,63.09,42.119,36.5,A,SER398,O,60.756,41.103,39.257
Thermal Noise,RED,2.846,3.873,False,A,ASP397,O,63.09,42.119,36.5,A,GLY399,N,59.425,42.122,37.751
Thermal Noise,RED,3.251,3.904,False,A,ASP397,O,63.09,42.119,36.5,A,GLY399,O,60.841,44.236,38.887
Phase Boundary,YELLOW,5.252,2.793,False,A,ASP397,O,63.09,42.119,36.5,A,HOH656,O,61.431,44.3,35.958
Phase Boundary,YELLOW,4.193,3.698,False,A,ASP397,O,63.09,42.119,36.5,A,HOH700,O,63.749,44.104,39.55
Ligand Fluctuation Noise,RED,3.185,3.74,True,A,ASP397,OD2,67.726,39.585,35.736,A,SO41101,O1,66.804,36.322,37.315
Thermal Noise,RED,2.548,3.987,False,A,ASP397,OD2,67.726,39.585,35.736,A,HOH857,O,64.325,37.578,36.287
Thermal Noise,RED,3.185,3.559,False,A,SER398,N,62.376,40.174,37.347,A,GLY399,N,59.425,42.122,37.751
Phase Boundary,YELLOW,4.691,3.604,False,A,SER398,N,62.376,40.174,37.347,A,HOH741,O,63.176,38.873,34.083
Thermal Noise,RED,3.642,3.415,False,A,SER398,N,62.376,40.174,37.347,A,HOH857,O,64.325,37.578,36.287
Bound Backbone,BLUE,10.121,2.253,False,A,SER398,O,60.756,41.103,39.257,A,GLY399,N,59.425,42.122,37.751
Thermal Noise,RED,4.053,3.156,False,A,SER398,O,60.756,41.103,39.257,A,GLY399,O,60.841,44.236,38.887
Thermal Noise,RED,3.776,3.451,False,A,SER398,O,60.756,41.103,39.257,A,LYS400,N,59.646,43.995,40.777
Thermal Noise,RED,3.382,3.918,False,A,SER398,O,60.756,41.103,39.257,A,ASP401,N,62.547,43.331,41.937
Bound Backbone,BLUE,8.328,2.702,False,A,SER398,O,60.756,41.103,39.257,A,GLY402,N,61.83,40.672,41.699
Phase Boundary,YELLOW,4.199,3.268,False,A,SER398,OG,58.977,39.214,36.329,A,GLY399,N,59.425,42.122,37.751
Bound Backbone,BLUE,5.696,2.671,False,A,SER398,OG,58.977,39.214,36.329,A,TYR404,OH,56.545,40.238,36.741
Bound Backbone,BLUE,9.341,2.624,False,A,SER398,OG,58.977,39.214,36.329,A,HOH855,O,59.47,39.485,33.766
Phase Boundary,YELLOW,4.591,3.566,False,A,GLY399,N,59.425,42.122,37.751,A,LYS400,N,59.646,43.995,40.777
Thermal Noise,RED,3.268,3.587,False,A,GLY399,N,59.425,42.122,37.751,A,TYR404,OH,56.545,40.238,36.741
Thermal Noise,RED,3.91,3.462,False,A,GLY399,N,59.425,42.122,37.751,A,HOH656,O,61.431,44.3,35.958
Bound Backbone,BLUE,11.468,2.249,False,A,GLY399,O,60.841,44.236,38.887,A,LYS400,N,59.646,43.995,40.777
Phase Boundary,YELLOW,4.466,3.61,False,A,GLY399,O,60.841,44.236,38.887,A,ASP401,N,62.547,43.331,41.937
Bound Backbone,BLUE,7.22,2.989,False,A,GLY399,O,60.841,44.236,38.887,A,HOH656,O,61.431,44.3,35.958
Phase Boundary,YELLOW,4.631,2.986,False,A,GLY399,O,60.841,44.236,38.887,A,HOH700,O,63.749,44.104,39.55
Thermal Noise,RED,3.949,3.184,False,A,GLY399,O,60.841,44.236,38.887,A,HOH858,O,61.009,47.415,38.931
Phase Boundary,YELLOW,4.252,3.194,False,A,LYS400,N,59.646,43.995,40.777,A,ASP401,N,62.547,43.331,41.937
Bound Backbone,BLUE,5.622,2.9,False,A,LYS400,N,59.646,43.995,40.777,A,LEU403,O,57.569,42.692,42.326
Bound Backbone,BLUE,9.959,2.26,False,A,LYS400,O,60.836,43.251,43.411,A,ASP401,N,62.547,43.331,41.937
Thermal Noise,RED,3.281,3.503,False,A,LYS400,O,60.836,43.251,43.411,A,ASP401,O,62.701,40.305,43.745
Phase Boundary,YELLOW,4.454,3.251,False,A,LYS400,O,60.836,43.251,43.411,A,GLY402,N,61.83,40.672,41.699
Phase Boundary,YELLOW,4.351,3.049,False,A,LYS400,O,60.836,43.251,43.411,A,LEU403,N,59.416,40.582,43.015
Thermal Noise,RED,3.493,3.488,False,A,LYS400,O,60.836,43.251,43.411,A,LEU403,O,57.569,42.692,42.326
Bound Backbone,BLUE,6.523,3.004,False,A,LYS400,O,60.836,43.251,43.411,A,HOH699,O,59.94,44.495,45.994
Phase Boundary,YELLOW,5.262,2.764,False,A,ASP401,N,62.547,43.331,41.937,A,GLY402,N,61.83,40.672,41.699
Bound Backbone,BLUE,7.593,2.782,False,A,ASP401,N,62.547,43.331,41.937,A,HOH700,O,63.749,44.104,39.55
Bound Backbone,BLUE,12.011,2.254,False,A,ASP401,O,62.701,40.305,43.745,A,GLY402,N,61.83,40.672,41.699
Thermal Noise,RED,3.615,3.377,False,A,ASP401,O,62.701,40.305,43.745,A,LEU403,N,59.416,40.582,43.015
Bound Backbone,BLUE,8.513,2.74,False,A,ASP401,O,62.701,40.305,43.745,A,HOH813,O,63.387,40.27,46.397
Thermal Noise,RED,4.023,3.873,False,A,ASP401,OD1,65.489,44.118,43.01,A,HOH700,O,63.749,44.104,39.55
Bound Backbone,BLUE,6.143,2.711,False,A,ASP401,OD1,65.489,44.118,43.01,A,HOH856,O,67.022,42.242,41.793
Bound Backbone,BLUE,6.269,2.886,False,A,ASP401,OD2,64.46,44.945,44.758,A,HOH756,O,62.393,45.206,46.755
Bound Backbone,BLUE,6.059,2.751,False,A,GLY402,N,61.83,40.672,41.699,A,LEU403,N,59.416,40.582,43.015
Bound Backbone,BLUE,8.497,2.266,False,A,GLY402,O,58.92,38.542,42.163,A,LEU403,N,59.416,40.582,43.015
Bound Backbone,BLUE,6.094,2.98,False,A,GLY402,O,58.92,38.542,42.163,A,HOH513,O,59.791,36.752,39.945
Thermal Noise,RED,3.041,3.631,False,A,LEU403,N,59.416,40.582,43.015,A,TYR404,N,55.892,41.434,43.21
Bound Backbone,BLUE,8.474,2.275,False,A,LEU403,O,57.569,42.692,42.326,A,TYR404,N,55.892,41.434,43.21
Thermal Noise,RED,3.05,3.625,False,A,TYR404,N,55.892,41.434,43.21,A,VAL405,N,53.129,43.774,43.379
Thermal Noise,RED,3.549,3.898,False,A,TYR404,N,55.892,41.434,43.21,A,HOH828,O,55.723,44.055,46.09
Bound Backbone,BLUE,10.018,2.253,False,A,TYR404,O,53.935,42.268,44.848,A,VAL405,N,53.129,43.774,43.379
Bound Backbone,BLUE,5.669,2.817,False,A,TYR404,O,53.935,42.268,44.848,A,HOH828,O,55.723,44.055,46.09
Thermal Noise,RED,3.597,3.408,False,A,VAL405,N,53.129,43.774,43.379,A,MET406,N,49.841,43.787,44.275
Thermal Noise,RED,3.761,3.763,False,A,VAL405,N,53.129,43.774,43.379,A,HOH828,O,55.723,44.055,46.09
Bound Backbone,BLUE,11.29,2.256,False,A,VAL405,O,50.768,44.65,42.408,A,MET406,N,49.841,43.787,44.275
Thermal Noise,RED,3.23,3.544,False,A,MET406,N,49.841,43.787,44.275,A,THR407,N,46.571,45.05,43.755
Bound Backbone,BLUE,11.635,2.245,False,A,MET406,O,47.355,44.19,45.675,A,THR407,N,46.571,45.05,43.755
Thermal Noise,RED,3.781,3.394,False,A,MET406,O,47.355,44.19,45.675,A,THR407,O,44.241,43.716,44.411
Thermal Noise,RED,2.642,3.896,False,A,MET406,O,47.355,44.19,45.675,A,GLN408,N,43.624,45.29,45.903
Thermal Noise,RED,3.565,3.492,False,A,MET406,SD,46.815,39.784,43.471,A,CYS415,SG,44.53,37.477,42.186
Thermal Noise,RED,3.655,3.655,False,A,THR407,N,46.571,45.05,43.755,A,GLN408,N,43.624,45.29,45.903
Bound Backbone,BLUE,10.065,2.255,False,A,THR407,O,44.241,43.716,44.411,A,GLN408,N,43.624,45.29,45.903
Thermal Noise,RED,3.6,3.385,False,A,THR407,O,44.241,43.716,44.411,A,GLN408,O,40.993,43.12,45.154
Thermal Noise,RED,3.622,3.324,False,A,THR407,O,44.241,43.716,44.411,A,LYS409,N,41.28,45.227,44.422
Bound Backbone,BLUE,5.521,3.131,False,A,THR407,O,44.241,43.716,44.411,A,TYR410,N,42.164,43.967,42.082
Phase Boundary,YELLOW,4.895,3.024,False,A,THR407,O,44.241,43.716,44.411,A,PHE411,N,42.716,41.454,43.106
Phase Boundary,YELLOW,4.924,3.583,False,A,THR407,OG1,44.168,46.213,42.484,A,GLN408,N,43.624,45.29,45.903
Thermal Noise,RED,3.622,3.615,False,A,THR407,OG1,44.168,46.213,42.484,A,LYS409,N,41.28,45.227,44.422
Phase Boundary,YELLOW,4.388,3.037,False,A,THR407,OG1,44.168,46.213,42.484,A,TYR410,N,42.164,43.967,42.082
Bound Backbone,BLUE,7.961,2.611,False,A,THR407,OG1,44.168,46.213,42.484,A,HOH546,O,43.152,47.615,40.529
Thermal Noise,RED,3.341,3.89,False,A,THR407,OG1,44.168,46.213,42.484,A,HOH642,O,41.879,48.117,44.988
Bound Backbone,BLUE,6.147,2.773,False,A,GLN408,N,43.624,45.29,45.903,A,LYS409,N,41.28,45.227,44.422
Thermal Noise,RED,3.522,3.446,False,A,GLN408,N,43.624,45.29,45.903,A,HOH642,O,41.879,48.117,44.988
Bound Backbone,BLUE,8.446,2.249,False,A,GLN408,O,40.993,43.12,45.154,A,LYS409,N,41.28,45.227,44.422
Phase Boundary,YELLOW,5.11,3.531,False,A,GLN408,O,40.993,43.12,45.154,A,LYS409,O,40.064,43.241,41.75
Bound Backbone,BLUE,5.281,3.395,False,A,GLN408,O,40.993,43.12,45.154,A,TYR410,N,42.164,43.967,42.082
Phase Boundary,YELLOW,5.108,3.153,False,A,GLN408,O,40.993,43.12,45.154,A,PHE411,N,42.716,41.454,43.106
Phase Boundary,YELLOW,5.143,2.981,False,A,GLN408,O,40.993,43.12,45.154,A,GLU412,N,40.087,40.653,43.748
Phase Boundary,YELLOW,5.134,3.025,False,A,GLN408,NE2,39.579,42.434,48.569,A,GLU412,OE2,37.232,43.503,46.988
Thermal Noise,RED,3.246,3.535,False,A,GLN408,NE2,39.579,42.434,48.569,A,HOH820,O,36.172,41.646,49.089
Bound Backbone,BLUE,7.368,2.801,False,A,LYS409,N,41.28,45.227,44.422,A,TYR410,N,42.164,43.967,42.082
Phase Boundary,YELLOW,4.531,3.005,False,A,LYS409,N,41.28,45.227,44.422,A,HOH642,O,41.879,48.117,44.988
Bound Backbone,BLUE,8.039,2.247,False,A,LYS409,O,40.064,43.241,41.75,A,TYR410,N,42.164,43.967,42.082
Thermal Noise,RED,3.747,3.308,False,A,LYS409,O,40.064,43.241,41.75,A,TYR410,O,42.059,40.684,41.098
Thermal Noise,RED,3.639,3.474,False,A,LYS409,O,40.064,43.241,41.75,A,PHE411,N,42.716,41.454,43.106
Phase Boundary,YELLOW,4.633,3.27,False,A,LYS409,O,40.064,43.241,41.75,A,GLU412,N,40.087,40.653,43.748
Phase Boundary,YELLOW,4.6,2.982,False,A,LYS409,O,40.064,43.241,41.75,A,GLU413,N,38.867,40.567,41.193
Thermal Noise,RED,3.368,3.888,False,A,LYS409,NZ,35.544,46.542,42.298,A,GLU412,OE1,36.92,43.944,44.843
Bound Backbone,BLUE,5.734,2.692,False,A,LYS409,NZ,35.544,46.542,42.298,A,HOH867,O,35.251,43.949,42.961
Phase Boundary,YELLOW,4.611,3.64,False,A,LYS409,NZ,35.544,46.542,42.298,A,HOH877,O,37.037,46.761,45.611
Bound Backbone,BLUE,5.673,2.769,False,A,TYR410,N,42.164,43.967,42.082,A,PHE411,N,42.716,41.454,43.106
Bound Backbone,BLUE,11.93,2.249,False,A,TYR410,O,42.059,40.684,41.098,A,PHE411,N,42.716,41.454,43.106
Phase Boundary,YELLOW,4.562,3.351,False,A,TYR410,O,42.059,40.684,41.098,A,PHE411,O,40.761,38.538,43.32
Phase Boundary,YELLOW,5.169,3.303,False,A,TYR410,O,42.059,40.684,41.098,A,GLU412,N,40.087,40.653,43.748
Thermal Noise,RED,3.921,3.196,False,A,TYR410,O,42.059,40.684,41.098,A,GLU413,N,38.867,40.567,41.193
Bound Backbone,BLUE,6.674,2.799,False,A,TYR410,O,42.059,40.684,41.098,A,TYR414,N,40.556,39.343,39.154
Thermal Noise,RED,3.229,3.57,False,A,TYR410,O,42.059,40.684,41.098,A,CYS415,N,41.815,37.203,40.344
Bound Backbone,BLUE,5.27,2.798,False,A,TYR410,OH,46.338,39.656,37.127,A,HOH638,O,47.94,37.447,37.747
Phase Boundary,YELLOW,5.19,2.822,False,A,PHE411,N,42.716,41.454,43.106,A,GLU412,N,40.087,40.653,43.748
Bound Backbone,BLUE,8.009,2.261,False,A,PHE411,O,40.761,38.538,43.32,A,GLU412,N,40.087,40.653,43.748
Thermal Noise,RED,3.28,3.638,False,A,PHE411,O,40.761,38.538,43.32,A,GLU412,O,37.418,39.084,41.993
Thermal Noise,RED,4.043,3.497,False,A,PHE411,O,40.761,38.538,43.32,A,GLU413,N,38.867,40.567,41.193
Phase Boundary,YELLOW,5.04,3.428,False,A,PHE411,O,40.761,38.538,43.32,A,CYS415,N,41.815,37.203,40.344
Thermal Noise,RED,3.937,3.499,False,A,PHE411,O,40.761,38.538,43.32,A,CYS415,O,39.986,35.761,41.338
Phase Boundary,YELLOW,4.54,3.001,False,A,PHE411,O,40.761,38.538,43.32,A,HOH582,O,38.707,36.421,43.87
Bound Backbone,BLUE,7.57,2.833,False,A,GLU412,N,40.087,40.653,43.748,A,GLU413,N,38.867,40.567,41.193
Bound Backbone,BLUE,8.771,2.222,False,A,GLU412,O,37.418,39.084,41.993,A,GLU413,N,38.867,40.567,41.193
Thermal Noise,RED,3.855,3.504,False,A,GLU412,O,37.418,39.084,41.993,A,HOH582,O,38.707,36.421,43.87
Thermal Noise,RED,3.724,3.938,False,A,GLU412,OE1,36.92,43.944,44.843,A,HOH711,O,36.123,45.964,48.128
Bound Backbone,BLUE,8.578,2.515,False,A,GLU412,OE1,36.92,43.944,44.843,A,HOH867,O,35.251,43.949,42.961
Phase Boundary,YELLOW,4.893,2.922,False,A,GLU412,OE1,36.92,43.944,44.843,A,HOH877,O,37.037,46.761,45.611
Phase Boundary,YELLOW,5.11,2.93,False,A,GLU412,OE2,37.232,43.503,46.988,A,HOH711,O,36.123,45.964,48.128
Bound Backbone,BLUE,5.846,2.998,False,A,GLU412,OE2,37.232,43.503,46.988,A,HOH820,O,36.172,41.646,49.089
Thermal Noise,RED,3.496,3.542,False,A,GLU412,OE2,37.232,43.503,46.988,A,HOH877,O,37.037,46.761,45.611
Bound Backbone,BLUE,6.166,2.917,False,A,GLU413,N,38.867,40.567,41.193,A,TYR414,N,40.556,39.343,39.154
Bound Backbone,BLUE,8.869,2.271,False,A,GLU413,O,38.643,38.762,38.076,A,TYR414,N,40.556,39.343,39.154
Bound Backbone,BLUE,7.807,2.757,False,A,GLU413,O,38.643,38.762,38.076,A,HOH552,O,38.167,37.496,35.673
Phase Boundary,YELLOW,4.88,2.89,False,A,GLU413,OE1,35.602,41.603,38.779,A,HOH551,O,32.784,41.192,38.285
Phase Boundary,YELLOW,4.925,3.274,False,A,GLU413,OE1,35.602,41.603,38.779,A,HOH658,O,33.798,43.05,36.462
Thermal Noise,RED,3.698,3.663,False,A,GLU413,OE1,35.602,41.603,38.779,A,HOH787,O,36.727,44.266,36.529
Phase Boundary,YELLOW,4.545,3.511,False,A,GLU413,OE1,35.602,41.603,38.779,A,HOH876,O,33.544,41.015,41.562
Thermal Noise,RED,3.711,3.67,False,A,GLU413,OE2,35.213,42.707,40.582,A,HOH551,O,32.784,41.192,38.285
Bound Backbone,BLUE,8.333,2.684,False,A,GLU413,OE2,35.213,42.707,40.582,A,HOH867,O,35.251,43.949,42.961
Bound Backbone,BLUE,6.616,2.571,False,A,GLU413,OE2,35.213,42.707,40.582,A,HOH876,O,33.544,41.015,41.562
Bound Backbone,BLUE,5.907,2.753,False,A,TYR414,N,40.556,39.343,39.154,A,CYS415,N,41.815,37.203,40.344
Bound Backbone,BLUE,11.195,2.25,False,A,TYR414,O,43.065,36.772,38.523,A,CYS415,N,41.815,37.203,40.344
Bound Backbone,BLUE,8.617,2.709,False,A,TYR414,OH,39.132,41.789,33.314,A,HOH553,O,38.841,41.037,30.728
Bound Backbone,BLUE,5.706,2.681,False,A,TYR414,OH,39.132,41.789,33.314,A,HOH659,O,37.487,43.839,33.84
Thermal Noise,RED,3.516,3.553,False,A,CYS415,N,41.815,37.203,40.344,A,PHE416,N,41.326,34.006,41.816
Bound Backbone,BLUE,8.064,2.259,False,A,CYS415,O,39.986,35.761,41.338,A,PHE416,N,41.326,34.006,41.816
Bound Backbone,BLUE,6.987,2.912,False,A,CYS415,O,39.986,35.761,41.338,A,HOH582,O,38.707,36.421,43.87
Bound Backbone,BLUE,5.528,2.911,False,A,PHE416,N,41.326,34.006,41.816,A,GLN417,N,41.521,31.523,43.323
Bound Backbone,BLUE,8.574,2.258,False,A,PHE416,O,39.517,32.107,44.185,A,GLN417,N,41.521,31.523,43.323
Phase Boundary,YELLOW,4.577,3.646,False,A,GLN417,N,41.521,31.523,43.323,A,ILE418,N,42.649,30.448,46.619
Bound Backbone,BLUE,10.322,2.256,False,A,GLN417,O,43.888,31.473,45.036,A,ILE418,N,42.649,30.448,46.619
Phase Boundary,YELLOW,4.083,3.563,False,A,ILE418,N,42.649,30.448,46.619,A,VAL419,N,44.767,28.926,49.047
Bound Backbone,BLUE,8.443,2.266,False,A,ILE418,O,42.716,28.421,48.226,A,VAL419,N,44.767,28.926,49.047
Phase Boundary,YELLOW,5.201,3.425,False,A,VAL419,N,44.767,28.926,49.047,A,VAL420,N,44.426,27.529,52.155
Bound Backbone,BLUE,8.241,2.258,False,A,VAL419,O,46.074,28.937,51.522,A,VAL420,N,44.426,27.529,52.155
Phase Boundary,YELLOW,5.145,2.809,False,A,VAL419,O,46.074,28.937,51.522,A,HOH572,O,48.831,28.605,51.096
Phase Boundary,YELLOW,4.827,3.611,False,A,VAL420,N,44.426,27.529,52.155,A,ASP421,N,44.712,26.424,55.581
Bound Backbone,BLUE,12.065,2.215,False,A,VAL420,O,44.28,25.41,53.66,A,ASP421,N,44.712,26.424,55.581
Thermal Noise,RED,3.698,3.927,False,A,VAL420,O,44.28,25.41,53.66,A,ILE422,N,42.588,23.908,56.87
Thermal Noise,RED,3.471,3.536,False,A,ASP421,N,44.712,26.424,55.581,A,ILE422,N,42.588,23.908,56.87
Bound Backbone,BLUE,5.509,2.887,False,A,ASP421,N,44.712,26.424,55.581,A,GLU424,OE1,45.348,28.874,56.969
Bound Backbone,BLUE,8.106,2.252,False,A,ASP421,O,42.614,26.111,57.337,A,ILE422,N,42.588,23.908,56.87
Thermal Noise,RED,3.736,3.477,False,A,ASP421,O,42.614,26.111,57.337,A,ILE422,O,39.787,24.827,58.903
Bound Backbone,BLUE,5.99,3.019,False,A,ASP421,O,42.614,26.111,57.337,A,ASN423,N,41.834,24.298,59.622
Bound Backbone,BLUE,8.063,2.747,False,A,ASP421,O,42.614,26.111,57.337,A,GLU424,N,41.843,26.993,59.822
Thermal Noise,RED,2.64,3.904,False,A,ASP421,O,42.614,26.111,57.337,A,GLU424,OE1,45.348,28.874,56.969
Thermal Noise,RED,2.953,3.869,False,A,ASP421,O,42.614,26.111,57.337,A,LEU425,N,39.573,27.917,58.905
Ligand Fluctuation Noise,RED,3.312,3.546,True,A,ASP421,OD1,47.183,24.081,56.113,A,GOL1001,O2,50.472,25.057,57.009
Ligand Bound Core,BLUE,5.997,2.885,True,A,ASP421,OD1,47.183,24.081,56.113,A,GOL1001,O3,49.254,24.976,54.315
Ligand Bound Core,BLUE,5.697,2.664,True,A,ASP421,OD2,47.928,25.77,57.354,A,GOL1001,O2,50.472,25.057,57.009
Ligand Boundary Hotspot,ORANGE,5.184,3.409,True,A,ASP421,OD2,47.928,25.77,57.354,A,GOL1001,O3,49.254,24.976,54.315
Bound Backbone,BLUE,7.629,2.88,False,A,ILE422,N,42.588,23.908,56.87,A,ASN423,N,41.834,24.298,59.622
Phase Boundary,YELLOW,4.765,3.429,False,A,ILE422,N,42.588,23.908,56.87,A,HOH692,O,44.346,22.78,59.59
Bound Backbone,BLUE,8.554,2.233,False,A,ILE422,O,39.787,24.827,58.903,A,ASN423,N,41.834,24.298,59.622
Phase Boundary,YELLOW,4.325,3.125,False,A,ILE422,O,39.787,24.827,58.903,A,GLU424,N,41.843,26.993,59.822
Phase Boundary,YELLOW,4.171,3.097,False,A,ILE422,O,39.787,24.827,58.903,A,LEU425,N,39.573,27.917,58.905
Bound Backbone,BLUE,5.499,2.702,False,A,ASN423,N,41.834,24.298,59.622,A,GLU424,N,41.843,26.993,59.822
Phase Boundary,YELLOW,4.646,2.935,False,A,ASN423,N,41.834,24.298,59.622,A,HOH692,O,44.346,22.78,59.59
Bound Backbone,BLUE,12.603,2.249,False,A,ASN423,O,41.251,26.964,61.991,A,GLU424,N,41.843,26.993,59.822
Phase Boundary,YELLOW,4.403,3.64,False,A,ASN423,O,41.251,26.964,61.991,A,LEU425,N,39.573,27.917,58.905
Bound Backbone,BLUE,9.137,2.657,False,A,ASN423,ND2,43.954,22.429,62.194,A,HOH692,O,44.346,22.78,59.59
Bound Backbone,BLUE,6.461,2.714,False,A,ASN423,ND2,43.954,22.429,62.194,A,HOH834,O,44.111,20.159,60.715
Thermal Noise,RED,3.679,3.787,False,A,ASN423,OD1,41.715,22.29,62.27,A,HOH692,O,44.346,22.78,59.59
Thermal Noise,RED,3.533,3.564,False,A,ASN423,OD1,41.715,22.29,62.27,A,HOH834,O,44.111,20.159,60.715
Bound Backbone,BLUE,6.301,2.617,False,A,GLU424,N,41.843,26.993,59.822,A,LEU425,N,39.573,27.917,58.905
Bound Backbone,BLUE,8.085,2.253,False,A,GLU424,O,40.061,30.07,59.353,A,LEU425,N,39.573,27.917,58.905
Thermal Noise,RED,2.894,3.851,False,A,GLU424,O,40.061,30.07,59.353,A,LEU425,O,37.35,27.663,60.652
Thermal Noise,RED,3.887,3.301,False,A,GLU424,OE2,45.748,30.449,58.425,A,HOH652,O,43.115,32.171,57.426
Thermal Noise,RED,2.979,3.683,False,A,LEU425,N,39.573,27.917,58.905,A,PRO426,N,36.098,29.047,59.369
Bound Backbone,BLUE,9.396,2.265,False,A,LEU425,O,37.35,27.663,60.652,A,PRO426,N,36.098,29.047,59.369
Phase Boundary,YELLOW,4.224,3.239,False,A,LEU425,O,37.35,27.663,60.652,A,PRO426,O,34.456,27.072,59.323
Thermal Noise,RED,3.489,3.456,False,A,LEU425,O,37.35,27.663,60.652,A,LYS427,N,34.036,27.23,61.53
Thermal Noise,RED,4.07,3.496,False,A,PRO426,N,36.098,29.047,59.369,A,LYS427,N,34.036,27.23,61.53
Bound Backbone,BLUE,12.712,2.252,False,A,PRO426,O,34.456,27.072,59.323,A,LYS427,N,34.036,27.23,61.53
Thermal Noise,RED,3.532,3.411,False,A,PRO426,O,34.456,27.072,59.323,A,LYS427,O,32.374,24.463,60.027
Phase Boundary,YELLOW,4.737,2.978,False,A,PRO426,O,34.456,27.072,59.323,A,GLU428,N,31.644,26.553,60.153
Bound Backbone,BLUE,6.354,2.827,False,A,PRO426,O,34.456,27.072,59.323,A,LEU429,N,32.365,26.578,57.486
Bound Backbone,BLUE,5.98,2.911,False,A,PRO426,O,34.456,27.072,59.323,A,ALA430,N,34.505,24.853,57.439
Bound Backbone,BLUE,5.696,2.842,False,A,LYS427,N,34.036,27.23,61.53,A,GLU428,N,31.644,26.553,60.153
Thermal Noise,RED,2.901,3.716,False,A,LYS427,N,34.036,27.23,61.53,A,GLU428,OE1,30.734,28.928,61.372
Phase Boundary,YELLOW,4.832,3.234,False,A,LYS427,N,34.036,27.23,61.53,A,HOH848,O,33.794,29.696,63.608
Bound Backbone,BLUE,8.156,2.217,False,A,LYS427,O,32.374,24.463,60.027,A,GLU428,N,31.644,26.553,60.153
Phase Boundary,YELLOW,4.321,3.66,False,A,LYS427,O,32.374,24.463,60.027,A,GLU428,O,30.569,25.323,56.961
Phase Boundary,YELLOW,5.038,3.306,False,A,LYS427,O,32.374,24.463,60.027,A,LEU429,N,32.365,26.578,57.486
Phase Boundary,YELLOW,4.828,3.375,False,A,LYS427,O,32.374,24.463,60.027,A,ALA430,N,34.505,24.853,57.439
Bound Backbone,BLUE,6.192,2.915,False,A,LYS427,O,32.374,24.463,60.027,A,SER431,N,33.14,22.536,57.979
Bound Backbone,BLUE,6.187,2.559,False,A,LYS427,O,32.374,24.463,60.027,A,SER431,OG,30.777,22.496,59.665
Bound Backbone,BLUE,6.493,2.733,False,A,LYS427,O,32.374,24.463,60.027,A,HOH897,O,33.623,22.612,61.602
Bound Backbone,BLUE,8.352,2.763,False,A,GLU428,N,31.644,26.553,60.153,A,LEU429,N,32.365,26.578,57.486
Bound Backbone,BLUE,8.156,2.253,False,A,GLU428,O,30.569,25.323,56.961,A,LEU429,N,32.365,26.578,57.486
Thermal Noise,RED,3.072,3.801,False,A,GLU428,O,30.569,25.323,56.961,A,LEU429,O,33.852,24.231,55.387
Thermal Noise,RED,2.533,3.993,False,A,GLU428,O,30.569,25.323,56.961,A,ALA430,N,34.505,24.853,57.439
Thermal Noise,RED,2.707,3.926,False,A,GLU428,O,30.569,25.323,56.961,A,SER431,N,33.14,22.536,57.979
Thermal Noise,RED,3.398,3.918,False,A,GLU428,O,30.569,25.323,56.961,A,SER431,OG,30.777,22.496,59.665
Thermal Noise,RED,2.801,3.94,False,A,GLU428,O,30.569,25.323,56.961,A,LYS432,N,31.92,21.919,55.509
Thermal Noise,RED,3.246,3.867,False,A,GLU428,OE1,30.734,28.928,61.372,A,HOH848,O,33.794,29.696,63.608
Bound Backbone,BLUE,5.296,2.749,False,A,LEU429,N,32.365,26.578,57.486,A,ALA430,N,34.505,24.853,57.439
Bound Backbone,BLUE,12.214,2.241,False,A,LEU429,O,33.852,24.231,55.387,A,ALA430,N,34.505,24.853,57.439
Phase Boundary,YELLOW,4.197,3.271,False,A,LEU429,O,33.852,24.231,55.387,A,ALA430,O,34.734,21.426,56.821
Bound Backbone,BLUE,5.641,3.178,False,A,LEU429,O,33.852,24.231,55.387,A,SER431,N,33.14,22.536,57.979
Phase Boundary,YELLOW,4.406,3.015,False,A,LEU429,O,33.852,24.231,55.387,A,LYS432,N,31.92,21.919,55.509
Thermal Noise,RED,2.682,3.966,False,A,LEU429,O,33.852,24.231,55.387,A,PHE433,N,33.883,20.438,54.228
Bound Backbone,BLUE,5.451,2.743,False,A,ALA430,N,34.505,24.853,57.439,A,SER431,N,33.14,22.536,57.979
Bound Backbone,BLUE,9.132,2.261,False,A,ALA430,O,34.734,21.426,56.821,A,SER431,N,33.14,22.536,57.979
Thermal Noise,RED,3.505,3.409,False,A,ALA430,O,34.734,21.426,56.821,A,SER431,O,31.786,19.812,56.25
Phase Boundary,YELLOW,4.498,3.144,False,A,ALA430,O,34.734,21.426,56.821,A,LYS432,N,31.92,21.919,55.509
Bound Backbone,BLUE,7.164,2.902,False,A,ALA430,O,34.734,21.426,56.821,A,PHE433,N,33.883,20.438,54.228
Thermal Noise,RED,4.072,3.201,False,A,ALA430,O,34.734,21.426,56.821,A,THR434,N,34.559,18.339,55.992
Phase Boundary,YELLOW,4.144,3.419,False,A,ALA430,O,34.734,21.426,56.821,A,THR434,OG1,34.107,18.7,58.787
Phase Boundary,YELLOW,4.402,3.812,False,A,ALA430,O,34.734,21.426,56.821,A,HOH896,O,35.238,20.638,60.516
Bound Backbone,BLUE,7.467,2.823,False,A,SER431,N,33.14,22.536,57.979,A,LYS432,N,31.92,21.919,55.509
Thermal Noise,RED,3.558,3.8,False,A,SER431,N,33.14,22.536,57.979,A,HOH896,O,35.238,20.638,60.516
Phase Boundary,YELLOW,4.866,3.656,False,A,SER431,N,33.14,22.536,57.979,A,HOH897,O,33.623,22.612,61.602
Bound Backbone,BLUE,8.552,2.238,False,A,SER431,O,31.786,19.812,56.25,A,LYS432,N,31.92,21.919,55.509
Bound Backbone,BLUE,5.543,3.417,False,A,SER431,O,31.786,19.812,56.25,A,LYS432,O,32.315,19.534,52.886
Bound Backbone,BLUE,5.829,2.98,False,A,SER431,O,31.786,19.812,56.25,A,PHE433,N,33.883,20.438,54.228
Thermal Noise,RED,4.049,3.151,False,A,SER431,O,31.786,19.812,56.25,A,THR434,N,34.559,18.339,55.992
Thermal Noise,RED,4.025,3.614,False,A,SER431,O,31.786,19.812,56.25,A,THR434,OG1,34.107,18.7,58.787
Bound Backbone,BLUE,6.594,2.487,False,A,SER431,O,31.786,19.812,56.25,A,SER435,N,32.094,17.382,56.679
Thermal Noise,RED,2.576,3.96,False,A,SER431,O,31.786,19.812,56.25,A,SER435,OG,28.521,17.622,55.778
Thermal Noise,RED,4.052,3.445,False,A,SER431,OG,30.777,22.496,59.665,A,HOH897,O,33.623,22.612,61.602
Bound Backbone,BLUE,5.913,2.773,False,A,LYS432,N,31.92,21.919,55.509,A,PHE433,N,33.883,20.438,54.228
Bound Backbone,BLUE,9.663,2.253,False,A,LYS432,O,32.315,19.534,52.886,A,PHE433,N,33.883,20.438,54.228
Thermal Noise,RED,2.959,3.806,False,A,LYS432,O,32.315,19.534,52.886,A,PHE433,O,34.938,17.087,54.158
Bound Backbone,BLUE,6.265,2.824,False,A,PHE433,N,33.883,20.438,54.228,A,THR434,N,34.559,18.339,55.992
Bound Backbone,BLUE,11.213,2.253,False,A,PHE433,O,34.938,17.087,54.158,A,THR434,N,34.559,18.339,55.992
Thermal Noise,RED,3.521,3.812,False,A,PHE433,O,34.938,17.087,54.158,A,SER435,N,32.094,17.382,56.679
Bound Backbone,BLUE,5.578,2.732,False,A,THR434,N,34.559,18.339,55.992,A,SER435,N,32.094,17.382,56.679
Bound Backbone,BLUE,8.654,2.235,False,A,THR434,O,32.9,15.454,57.471,A,SER435,N,32.094,17.382,56.679
Bound Backbone,BLUE,5.877,2.631,False,A,THR434,O,32.9,15.454,57.471,A,SER435,O,30.418,14.69,57.051
Phase Boundary,YELLOW,4.147,3.56,False,A,THR434,O,32.9,15.454,57.471,A,GLY436,N,30.364,15.501,54.973
Thermal Noise,RED,3.721,3.752,False,A,THR434,O,32.9,15.454,57.471,A,HOH759,O,31.133,17.485,60.084
Phase Boundary,YELLOW,4.992,3.199,False,A,THR434,OG1,34.107,18.7,58.787,A,SER435,N,32.094,17.382,56.679
Thermal Noise,RED,3.632,3.465,False,A,THR434,OG1,34.107,18.7,58.787,A,HOH759,O,31.133,17.485,60.084
Bound Backbone,BLUE,6.17,2.833,False,A,THR434,OG1,34.107,18.7,58.787,A,HOH896,O,35.238,20.638,60.516
Phase Boundary,YELLOW,5.07,3.073,False,A,SER435,N,32.094,17.382,56.679,A,GLY436,N,30.364,15.501,54.973
Phase Boundary,YELLOW,5.076,3.54,False,A,SER435,N,32.094,17.382,56.679,A,HOH759,O,31.133,17.485,60.084
Bound Backbone,BLUE,12.475,2.231,False,A,SER435,O,30.418,14.69,57.051,A,GLY436,N,30.364,15.501,54.973
Thermal Noise,RED,3.613,3.839,False,A,SER435,O,30.418,14.69,57.051,A,GLY436,O,27.8,15.159,54.282
Phase Boundary,YELLOW,4.911,2.923,False,A,SER435,OG,28.521,17.622,55.778,A,GLY436,N,30.364,15.501,54.973
Phase Boundary,YELLOW,5.267,2.971,False,A,SER435,OG,28.521,17.622,55.778,A,GLY436,O,27.8,15.159,54.282
Phase Boundary,YELLOW,4.981,3.31,False,A,GLY436,N,30.364,15.501,54.973,A,LYS437,N,28.654,14.171,52.47
Bound Backbone,BLUE,11.382,2.234,False,A,GLY436,O,27.8,15.159,54.282,A,LYS437,N,28.654,14.171,52.47
Phase Boundary,YELLOW,4.739,3.407,False,A,GLY436,O,27.8,15.159,54.282,A,LYS437,O,25.971,16.355,51.668
Phase Boundary,YELLOW,4.633,3.634,False,A,GLY436,O,27.8,15.159,54.282,A,GLU438,N,28.134,16.613,50.968
Bound Backbone,BLUE,5.511,2.914,False,A,LYS437,N,28.654,14.171,52.47,A,GLU438,N,28.134,16.613,50.968
Bound Backbone,BLUE,8.1,2.288,False,A,LYS437,O,25.971,16.355,51.668,A,GLU438,N,28.134,16.613,50.968
Thermal Noise,RED,3.975,3.884,False,A,LYS437,O,25.971,16.355,51.668,A,GLU439,N,27.358,17.516,48.231
Bound Backbone,BLUE,6.896,2.985,False,A,GLU438,N,28.134,16.613,50.968,A,GLU439,N,27.358,17.516,48.231
Bound Backbone,BLUE,8.407,2.237,False,A,GLU438,O,29.407,16.882,48.868,A,GLU439,N,27.358,17.516,48.231
Bound Backbone,BLUE,5.475,3.399,False,A,GLU438,O,29.407,16.882,48.868,A,PRO440,N,29.52,17.879,45.62
Bound Backbone,BLUE,8.949,2.641,False,A,GLU438,OE1,27.75,21.254,50.144,A,HOH645,O,28.648,21.062,47.668
Phase Boundary,YELLOW,4.728,3.409,False,A,GLU439,N,27.358,17.516,48.231,A,PRO440,N,29.52,17.879,45.62
Thermal Noise,RED,2.788,3.815,False,A,GLU439,N,27.358,17.516,48.231,A,HOH645,O,28.648,21.062,47.668
Bound Backbone,BLUE,7.965,2.252,False,A,GLU439,O,27.716,19.199,45.895,A,PRO440,N,29.52,17.879,45.62
Bound Backbone,BLUE,5.386,3.342,False,A,GLU439,O,27.716,19.199,45.895,A,PRO440,O,28.883,18.214,42.922
Phase Boundary,YELLOW,4.081,3.708,False,A,GLU439,O,27.716,19.199,45.895,A,ILE441,N,29.659,20.333,42.947
Bound Backbone,BLUE,6.778,2.735,False,A,GLU439,O,27.716,19.199,45.895,A,HOH645,O,28.648,21.062,47.668
Thermal Noise,RED,3.087,3.69,False,A,GLU439,OE1,24.967,16.308,43.825,A,HOH916,O,28.399,15.437,42.785
Phase Boundary,YELLOW,4.219,3.12,False,A,GLU439,OE2,25.592,14.23,43.415,A,HOH916,O,28.399,15.437,42.785
Phase Boundary,YELLOW,4.081,3.631,False,A,PRO440,N,29.52,17.879,45.62,A,ILE441,N,29.659,20.333,42.947
Thermal Noise,RED,3.122,3.884,False,A,PRO440,N,29.52,17.879,45.62,A,HOH645,O,28.648,21.062,47.668
Thermal Noise,RED,3.502,3.906,False,A,PRO440,N,29.52,17.879,45.62,A,HOH916,O,28.399,15.437,42.785
Bound Backbone,BLUE,7.859,2.257,False,A,PRO440,O,28.883,18.214,42.922,A,ILE441,N,29.659,20.333,42.947
Phase Boundary,YELLOW,5.063,3.442,False,A,PRO440,O,28.883,18.214,42.922,A,VAL442,N,30.112,19.238,39.874
Phase Boundary,YELLOW,5.032,2.822,False,A,PRO440,O,28.883,18.214,42.922,A,HOH916,O,28.399,15.437,42.785
Bound Backbone,BLUE,5.733,3.294,False,A,ILE441,N,29.659,20.333,42.947,A,VAL442,N,30.112,19.238,39.874
Bound Backbone,BLUE,9.152,2.23,False,A,ILE441,O,31.481,20.662,40.908,A,VAL442,N,30.112,19.238,39.874
Phase Boundary,YELLOW,4.609,3.691,False,A,ILE441,O,31.481,20.662,40.908,A,LEU443,N,32.451,19.95,37.419
Phase Boundary,YELLOW,4.399,3.465,False,A,VAL442,N,30.112,19.238,39.874,A,LEU443,N,32.451,19.95,37.419
Phase Boundary,YELLOW,4.505,3.029,False,A,VAL442,N,30.112,19.238,39.874,A,HOH845,O,27.339,18.231,39.188
Bound Backbone,BLUE,7.956,2.28,False,A,VAL442,O,30.294,19.429,36.894,A,LEU443,N,32.451,19.95,37.419
Thermal Noise,RED,3.157,3.928,False,A,VAL442,O,30.294,19.429,36.894,A,HOH845,O,27.339,18.231,39.188
Bound Backbone,BLUE,7.621,2.872,False,A,VAL442,O,30.294,19.429,36.894,A,HOH891,O,30.143,18.515,34.176
Phase Boundary,YELLOW,4.691,3.657,False,A,LEU443,N,32.451,19.95,37.419,A,PRO444,N,33.649,20.039,33.965
Bound Backbone,BLUE,11.079,2.264,False,A,LEU443,O,34.321,18.899,35.802,A,PRO444,N,33.649,20.039,33.965
Phase Boundary,YELLOW,4.825,3.202,False,A,LEU443,O,34.321,18.899,35.802,A,PRO444,O,36.367,20.404,33.853
Thermal Noise,RED,3.682,3.884,False,A,LEU443,O,34.321,18.899,35.802,A,ILE445,N,36.707,18.457,32.769
Thermal Noise,RED,3.219,3.645,False,A,PRO444,N,33.649,20.039,33.965,A,ILE445,N,36.707,18.457,32.769
Thermal Noise,RED,2.735,3.829,False,A,PRO444,N,33.649,20.039,33.965,A,HOH891,O,30.143,18.515,34.176
Bound Backbone,BLUE,9.035,2.254,False,A,PRO444,O,36.367,20.404,33.853,A,ILE445,N,36.707,18.457,32.769
Thermal Noise,RED,3.195,3.643,False,A,PRO444,O,36.367,20.404,33.853,A,ILE445,O,39.826,20.144,32.74
Bound Backbone,BLUE,5.92,3.116,False,A,PRO444,O,36.367,20.404,33.853,A,TRP446,N,38.108,20.243,31.274
Phase Boundary,YELLOW,5.214,2.975,False,A,PRO444,O,36.367,20.404,33.853,A,ASP447,N,37.526,22.723,32.394
Bound Backbone,BLUE,6.46,2.718,False,A,ILE445,N,36.707,18.457,32.769,A,TRP446,N,38.108,20.243,31.274
Phase Boundary,YELLOW,4.438,3.071,False,A,ILE445,N,36.707,18.457,32.769,A,HOH584,O,35.21,15.905,31.947
Bound Backbone,BLUE,9.927,2.261,False,A,ILE445,O,39.826,20.144,32.74,A,TRP446,N,38.108,20.243,31.274
Thermal Noise,RED,3.339,3.473,False,A,ILE445,O,39.826,20.144,32.74,A,ASP447,N,37.526,22.723,32.394
Bound Backbone,BLUE,6.28,2.581,False,A,ILE445,O,39.826,20.144,32.74,A,HOH524,O,40.788,22.438,33.428
Phase Boundary,YELLOW,5.199,2.797,False,A,ILE445,O,39.826,20.144,32.74,A,HOH525,O,42.573,19.866,32.294
Bound Backbone,BLUE,5.701,2.783,False,A,TRP446,N,38.108,20.243,31.274,A,ASP447,N,37.526,22.723,32.394
Bound Backbone,BLUE,11.239,2.245,False,A,TRP446,O,38.274,23.814,30.58,A,ASP447,N,37.526,22.723,32.394
Bound Backbone,BLUE,5.695,3.273,False,A,TRP446,O,38.274,23.814,30.58,A,ASP447,O,39.295,24.73,33.552
Phase Boundary,YELLOW,4.097,3.583,False,A,TRP446,O,38.274,23.814,30.58,A,PRO448,N,37.744,26.306,33.1
Bound Backbone,BLUE,5.695,2.95,False,A,TRP446,O,38.274,23.814,30.58,A,HOH633,O,37.946,26.124,28.775
Thermal Noise,RED,2.636,3.95,False,A,TRP446,O,38.274,23.814,30.58,A,HOH675,O,42.095,23.247,29.753
Phase Boundary,YELLOW,4.546,2.99,False,A,TRP446,NE1,34.574,21.562,28.878,A,HOH735,O,31.85,22.702,29.349
Thermal Noise,RED,3.061,3.658,False,A,ASP447,N,37.526,22.723,32.394,A,PRO448,N,37.744,26.306,33.1
Thermal Noise,RED,3.59,3.434,False,A,ASP447,N,37.526,22.723,32.394,A,HOH524,O,40.788,22.438,33.428
Bound Backbone,BLUE,8.057,2.257,False,A,ASP447,O,39.295,24.73,33.552,A,PRO448,N,37.744,26.306,33.1
Thermal Noise,RED,3.12,3.727,False,A,ASP447,O,39.295,24.73,33.552,A,PRO448,O,40.376,28.034,34.895
Bound Backbone,BLUE,5.354,3.113,False,A,ASP447,O,39.295,24.73,33.552,A,MET449,N,38.607,26.899,35.676
Phase Boundary,YELLOW,4.765,3.464,False,A,ASP447,O,39.295,24.73,33.552,A,GLY450,N,41.079,25.584,36.396
Bound Backbone,BLUE,5.345,2.738,False,A,ASP447,O,39.295,24.73,33.552,A,HOH524,O,40.788,22.438,33.428
Phase Boundary,YELLOW,4.841,3.025,False,A,ASP447,O,39.295,24.73,33.552,A,HOH744,O,41.901,25.636,32.311
Thermal Noise,RED,2.89,3.847,False,A,ASP447,OD1,34.382,24.929,34.365,A,PRO448,N,37.744,26.306,33.1
Bound Backbone,BLUE,7.441,2.798,False,A,ASP447,OD1,34.382,24.929,34.365,A,HOH781,O,33.232,23.979,31.998
Bound Backbone,BLUE,5.455,3.22,False,A,ASP447,OD2,35.97,25.61,35.696,A,PRO448,N,37.744,26.306,33.1
Phase Boundary,YELLOW,4.645,2.935,False,A,ASP447,OD2,35.97,25.61,35.696,A,MET449,N,38.607,26.899,35.676
Bound Backbone,BLUE,8.002,2.781,False,A,PRO448,N,37.744,26.306,33.1,A,MET449,N,38.607,26.899,35.676
Bound Backbone,BLUE,8.575,2.242,False,A,PRO448,O,40.376,28.034,34.895,A,MET449,N,38.607,26.899,35.676
Bound Backbone,BLUE,5.323,2.958,False,A,PRO448,O,40.376,28.034,34.895,A,GLY450,N,41.079,25.584,36.396
Thermal Noise,RED,3.494,3.841,False,A,PRO448,O,40.376,28.034,34.895,A,HOH744,O,41.901,25.636,32.311
Thermal Noise,RED,4.058,3.144,False,A,PRO448,O,40.376,28.034,34.895,A,HOH778,O,43.194,26.653,34.697
Phase Boundary,YELLOW,4.977,2.891,False,A,MET449,N,38.607,26.899,35.676,A,GLY450,N,41.079,25.584,36.396
Bound Backbone,BLUE,10.433,2.255,False,A,MET449,O,39.709,24.804,38.008,A,GLY450,N,41.079,25.584,36.396
Thermal Noise,RED,2.554,3.961,False,A,MET449,O,39.709,24.804,38.008,A,GLY450,O,43.644,25.222,37.844
Thermal Noise,RED,3.06,3.621,False,A,GLY450,N,41.079,25.584,36.396,A,ALA451,N,44.249,23.849,36.171
Bound Backbone,BLUE,5.724,2.916,False,A,GLY450,N,41.079,25.584,36.396,A,HOH778,O,43.194,26.653,34.697
Bound Backbone,BLUE,10.72,2.247,False,A,GLY450,O,43.644,25.222,37.844,A,ALA451,N,44.249,23.849,36.171
Phase Boundary,YELLOW,4.741,3.317,False,A,GLY450,O,43.644,25.222,37.844,A,ALA451,O,45.898,26.041,35.552
Thermal Noise,RED,2.681,3.919,False,A,GLY450,O,43.644,25.222,37.844,A,LEU452,N,47.472,25.31,37.008
Phase Boundary,YELLOW,5.0,3.486,False,A,GLY450,O,43.644,25.222,37.844,A,HOH778,O,43.194,26.653,34.697
Thermal Noise,RED,3.129,3.636,False,A,ALA451,N,44.249,23.849,36.171,A,LEU452,N,47.472,25.31,37.008
Bound Backbone,BLUE,6.882,2.944,False,A,ALA451,N,44.249,23.849,36.171,A,HOH777,O,43.404,22.718,33.588
Thermal Noise,RED,4.035,3.339,False,A,ALA451,N,44.249,23.849,36.171,A,HOH778,O,43.194,26.653,34.697
Bound Backbone,BLUE,9.849,2.265,False,A,ALA451,O,45.898,26.041,35.552,A,LEU452,N,47.472,25.31,37.008
Phase Boundary,YELLOW,4.3,3.761,False,A,ALA451,O,45.898,26.041,35.552,A,HOH526,O,45.556,24.471,32.151
Thermal Noise,RED,4.022,3.863,False,A,ALA451,O,45.898,26.041,35.552,A,HOH527,O,45.336,27.744,32.131
Thermal Noise,RED,3.882,3.7,False,A,ALA451,O,45.898,26.041,35.552,A,HOH773,O,47.979,27.559,32.896
Phase Boundary,YELLOW,4.106,3.496,False,A,ALA451,O,45.898,26.041,35.552,A,HOH774,O,48.347,24.881,33.343
Phase Boundary,YELLOW,5.017,2.901,False,A,ALA451,O,45.898,26.041,35.552,A,HOH778,O,43.194,26.653,34.697
Thermal Noise,RED,3.572,3.504,False,A,LEU452,N,47.472,25.31,37.008,A,ALA453,N,50.149,27.116,35.647
Phase Boundary,YELLOW,4.437,3.792,False,A,LEU452,N,47.472,25.31,37.008,A,HOH774,O,48.347,24.881,33.343
Bound Backbone,BLUE,9.724,2.24,False,A,LEU452,O,50.269,25.306,36.961,A,ALA453,N,50.149,27.116,35.647
Phase Boundary,YELLOW,4.447,3.532,False,A,ALA453,N,50.149,27.116,35.647,A,HOH773,O,47.979,27.559,32.896
Thermal Noise,RED,3.69,3.681,False,A,ALA453,N,50.149,27.116,35.647,A,HOH774,O,48.347,24.881,33.343
Thermal Noise,RED,2.723,3.948,False,A,ALA453,O,53.626,27.9,35.377,A,HOH743,O,54.475,31.559,34.162
Phase Boundary,YELLOW,4.429,3.595,False,A,ALA453,OXT,51.899,29.202,35.708,A,HOH623,O,50.638,30.812,32.751
Thermal Noise,RED,3.031,3.819,False,A,ALA453,OXT,51.899,29.202,35.708,A,HOH743,O,54.475,31.559,34.162
Ligand Boundary Hotspot,ORANGE,4.907,2.963,True,A,SO41101,O1,66.804,36.322,37.315,A,HOH857,O,64.325,37.578,36.287
Ligand Boundary Hotspot,ORANGE,4.716,3.066,True,A,SO41101,O2,67.042,33.898,37.386,A,HOH907,O,69.443,32.467,36.127
Ligand Fluctuation Noise,RED,3.605,3.665,True,A,SO41101,O3,68.706,35.375,38.233,A,HOH907,O,69.443,32.467,36.127
Ligand Bound Core,BLUE,7.132,2.989,True,A,SO41101,O4,66.694,35.058,39.447,A,HOH812,O,67.482,34.984,42.329
Ligand Fluctuation Noise,RED,2.948,3.962,True,A,SO41101,S,67.278,35.141,38.092,A,HOH907,O,69.443,32.467,36.127
Ligand Bound Core,BLUE,5.824,2.73,True,A,SO41102,O1,39.06,5.497,16.048,A,HOH632,O,36.592,6.106,17.043
Ligand Bound Core,BLUE,6.285,3.108,True,A,SO41102,O1,39.06,5.497,16.048,A,HOH682,O,38.195,6.527,13.246
Ligand Boundary Hotspot,ORANGE,4.564,2.977,True,A,SO41102,O2,39.9,3.327,15.954,A,HOH566,O,41.955,1.208,15.566
Ligand Bound Core,BLUE,5.431,3.193,True,A,SO41102,O2,39.9,3.327,15.954,A,HOH762,O,38.501,1.878,13.477
Ligand Fluctuation Noise,RED,2.762,3.836,True,A,SO41102,O3,41.417,4.959,16.161,A,HOH566,O,41.955,1.208,15.566
Ligand Fluctuation Noise,RED,2.901,3.788,True,A,SO41102,O4,39.882,4.488,17.996,A,HOH632,O,36.592,6.106,17.043
Ligand Fluctuation Noise,RED,2.765,3.821,True,A,SO41102,S,40.076,4.603,16.591,A,HOH632,O,36.592,6.106,17.043
Ligand Boundary Hotspot,ORANGE,4.702,3.405,True,A,SO41103,O1,29.843,37.873,44.906,A,HOH640,O,27.614,37.714,47.475
Ligand Fluctuation Noise,RED,3.037,3.971,True,A,SO41103,O1,29.843,37.873,44.906,A,HOH738,O,33.142,37.986,42.698
Ligand Boundary Hotspot,ORANGE,4.147,3.795,True,A,SO41103,O2,32.204,37.757,45.74,A,HOH550,O,32.109,39.561,49.077
Ligand Fluctuation Noise,RED,2.597,3.993,True,A,SO41103,O2,32.204,37.757,45.74,A,HOH639,O,33.921,41.239,44.805
Ligand Bound Core,BLUE,6.2,3.192,True,A,SO41103,O2,32.204,37.757,45.74,A,HOH738,O,33.142,37.986,42.698
Ligand Boundary Hotspot,ORANGE,4.362,3.03,True,A,SO41103,O3,31.281,39.755,44.891,A,HOH639,O,33.921,41.239,44.805
Ligand Boundary Hotspot,ORANGE,4.452,3.377,True,A,SO41103,O3,31.281,39.755,44.891,A,HOH738,O,33.142,37.986,42.698
Ligand Bound Core,BLUE,7.319,2.77,True,A,SO41103,O4,30.538,38.978,46.871,A,HOH550,O,32.109,39.561,49.077
Ligand Fluctuation Noise,RED,3.891,3.242,True,A,SO41103,O4,30.538,38.978,46.871,A,HOH640,O,27.614,37.714,47.475
Ligand Boundary Hotspot,ORANGE,4.21,3.818,True,A,SO41103,S,30.966,38.542,45.579,A,HOH550,O,32.109,39.561,49.077
Ligand Fluctuation Noise,RED,2.96,3.939,True,A,SO41103,S,30.966,38.542,45.579,A,HOH640,O,27.614,37.714,47.475
Ligand Boundary Hotspot,ORANGE,4.186,3.653,True,A,SO41103,S,30.966,38.542,45.579,A,HOH738,O,33.142,37.986,42.698
Ligand Fluctuation Noise,RED,3.087,3.602,True,A,SO41104,O1,58.889,18.572,16.242,A,HOH531,O,61.385,15.978,16.353
Ligand Fluctuation Noise,RED,3.735,3.536,True,A,SO41105,O1,41.804,51.153,43.177,A,HOH642,O,41.879,48.117,44.988
Ligand Bound Core,BLUE,5.729,3.066,True,A,SO41105,O1,41.804,51.153,43.177,A,HOH677,O,40.889,49.294,40.917
Ligand Boundary Hotspot,ORANGE,5.077,3.016,True,A,SO41105,O1,41.804,51.153,43.177,A,HOH678,O,44.324,50.414,44.66
Ligand Fluctuation Noise,RED,3.162,3.611,True,A,SO41105,O3,42.411,53.374,43.873,A,HOH678,O,44.324,50.414,44.66
Ligand Fluctuation Noise,RED,2.9,3.837,True,A,SO41105,S,41.354,52.502,43.419,A,HOH678,O,44.324,50.414,44.66
Ligand Bound Core,BLUE,7.925,2.797,True,A,GOL1001,O1,53.401,25.259,56.64,A,HOH753,O,53.341,24.225,59.238
Ligand Boundary Hotspot,ORANGE,4.509,3.166,True,A,GOL1001,O1,53.401,25.259,56.64,A,HOH833,O,53.817,28.054,58.068
Ligand Fluctuation Noise,RED,3.025,3.639,True,A,GOL1001,O2,50.472,25.057,57.009,A,HOH574,O,50.405,21.421,56.88
Ligand Fluctuation Noise,RED,3.537,3.727,True,A,GOL1001,O2,50.472,25.057,57.009,A,HOH753,O,53.341,24.225,59.238
Ligand Boundary Hotspot,ORANGE,4.119,3.649,True,A,GOL1001,O2,50.472,25.057,57.009,A,HOH898,O,50.238,22.708,59.791
Ligand Bound Core,BLUE,8.468,2.721,True,A,GOL1001,O3,49.254,24.976,54.315,A,HOH595,O,49.293,25.879,51.749
Ligand Bound Core,BLUE,5.648,2.876,True,A,GOL1002,O1,35.178,23.688,25.463,A,HOH780,O,35.944,26.035,26.939
Ligand Bound Core,BLUE,6.372,3.201,True,A,GOL1002,O1,35.178,23.688,25.463,A,HOH783,O,35.042,23.932,22.274
Ligand Boundary Hotspot,ORANGE,5.225,2.987,True,A,GOL1002,O2,35.85,21.491,23.794,A,HOH783,O,35.042,23.932,22.274
Ligand Fluctuation Noise,RED,3.54,3.75,True,A,GOL1002,O3,38.61,20.664,23.959,A,HOH734,O,41.209,19.28,21.637
Phase Boundary,YELLOW,4.181,3.097,False,A,HOH501,O,50.119,60.739,40.75,A,HOH859,O,48.073,63.057,40.933
Phase Boundary,YELLOW,4.092,3.348,False,A,HOH502,O,58.558,49.035,40.537,A,HOH858,O,61.009,47.415,38.931
Bound Backbone,BLUE,5.58,3.308,False,A,HOH503,O,58.148,37.806,49.393,A,HOH504,O,58.808,36.597,52.401
Bound Backbone,BLUE,5.843,2.784,False,A,HOH503,O,58.148,37.806,49.393,A,HOH814,O,59.693,39.746,50.657
Thermal Noise,RED,3.323,3.707,False,A,HOH504,O,58.808,36.597,52.401,A,HOH814,O,59.693,39.746,50.657
Bound Backbone,BLUE,8.144,2.785,False,A,HOH506,O,55.837,31.867,44.112,A,HOH507,O,55.086,31.484,41.458
Phase Boundary,YELLOW,4.62,2.978,False,A,HOH508,O,63.965,30.885,30.039,A,HOH731,O,65.448,28.368,29.46
Phase Boundary,YELLOW,5.11,2.97,False,A,HOH508,O,63.965,30.885,30.039,A,HOH908,O,62.078,32.758,31.363
Bound Backbone,BLUE,6.174,2.656,False,A,HOH509,O,54.648,49.442,29.359,A,HOH510,O,52.562,48.128,30.346
Phase Boundary,YELLOW,4.331,3.064,False,A,HOH509,O,54.648,49.442,29.359,A,HOH635,O,54.892,52.458,28.88
Phase Boundary,YELLOW,4.753,2.912,False,A,HOH511,O,55.998,45.792,31.577,A,HOH512,O,54.067,43.634,31.268
Bound Backbone,BLUE,5.652,2.679,False,A,HOH514,O,64.674,28.841,40.998,A,HOH515,O,64.691,26.191,40.602
Phase Boundary,YELLOW,4.74,3.127,False,A,HOH514,O,64.674,28.841,40.998,A,HOH603,O,67.105,30.042,42.555
Thermal Noise,RED,3.318,3.66,False,A,HOH514,O,64.674,28.841,40.998,A,HOH701,O,67.678,27.412,39.472
Thermal Noise,RED,3.967,3.915,False,A,HOH514,O,64.674,28.841,40.998,A,HOH702,O,65.709,27.518,37.462
Thermal Noise,RED,2.616,3.93,False,A,HOH515,O,64.691,26.191,40.602,A,HOH578,O,64.74,22.291,41.088
Thermal Noise,RED,3.661,3.419,False,A,HOH515,O,64.691,26.191,40.602,A,HOH701,O,67.678,27.412,39.472
Phase Boundary,YELLOW,4.729,3.558,False,A,HOH515,O,64.691,26.191,40.602,A,HOH702,O,65.709,27.518,37.462
Bound Backbone,BLUE,6.417,2.664,False,A,HOH516,O,68.524,28.321,46.955,A,HOH600,O,68.845,25.985,48.194
Bound Backbone,BLUE,5.61,2.677,False,A,HOH516,O,68.524,28.321,46.955,A,HOH604,O,70.865,29.6,46.734
Bound Backbone,BLUE,5.73,2.974,False,A,HOH517,O,68.11,15.149,36.624,A,HOH577,O,67.649,17.369,38.549
Phase Boundary,YELLOW,4.784,2.896,False,A,HOH517,O,68.11,15.149,36.624,A,HOH608,O,70.927,15.795,36.432
Thermal Noise,RED,3.166,3.993,False,A,HOH517,O,68.11,15.149,36.624,A,HOH637,O,70.892,13.859,39.181
Phase Boundary,YELLOW,5.077,2.831,False,A,HOH520,O,49.803,-3.182,33.376,A,HOH808,O,50.948,-0.634,33.836
Bound Backbone,BLUE,5.928,2.899,False,A,HOH520,O,49.803,-3.182,33.376,A,HOH899,O,51.46,-4.738,35.176
Thermal Noise,RED,3.634,3.36,False,A,HOH522,O,43.175,20.114,49.477,A,HOH583,O,40.351,21.808,48.811
Bound Backbone,BLUE,8.033,2.623,False,A,HOH522,O,43.175,20.114,49.477,A,HOH628,O,43.537,21.737,47.449
Thermal Noise,RED,3.957,3.842,False,A,HOH522,O,43.175,20.114,49.477,A,HOH837,O,44.08,18.301,52.741
Bound Backbone,BLUE,5.546,2.821,False,A,HOH522,O,43.175,20.114,49.477,A,HOH838,O,43.947,17.649,48.343
Thermal Noise,RED,3.708,3.727,False,A,HOH522,O,43.175,20.114,49.477,A,HOH839,O,41.441,17.965,46.974
Thermal Noise,RED,3.599,3.335,False,A,HOH522,O,43.175,20.114,49.477,A,HOH840,O,40.069,18.9,49.446
Bound Backbone,BLUE,6.754,2.645,False,A,HOH523,O,36.957,31.343,30.356,A,HOH913,O,38.836,30.126,28.948
Thermal Noise,RED,3.876,3.33,False,A,HOH524,O,40.788,22.438,33.428,A,HOH525,O,42.573,19.866,32.294
Thermal Noise,RED,3.888,3.984,False,A,HOH524,O,40.788,22.438,33.428,A,HOH675,O,42.095,23.247,29.753
Thermal Noise,RED,3.344,3.566,False,A,HOH524,O,40.788,22.438,33.428,A,HOH744,O,41.901,25.636,32.311
Bound Backbone,BLUE,5.774,2.636,False,A,HOH524,O,40.788,22.438,33.428,A,HOH777,O,43.404,22.718,33.588
Bound Backbone,BLUE,5.589,2.685,False,A,HOH525,O,42.573,19.866,32.294,A,HOH704,O,44.033,17.63,32.015
Phase Boundary,YELLOW,4.489,3.014,False,A,HOH525,O,42.573,19.866,32.294,A,HOH776,O,45.405,20.756,32.817
Phase Boundary,YELLOW,4.199,3.24,False,A,HOH525,O,42.573,19.866,32.294,A,HOH777,O,43.404,22.718,33.588
Thermal Noise,RED,3.719,3.28,False,A,HOH526,O,45.556,24.471,32.151,A,HOH527,O,45.336,27.744,32.131
Bound Backbone,BLUE,7.367,2.914,False,A,HOH526,O,45.556,24.471,32.151,A,HOH674,O,46.001,23.59,29.409
Thermal Noise,RED,2.718,3.84,False,A,HOH526,O,45.556,24.471,32.151,A,HOH744,O,41.901,25.636,32.311
Thermal Noise,RED,2.563,3.995,False,A,HOH526,O,45.556,24.471,32.151,A,HOH773,O,47.979,27.559,32.896
Phase Boundary,YELLOW,4.679,3.062,False,A,HOH526,O,45.556,24.471,32.151,A,HOH774,O,48.347,24.881,33.343
Thermal Noise,RED,2.86,3.777,False,A,HOH526,O,45.556,24.471,32.151,A,HOH776,O,45.405,20.756,32.817
Phase Boundary,YELLOW,4.648,3.126,False,A,HOH526,O,45.556,24.471,32.151,A,HOH777,O,43.404,22.718,33.588
Bound Backbone,BLUE,5.52,2.758,False,A,HOH527,O,45.336,27.744,32.131,A,HOH773,O,47.979,27.559,32.896
Phase Boundary,YELLOW,4.334,3.516,False,A,HOH527,O,45.336,27.744,32.131,A,HOH778,O,43.194,26.653,34.697
Thermal Noise,RED,3.055,3.936,False,A,HOH528,O,60.359,25.332,26.93,A,HOH529,O,62.571,22.851,24.822
Thermal Noise,RED,3.784,3.497,False,A,HOH529,O,62.571,22.851,24.822,A,HOH530,O,63.095,19.859,26.554
Phase Boundary,YELLOW,4.544,2.968,False,A,HOH533,O,38.704,53.645,1.75,A,HOH534,O,37.388,50.985,1.734
Bound Backbone,BLUE,6.97,2.664,False,A,HOH537,O,30.39,41.056,5.014,A,HOH791,O,28.908,39.549,3.393
Bound Backbone,BLUE,6.484,2.683,False,A,HOH539,O,48.662,46.963,20.587,A,HOH540,O,49.05,49.236,19.215
Phase Boundary,YELLOW,4.614,3.763,False,A,HOH540,O,49.05,49.236,19.215,A,HOH541,O,48.818,49.08,15.462
Thermal Noise,RED,3.662,3.988,False,A,HOH542,O,55.343,49.007,21.657,A,HOH904,O,57.09,50.22,18.283
Bound Backbone,BLUE,5.349,2.748,False,A,HOH543,O,46.878,43.405,30.626,A,HOH622,O,46.732,46.129,30.296
Thermal Noise,RED,2.644,3.897,False,A,HOH544,O,43.852,49.239,32.907,A,HOH709,O,40.152,50.431,32.637
Thermal Noise,RED,2.828,3.807,False,A,HOH544,O,43.852,49.239,32.907,A,HOH710,O,41.672,52.271,33.646
Thermal Noise,RED,3.068,3.624,False,A,HOH545,O,44.33,54.705,34.028,A,HOH710,O,41.672,52.271,33.646
Phase Boundary,YELLOW,5.005,2.844,False,A,HOH546,O,43.152,47.615,40.529,A,HOH677,O,40.889,49.294,40.917
Bound Backbone,BLUE,8.025,2.749,False,A,HOH547,O,47.655,50.733,47.697,A,HOH548,O,48.395,49.792,45.222
Thermal Noise,RED,3.307,3.479,False,A,HOH547,O,47.655,50.733,47.697,A,HOH866,O,49.402,53.741,47.707
Bound Backbone,BLUE,5.875,2.685,False,A,HOH549,O,47.533,43.268,60.289,A,HOH886,O,46.037,45.344,61.103
Bound Backbone,BLUE,5.832,2.984,False,A,HOH550,O,32.109,39.561,49.077,A,HOH679,O,30.113,40.43,51.118
Bound Backbone,BLUE,6.518,2.794,False,A,HOH551,O,32.784,41.192,38.285,A,HOH658,O,33.798,43.05,36.462
Thermal Noise,RED,3.785,3.647,False,A,HOH551,O,32.784,41.192,38.285,A,HOH680,O,31.39,38.749,40.606
Bound Backbone,BLUE,5.651,3.369,False,A,HOH551,O,32.784,41.192,38.285,A,HOH876,O,33.544,41.015,41.562
Bound Backbone,BLUE,5.57,2.834,False,A,HOH553,O,38.841,41.037,30.728,A,HOH554,O,41.03,42.36,29.507
Bound Backbone,BLUE,5.897,2.616,False,A,HOH553,O,38.841,41.037,30.728,A,HOH661,O,36.321,41.671,30.425
Phase Boundary,YELLOW,4.992,3.515,False,A,HOH554,O,41.03,42.36,29.507,A,HOH676,O,42.366,42.122,26.264
Thermal Noise,RED,2.744,3.96,False,A,HOH555,O,41.178,38.598,24.903,A,HOH676,O,42.366,42.122,26.264
Phase Boundary,YELLOW,4.795,2.962,False,A,HOH556,O,34.644,41.123,28.023,A,HOH557,O,33.423,43.688,28.861
Bound Backbone,BLUE,6.368,2.98,False,A,HOH556,O,34.644,41.123,28.023,A,HOH661,O,36.321,41.671,30.425
Thermal Noise,RED,3.997,3.877,False,A,HOH557,O,33.423,43.688,28.861,A,HOH660,O,35.155,43.263,32.304
Thermal Noise,RED,2.964,3.862,False,A,HOH557,O,33.423,43.688,28.861,A,HOH661,O,36.321,41.671,30.425
Thermal Noise,RED,3.761,3.444,False,A,HOH558,O,45.079,17.745,27.445,A,HOH618,O,45.478,14.652,28.906
Bound Backbone,BLUE,8.549,2.709,False,A,HOH558,O,45.079,17.745,27.445,A,HOH910,O,45.91,17.423,30.003
Bound Backbone,BLUE,5.663,2.919,False,A,HOH559,O,43.202,13.316,32.347,A,HOH560,O,44.214,15.494,34.006
Bound Backbone,BLUE,6.334,2.75,False,A,HOH559,O,43.202,13.316,32.347,A,HOH703,O,45.347,12.529,30.816
Bound Backbone,BLUE,6.054,2.926,False,A,HOH560,O,44.214,15.494,34.006,A,HOH704,O,44.033,17.63,32.015
Bound Backbone,BLUE,5.561,2.686,False,A,HOH560,O,44.214,15.494,34.006,A,HOH733,O,46.839,14.95,33.844
Phase Boundary,YELLOW,4.172,3.588,False,A,HOH561,O,54.16,17.349,33.643,A,HOH620,O,55.015,19.635,36.273
Phase Boundary,YELLOW,4.912,2.855,False,A,HOH562,O,40.174,16.102,39.876,A,HOH722,O,39.891,13.262,39.927
Thermal Noise,RED,3.357,3.457,False,A,HOH563,O,37.508,12.608,38.514,A,HOH627,O,34.246,13.733,38.722
Bound Backbone,BLUE,5.713,2.847,False,A,HOH563,O,37.508,12.608,38.514,A,HOH722,O,39.891,13.262,39.927
Bound Backbone,BLUE,5.317,2.782,False,A,HOH567,O,47.071,-2.5,19.06,A,HOH892,O,45.77,-4.888,18.471
Bound Backbone,BLUE,5.848,2.716,False,A,HOH567,O,47.071,-2.5,19.06,A,HOH893,O,49.148,-3.969,20.012
Bound Backbone,BLUE,5.496,3.348,False,A,HOH568,O,52.552,1.737,20.107,A,HOH769,O,52.92,0.484,17.024
Bound Backbone,BLUE,5.608,2.698,False,A,HOH570,O,69.903,20.5,61.673,A,HOH871,O,71.543,18.412,62.155
Bound Backbone,BLUE,5.833,3.096,False,A,HOH571,O,54.542,30.0,54.69,A,HOH832,O,55.924,31.301,57.136
Thermal Noise,RED,3.721,3.965,False,A,HOH571,O,54.542,30.0,54.69,A,HOH833,O,53.817,28.054,58.068
Phase Boundary,YELLOW,5.125,2.841,False,A,HOH572,O,48.831,28.605,51.096,A,HOH595,O,49.293,25.879,51.749
Thermal Noise,RED,3.537,3.575,False,A,HOH573,O,52.35,24.966,50.137,A,HOH595,O,49.293,25.879,51.749
Bound Backbone,BLUE,6.031,3.187,False,A,HOH574,O,50.405,21.421,56.88,A,HOH898,O,50.238,22.708,59.791
Bound Backbone,BLUE,7.567,2.737,False,A,HOH579,O,61.485,25.887,47.433,A,HOH580,O,60.324,27.001,45.219
Thermal Noise,RED,3.66,3.466,False,A,HOH583,O,40.351,21.808,48.811,A,HOH628,O,43.537,21.737,47.449
Phase Boundary,YELLOW,4.605,2.99,False,A,HOH583,O,40.351,21.808,48.811,A,HOH840,O,40.069,18.9,49.446
Phase Boundary,YELLOW,4.445,3.666,False,A,HOH583,O,40.351,21.808,48.811,A,HOH841,O,41.796,20.836,45.585
Bound Backbone,BLUE,6.544,2.736,False,A,HOH587,O,30.204,60.424,8.475,A,HOH647,O,28.712,58.805,10.1
Phase Boundary,YELLOW,5.013,2.945,False,A,HOH587,O,30.204,60.424,8.475,A,HOH706,O,31.426,62.874,9.56
Bound Backbone,BLUE,5.456,2.853,False,A,HOH588,O,30.857,60.656,16.782,A,HOH648,O,32.909,62.246,15.599
Bound Backbone,BLUE,8.21,2.654,False,A,HOH590,O,42.474,55.19,11.397,A,HOH591,O,41.098,54.718,9.177
Thermal Noise,RED,3.514,3.417,False,A,HOH590,O,42.474,55.19,11.397,A,HOH634,O,39.291,56.23,12.078
Thermal Noise,RED,3.964,3.737,False,A,HOH591,O,41.098,54.718,9.177,A,HOH634,O,39.291,56.23,12.078
Bound Backbone,BLUE,6.038,2.802,False,A,HOH591,O,41.098,54.718,9.177,A,HOH793,O,41.86,56.953,7.669
Bound Backbone,BLUE,5.808,3.117,False,A,HOH592,O,28.333,40.481,32.287,A,HOH875,O,26.658,39.677,34.79
Phase Boundary,YELLOW,4.191,3.267,False,A,HOH593,O,55.274,45.058,58.398,A,HOH815,O,53.887,42.455,59.802
Thermal Noise,RED,3.359,3.82,False,A,HOH596,O,70.588,24.726,61.263,A,HOH874,O,71.518,27.653,63.535
Phase Boundary,YELLOW,4.134,3.415,False,A,HOH597,O,75.014,18.495,62.531,A,HOH860,O,77.81,18.187,60.595
Thermal Noise,RED,3.306,3.492,False,A,HOH597,O,75.014,18.495,62.531,A,HOH871,O,71.543,18.412,62.155
Thermal Noise,RED,2.669,3.915,False,A,HOH598,O,65.914,13.529,60.549,A,HOH800,O,69.64,14.482,61.281
Phase Boundary,YELLOW,4.212,3.161,False,A,HOH600,O,68.845,25.985,48.194,A,HOH601,O,68.541,22.97,49.093
Bound Backbone,BLUE,6.689,2.836,False,A,HOH600,O,68.845,25.985,48.194,A,HOH602,O,69.99,24.443,46.107
Bound Backbone,BLUE,6.242,2.939,False,A,HOH600,O,68.845,25.985,48.194,A,HOH694,O,70.429,24.794,50.364
Phase Boundary,YELLOW,4.341,3.631,False,A,HOH601,O,68.541,22.97,49.093,A,HOH602,O,69.99,24.443,46.107
Bound Backbone,BLUE,5.273,2.917,False,A,HOH601,O,68.541,22.97,49.093,A,HOH694,O,70.429,24.794,50.364
Bound Backbone,BLUE,8.06,2.645,False,A,HOH602,O,69.99,24.443,46.107,A,HOH810,O,71.132,25.537,43.987
Thermal Noise,RED,3.095,3.633,False,A,HOH603,O,67.105,30.042,42.555,A,HOH811,O,69.776,27.668,43.211
Phase Boundary,YELLOW,5.076,3.356,False,A,HOH604,O,70.865,29.6,46.734,A,HOH748,O,72.036,28.08,49.487
Bound Backbone,BLUE,8.318,2.769,False,A,HOH605,O,72.407,29.785,52.772,A,HOH606,O,73.009,30.182,55.445
Phase Boundary,YELLOW,4.328,3.72,False,A,HOH605,O,72.407,29.785,52.772,A,HOH748,O,72.036,28.08,49.487
Phase Boundary,YELLOW,5.236,2.781,False,A,HOH605,O,72.407,29.785,52.772,A,HOH864,O,72.988,27.092,53.15
Phase Boundary,YELLOW,4.629,2.941,False,A,HOH606,O,73.009,30.182,55.445,A,HOH607,O,75.358,31.95,55.505
Thermal Noise,RED,3.312,3.849,False,A,HOH606,O,73.009,30.182,55.445,A,HOH864,O,72.988,27.092,53.15
Phase Boundary,YELLOW,5.045,3.362,False,A,HOH608,O,70.927,15.795,36.432,A,HOH637,O,70.892,13.859,39.181
Phase Boundary,YELLOW,5.133,3.536,False,A,HOH609,O,67.948,28.167,36.028,A,HOH701,O,67.678,27.412,39.472
Bound Backbone,BLUE,6.276,2.737,False,A,HOH609,O,67.948,28.167,36.028,A,HOH702,O,65.709,27.518,37.462
Bound Backbone,BLUE,5.813,3.019,False,A,HOH610,O,68.796,24.301,33.241,A,HOH850,O,70.703,23.384,31.088
Bound Backbone,BLUE,8.257,2.545,False,A,HOH611,O,67.023,25.161,29.47,A,HOH730,O,67.054,26.909,27.621
Thermal Noise,RED,3.135,3.573,False,A,HOH611,O,67.023,25.161,29.47,A,HOH731,O,65.448,28.368,29.46
Thermal Noise,RED,2.989,3.865,False,A,HOH611,O,67.023,25.161,29.47,A,HOH905,O,67.939,28.535,31.117
Thermal Noise,RED,3.381,3.441,False,A,HOH611,O,67.023,25.161,29.47,A,HOH906,O,70.444,25.527,29.505
Phase Boundary,YELLOW,5.002,3.103,False,A,HOH612,O,53.564,18.727,24.58,A,HOH613,O,51.491,17.227,26.336
Bound Backbone,BLUE,5.679,2.701,False,A,HOH612,O,53.564,18.727,24.58,A,HOH614,O,51.311,20.074,23.943
Phase Boundary,YELLOW,5.018,2.864,False,A,HOH612,O,53.564,18.727,24.58,A,HOH671,O,55.479,20.769,23.977
Bound Backbone,BLUE,9.217,2.51,False,A,HOH612,O,53.564,18.727,24.58,A,HOH672,O,52.397,19.415,26.693
Bound Backbone,BLUE,6.565,3.149,False,A,HOH612,O,53.564,18.727,24.58,A,HOH912,O,53.275,18.467,21.455
Thermal Noise,RED,3.645,3.723,False,A,HOH613,O,51.491,17.227,26.336,A,HOH614,O,51.311,20.074,23.943
Bound Backbone,BLUE,7.076,2.395,False,A,HOH613,O,51.491,17.227,26.336,A,HOH672,O,52.397,19.415,26.693
Bound Backbone,BLUE,6.649,3.029,False,A,HOH614,O,51.311,20.074,23.943,A,HOH672,O,52.397,19.415,26.693
Phase Boundary,YELLOW,4.075,3.98,False,A,HOH614,O,51.311,20.074,23.943,A,HOH911,O,50.681,19.628,20.039
Phase Boundary,YELLOW,4.157,3.554,False,A,HOH614,O,51.311,20.074,23.943,A,HOH912,O,53.275,18.467,21.455
Phase Boundary,YELLOW,4.246,3.906,False,A,HOH615,O,49.655,23.005,27.768,A,HOH617,O,50.112,23.476,31.618
Bound Backbone,BLUE,5.725,3.256,False,A,HOH615,O,49.655,23.005,27.768,A,HOH673,O,48.289,22.652,24.833
Bound Backbone,BLUE,5.654,2.674,False,A,HOH615,O,49.655,23.005,27.768,A,HOH771,O,52.129,22.048,27.432
Bound Backbone,BLUE,6.561,2.788,False,A,HOH616,O,53.657,22.467,29.531,A,HOH621,O,55.752,22.658,27.702
Bound Backbone,BLUE,8.132,2.63,False,A,HOH616,O,53.657,22.467,29.531,A,HOH771,O,52.129,22.048,27.432
Bound Backbone,BLUE,6.116,2.743,False,A,HOH616,O,53.657,22.467,29.531,A,HOH909,O,52.594,24.617,30.862
Bound Backbone,BLUE,6.127,2.84,False,A,HOH617,O,50.112,23.476,31.618,A,HOH774,O,48.347,24.881,33.343
Phase Boundary,YELLOW,5.207,2.834,False,A,HOH617,O,50.112,23.476,31.618,A,HOH909,O,52.594,24.617,30.862
Bound Backbone,BLUE,6.288,2.859,False,A,HOH618,O,45.478,14.652,28.906,A,HOH703,O,45.347,12.529,30.816
Phase Boundary,YELLOW,4.786,3.011,False,A,HOH618,O,45.478,14.652,28.906,A,HOH910,O,45.91,17.423,30.003
Phase Boundary,YELLOW,5.194,2.891,False,A,HOH619,O,47.973,13.121,31.87,A,HOH703,O,45.347,12.529,30.816
Bound Backbone,BLUE,6.057,2.92,False,A,HOH619,O,47.973,13.121,31.87,A,HOH733,O,46.839,14.95,33.844
Thermal Noise,RED,2.959,3.684,False,A,HOH621,O,55.752,22.658,27.702,A,HOH771,O,52.129,22.048,27.432
Bound Backbone,BLUE,5.704,3.143,False,A,HOH621,O,55.752,22.658,27.702,A,HOH772,O,54.026,23.414,25.187
Bound Backbone,BLUE,6.297,2.559,False,A,HOH623,O,50.638,30.812,32.751,A,HOH668,O,52.147,32.802,33.307
Phase Boundary,YELLOW,4.863,3.16,False,A,HOH624,O,52.599,35.338,31.476,A,HOH668,O,52.147,32.802,33.307
Bound Backbone,BLUE,7.155,2.872,False,A,HOH626,O,33.18,13.643,24.986,A,HOH768,O,31.902,14.319,22.504
Bound Backbone,BLUE,7.122,2.705,False,A,HOH628,O,43.537,21.737,47.449,A,HOH841,O,41.796,20.836,45.585
Phase Boundary,YELLOW,5.079,3.589,False,A,HOH628,O,43.537,21.737,47.449,A,HOH842,O,43.666,21.599,43.865
Phase Boundary,YELLOW,4.324,3.055,False,A,HOH629,O,45.653,12.669,40.63,A,HOH721,O,42.664,12.144,40.28
Thermal Noise,RED,2.585,3.98,False,A,HOH629,O,45.653,12.669,40.63,A,HOH843,O,43.952,16.186,41.391
Bound Backbone,BLUE,5.488,2.7,False,A,HOH631,O,58.94,-1.063,26.51,A,HOH804,O,61.2,0.415,26.513
Bound Backbone,BLUE,6.991,2.718,False,A,HOH633,O,37.946,26.124,28.775,A,HOH780,O,35.944,26.035,26.939
Thermal Noise,RED,3.834,3.27,False,A,HOH635,O,54.892,52.458,28.88,A,HOH655,O,57.559,54.239,29.517
Thermal Noise,RED,2.921,3.964,False,A,HOH636,O,58.196,58.044,43.16,A,HOH749,O,56.456,55.034,41.256
Phase Boundary,YELLOW,4.876,3.618,False,A,HOH636,O,58.196,58.044,43.16,A,HOH921,O,57.835,58.897,39.663
Bound Backbone,BLUE,5.654,2.869,False,A,HOH637,O,70.892,13.859,39.181,A,HOH685,O,69.423,11.867,40.631
Thermal Noise,RED,3.024,3.953,False,A,HOH639,O,33.921,41.239,44.805,A,HOH738,O,33.142,37.986,42.698
Thermal Noise,RED,3.751,3.537,False,A,HOH639,O,33.921,41.239,44.805,A,HOH867,O,35.251,43.949,42.961
Bound Backbone,BLUE,6.072,3.273,False,A,HOH639,O,33.921,41.239,44.805,A,HOH876,O,33.544,41.015,41.562
Bound Backbone,BLUE,5.955,2.966,False,A,HOH641,O,43.601,49.368,47.053,A,HOH642,O,41.879,48.117,44.988
Bound Backbone,BLUE,8.154,2.71,False,A,HOH641,O,43.601,49.368,47.053,A,HOH678,O,44.324,50.414,44.66
Thermal Noise,RED,3.544,3.371,False,A,HOH642,O,41.879,48.117,44.988,A,HOH678,O,44.324,50.414,44.66
Bound Backbone,BLUE,5.652,2.913,False,A,HOH643,O,36.53,48.915,32.074,A,HOH662,O,38.682,50.014,30.447
Thermal Noise,RED,2.576,3.967,False,A,HOH643,O,36.53,48.915,32.074,A,HOH709,O,40.152,50.431,32.637
Thermal Noise,RED,3.018,3.832,False,A,HOH643,O,36.53,48.915,32.074,A,HOH785,O,39.89,47.958,33.648
Phase Boundary,YELLOW,4.36,3.2,False,A,HOH643,O,36.53,48.915,32.074,A,HOH786,O,37.95,46.393,33.44
Bound Backbone,BLUE,8.995,2.644,False,A,HOH644,O,30.939,28.116,29.806,A,HOH736,O,31.776,28.253,32.31
Thermal Noise,RED,3.528,3.415,False,A,HOH648,O,32.909,62.246,15.599,A,HOH654,O,33.376,65.552,16.316
Thermal Noise,RED,4.001,3.536,False,A,HOH651,O,48.126,59.909,32.642,A,HOH665,O,46.536,62.16,34.857
Bound Backbone,BLUE,6.277,2.622,False,A,HOH657,O,33.19,45.429,35.543,A,HOH658,O,33.798,43.05,36.462
Thermal Noise,RED,2.81,3.852,False,A,HOH657,O,33.19,45.429,35.543,A,HOH787,O,36.727,44.266,36.529
Thermal Noise,RED,3.978,3.172,False,A,HOH658,O,33.798,43.05,36.462,A,HOH787,O,36.727,44.266,36.529
Bound Backbone,BLUE,5.832,2.851,False,A,HOH659,O,37.487,43.839,33.84,A,HOH660,O,35.155,43.263,32.304
Bound Backbone,BLUE,5.888,2.626,False,A,HOH659,O,37.487,43.839,33.84,A,HOH786,O,37.95,46.393,33.44
Bound Backbone,BLUE,7.892,2.827,False,A,HOH659,O,37.487,43.839,33.84,A,HOH787,O,36.727,44.266,36.529
Bound Backbone,BLUE,7.021,2.725,False,A,HOH660,O,35.155,43.263,32.304,A,HOH661,O,36.321,41.671,30.425
Bound Backbone,BLUE,8.014,2.67,False,A,HOH662,O,38.682,50.014,30.447,A,HOH709,O,40.152,50.431,32.637
Thermal Noise,RED,3.54,3.992,False,A,HOH662,O,38.682,50.014,30.447,A,HOH785,O,39.89,47.958,33.648
Bound Backbone,BLUE,5.939,3.146,False,A,HOH663,O,45.395,58.064,38.428,A,HOH664,O,44.861,59.589,35.729
Bound Backbone,BLUE,8.033,2.733,False,A,HOH663,O,45.395,58.064,38.428,A,HOH788,O,46.653,58.214,40.85
Phase Boundary,YELLOW,4.12,3.19,False,A,HOH664,O,44.861,59.589,35.729,A,HOH665,O,46.536,62.16,34.857
Bound Backbone,BLUE,6.023,2.635,False,A,HOH666,O,61.082,33.382,34.064,A,HOH667,O,58.989,31.942,33.366
Thermal Noise,RED,2.723,3.897,False,A,HOH666,O,61.082,33.382,34.064,A,HOH853,O,64.684,34.572,33.17
Phase Boundary,YELLOW,4.474,3.012,False,A,HOH666,O,61.082,33.382,34.064,A,HOH854,O,61.979,36.222,33.614
Bound Backbone,BLUE,7.08,2.946,False,A,HOH666,O,61.082,33.382,34.064,A,HOH908,O,62.078,32.758,31.363
Thermal Noise,RED,3.32,3.771,False,A,HOH667,O,58.989,31.942,33.366,A,HOH908,O,62.078,32.758,31.363
Bound Backbone,BLUE,5.515,2.774,False,A,HOH668,O,52.147,32.802,33.307,A,HOH743,O,54.475,31.559,34.162
Bound Backbone,BLUE,5.53,2.787,False,A,HOH669,O,47.696,33.767,30.094,A,HOH784,O,45.315,34.865,29.15
Thermal Noise,RED,3.681,3.904,False,A,HOH670,O,46.906,20.728,21.73,A,HOH673,O,48.289,22.652,24.833
Phase Boundary,YELLOW,4.119,3.251,False,A,HOH671,O,55.479,20.769,23.977,A,HOH772,O,54.026,23.414,25.187
Bound Backbone,BLUE,5.544,2.748,False,A,HOH672,O,52.397,19.415,26.693,A,HOH771,O,52.129,22.048,27.432
Thermal Noise,RED,2.596,3.936,False,A,HOH674,O,46.001,23.59,29.409,A,HOH675,O,42.095,23.247,29.753
Phase Boundary,YELLOW,4.36,3.505,False,A,HOH675,O,42.095,23.247,29.753,A,HOH744,O,41.901,25.636,32.311
Bound Backbone,BLUE,8.791,2.532,False,A,HOH680,O,31.39,38.749,40.606,A,HOH681,O,30.158,37.864,38.579
Bound Backbone,BLUE,6.714,2.833,False,A,HOH680,O,31.39,38.749,40.606,A,HOH738,O,33.142,37.986,42.698
Thermal Noise,RED,3.948,3.269,False,A,HOH680,O,31.39,38.749,40.606,A,HOH876,O,33.544,41.015,41.562
Bound Backbone,BLUE,5.851,3.264,False,A,HOH681,O,30.158,37.864,38.579,A,HOH739,O,29.008,37.91,35.525
Bound Backbone,BLUE,6.307,2.667,False,A,HOH683,O,49.953,4.277,16.669,A,HOH770,O,51.797,2.74,15.508
Phase Boundary,YELLOW,4.415,3.041,False,A,HOH685,O,69.423,11.867,40.631,A,HOH802,O,69.734,8.891,40.086
Thermal Noise,RED,4.069,3.159,False,A,HOH686,O,55.352,13.054,54.694,A,HOH835,O,54.313,15.998,54.209
Phase Boundary,YELLOW,4.543,3.776,False,A,HOH687,O,45.84,15.887,47.534,A,HOH836,O,45.482,15.363,51.256
Bound Backbone,BLUE,5.76,2.71,False,A,HOH687,O,45.84,15.887,47.534,A,HOH838,O,43.947,17.649,48.343
Phase Boundary,YELLOW,4.43,3.078,False,A,HOH688,O,49.517,10.055,46.083,A,HOH689,O,46.749,11.098,46.933
Bound Backbone,BLUE,5.888,2.637,False,A,HOH688,O,49.517,10.055,46.083,A,HOH765,O,49.368,7.471,45.576
Bound Backbone,BLUE,5.634,2.761,False,A,HOH690,O,49.34,1.406,32.9,A,HOH808,O,50.948,-0.634,33.836
Bound Backbone,BLUE,5.367,2.862,False,A,HOH692,O,44.346,22.78,59.59,A,HOH834,O,44.111,20.159,60.715
Thermal Noise,RED,3.346,3.775,False,A,HOH693,O,73.44,25.739,48.292,A,HOH694,O,70.429,24.794,50.364
Phase Boundary,YELLOW,4.968,2.98,False,A,HOH693,O,73.44,25.739,48.292,A,HOH748,O,72.036,28.08,49.487
Bound Backbone,BLUE,8.788,2.548,False,A,HOH694,O,70.429,24.794,50.364,A,HOH695,O,70.408,26.259,52.449
Thermal Noise,RED,2.926,3.762,False,A,HOH694,O,70.429,24.794,50.364,A,HOH748,O,72.036,28.08,49.487
Thermal Noise,RED,3.744,3.839,False,A,HOH695,O,70.408,26.259,52.449,A,HOH748,O,72.036,28.08,49.487
Bound Backbone,BLUE,5.307,2.8,False,A,HOH695,O,70.408,26.259,52.449,A,HOH864,O,72.988,27.092,53.15
Bound Backbone,BLUE,5.872,2.662,False,A,HOH696,O,57.427,33.395,57.801,A,HOH832,O,55.924,31.301,57.136
Thermal Noise,RED,3.419,3.585,False,A,HOH696,O,57.427,33.395,57.801,A,HOH872,O,57.889,30.13,59.207
Bound Backbone,BLUE,7.886,2.793,False,A,HOH697,O,62.078,38.42,50.708,A,HOH698,O,63.105,38.018,48.142
Bound Backbone,BLUE,5.374,2.729,False,A,HOH697,O,62.078,38.42,50.708,A,HOH814,O,59.693,39.746,50.657
Bound Backbone,BLUE,6.037,2.863,False,A,HOH698,O,63.105,38.018,48.142,A,HOH813,O,63.387,40.27,46.397
Thermal Noise,RED,3.08,3.875,False,A,HOH699,O,59.94,44.495,45.994,A,HOH755,O,62.523,42.334,47.911
Bound Backbone,BLUE,5.928,2.665,False,A,HOH699,O,59.94,44.495,45.994,A,HOH756,O,62.393,45.206,46.755
Bound Backbone,BLUE,7.114,2.67,False,A,HOH699,O,59.94,44.495,45.994,A,HOH827,O,57.928,44.202,47.725
Bound Backbone,BLUE,6.685,2.816,False,A,HOH701,O,67.678,27.412,39.472,A,HOH702,O,65.709,27.518,37.462
Thermal Noise,RED,3.168,3.559,False,A,HOH701,O,67.678,27.412,39.472,A,HOH716,O,69.613,24.434,39.704
Thermal Noise,RED,2.635,3.937,False,A,HOH704,O,44.033,17.63,32.015,A,HOH732,O,47.879,17.171,32.721
Thermal Noise,RED,3.363,3.507,False,A,HOH704,O,44.033,17.63,32.015,A,HOH776,O,45.405,20.756,32.817
Bound Backbone,BLUE,7.034,2.759,False,A,HOH704,O,44.033,17.63,32.015,A,HOH910,O,45.91,17.423,30.003
Thermal Noise,RED,3.909,3.857,False,A,HOH705,O,49.708,-9.476,31.346,A,HOH901,O,50.773,-11.252,28.092
Bound Backbone,BLUE,6.536,2.591,False,A,HOH709,O,40.152,50.431,32.637,A,HOH710,O,41.672,52.271,33.646
Bound Backbone,BLUE,6.055,2.684,False,A,HOH709,O,40.152,50.431,32.637,A,HOH785,O,39.89,47.958,33.648
Bound Backbone,BLUE,7.775,2.794,False,A,HOH711,O,36.123,45.964,48.128,A,HOH877,O,37.037,46.761,45.611
Bound Backbone,BLUE,6.429,2.645,False,A,HOH712,O,45.647,56.064,42.017,A,HOH788,O,46.653,58.214,40.85
Bound Backbone,BLUE,6.251,2.887,False,A,HOH713,O,66.123,2.08,48.534,A,HOH918,O,66.633,0.051,46.544
Bound Backbone,BLUE,5.665,2.956,False,A,HOH714,O,54.444,4.092,46.784,A,HOH797,O,55.782,6.014,48.588
Thermal Noise,RED,3.042,3.948,False,A,HOH714,O,54.444,4.092,46.784,A,HOH798,O,57.765,4.271,48.912
Thermal Noise,RED,3.062,3.615,False,A,HOH718,O,65.771,32.987,57.009,A,HOH830,O,64.057,36.17,56.967
Bound Backbone,BLUE,5.661,3.205,False,A,HOH718,O,65.771,32.987,57.009,A,HOH831,O,64.741,34.365,54.305
Phase Boundary,YELLOW,4.394,3.22,False,A,HOH719,O,37.065,-0.292,22.812,A,HOH805,O,38.911,1.878,21.312
Bound Backbone,BLUE,5.353,3.275,False,A,HOH720,O,35.568,10.532,35.63,A,HOH782,O,34.139,11.697,32.923
Thermal Noise,RED,2.717,3.862,False,A,HOH720,O,35.568,10.532,35.63,A,HOH914,O,39.3,9.702,36.177
Phase Boundary,YELLOW,4.454,3.011,False,A,HOH721,O,42.664,12.144,40.28,A,HOH722,O,39.891,13.262,39.927
Bound Backbone,BLUE,5.411,2.846,False,A,HOH724,O,46.797,6.943,46.677,A,HOH765,O,49.368,7.471,45.576
Bound Backbone,BLUE,5.924,2.787,False,A,HOH726,O,53.291,-1.306,35.187,A,HOH808,O,50.948,-0.634,33.836
Thermal Noise,RED,2.645,3.89,False,A,HOH726,O,53.291,-1.306,35.187,A,HOH899,O,51.46,-4.738,35.176
Phase Boundary,YELLOW,4.232,3.169,False,A,HOH729,O,74.122,17.016,46.063,A,HOH849,O,72.392,14.552,45.073
Bound Backbone,BLUE,6.263,2.844,False,A,HOH730,O,67.054,26.909,27.621,A,HOH731,O,65.448,28.368,29.46
Bound Backbone,BLUE,7.185,2.949,False,A,HOH730,O,67.054,26.909,27.621,A,HOH851,O,66.047,26.789,24.852
Thermal Noise,RED,3.828,3.956,False,A,HOH730,O,67.054,26.909,27.621,A,HOH905,O,67.939,28.535,31.117
Bound Backbone,BLUE,5.325,2.996,False,A,HOH731,O,65.448,28.368,29.46,A,HOH905,O,67.939,28.535,31.117
Bound Backbone,BLUE,6.107,2.697,False,A,HOH732,O,47.879,17.171,32.721,A,HOH733,O,46.839,14.95,33.844
Phase Boundary,YELLOW,4.681,3.212,False,A,HOH732,O,47.879,17.171,32.721,A,HOH775,O,47.287,19.743,34.552
Phase Boundary,YELLOW,4.999,3.366,False,A,HOH732,O,47.879,17.171,32.721,A,HOH910,O,45.91,17.423,30.003
Bound Backbone,BLUE,5.394,3.249,False,A,HOH735,O,31.85,22.702,29.349,A,HOH781,O,33.232,23.979,31.998
Thermal Noise,RED,4.057,3.26,False,A,HOH738,O,33.142,37.986,42.698,A,HOH876,O,33.544,41.015,41.562
Thermal Noise,RED,3.003,3.681,False,A,HOH739,O,29.008,37.91,35.525,A,HOH740,O,26.025,35.837,36.122
Phase Boundary,YELLOW,4.52,3.031,False,A,HOH739,O,29.008,37.91,35.525,A,HOH875,O,26.658,39.677,34.79
Thermal Noise,RED,3.791,3.949,False,A,HOH740,O,26.025,35.837,36.122,A,HOH868,O,27.471,34.491,32.703
Phase Boundary,YELLOW,4.685,2.946,False,A,HOH741,O,63.176,38.873,34.083,A,HOH854,O,61.979,36.222,33.614
Thermal Noise,RED,2.829,3.77,False,A,HOH741,O,63.176,38.873,34.083,A,HOH855,O,59.47,39.485,33.766
Bound Backbone,BLUE,7.1,2.803,False,A,HOH741,O,63.176,38.873,34.083,A,HOH857,O,64.325,37.578,36.287
Thermal Noise,RED,3.496,3.522,False,A,HOH744,O,41.901,25.636,32.311,A,HOH777,O,43.404,22.718,33.588
Bound Backbone,BLUE,6.82,2.898,False,A,HOH744,O,41.901,25.636,32.311,A,HOH778,O,43.194,26.653,34.697
Phase Boundary,YELLOW,4.984,2.846,False,A,HOH745,O,44.724,60.518,12.792,A,HOH746,O,44.677,63.344,12.455
Bound Backbone,BLUE,5.936,2.718,False,A,HOH747,O,79.827,22.11,62.761,A,HOH861,O,80.809,24.415,61.708
Phase Boundary,YELLOW,4.075,3.912,False,A,HOH748,O,72.036,28.08,49.487,A,HOH864,O,72.988,27.092,53.15
Bound Backbone,BLUE,7.785,2.75,False,A,HOH749,O,56.456,55.034,41.256,A,HOH824,O,55.058,54.92,43.621
Bound Backbone,BLUE,6.673,2.735,False,A,HOH749,O,56.456,55.034,41.256,A,HOH825,O,56.81,52.924,39.553
Thermal Noise,RED,3.748,3.338,False,A,HOH751,O,56.166,40.177,60.672,A,HOH815,O,53.887,42.455,59.802
Thermal Noise,RED,3.323,3.498,False,A,HOH753,O,53.341,24.225,59.238,A,HOH898,O,50.238,22.708,59.791
Bound Backbone,BLUE,6.979,2.861,False,A,HOH754,O,60.884,42.311,50.256,A,HOH755,O,62.523,42.334,47.911
Phase Boundary,YELLOW,4.156,3.919,False,A,HOH754,O,60.884,42.311,50.256,A,HOH757,O,61.851,42.062,54.046
Phase Boundary,YELLOW,4.967,2.856,False,A,HOH754,O,60.884,42.311,50.256,A,HOH814,O,59.693,39.746,50.657
Bound Backbone,BLUE,5.736,2.647,False,A,HOH754,O,60.884,42.311,50.256,A,HOH826,O,58.804,43.934,50.469
Phase Boundary,YELLOW,4.537,3.099,False,A,HOH755,O,62.523,42.334,47.911,A,HOH756,O,62.393,45.206,46.755
Bound Backbone,BLUE,6.579,2.702,False,A,HOH755,O,62.523,42.334,47.911,A,HOH813,O,63.387,40.27,46.397
Bound Backbone,BLUE,5.35,2.839,False,A,HOH757,O,61.851,42.062,54.046,A,HOH758,O,59.198,42.263,55.036
Bound Backbone,BLUE,5.922,2.819,False,A,HOH761,O,27.53,35.488,42.426,A,HOH846,O,27.461,33.091,43.908
Bound Backbone,BLUE,5.499,3.031,False,A,HOH764,O,50.404,5.391,43.63,A,HOH765,O,49.368,7.471,45.576
Bound Backbone,BLUE,8.677,2.621,False,A,HOH766,O,35.342,7.348,30.656,A,HOH767,O,34.099,7.157,28.356
Thermal Noise,RED,2.778,3.797,False,A,HOH766,O,35.342,7.348,30.656,A,HOH915,O,38.981,8.424,30.534
Bound Backbone,BLUE,5.41,2.941,False,A,HOH769,O,52.92,0.484,17.024,A,HOH770,O,51.797,2.74,15.508
Bound Backbone,BLUE,5.749,2.638,False,A,HOH769,O,52.92,0.484,17.024,A,HOH894,O,51.147,-1.47,17.029
Phase Boundary,YELLOW,4.973,3.241,False,A,HOH771,O,52.129,22.048,27.432,A,HOH772,O,54.026,23.414,25.187
Bound Backbone,BLUE,5.421,2.74,False,A,HOH773,O,47.979,27.559,32.896,A,HOH774,O,48.347,24.881,33.343
Bound Backbone,BLUE,6.616,2.753,False,A,HOH775,O,47.287,19.743,34.552,A,HOH776,O,45.405,20.756,32.817
Phase Boundary,YELLOW,4.949,2.907,False,A,HOH776,O,45.405,20.756,32.817,A,HOH777,O,43.404,22.718,33.588
Phase Boundary,YELLOW,5.04,3.075,False,A,HOH779,O,40.82,31.764,27.264,A,HOH913,O,38.836,30.126,28.948
Bound Backbone,BLUE,6.425,2.501,False,A,HOH785,O,39.89,47.958,33.648,A,HOH786,O,37.95,46.393,33.44
Thermal Noise,RED,3.575,3.945,False,A,HOH786,O,37.95,46.393,33.44,A,HOH787,O,36.727,44.266,36.529
Thermal Noise,RED,3.774,3.473,False,A,HOH795,O,52.792,9.782,52.894,A,HOH796,O,54.025,6.965,51.28
Phase Boundary,YELLOW,5.022,3.352,False,A,HOH796,O,54.025,6.965,51.28,A,HOH797,O,55.782,6.014,48.588
Bound Backbone,BLUE,5.71,2.66,False,A,HOH797,O,55.782,6.014,48.588,A,HOH798,O,57.765,4.271,48.912
Thermal Noise,RED,2.95,3.747,False,A,HOH799,O,74.997,28.734,64.411,A,HOH874,O,71.518,27.653,63.535
Bound Backbone,BLUE,6.301,2.991,False,A,HOH801,O,71.732,5.439,58.095,A,HOH895,O,69.959,5.68,60.492
Phase Boundary,YELLOW,4.625,2.972,False,A,HOH809,O,74.618,18.013,50.664,A,HOH920,O,76.054,15.467,51.202
Bound Backbone,BLUE,6.046,2.642,False,A,HOH810,O,71.132,25.537,43.987,A,HOH811,O,69.776,27.668,43.211
Bound Backbone,BLUE,5.837,3.152,False,A,HOH812,O,67.482,34.984,42.329,A,HOH902,O,67.228,36.675,44.977
Bound Backbone,BLUE,7.088,2.641,False,A,HOH816,O,50.444,50.977,58.382,A,HOH890,O,51.713,52.646,56.776
Phase Boundary,YELLOW,4.938,3.078,False,A,HOH817,O,41.015,38.716,58.612,A,HOH883,O,40.293,41.253,57.025
Bound Backbone,BLUE,8.155,2.694,False,A,HOH817,O,41.015,38.716,58.612,A,HOH885,O,42.107,39.493,60.949
Bound Backbone,BLUE,5.74,2.683,False,A,HOH818,O,37.21,41.076,53.677,A,HOH819,O,39.806,41.38,54.282
Bound Backbone,BLUE,7.034,2.77,False,A,HOH818,O,37.21,41.076,53.677,A,HOH879,O,36.756,42.882,51.626
Bound Backbone,BLUE,7.171,2.834,False,A,HOH818,O,37.21,41.076,53.677,A,HOH881,O,35.778,41.734,56.033
Bound Backbone,BLUE,8.314,2.789,False,A,HOH819,O,39.806,41.38,54.282,A,HOH883,O,40.293,41.253,57.025
Bound Backbone,BLUE,7.195,2.882,False,A,HOH820,O,36.172,41.646,49.089,A,HOH879,O,36.756,42.882,51.626
Bound Backbone,BLUE,6.391,2.686,False,A,HOH822,O,38.205,44.372,59.263,A,HOH882,O,37.652,42.095,57.95
Bound Backbone,BLUE,7.52,2.893,False,A,HOH826,O,58.804,43.934,50.469,A,HOH827,O,57.928,44.202,47.725
Bound Backbone,BLUE,6.488,2.749,False,A,HOH827,O,57.928,44.202,47.725,A,HOH828,O,55.723,44.055,46.09
Phase Boundary,YELLOW,5.245,3.288,False,A,HOH830,O,64.057,36.17,56.967,A,HOH831,O,64.741,34.365,54.305
Thermal Noise,RED,2.613,3.981,False,A,HOH832,O,55.924,31.301,57.136,A,HOH833,O,53.817,28.054,58.068
Bound Backbone,BLUE,5.408,3.086,False,A,HOH832,O,55.924,31.301,57.136,A,HOH872,O,57.889,30.13,59.207
Thermal Noise,RED,3.469,3.578,False,A,HOH836,O,45.482,15.363,51.256,A,HOH837,O,44.08,18.301,52.741
Bound Backbone,BLUE,5.549,2.873,False,A,HOH838,O,43.947,17.649,48.343,A,HOH839,O,41.441,17.965,46.974
Bound Backbone,BLUE,6.492,2.978,False,A,HOH839,O,41.441,17.965,46.974,A,HOH840,O,40.069,18.9,49.446
Phase Boundary,YELLOW,4.35,3.209,False,A,HOH839,O,41.441,17.965,46.974,A,HOH841,O,41.796,20.836,45.585
Bound Backbone,BLUE,7.208,2.653,False,A,HOH841,O,41.796,20.836,45.585,A,HOH842,O,43.666,21.599,43.865
Phase Boundary,YELLOW,5.268,3.211,False,A,HOH846,O,27.461,33.091,43.908,A,HOH847,O,25.529,32.204,46.315
Bound Backbone,BLUE,7.486,2.61,False,A,HOH849,O,72.392,14.552,45.073,A,HOH919,O,73.433,12.88,43.361
Phase Boundary,YELLOW,4.28,3.655,False,A,HOH850,O,70.703,23.384,31.088,A,HOH903,O,72.697,24.007,34.087
Bound Backbone,BLUE,6.828,2.677,False,A,HOH850,O,70.703,23.384,31.088,A,HOH906,O,70.444,25.527,29.505
Thermal Noise,RED,3.534,3.424,False,A,HOH851,O,66.047,26.789,24.852,A,HOH852,O,63.104,28.342,25.66
Thermal Noise,RED,3.957,3.199,False,A,HOH853,O,64.684,34.572,33.17,A,HOH854,O,61.979,36.222,33.614
Thermal Noise,RED,3.465,3.653,False,A,HOH853,O,64.684,34.572,33.17,A,HOH908,O,62.078,32.758,31.363
Thermal Noise,RED,3.629,3.806,False,A,HOH854,O,61.979,36.222,33.614,A,HOH857,O,64.325,37.578,36.287
Bound Backbone,BLUE,6.629,2.632,False,A,HOH862,O,74.764,25.223,52.547,A,HOH863,O,74.393,22.946,51.28
Bound Backbone,BLUE,5.897,2.648,False,A,HOH862,O,74.764,25.223,52.547,A,HOH864,O,72.988,27.092,53.15
Thermal Noise,RED,3.243,3.671,False,A,HOH867,O,35.251,43.949,42.961,A,HOH876,O,33.544,41.015,41.562
Bound Backbone,BLUE,6.112,2.806,False,A,HOH869,O,40.103,47.628,50.696,A,HOH878,O,39.309,49.805,52.278
Phase Boundary,YELLOW,5.036,2.885,False,A,HOH880,O,34.331,44.103,55.249,A,HOH881,O,35.778,41.734,56.033
Bound Backbone,BLUE,7.217,2.705,False,A,HOH881,O,35.778,41.734,56.033,A,HOH882,O,37.652,42.095,57.95
Phase Boundary,YELLOW,4.985,2.922,False,A,HOH882,O,37.652,42.095,57.95,A,HOH883,O,40.293,41.253,57.025
Bound Backbone,BLUE,5.625,2.712,False,A,HOH883,O,40.293,41.253,57.025,A,HOH884,O,41.905,43.342,57.653
Thermal Noise,RED,3.682,3.36,False,A,HOH886,O,46.037,45.344,61.103,A,HOH887,O,45.941,48.599,60.274
Thermal Noise,RED,3.018,3.825,False,A,HOH892,O,45.77,-4.888,18.471,A,HOH893,O,49.148,-3.969,20.012
Bound Backbone,BLUE,5.717,2.772,False,A,HOH896,O,35.238,20.638,60.516,A,HOH897,O,33.623,22.612,61.602
Bound Backbone,BLUE,6.836,2.765,False,A,HOH899,O,51.46,-4.738,35.176,A,HOH900,O,52.401,-6.495,33.26
Phase Boundary,YELLOW,4.472,3.175,False,A,HOH911,O,50.681,19.628,20.039,A,HOH912,O,53.275,18.467,21.455
