Category,Color,Energy_kJ_mol,Distance_A,Is_Ligand_Interaction,Atom1_Chain,Atom1_Residue,Atom1_Name,Atom1_X,Atom1_Y,Atom1_Z,Atom2_Chain,Atom2_Residue,Atom2_Name,Atom2_X,Atom2_Y,Atom2_Z
Phase Boundary,YELLOW,5.13,3.194,False,A,MET1,N,47.32,34.475,-62.315,A,ARG2,N,49.521,35.128,-60.095
Bound Backbone,BLUE,7.458,2.317,False,A,MET1,O,48.724,32.953,-60.134,A,ARG2,N,49.521,35.128,-60.095
Thermal Noise,RED,3.415,3.985,False,A,MET1,O,48.724,32.953,-60.134,A,ARG2,O,49.968,35.293,-57.158
Bound Backbone,BLUE,5.928,3.152,False,A,MET1,O,48.724,32.953,-60.134,A,ILE3,N,50.322,33.108,-57.422
Phase Boundary,YELLOW,4.665,3.445,False,A,ARG2,N,49.521,35.128,-60.095,A,ILE3,N,50.322,33.108,-57.422
Bound Backbone,BLUE,8.126,2.229,False,A,ARG2,O,49.968,35.293,-57.158,A,ILE3,N,50.322,33.108,-57.422
Thermal Noise,RED,2.987,3.831,False,A,ARG2,O,49.968,35.293,-57.158,A,ILE3,O,52.628,32.97,-55.672
Bound Backbone,BLUE,5.693,3.21,False,A,ARG2,O,49.968,35.293,-57.158,A,SER4,N,51.284,34.279,-54.411
Bound Backbone,BLUE,5.31,3.371,False,A,ILE3,N,50.322,33.108,-57.422,A,SER4,N,51.284,34.279,-54.411
Bound Backbone,BLUE,9.383,2.261,False,A,ILE3,O,52.628,32.97,-55.672,A,SER4,N,51.284,34.279,-54.411
Phase Boundary,YELLOW,5.156,3.557,False,A,ILE3,O,52.628,32.97,-55.672,A,SER4,O,52.271,32.954,-52.133
Phase Boundary,YELLOW,4.494,3.588,False,A,ILE3,O,52.628,32.97,-55.672,A,THR5,N,54.479,33.623,-52.668
Thermal Noise,RED,3.34,3.698,False,A,SER4,N,51.284,34.279,-54.411,A,THR5,N,54.479,33.623,-52.668
Bound Backbone,BLUE,7.367,2.368,False,A,SER4,O,52.271,32.954,-52.133,A,THR5,N,54.479,33.623,-52.668
Phase Boundary,YELLOW,4.525,3.441,False,A,SER4,O,52.271,32.954,-52.133,A,THR5,O,54.371,31.891,-49.623
Bound Backbone,BLUE,5.683,3.044,False,A,SER4,O,52.271,32.954,-52.133,A,SER6,N,54.143,34.033,-49.989
Bound Backbone,BLUE,8.347,2.734,False,A,SER4,O,52.271,32.954,-52.133,A,MET7,N,51.522,33.548,-49.572
Bound Backbone,BLUE,5.329,3.126,False,A,SER4,O,52.271,32.954,-52.133,A,MET8,N,51.367,30.873,-49.983
Thermal Noise,RED,3.311,3.584,False,A,SER4,OG,51.764,35.675,-51.544,A,THR5,N,54.479,33.623,-52.668
Phase Boundary,YELLOW,4.245,3.282,False,A,SER4,OG,51.764,35.675,-51.544,A,SER6,N,54.143,34.033,-49.989
Phase Boundary,YELLOW,4.144,3.95,False,A,SER4,OG,51.764,35.675,-51.544,A,SER6,OG,52.293,36.154,-47.659
Bound Backbone,BLUE,6.104,2.911,False,A,SER4,OG,51.764,35.675,-51.544,A,MET7,N,51.522,33.548,-49.572
Bound Backbone,BLUE,8.652,2.731,False,A,THR5,N,54.479,33.623,-52.668,A,SER6,N,54.143,34.033,-49.989
Bound Backbone,BLUE,8.532,2.185,False,A,THR5,O,54.371,31.891,-49.623,A,SER6,N,54.143,34.033,-49.989
Thermal Noise,RED,3.873,3.569,False,A,THR5,O,54.371,31.891,-49.623,A,SER6,O,51.839,33.182,-47.464
Thermal Noise,RED,3.684,3.296,False,A,THR5,O,54.371,31.891,-49.623,A,MET7,N,51.522,33.548,-49.572
Thermal Noise,RED,3.959,3.192,False,A,THR5,O,54.371,31.891,-49.623,A,MET8,N,51.367,30.873,-49.983
Bound Backbone,BLUE,5.376,3.016,False,A,THR5,O,54.371,31.891,-49.623,A,HIS9,N,52.949,29.916,-47.841
Bound Backbone,BLUE,5.582,2.698,False,A,SER6,N,54.143,34.033,-49.989,A,MET7,N,51.522,33.548,-49.572
Bound Backbone,BLUE,13.726,2.163,False,A,SER6,O,51.839,33.182,-47.464,A,MET7,N,51.522,33.548,-49.572
Thermal Noise,RED,3.46,3.53,False,A,SER6,O,51.839,33.182,-47.464,A,MET7,O,49.644,30.707,-48.696
Phase Boundary,YELLOW,4.504,3.45,False,A,SER6,O,51.839,33.182,-47.464,A,MET8,N,51.367,30.873,-49.983
Thermal Noise,RED,3.349,3.47,False,A,SER6,O,51.839,33.182,-47.464,A,HIS9,N,52.949,29.916,-47.841
Bound Backbone,BLUE,5.478,2.994,False,A,SER6,O,51.839,33.182,-47.464,A,GLY10,N,51.333,30.834,-45.677
Phase Boundary,YELLOW,4.387,3.323,False,A,SER6,OG,52.293,36.154,-47.659,A,MET7,N,51.522,33.548,-49.572
Bound Backbone,BLUE,5.526,2.711,False,A,MET7,N,51.522,33.548,-49.572,A,MET8,N,51.367,30.873,-49.983
Bound Backbone,BLUE,10.55,2.157,False,A,MET7,O,49.644,30.707,-48.696,A,MET8,N,51.367,30.873,-49.983
Thermal Noise,RED,3.667,3.371,False,A,MET7,O,49.644,30.707,-48.696,A,MET8,O,51.661,28.146,-47.839
Thermal Noise,RED,3.383,3.504,False,A,MET7,O,49.644,30.707,-48.696,A,HIS9,N,52.949,29.916,-47.841
Phase Boundary,YELLOW,4.956,3.462,False,A,MET7,O,49.644,30.707,-48.696,A,GLY10,N,51.333,30.834,-45.677
Bound Backbone,BLUE,6.544,3.007,False,A,MET7,O,49.644,30.707,-48.696,A,ASN11,N,49.038,29.337,-46.089
Thermal Noise,RED,3.8,3.339,False,A,MET7,O,49.644,30.707,-48.696,A,ASN11,ND2,46.955,29.006,-49.707
Thermal Noise,RED,3.3,3.574,False,A,MET7,O,49.644,30.707,-48.696,A,ASN11,OD1,46.365,29.731,-47.663
Bound Backbone,BLUE,6.821,2.83,False,A,MET8,N,51.367,30.873,-49.983,A,HIS9,N,52.949,29.916,-47.841
Bound Backbone,BLUE,8.352,2.189,False,A,MET8,O,51.661,28.146,-47.839,A,HIS9,N,52.949,29.916,-47.841
Bound Backbone,BLUE,5.446,3.408,False,A,MET8,O,51.661,28.146,-47.839,A,HIS9,O,52.048,29.081,-44.585
Phase Boundary,YELLOW,4.159,3.465,False,A,MET8,O,51.661,28.146,-47.839,A,GLY10,N,51.333,30.834,-45.677
Phase Boundary,YELLOW,4.127,3.371,False,A,MET8,O,51.661,28.146,-47.839,A,ASN11,N,49.038,29.337,-46.089
Bound Backbone,BLUE,6.205,2.907,False,A,MET8,O,51.661,28.146,-47.839,A,ALA12,N,50.093,26.776,-45.811
Bound Backbone,BLUE,6.719,2.853,False,A,HIS9,N,52.949,29.916,-47.841,A,GLY10,N,51.333,30.834,-45.677
Bound Backbone,BLUE,9.709,2.186,False,A,HIS9,O,52.048,29.081,-44.585,A,GLY10,N,51.333,30.834,-45.677
Thermal Noise,RED,3.447,3.449,False,A,HIS9,O,52.048,29.081,-44.585,A,GLY10,O,48.68,29.383,-43.904
Thermal Noise,RED,3.959,3.375,False,A,HIS9,O,52.048,29.081,-44.585,A,ASN11,N,49.038,29.337,-46.089
Phase Boundary,YELLOW,4.1,3.262,False,A,HIS9,O,52.048,29.081,-44.585,A,ALA12,N,50.093,26.776,-45.811
Bound Backbone,BLUE,5.897,2.811,False,A,HIS9,O,52.048,29.081,-44.585,A,LEU13,N,51.039,26.88,-43.157
Bound Backbone,BLUE,5.286,2.771,False,A,GLY10,N,51.333,30.834,-45.677,A,ASN11,N,49.038,29.337,-46.089
Bound Backbone,BLUE,13.215,2.215,False,A,GLY10,O,48.68,29.383,-43.904,A,ASN11,N,49.038,29.337,-46.089
Thermal Noise,RED,3.548,3.462,False,A,GLY10,O,48.68,29.383,-43.904,A,ASN11,O,48.113,26.145,-44.99
Thermal Noise,RED,3.819,3.526,False,A,GLY10,O,48.68,29.383,-43.904,A,ALA12,N,50.093,26.776,-45.811
Thermal Noise,RED,3.323,3.52,False,A,GLY10,O,48.68,29.383,-43.904,A,LEU13,N,51.039,26.88,-43.157
Bound Backbone,BLUE,6.321,2.913,False,A,GLY10,O,48.68,29.383,-43.904,A,GLY14,N,48.551,27.4,-41.774
Phase Boundary,YELLOW,5.197,2.784,False,A,ASN11,N,49.038,29.337,-46.089,A,ALA12,N,50.093,26.776,-45.811
Bound Backbone,BLUE,8.705,2.234,False,A,ASN11,O,48.113,26.145,-44.99,A,ALA12,N,50.093,26.776,-45.811
Phase Boundary,YELLOW,4.12,3.427,False,A,ASN11,O,48.113,26.145,-44.99,A,ALA12,O,50.531,24.716,-43.027
Thermal Noise,RED,3.763,3.53,False,A,ASN11,O,48.113,26.145,-44.99,A,LEU13,N,51.039,26.88,-43.157
Phase Boundary,YELLOW,5.101,3.48,False,A,ASN11,O,48.113,26.145,-44.99,A,GLY14,N,48.551,27.4,-41.774
Bound Backbone,BLUE,6.665,2.989,False,A,ASN11,O,48.113,26.145,-44.99,A,ALA15,N,47.195,25.032,-42.372
Bound Backbone,BLUE,7.873,2.819,False,A,ALA12,N,50.093,26.776,-45.811,A,LEU13,N,51.039,26.88,-43.157
Bound Backbone,BLUE,8.09,2.227,False,A,ALA12,O,50.531,24.716,-43.027,A,LEU13,N,51.039,26.88,-43.157
Phase Boundary,YELLOW,4.899,3.436,False,A,ALA12,O,50.531,24.716,-43.027,A,LEU13,O,49.416,26.235,-40.154
Thermal Noise,RED,3.401,3.563,False,A,ALA12,O,50.531,24.716,-43.027,A,GLY14,N,48.551,27.4,-41.774
Thermal Noise,RED,3.513,3.414,False,A,ALA12,O,50.531,24.716,-43.027,A,ALA15,N,47.195,25.032,-42.372
Bound Backbone,BLUE,5.702,2.992,False,A,ALA12,O,50.531,24.716,-43.027,A,MET16,N,48.88,23.183,-41.058
Bound Backbone,BLUE,5.474,2.894,False,A,LEU13,N,51.039,26.88,-43.157,A,GLY14,N,48.551,27.4,-41.774
Bound Backbone,BLUE,11.449,2.175,False,A,LEU13,O,49.416,26.235,-40.154,A,GLY14,N,48.551,27.4,-41.774
Thermal Noise,RED,3.33,3.475,False,A,LEU13,O,49.416,26.235,-40.154,A,GLY14,O,46.09,25.276,-40.463
Phase Boundary,YELLOW,4.523,3.361,False,A,LEU13,O,49.416,26.235,-40.154,A,ALA15,N,47.195,25.032,-42.372
Thermal Noise,RED,4.033,3.228,False,A,LEU13,O,49.416,26.235,-40.154,A,MET16,N,48.88,23.183,-41.058
Bound Backbone,BLUE,5.839,2.911,False,A,LEU13,O,49.416,26.235,-40.154,A,MET17,N,48.573,24.086,-38.381
Bound Backbone,BLUE,5.278,2.794,False,A,GLY14,N,48.551,27.4,-41.774,A,ALA15,N,47.195,25.032,-42.372
Bound Backbone,BLUE,11.953,2.219,False,A,GLY14,O,46.09,25.276,-40.463,A,ALA15,N,47.195,25.032,-42.372
Thermal Noise,RED,3.228,3.53,False,A,GLY14,O,46.09,25.276,-40.463,A,ALA15,O,47.071,21.9,-40.784
Thermal Noise,RED,3.254,3.538,False,A,GLY14,O,46.09,25.276,-40.463,A,MET16,N,48.88,23.183,-41.058
Phase Boundary,YELLOW,4.136,3.452,False,A,GLY14,O,46.09,25.276,-40.463,A,MET17,N,48.573,24.086,-38.381
Bound Backbone,BLUE,6.615,2.924,False,A,GLY14,O,46.09,25.276,-40.463,A,GLN18,N,45.81,23.568,-38.106
Bound Backbone,BLUE,5.702,2.826,False,A,ALA15,N,47.195,25.032,-42.372,A,MET16,N,48.88,23.183,-41.058
Bound Backbone,BLUE,8.091,2.235,False,A,ALA15,O,47.071,21.9,-40.784,A,MET16,N,48.88,23.183,-41.058
Phase Boundary,YELLOW,4.911,3.462,False,A,ALA15,O,47.071,21.9,-40.784,A,MET16,O,48.837,21.948,-37.807
Thermal Noise,RED,4.021,3.579,False,A,ALA15,O,47.071,21.9,-40.784,A,MET17,N,48.573,24.086,-38.381
Phase Boundary,YELLOW,4.837,3.398,False,A,ALA15,O,47.071,21.9,-40.784,A,GLN18,N,45.81,23.568,-38.106
Bound Backbone,BLUE,5.954,3.118,False,A,ALA15,O,47.071,21.9,-40.784,A,ARG19,N,45.831,20.734,-38.171
Bound Backbone,BLUE,7.754,2.842,False,A,MET16,N,48.88,23.183,-41.058,A,MET17,N,48.573,24.086,-38.381
Bound Backbone,BLUE,8.392,2.229,False,A,MET16,O,48.837,21.948,-37.807,A,MET17,N,48.573,24.086,-38.381
Thermal Noise,RED,3.992,3.46,False,A,MET16,O,48.837,21.948,-37.807,A,MET17,O,46.262,23.248,-35.896
Thermal Noise,RED,3.386,3.446,False,A,MET16,O,48.837,21.948,-37.807,A,GLN18,N,45.81,23.568,-38.106
Thermal Noise,RED,3.79,3.262,False,A,MET16,O,48.837,21.948,-37.807,A,ARG19,N,45.831,20.734,-38.171
Bound Backbone,BLUE,5.703,2.974,False,A,MET16,O,48.837,21.948,-37.807,A,GLN20,N,47.351,20.21,-35.906
Phase Boundary,YELLOW,5.047,2.825,False,A,MET17,N,48.573,24.086,-38.381,A,GLN18,N,45.81,23.568,-38.106
Bound Backbone,BLUE,12.326,2.278,False,A,MET17,O,46.262,23.248,-35.896,A,GLN18,N,45.81,23.568,-38.106
Thermal Noise,RED,3.693,3.375,False,A,MET17,O,46.262,23.248,-35.896,A,GLN18,O,44.169,20.779,-36.853
Phase Boundary,YELLOW,4.392,3.418,False,A,MET17,O,46.262,23.248,-35.896,A,ARG19,N,45.831,20.734,-38.171
Thermal Noise,RED,3.842,3.227,False,A,MET17,O,46.262,23.248,-35.896,A,GLN20,N,47.351,20.21,-35.906
Bound Backbone,BLUE,5.369,3.068,False,A,MET17,O,46.262,23.248,-35.896,A,VAL21,N,45.55,21.007,-33.926
Phase Boundary,YELLOW,4.982,2.835,False,A,GLN18,N,45.81,23.568,-38.106,A,ARG19,N,45.831,20.734,-38.171
Bound Backbone,BLUE,11.074,2.122,False,A,GLN18,O,44.169,20.779,-36.853,A,ARG19,N,45.831,20.734,-38.171
Thermal Noise,RED,3.347,3.56,False,A,GLN18,O,44.169,20.779,-36.853,A,ARG19,O,46.384,18.215,-35.76
Thermal Noise,RED,3.705,3.368,False,A,GLN18,O,44.169,20.779,-36.853,A,GLN20,N,47.351,20.21,-35.906
Bound Backbone,BLUE,5.771,3.244,False,A,GLN18,O,44.169,20.779,-36.853,A,VAL21,N,45.55,21.007,-33.926
Bound Backbone,BLUE,6.338,2.987,False,A,GLN18,O,44.169,20.779,-36.853,A,ASP22,N,43.606,19.1,-34.448
Thermal Noise,RED,3.484,3.401,False,A,GLN18,O,44.169,20.779,-36.853,A,ASP22,OD1,41.265,19.046,-36.488
Phase Boundary,YELLOW,4.64,3.107,False,A,GLN18,O,44.169,20.779,-36.853,A,ASP22,OD2,42.528,18.509,-38.197
Phase Boundary,YELLOW,4.625,3.074,False,A,GLN18,NE2,40.924,21.869,-37.655,A,ASP22,OD1,41.265,19.046,-36.488
Thermal Noise,RED,2.864,3.762,False,A,GLN18,NE2,40.924,21.869,-37.655,A,ASP22,OD2,42.528,18.509,-38.197
Bound Backbone,BLUE,7.382,2.778,False,A,ARG19,N,45.831,20.734,-38.171,A,GLN20,N,47.351,20.21,-35.906
Thermal Noise,RED,2.523,3.983,False,A,ARG19,N,45.831,20.734,-38.171,A,ASP22,OD2,42.528,18.509,-38.197
Bound Backbone,BLUE,8.129,2.222,False,A,ARG19,O,46.384,18.215,-35.76,A,GLN20,N,47.351,20.21,-35.906
Phase Boundary,YELLOW,5.026,3.498,False,A,ARG19,O,46.384,18.215,-35.76,A,GLN20,O,46.509,19.596,-32.549
Thermal Noise,RED,3.986,3.443,False,A,ARG19,O,46.384,18.215,-35.76,A,VAL21,N,45.55,21.007,-33.926
Phase Boundary,YELLOW,4.335,3.197,False,A,ARG19,O,46.384,18.215,-35.76,A,ASP22,N,43.606,19.1,-34.448
Bound Backbone,BLUE,6.481,2.838,False,A,ARG19,O,46.384,18.215,-35.76,A,VAL23,N,44.988,16.714,-33.797
Thermal Noise,RED,3.0,3.901,False,A,ARG19,NH1,47.806,14.962,-42.281,A,ALA377,N,50.12,12.413,-40.446
Phase Boundary,YELLOW,4.299,3.077,False,A,ARG19,NH1,47.806,14.962,-42.281,A,ALA377,O,50.77,15.616,-41.774
Thermal Noise,RED,3.738,3.758,False,A,ARG19,NH1,47.806,14.962,-42.281,A,LEU378,N,50.456,15.11,-39.621
Bound Backbone,BLUE,6.773,2.793,False,A,GLN20,N,47.351,20.21,-35.906,A,VAL21,N,45.55,21.007,-33.926
Bound Backbone,BLUE,10.416,2.192,False,A,GLN20,O,46.509,19.596,-32.549,A,VAL21,N,45.55,21.007,-33.926
Thermal Noise,RED,3.418,3.43,False,A,GLN20,O,46.509,19.596,-32.549,A,VAL21,O,43.115,19.204,-32.243
Thermal Noise,RED,3.868,3.504,False,A,GLN20,O,46.509,19.596,-32.549,A,ASP22,N,43.606,19.1,-34.448
Thermal Noise,RED,3.554,3.49,False,A,GLN20,O,46.509,19.596,-32.549,A,VAL23,N,44.988,16.714,-33.797
Phase Boundary,YELLOW,5.155,2.991,False,A,GLN20,O,46.509,19.596,-32.549,A,SER24,N,45.475,17.201,-31.086
Bound Backbone,BLUE,5.323,2.773,False,A,VAL21,N,45.55,21.007,-33.926,A,ASP22,N,43.606,19.1,-34.448
Bound Backbone,BLUE,12.56,2.261,False,A,VAL21,O,43.115,19.204,-32.243,A,ASP22,N,43.606,19.1,-34.448
Thermal Noise,RED,3.66,3.377,False,A,VAL21,O,43.115,19.204,-32.243,A,ASP22,O,43.016,15.945,-33.124
Thermal Noise,RED,3.72,3.482,False,A,VAL21,O,43.115,19.204,-32.243,A,VAL23,N,44.988,16.714,-33.797
Thermal Noise,RED,3.951,3.305,False,A,VAL21,O,43.115,19.204,-32.243,A,SER24,N,45.475,17.201,-31.086
Bound Backbone,BLUE,6.766,2.836,False,A,VAL21,O,43.115,19.204,-32.243,A,LYS25,N,42.801,17.362,-30.109
Phase Boundary,YELLOW,5.153,2.833,False,A,ASP22,N,43.606,19.1,-34.448,A,VAL23,N,44.988,16.714,-33.797
Bound Backbone,BLUE,8.587,2.221,False,A,ASP22,O,43.016,15.945,-33.124,A,VAL23,N,44.988,16.714,-33.797
Phase Boundary,YELLOW,4.564,3.39,False,A,ASP22,O,43.016,15.945,-33.124,A,VAL23,O,45.286,15.09,-30.756
Phase Boundary,YELLOW,4.161,3.432,False,A,ASP22,O,43.016,15.945,-33.124,A,SER24,N,45.475,17.201,-31.086
Bound Backbone,BLUE,5.455,3.338,False,A,ASP22,O,43.016,15.945,-33.124,A,LYS25,N,42.801,17.362,-30.109
Bound Backbone,BLUE,6.425,3.0,False,A,ASP22,O,43.016,15.945,-33.124,A,THR26,N,42.002,14.651,-30.614
Phase Boundary,YELLOW,4.458,2.998,False,A,ASP22,O,43.016,15.945,-33.124,A,THR26,OG1,41.783,13.215,-33.013
Phase Boundary,YELLOW,4.868,3.133,False,A,ASP22,O,43.016,15.945,-33.124,A,GLN374,OE1,43.578,13.394,-34.854
Bound Backbone,BLUE,8.173,2.797,False,A,VAL23,N,44.988,16.714,-33.797,A,SER24,N,45.475,17.201,-31.086
Thermal Noise,RED,2.975,3.759,False,A,VAL23,N,44.988,16.714,-33.797,A,GLN374,OE1,43.578,13.394,-34.854
Bound Backbone,BLUE,8.829,2.145,False,A,VAL23,O,45.286,15.09,-30.756,A,SER24,N,45.475,17.201,-31.086
Phase Boundary,YELLOW,4.615,3.443,False,A,VAL23,O,45.286,15.09,-30.756,A,SER24,O,43.652,16.621,-28.14
Thermal Noise,RED,3.481,3.429,False,A,VAL23,O,45.286,15.09,-30.756,A,LYS25,N,42.801,17.362,-30.109
Thermal Noise,RED,3.643,3.316,False,A,VAL23,O,45.286,15.09,-30.756,A,THR26,N,42.002,14.651,-30.614
Bound Backbone,BLUE,5.976,2.87,False,A,VAL23,O,45.286,15.09,-30.756,A,GLN27,N,43.871,13.285,-29.031
Bound Backbone,BLUE,5.29,2.851,False,A,SER24,N,45.475,17.201,-31.086,A,LYS25,N,42.801,17.362,-30.109
Bound Backbone,BLUE,11.493,2.269,False,A,SER24,O,43.652,16.621,-28.14,A,LYS25,N,42.801,17.362,-30.109
Thermal Noise,RED,3.574,3.381,False,A,SER24,O,43.652,16.621,-28.14,A,LYS25,O,40.818,14.882,-28.754
Phase Boundary,YELLOW,4.108,3.567,False,A,SER24,O,43.652,16.621,-28.14,A,THR26,N,42.002,14.651,-30.614
Thermal Noise,RED,3.484,3.46,False,A,SER24,O,43.652,16.621,-28.14,A,GLN27,N,43.871,13.285,-29.031
Phase Boundary,YELLOW,5.171,3.025,False,A,SER24,O,43.652,16.621,-28.14,A,THR28,N,43.077,14.132,-26.519
Bound Backbone,BLUE,8.06,2.774,False,A,SER24,O,43.652,16.621,-28.14,A,THR28,OG1,42.636,16.748,-25.562
Thermal Noise,RED,3.144,3.864,False,A,SER24,OG,45.419,19.366,-28.093,A,LYS25,N,42.801,17.362,-30.109
Phase Boundary,YELLOW,4.951,2.871,False,A,LYS25,N,42.801,17.362,-30.109,A,THR26,N,42.002,14.651,-30.614
Bound Backbone,BLUE,11.79,2.217,False,A,LYS25,O,40.818,14.882,-28.754,A,THR26,N,42.002,14.651,-30.614
Thermal Noise,RED,3.102,3.592,False,A,LYS25,O,40.818,14.882,-28.754,A,THR26,O,42.426,11.67,-28.797
Thermal Noise,RED,3.363,3.457,False,A,LYS25,O,40.818,14.882,-28.754,A,GLN27,N,43.871,13.285,-29.031
Phase Boundary,YELLOW,4.873,3.265,False,A,LYS25,O,40.818,14.882,-28.754,A,THR28,N,43.077,14.132,-26.519
Bound Backbone,BLUE,6.106,2.988,False,A,LYS25,O,40.818,14.882,-28.754,A,GLU29,N,40.507,12.946,-26.499
Bound Backbone,BLUE,6.12,2.804,False,A,THR26,N,42.002,14.651,-30.614,A,GLN27,N,43.871,13.285,-29.031
Bound Backbone,BLUE,8.485,2.18,False,A,THR26,O,42.426,11.67,-28.797,A,GLN27,N,43.871,13.285,-29.031
Phase Boundary,YELLOW,4.903,3.506,False,A,THR26,O,42.426,11.67,-28.797,A,GLN27,O,43.898,12.268,-25.672
Phase Boundary,YELLOW,4.398,3.417,False,A,THR26,O,42.426,11.67,-28.797,A,THR28,N,43.077,14.132,-26.519
Phase Boundary,YELLOW,4.977,3.254,False,A,THR26,O,42.426,11.67,-28.797,A,GLU29,N,40.507,12.946,-26.499
Bound Backbone,BLUE,6.294,2.966,False,A,THR26,O,42.426,11.67,-28.797,A,VAL30,N,41.254,10.215,-26.493
Bound Backbone,BLUE,5.395,3.464,False,A,THR26,OG1,41.783,13.215,-33.013,A,GLN374,NE2,42.012,13.767,-36.425
Bound Backbone,BLUE,7.98,2.577,False,A,THR26,OG1,41.783,13.215,-33.013,A,GLN374,OE1,43.578,13.394,-34.854
Bound Backbone,BLUE,7.966,2.767,False,A,GLN27,N,43.871,13.285,-29.031,A,THR28,N,43.077,14.132,-26.519
Bound Backbone,BLUE,8.996,2.206,False,A,GLN27,O,43.898,12.268,-25.672,A,THR28,N,43.077,14.132,-26.519
Thermal Noise,RED,3.617,3.497,False,A,GLN27,O,43.898,12.268,-25.672,A,THR28,O,40.753,12.825,-24.247
Thermal Noise,RED,3.275,3.556,False,A,GLN27,O,43.898,12.268,-25.672,A,GLU29,N,40.507,12.946,-26.499
Thermal Noise,RED,3.49,3.447,False,A,GLN27,O,43.898,12.268,-25.672,A,VAL30,N,41.254,10.215,-26.493
Bound Backbone,BLUE,5.573,2.909,False,A,GLN27,O,43.898,12.268,-25.672,A,ALA31,N,42.656,10.136,-24.131
Phase Boundary,YELLOW,4.995,2.831,False,A,THR28,N,43.077,14.132,-26.519,A,GLU29,N,40.507,12.946,-26.499
Bound Backbone,BLUE,12.652,2.269,False,A,THR28,O,40.753,12.825,-24.247,A,GLU29,N,40.507,12.946,-26.499
Thermal Noise,RED,3.594,3.45,False,A,THR28,O,40.753,12.825,-24.247,A,GLU29,O,39.44,9.843,-25.381
Phase Boundary,YELLOW,4.182,3.48,False,A,THR28,O,40.753,12.825,-24.247,A,VAL30,N,41.254,10.215,-26.493
Thermal Noise,RED,3.686,3.296,False,A,THR28,O,40.753,12.825,-24.247,A,ALA31,N,42.656,10.136,-24.131
Bound Backbone,BLUE,6.505,2.848,False,A,THR28,O,40.753,12.825,-24.247,A,SER32,N,40.711,10.812,-22.233
Bound Backbone,BLUE,5.727,2.781,False,A,THR28,O,40.753,12.825,-24.247,A,SER32,OG,38.295,12.197,-23.107
Thermal Noise,RED,3.67,3.302,False,A,THR28,O,40.753,12.825,-24.247,A,GLN37,NE2,38.025,14.686,-24.215
Phase Boundary,YELLOW,4.992,2.831,False,A,GLU29,N,40.507,12.946,-26.499,A,VAL30,N,41.254,10.215,-26.493
Thermal Noise,RED,3.419,3.795,False,A,GLU29,N,40.507,12.946,-26.499,A,GLN37,NE2,38.025,14.686,-24.215
Bound Backbone,BLUE,10.025,2.16,False,A,GLU29,O,39.44,9.843,-25.381,A,VAL30,N,41.254,10.215,-26.493
Thermal Noise,RED,3.622,3.509,False,A,GLU29,O,39.44,9.843,-25.381,A,VAL30,O,42.053,8.035,-23.892
Thermal Noise,RED,3.614,3.463,False,A,GLU29,O,39.44,9.843,-25.381,A,ALA31,N,42.656,10.136,-24.131
Phase Boundary,YELLOW,4.835,3.53,False,A,GLU29,O,39.44,9.843,-25.381,A,SER32,N,40.711,10.812,-22.233
Phase Boundary,YELLOW,4.24,3.467,False,A,GLU29,O,39.44,9.843,-25.381,A,SER32,OG,38.295,12.197,-23.107
Bound Backbone,BLUE,7.278,2.907,False,A,GLU29,O,39.44,9.843,-25.381,A,GLY33,N,38.652,9.006,-22.711
Thermal Noise,RED,3.704,3.488,False,A,GLU29,O,39.44,9.843,-25.381,A,LEU34,N,36.317,9.908,-23.83
Thermal Noise,RED,3.787,3.999,False,A,GLU29,OE1,35.862,11.25,-29.908,A,ARG35,N,34.133,10.933,-26.316
Thermal Noise,RED,3.249,3.719,False,A,GLU29,OE1,35.862,11.25,-29.908,A,ARG35,O,33.741,13.832,-28.276
Phase Boundary,YELLOW,4.173,3.579,False,A,GLU29,OE1,35.862,11.25,-29.908,A,ARG370,NH2,38.023,10.075,-32.508
Phase Boundary,YELLOW,4.136,3.939,False,A,GLU29,OE2,37.9,11.744,-30.568,A,ARG370,NH1,37.267,11.116,-34.405
Bound Backbone,BLUE,8.321,2.562,False,A,GLU29,OE2,37.9,11.744,-30.568,A,ARG370,NH2,38.023,10.075,-32.508
Bound Backbone,BLUE,7.792,2.748,False,A,VAL30,N,41.254,10.215,-26.493,A,ALA31,N,42.656,10.136,-24.131
Bound Backbone,BLUE,8.34,2.199,False,A,VAL30,O,42.053,8.035,-23.892,A,ALA31,N,42.656,10.136,-24.131
Phase Boundary,YELLOW,4.416,3.674,False,A,VAL30,O,42.053,8.035,-23.892,A,ALA31,O,41.95,9.796,-20.669
Thermal Noise,RED,3.729,3.502,False,A,VAL30,O,42.053,8.035,-23.892,A,SER32,N,40.711,10.812,-22.233
Thermal Noise,RED,3.062,3.729,False,A,VAL30,O,42.053,8.035,-23.892,A,GLY33,N,38.652,9.006,-22.711
Bound Backbone,BLUE,6.595,2.8,False,A,ALA31,N,42.656,10.136,-24.131,A,SER32,N,40.711,10.812,-22.233
Bound Backbone,BLUE,10.461,2.239,False,A,ALA31,O,41.95,9.796,-20.669,A,SER32,N,40.711,10.812,-22.233
Thermal Noise,RED,2.986,3.959,False,A,ALA31,O,41.95,9.796,-20.669,A,GLY33,N,38.652,9.006,-22.711
Bound Backbone,BLUE,5.275,2.78,False,A,SER32,N,40.711,10.812,-22.233,A,GLY33,N,38.652,9.006,-22.711
Bound Backbone,BLUE,12.265,2.21,False,A,SER32,O,37.728,9.474,-20.759,A,GLY33,N,38.652,9.006,-22.711
Phase Boundary,YELLOW,5.229,3.407,False,A,SER32,O,37.728,9.474,-20.759,A,LEU34,N,36.317,9.908,-23.83
Thermal Noise,RED,3.86,3.235,False,A,SER32,OG,38.295,12.197,-23.107,A,GLY33,N,38.652,9.006,-22.711
Phase Boundary,YELLOW,4.279,3.11,False,A,SER32,OG,38.295,12.197,-23.107,A,LEU34,N,36.317,9.908,-23.83
Phase Boundary,YELLOW,4.352,3.531,False,A,SER32,OG,38.295,12.197,-23.107,A,LEU34,O,35.952,12.112,-25.747
Bound Backbone,BLUE,5.896,2.738,False,A,SER32,OG,38.295,12.197,-23.107,A,GLN37,NE2,38.025,14.686,-24.215
Bound Backbone,BLUE,5.887,2.742,False,A,GLY33,N,38.652,9.006,-22.711,A,LEU34,N,36.317,9.908,-23.83
Bound Backbone,BLUE,7.874,2.255,False,A,GLY33,O,35.431,7.835,-23.858,A,LEU34,N,36.317,9.908,-23.83
Bound Backbone,BLUE,6.929,2.919,False,A,GLY33,O,35.431,7.835,-23.858,A,SER362,N,34.096,7.218,-26.379
Thermal Noise,RED,3.895,3.889,False,A,GLY33,O,35.431,7.835,-23.858,A,SER362,OG,37.221,6.99,-27.205
Phase Boundary,YELLOW,4.428,3.464,False,A,LEU34,N,36.317,9.908,-23.83,A,ARG35,N,34.133,10.933,-26.316
Bound Backbone,BLUE,8.295,2.241,False,A,LEU34,O,35.952,12.112,-25.747,A,ARG35,N,34.133,10.933,-26.316
Thermal Noise,RED,3.613,3.774,False,A,LEU34,O,35.952,12.112,-25.747,A,ARG35,O,33.741,13.832,-28.276
Thermal Noise,RED,2.903,3.77,False,A,LEU34,O,35.952,12.112,-25.747,A,VAL36,N,32.434,13.183,-26.578
Thermal Noise,RED,3.355,3.643,False,A,LEU34,O,35.952,12.112,-25.747,A,GLN37,NE2,38.025,14.686,-24.215
Phase Boundary,YELLOW,5.019,2.832,False,A,ARG35,N,34.133,10.933,-26.316,A,VAL36,N,32.434,13.183,-26.578
Bound Backbone,BLUE,5.997,2.735,False,A,ARG35,N,34.133,10.933,-26.316,A,ARG360,O,31.866,9.975,-25.122
Thermal Noise,RED,2.899,3.716,False,A,ARG35,N,34.133,10.933,-26.316,A,SER362,N,34.096,7.218,-26.379
Bound Backbone,BLUE,10.906,2.239,False,A,ARG35,O,33.741,13.832,-28.276,A,VAL36,N,32.434,13.183,-26.578
Phase Boundary,YELLOW,5.101,3.367,False,A,ARG35,NE,30.492,10.37,-30.311,A,LEU359,O,28.644,10.356,-27.497
Thermal Noise,RED,2.771,3.804,False,A,ARG35,NH1,29.7,10.798,-32.439,A,ASP42,OD2,27.742,14.053,-32.239
Thermal Noise,RED,3.154,3.754,False,A,ARG35,NH2,28.245,10.679,-30.671,A,ASP42,OD2,27.742,14.053,-32.239
Bound Backbone,BLUE,6.272,3.215,False,A,ARG35,NH2,28.245,10.679,-30.671,A,LEU359,O,28.644,10.356,-27.497
Phase Boundary,YELLOW,4.113,3.362,False,A,VAL36,N,32.434,13.183,-26.578,A,GLN37,N,33.025,16.026,-24.884
Thermal Noise,RED,3.476,3.568,False,A,VAL36,N,32.434,13.183,-26.578,A,ARG360,O,31.866,9.975,-25.122
Bound Backbone,BLUE,8.796,2.256,False,A,VAL36,O,31.677,14.501,-23.912,A,GLN37,N,33.025,16.026,-24.884
Bound Backbone,BLUE,5.428,2.735,False,A,GLN37,N,33.025,16.026,-24.884,A,LYS38,N,32.541,18.686,-24.474
Bound Backbone,BLUE,5.775,3.017,False,A,GLN37,N,33.025,16.026,-24.884,A,ASP41,OD2,33.976,17.953,-27.002
Bound Backbone,BLUE,12.613,2.268,False,A,GLN37,O,32.568,18.333,-22.234,A,LYS38,N,32.541,18.686,-24.474
Thermal Noise,RED,3.211,3.612,False,A,LYS38,N,32.541,18.686,-24.474,A,PRO39,N,29.717,20.714,-25.455
Bound Backbone,BLUE,6.468,2.998,False,A,LYS38,N,32.541,18.686,-24.474,A,ASP41,OD2,33.976,17.953,-27.002
Bound Backbone,BLUE,10.575,2.113,False,A,LYS38,O,30.852,19.33,-26.578,A,PRO39,N,29.717,20.714,-25.455
Thermal Noise,RED,3.753,3.63,False,A,LYS38,O,30.852,19.33,-26.578,A,PRO39,O,28.378,20.805,-28.787
Bound Backbone,BLUE,5.488,2.877,False,A,LYS38,O,30.852,19.33,-26.578,A,SER40,N,30.228,21.806,-27.904
Bound Backbone,BLUE,7.275,2.942,False,A,LYS38,O,30.852,19.33,-26.578,A,ASP41,N,31.576,19.912,-29.369
Thermal Noise,RED,3.414,3.44,False,A,LYS38,O,30.852,19.33,-26.578,A,ASP41,OD2,33.976,17.953,-27.002
Bound Backbone,BLUE,8.122,2.73,False,A,PRO39,N,29.717,20.714,-25.455,A,SER40,N,30.228,21.806,-27.904
Bound Backbone,BLUE,8.423,2.281,False,A,PRO39,O,28.378,20.805,-28.787,A,SER40,N,30.228,21.806,-27.904
Thermal Noise,RED,3.589,3.371,False,A,PRO39,O,28.378,20.805,-28.787,A,ASP41,N,31.576,19.912,-29.369
Thermal Noise,RED,3.403,3.65,False,A,PRO39,O,28.378,20.805,-28.787,A,ASP42,N,29.914,17.944,-30.453
Thermal Noise,RED,2.957,3.726,False,A,PRO39,O,28.378,20.805,-28.787,A,ASP42,O,26.958,17.443,-29.539
Bound Backbone,BLUE,5.342,3.153,False,A,PRO39,O,28.378,20.805,-28.787,A,PRO43,N,26.967,19.12,-31.048
Bound Backbone,BLUE,6.259,2.748,False,A,SER40,N,30.228,21.806,-27.904,A,ASP41,N,31.576,19.912,-29.369
Bound Backbone,BLUE,11.295,2.242,False,A,SER40,O,31.566,21.222,-31.189,A,ASP41,N,31.576,19.912,-29.369
Thermal Noise,RED,3.096,3.659,False,A,SER40,O,31.566,21.222,-31.189,A,ASP41,O,31.439,17.67,-32.059
Thermal Noise,RED,2.926,3.744,False,A,SER40,O,31.566,21.222,-31.189,A,ASP42,N,29.914,17.944,-30.453
Thermal Noise,RED,3.674,3.444,False,A,SER40,OG,32.861,22.837,-28.084,A,ASP41,N,31.576,19.912,-29.369
Thermal Noise,RED,2.596,3.95,False,A,SER40,OG,32.861,22.837,-28.084,A,ASP41,OD1,34.541,19.304,-28.633
Bound Backbone,BLUE,5.615,2.795,False,A,ASP41,N,31.576,19.912,-29.369,A,ASP42,N,29.914,17.944,-30.453
Bound Backbone,BLUE,10.685,2.232,False,A,ASP41,O,31.439,17.67,-32.059,A,ASP42,N,29.914,17.944,-30.453
Thermal Noise,RED,3.923,3.228,False,A,ASP42,N,29.914,17.944,-30.453,A,PRO43,N,26.967,19.12,-31.048
Bound Backbone,BLUE,10.102,2.256,False,A,ASP42,O,26.958,17.443,-29.539,A,PRO43,N,26.967,19.12,-31.048
Thermal Noise,RED,3.08,3.605,False,A,ASP42,O,26.958,17.443,-29.539,A,PRO43,O,23.745,19.077,-29.495
Phase Boundary,YELLOW,4.857,3.169,False,A,ASP42,O,26.958,17.443,-29.539,A,VAL44,N,24.432,17.896,-31.399
Thermal Noise,RED,4.029,3.193,False,A,ASP42,O,26.958,17.443,-29.539,A,ALA45,N,24.602,15.388,-30.187
Bound Backbone,BLUE,6.318,2.868,False,A,ASP42,O,26.958,17.443,-29.539,A,ALA46,N,25.195,16.323,-27.573
Thermal Noise,RED,3.75,3.402,False,A,ASP42,OD1,26.673,15.966,-32.289,A,PRO43,N,26.967,19.12,-31.048
Phase Boundary,YELLOW,4.417,3.089,False,A,ASP42,OD1,26.673,15.966,-32.289,A,VAL44,N,24.432,17.896,-31.399
Bound Backbone,BLUE,5.803,3.007,False,A,ASP42,OD1,26.673,15.966,-32.289,A,ALA45,N,24.602,15.388,-30.187
Thermal Noise,RED,2.951,3.982,False,A,ASP42,OD2,27.742,14.053,-32.239,A,ALA45,N,24.602,15.388,-30.187
Phase Boundary,YELLOW,5.021,2.837,False,A,PRO43,N,26.967,19.12,-31.048,A,VAL44,N,24.432,17.896,-31.399
Bound Backbone,BLUE,10.348,2.343,False,A,PRO43,O,23.745,19.077,-29.495,A,VAL44,N,24.432,17.896,-31.399
Thermal Noise,RED,3.046,3.626,False,A,PRO43,O,23.745,19.077,-29.495,A,VAL44,O,22.446,15.694,-29.617
Thermal Noise,RED,2.756,3.85,False,A,PRO43,O,23.745,19.077,-29.495,A,ALA45,N,24.602,15.388,-30.187
Thermal Noise,RED,3.516,3.658,False,A,PRO43,O,23.745,19.077,-29.495,A,ALA46,N,25.195,16.323,-27.573
Bound Backbone,BLUE,5.652,3.201,False,A,PRO43,O,23.745,19.077,-29.495,A,VAL47,N,22.734,17.651,-26.814
Bound Backbone,BLUE,5.756,2.791,False,A,VAL44,N,24.432,17.896,-31.399,A,ALA45,N,24.602,15.388,-30.187
Bound Backbone,BLUE,8.221,2.251,False,A,VAL44,O,22.446,15.694,-29.617,A,ALA45,N,24.602,15.388,-30.187
Phase Boundary,YELLOW,4.637,3.492,False,A,VAL44,O,22.446,15.694,-29.617,A,ALA45,O,24.188,14.577,-26.804
Thermal Noise,RED,4.022,3.483,False,A,VAL44,O,22.446,15.694,-29.617,A,ALA46,N,25.195,16.323,-27.573
Phase Boundary,YELLOW,4.845,3.431,False,A,VAL44,O,22.446,15.694,-29.617,A,VAL47,N,22.734,17.651,-26.814
Bound Backbone,BLUE,5.873,3.214,False,A,VAL44,O,22.446,15.694,-29.617,A,LYS48,N,21.087,15.372,-26.722
Bound Backbone,BLUE,7.645,2.839,False,A,ALA45,N,24.602,15.388,-30.187,A,ALA46,N,25.195,16.323,-27.573
Bound Backbone,BLUE,9.295,2.157,False,A,ALA45,O,24.188,14.577,-26.804,A,ALA46,N,25.195,16.323,-27.573
Phase Boundary,YELLOW,4.302,3.4,False,A,ALA45,O,24.188,14.577,-26.804,A,ALA46,O,23.378,17.125,-24.703
Thermal Noise,RED,3.461,3.401,False,A,ALA45,O,24.188,14.577,-26.804,A,VAL47,N,22.734,17.651,-26.814
Thermal Noise,RED,3.904,3.202,False,A,ALA45,O,24.188,14.577,-26.804,A,LYS48,N,21.087,15.372,-26.722
Bound Backbone,BLUE,6.566,2.867,False,A,ALA45,O,24.188,14.577,-26.804,A,LEU49,N,22.407,13.835,-24.684
Phase Boundary,YELLOW,4.975,2.898,False,A,ALA46,N,25.195,16.323,-27.573,A,VAL47,N,22.734,17.651,-26.814
Bound Backbone,BLUE,12.057,2.269,False,A,ALA46,O,23.378,17.125,-24.703,A,VAL47,N,22.734,17.651,-26.814
Thermal Noise,RED,3.326,3.482,False,A,ALA46,O,23.378,17.125,-24.703,A,VAL47,O,19.99,16.418,-25.088
Thermal Noise,RED,3.903,3.521,False,A,ALA46,O,23.378,17.125,-24.703,A,LYS48,N,21.087,15.372,-26.722
Thermal Noise,RED,3.401,3.43,False,A,ALA46,O,23.378,17.125,-24.703,A,LEU49,N,22.407,13.835,-24.684
Bound Backbone,BLUE,5.736,3.047,False,A,ALA46,O,23.378,17.125,-24.703,A,MET50,N,21.925,15.592,-22.507
Phase Boundary,YELLOW,5.06,2.813,False,A,VAL47,N,22.734,17.651,-26.814,A,LYS48,N,21.087,15.372,-26.722
Bound Backbone,BLUE,10.812,2.229,False,A,VAL47,O,19.99,16.418,-25.088,A,LYS48,N,21.087,15.372,-26.722
Thermal Noise,RED,3.503,3.456,False,A,VAL47,O,19.99,16.418,-25.088,A,LYS48,O,20.355,13.108,-24.164
Thermal Noise,RED,3.183,3.56,False,A,VAL47,O,19.99,16.418,-25.088,A,LEU49,N,22.407,13.835,-24.684
Phase Boundary,YELLOW,4.989,3.33,False,A,VAL47,O,19.99,16.418,-25.088,A,MET50,N,21.925,15.592,-22.507
Bound Backbone,BLUE,6.453,3.057,False,A,VAL47,O,19.99,16.418,-25.088,A,GLN51,N,19.055,15.404,-22.36
Bound Backbone,BLUE,6.397,2.874,False,A,LYS48,N,21.087,15.372,-26.722,A,LEU49,N,22.407,13.835,-24.684
Bound Backbone,BLUE,8.263,2.238,False,A,LYS48,O,20.355,13.108,-24.164,A,LEU49,N,22.407,13.835,-24.684
Phase Boundary,YELLOW,4.768,3.498,False,A,LYS48,O,20.355,13.108,-24.164,A,LEU49,O,22.071,13.807,-21.197
Thermal Noise,RED,4.056,3.374,False,A,LYS48,O,20.355,13.108,-24.164,A,MET50,N,21.925,15.592,-22.507
Phase Boundary,YELLOW,4.712,3.196,False,A,LYS48,O,20.355,13.108,-24.164,A,GLN51,N,19.055,15.404,-22.36
Bound Backbone,BLUE,7.035,2.861,False,A,LYS48,O,20.355,13.108,-24.164,A,LEU52,N,18.834,12.635,-21.787
Bound Backbone,BLUE,6.825,2.839,False,A,LEU49,N,22.407,13.835,-24.684,A,MET50,N,21.925,15.592,-22.507
Bound Backbone,BLUE,9.931,2.219,False,A,LEU49,O,22.071,13.807,-21.197,A,MET50,N,21.925,15.592,-22.507
Thermal Noise,RED,3.395,3.523,False,A,LEU49,O,22.071,13.807,-21.197,A,MET50,O,19.327,15.769,-20.181
Thermal Noise,RED,3.283,3.605,False,A,LEU49,O,22.071,13.807,-21.197,A,GLN51,N,19.055,15.404,-22.36
Thermal Noise,RED,3.34,3.493,False,A,LEU49,O,22.071,13.807,-21.197,A,LEU52,N,18.834,12.635,-21.787
Bound Backbone,BLUE,6.005,2.91,False,A,LEU49,O,22.071,13.807,-21.197,A,ALA53,N,20.206,12.63,-19.298
Phase Boundary,YELLOW,4.833,2.88,False,A,MET50,N,21.925,15.592,-22.507,A,GLN51,N,19.055,15.404,-22.36
Bound Backbone,BLUE,13.001,2.226,False,A,MET50,O,19.327,15.769,-20.181,A,GLN51,N,19.055,15.404,-22.36
Thermal Noise,RED,3.336,3.479,False,A,MET50,O,19.327,15.769,-20.181,A,GLN51,O,17.013,13.204,-20.591
Thermal Noise,RED,3.576,3.556,False,A,MET50,O,19.327,15.769,-20.181,A,LEU52,N,18.834,12.635,-21.787
Thermal Noise,RED,3.661,3.377,False,A,MET50,O,19.327,15.769,-20.181,A,ALA53,N,20.206,12.63,-19.298
Bound Backbone,BLUE,6.127,3.026,False,A,MET50,O,19.327,15.769,-20.181,A,GLN54,N,18.348,14.214,-17.777
Phase Boundary,YELLOW,5.104,2.836,False,A,GLN51,N,19.055,15.404,-22.36,A,LEU52,N,18.834,12.635,-21.787
Bound Backbone,BLUE,9.31,2.252,False,A,GLN51,O,17.013,13.204,-20.591,A,LEU52,N,18.834,12.635,-21.787
Thermal Noise,RED,3.731,3.545,False,A,GLN51,O,17.013,13.204,-20.591,A,LEU52,O,18.965,10.887,-18.75
Thermal Noise,RED,3.568,3.492,False,A,GLN51,O,17.013,13.204,-20.591,A,ALA53,N,20.206,12.63,-19.298
Bound Backbone,BLUE,5.487,3.274,False,A,GLN51,O,17.013,13.204,-20.591,A,GLN54,N,18.348,14.214,-17.777
Bound Backbone,BLUE,7.566,2.846,False,A,GLN51,O,17.013,13.204,-20.591,A,ALA55,N,16.12,12.468,-17.991
Bound Backbone,BLUE,7.373,2.842,False,A,LEU52,N,18.834,12.635,-21.787,A,ALA53,N,20.206,12.63,-19.298
Bound Backbone,BLUE,8.525,2.209,False,A,LEU52,O,18.965,10.887,-18.75,A,ALA53,N,20.206,12.63,-19.298
Phase Boundary,YELLOW,4.421,3.542,False,A,LEU52,O,18.965,10.887,-18.75,A,ALA53,O,19.124,13.103,-15.991
Thermal Noise,RED,3.385,3.521,False,A,LEU52,O,18.965,10.887,-18.75,A,GLN54,N,18.348,14.214,-17.777
Thermal Noise,RED,3.701,3.342,False,A,LEU52,O,18.965,10.887,-18.75,A,ALA55,N,16.12,12.468,-17.991
Bound Backbone,BLUE,6.48,2.901,False,A,LEU52,O,18.965,10.887,-18.75,A,LYS56,N,17.182,10.221,-16.561
Bound Backbone,BLUE,5.697,2.877,False,A,ALA53,N,20.206,12.63,-19.298,A,GLN54,N,18.348,14.214,-17.777
Bound Backbone,BLUE,11.178,2.242,False,A,ALA53,O,19.124,13.103,-15.991,A,GLN54,N,18.348,14.214,-17.777
Thermal Noise,RED,3.277,3.496,False,A,ALA53,O,19.124,13.103,-15.991,A,GLN54,O,15.632,13.211,-15.867
Thermal Noise,RED,3.546,3.664,False,A,ALA53,O,19.124,13.103,-15.991,A,ALA55,N,16.12,12.468,-17.991
Thermal Noise,RED,3.281,3.522,False,A,ALA53,O,19.124,13.103,-15.991,A,LYS56,N,17.182,10.221,-16.561
Bound Backbone,BLUE,5.633,3.011,False,A,ALA53,O,19.124,13.103,-15.991,A,SER57,N,17.583,11.442,-14.008
Phase Boundary,YELLOW,4.984,2.839,False,A,GLN54,N,18.348,14.214,-17.777,A,ALA55,N,16.12,12.468,-17.991
Bound Backbone,BLUE,11.637,2.303,False,A,GLN54,O,15.632,13.211,-15.867,A,ALA55,N,16.12,12.468,-17.991
Thermal Noise,RED,3.389,3.437,False,A,GLN54,O,15.632,13.211,-15.867,A,ALA55,O,15.141,9.81,-15.946
Thermal Noise,RED,3.472,3.439,False,A,GLN54,O,15.632,13.211,-15.867,A,LYS56,N,17.182,10.221,-16.561
Phase Boundary,YELLOW,4.666,3.224,False,A,GLN54,O,15.632,13.211,-15.867,A,SER57,N,17.583,11.442,-14.008
Bound Backbone,BLUE,6.947,2.926,False,A,GLN54,O,15.632,13.211,-15.867,A,ALA58,N,14.844,12.027,-13.31
Bound Backbone,BLUE,5.638,2.867,False,A,ALA55,N,16.12,12.468,-17.991,A,LYS56,N,17.182,10.221,-16.561
Bound Backbone,BLUE,8.925,2.171,False,A,ALA55,O,15.141,9.81,-15.946,A,LYS56,N,17.182,10.221,-16.561
Phase Boundary,YELLOW,4.551,3.51,False,A,ALA55,O,15.141,9.81,-15.946,A,LYS56,O,17.234,9.385,-13.161
Thermal Noise,RED,3.856,3.519,False,A,ALA55,O,15.141,9.81,-15.946,A,SER57,N,17.583,11.442,-14.008
Phase Boundary,YELLOW,4.587,3.457,False,A,ALA55,O,15.141,9.81,-15.946,A,ALA58,N,14.844,12.027,-13.31
Bound Backbone,BLUE,6.671,3.015,False,A,ALA55,O,15.141,9.81,-15.946,A,ASN59,N,13.936,9.283,-13.233
Phase Boundary,YELLOW,4.516,2.981,False,A,ALA55,O,15.141,9.81,-15.946,A,ASN59,ND2,13.673,7.223,-16.138
Bound Backbone,BLUE,7.386,2.858,False,A,LYS56,N,17.182,10.221,-16.561,A,SER57,N,17.583,11.442,-14.008
Bound Backbone,BLUE,8.603,2.252,False,A,LYS56,O,17.234,9.385,-13.161,A,SER57,N,17.583,11.442,-14.008
Thermal Noise,RED,4.015,3.462,False,A,LYS56,O,17.234,9.385,-13.161,A,SER57,O,15.522,11.675,-11.209
Thermal Noise,RED,3.151,3.566,False,A,LYS56,O,17.234,9.385,-13.161,A,ALA58,N,14.844,12.027,-13.31
Thermal Noise,RED,3.675,3.3,False,A,LYS56,O,17.234,9.385,-13.161,A,ASN59,N,13.936,9.283,-13.233
Bound Backbone,BLUE,6.387,2.893,False,A,LYS56,O,17.234,9.385,-13.161,A,THR60,N,15.514,8.388,-11.059
Bound Backbone,BLUE,7.229,2.886,False,A,LYS56,O,17.234,9.385,-13.161,A,THR60,OG1,18.328,8.661,-10.59
Bound Backbone,BLUE,8.286,2.574,False,A,LYS56,NZ,23.577,6.966,-14.7,A,ASP353,OD1,23.094,5.377,-16.666
Thermal Noise,RED,2.928,3.786,False,A,LYS56,NZ,23.577,6.966,-14.7,A,ASP353,OD2,22.83,3.405,-15.746
Phase Boundary,YELLOW,4.982,2.886,False,A,SER57,N,17.583,11.442,-14.008,A,ALA58,N,14.844,12.027,-13.31
Bound Backbone,BLUE,12.508,2.236,False,A,SER57,O,15.522,11.675,-11.209,A,ALA58,N,14.844,12.027,-13.31
Thermal Noise,RED,3.6,3.346,False,A,SER57,O,15.522,11.675,-11.209,A,ALA58,O,12.613,10.059,-11.555
Thermal Noise,RED,3.931,3.512,False,A,SER57,O,15.522,11.675,-11.209,A,ASN59,N,13.936,9.283,-13.233
Thermal Noise,RED,3.701,3.29,False,A,SER57,O,15.522,11.675,-11.209,A,THR60,N,15.514,8.388,-11.059
Bound Backbone,BLUE,5.726,3.061,False,A,SER57,O,15.522,11.675,-11.209,A,GLN61,N,14.352,9.946,-8.971
Thermal Noise,RED,3.098,3.786,False,A,SER57,OG,17.383,14.354,-11.737,A,ALA58,N,14.844,12.027,-13.31
Phase Boundary,YELLOW,4.789,2.891,False,A,ALA58,N,14.844,12.027,-13.31,A,ASN59,N,13.936,9.283,-13.233
Bound Backbone,BLUE,10.428,2.273,False,A,ALA58,O,12.613,10.059,-11.555,A,ASN59,N,13.936,9.283,-13.233
Thermal Noise,RED,3.172,3.615,False,A,ALA58,O,12.613,10.059,-11.555,A,ASN59,O,13.983,6.825,-10.7
Thermal Noise,RED,3.542,3.384,False,A,ALA58,O,12.613,10.059,-11.555,A,THR60,N,15.514,8.388,-11.059
Bound Backbone,BLUE,5.922,3.117,False,A,ALA58,O,12.613,10.059,-11.555,A,GLN61,N,14.352,9.946,-8.971
Bound Backbone,BLUE,6.635,2.97,False,A,ALA58,O,12.613,10.059,-11.555,A,TYR62,N,11.703,8.801,-9.023
Bound Backbone,BLUE,6.864,2.831,False,A,ASN59,N,13.936,9.283,-13.233,A,THR60,N,15.514,8.388,-11.059
Bound Backbone,BLUE,8.277,2.217,False,A,ASN59,O,13.983,6.825,-10.7,A,THR60,N,15.514,8.388,-11.059
Phase Boundary,YELLOW,4.923,3.484,False,A,ASN59,O,13.983,6.825,-10.7,A,THR60,O,14.916,8.188,-7.632
Thermal Noise,RED,3.57,3.587,False,A,ASN59,O,13.983,6.825,-10.7,A,GLN61,N,14.352,9.946,-8.971
Thermal Noise,RED,3.863,3.452,False,A,ASN59,O,13.983,6.825,-10.7,A,TYR62,N,11.703,8.801,-9.023
Bound Backbone,BLUE,6.171,3.054,False,A,ASN59,O,13.983,6.825,-10.7,A,GLY63,N,12.402,6.191,-8.165
Thermal Noise,RED,3.68,3.299,False,A,ASN59,O,13.983,6.825,-10.7,A,ARG345,NH1,15.621,3.964,-10.565
Bound Backbone,BLUE,6.595,2.853,False,A,THR60,N,15.514,8.388,-11.059,A,GLN61,N,14.352,9.946,-8.971
Bound Backbone,BLUE,9.381,2.281,False,A,THR60,O,14.916,8.188,-7.632,A,GLN61,N,14.352,9.946,-8.971
Thermal Noise,RED,3.352,3.509,False,A,THR60,O,14.916,8.188,-7.632,A,GLN61,O,11.66,9.241,-6.856
Thermal Noise,RED,3.476,3.554,False,A,THR60,O,14.916,8.188,-7.632,A,TYR62,N,11.703,8.801,-9.023
Thermal Noise,RED,3.843,3.255,False,A,THR60,O,14.916,8.188,-7.632,A,GLY63,N,12.402,6.191,-8.165
Bound Backbone,BLUE,5.391,3.11,False,A,THR60,O,14.916,8.188,-7.632,A,THR64,N,13.189,6.744,-5.486
Bound Backbone,BLUE,6.297,3.209,False,A,THR60,O,14.916,8.188,-7.632,A,THR64,OG1,14.958,8.702,-4.465
Phase Boundary,YELLOW,4.805,2.886,False,A,GLN61,N,14.352,9.946,-8.971,A,TYR62,N,11.703,8.801,-9.023
Bound Backbone,BLUE,13.18,2.212,False,A,GLN61,O,11.66,9.241,-6.856,A,TYR62,N,11.703,8.801,-9.023
Thermal Noise,RED,3.38,3.461,False,A,GLN61,O,11.66,9.241,-6.856,A,TYR62,O,10.327,6.081,-7.319
Thermal Noise,RED,3.786,3.401,False,A,GLN61,O,11.66,9.241,-6.856,A,GLY63,N,12.402,6.191,-8.165
Phase Boundary,YELLOW,4.268,3.233,False,A,GLN61,O,11.66,9.241,-6.856,A,THR64,N,13.189,6.744,-5.486
Bound Backbone,BLUE,6.044,3.016,False,A,GLN61,O,11.66,9.241,-6.856,A,ASN65,N,10.665,7.579,-4.544
Thermal Noise,RED,2.905,3.733,False,A,GLN61,O,11.66,9.241,-6.856,A,ASN65,ND2,8.18,10.497,-6.362
Phase Boundary,YELLOW,4.362,3.455,False,A,GLN61,O,11.66,9.241,-6.856,A,ASN65,OD1,9.399,10.328,-4.481
Thermal Noise,RED,2.628,3.992,False,A,GLN61,NE2,11.594,12.261,-5.279,A,ASN65,ND2,8.18,10.497,-6.362
Phase Boundary,YELLOW,4.546,3.032,False,A,GLN61,NE2,11.594,12.261,-5.279,A,ASN65,OD1,9.399,10.328,-4.481
Phase Boundary,YELLOW,5.27,2.835,False,A,TYR62,N,11.703,8.801,-9.023,A,GLY63,N,12.402,6.191,-8.165
Bound Backbone,BLUE,8.67,2.244,False,A,TYR62,O,10.327,6.081,-7.319,A,GLY63,N,12.402,6.191,-8.165
Phase Boundary,YELLOW,4.164,3.497,False,A,TYR62,O,10.327,6.081,-7.319,A,GLY63,O,12.522,4.605,-5.032
Thermal Noise,RED,3.933,3.463,False,A,TYR62,O,10.327,6.081,-7.319,A,THR64,N,13.189,6.744,-5.486
Bound Backbone,BLUE,5.917,3.172,False,A,TYR62,O,10.327,6.081,-7.319,A,ASN65,N,10.665,7.579,-4.544
Bound Backbone,BLUE,7.306,2.823,False,A,TYR62,O,10.327,6.081,-7.319,A,ILE66,N,9.127,5.169,-4.932
Thermal Noise,RED,3.658,3.408,False,A,TYR62,OH,8.294,11.401,-13.756,A,GLN165,NE2,5.186,12.313,-12.697
Thermal Noise,RED,2.602,3.944,False,A,TYR62,OH,8.294,11.401,-13.756,A,GLY167,O,5.163,9.061,-13.23
Thermal Noise,RED,2.768,3.946,False,A,TYR62,OH,8.294,11.401,-13.756,A,ASP168,N,6.237,8.326,-15.13
Bound Backbone,BLUE,7.724,2.846,False,A,GLY63,N,12.402,6.191,-8.165,A,THR64,N,13.189,6.744,-5.486
Bound Backbone,BLUE,7.85,2.286,False,A,GLY63,O,12.522,4.605,-5.032,A,THR64,N,13.189,6.744,-5.486
Phase Boundary,YELLOW,4.34,3.489,False,A,GLY63,O,12.522,4.605,-5.032,A,THR64,O,11.305,6.742,-2.557
Thermal Noise,RED,3.232,3.54,False,A,GLY63,O,12.522,4.605,-5.032,A,ASN65,N,10.665,7.579,-4.544
Thermal Noise,RED,3.378,3.443,False,A,GLY63,O,12.522,4.605,-5.032,A,ILE66,N,9.127,5.169,-4.932
Bound Backbone,BLUE,5.558,3.002,False,A,GLY63,O,12.522,4.605,-5.032,A,SER67,N,10.501,3.437,-3.144
Bound Backbone,BLUE,5.388,2.82,False,A,THR64,N,13.189,6.744,-5.486,A,ASN65,N,10.665,7.579,-4.544
Bound Backbone,BLUE,11.842,2.249,False,A,THR64,O,11.305,6.742,-2.557,A,ASN65,N,10.665,7.579,-4.544
Thermal Noise,RED,3.264,3.535,False,A,THR64,O,11.305,6.742,-2.557,A,ASN65,O,7.93,5.887,-3.17
Thermal Noise,RED,3.981,3.586,False,A,THR64,O,11.305,6.742,-2.557,A,ILE66,N,9.127,5.169,-4.932
Thermal Noise,RED,3.421,3.452,False,A,THR64,O,11.305,6.742,-2.557,A,SER67,N,10.501,3.437,-3.144
Bound Backbone,BLUE,5.367,3.05,False,A,THR64,O,11.305,6.742,-2.557,A,ALA68,N,9.994,4.75,-0.656
Phase Boundary,YELLOW,4.863,2.885,False,A,ASN65,N,10.665,7.579,-4.544,A,ILE66,N,9.127,5.169,-4.932
Bound Backbone,BLUE,11.017,2.248,False,A,ASN65,O,7.93,5.887,-3.17,A,ILE66,N,9.127,5.169,-4.932
Thermal Noise,RED,3.496,3.395,False,A,ASN65,O,7.93,5.887,-3.17,A,ILE66,O,8.439,2.549,-2.816
Thermal Noise,RED,3.173,3.552,False,A,ASN65,O,7.93,5.887,-3.17,A,SER67,N,10.501,3.437,-3.144
Phase Boundary,YELLOW,4.512,3.446,False,A,ASN65,O,7.93,5.887,-3.17,A,ALA68,N,9.994,4.75,-0.656
Bound Backbone,BLUE,6.728,2.967,False,A,ASN65,O,7.93,5.887,-3.17,A,THR69,N,7.2,4.609,-0.594
Bound Backbone,BLUE,5.748,2.689,False,A,ASN65,O,7.93,5.887,-3.17,A,THR69,OG1,5.343,5.57,-2.509
Bound Backbone,BLUE,6.286,2.765,False,A,ASN65,ND2,8.18,10.497,-6.362,A,GLN165,O,6.449,9.002,-7.916
Bound Backbone,BLUE,6.196,2.843,False,A,ILE66,N,9.127,5.169,-4.932,A,SER67,N,10.501,3.437,-3.144
Bound Backbone,BLUE,7.877,2.269,False,A,ILE66,O,8.439,2.549,-2.816,A,SER67,N,10.501,3.437,-3.144
Phase Boundary,YELLOW,5.135,3.421,False,A,ILE66,O,8.439,2.549,-2.816,A,SER67,O,10.004,2.696,0.223
Phase Boundary,YELLOW,4.19,3.454,False,A,ILE66,O,8.439,2.549,-2.816,A,ALA68,N,9.994,4.75,-0.656
Phase Boundary,YELLOW,4.83,3.274,False,A,ILE66,O,8.439,2.549,-2.816,A,THR69,N,7.2,4.609,-0.594
Bound Backbone,BLUE,7.089,2.776,False,A,ILE66,O,8.439,2.549,-2.816,A,THR70,N,6.79,1.797,-0.713
Phase Boundary,YELLOW,4.928,2.864,False,A,ILE66,O,8.439,2.549,-2.816,A,THR70,OG1,7.877,-0.236,-2.453
Bound Backbone,BLUE,7.259,2.859,False,A,SER67,N,10.501,3.437,-3.144,A,ALA68,N,9.994,4.75,-0.656
Bound Backbone,BLUE,8.807,2.234,False,A,SER67,O,10.004,2.696,0.223,A,ALA68,N,9.994,4.75,-0.656
Thermal Noise,RED,3.471,3.563,False,A,SER67,O,10.004,2.696,0.223,A,ALA68,O,7.345,4.596,1.642
Thermal Noise,RED,3.398,3.491,False,A,SER67,O,10.004,2.696,0.223,A,THR69,N,7.2,4.609,-0.594
Thermal Noise,RED,3.486,3.466,False,A,SER67,O,10.004,2.696,0.223,A,THR70,N,6.79,1.797,-0.713
Phase Boundary,YELLOW,5.098,3.033,False,A,SER67,O,10.004,2.696,0.223,A,THR71,N,8.025,1.023,1.799
Bound Backbone,BLUE,7.104,2.926,False,A,SER67,O,10.004,2.696,0.223,A,THR71,OG1,10.618,1.607,2.869
Thermal Noise,RED,2.832,3.759,False,A,SER67,OG,13.149,2.706,-0.661,A,ALA68,N,9.994,4.75,-0.656
Phase Boundary,YELLOW,5.113,2.798,False,A,ALA68,N,9.994,4.75,-0.656,A,THR69,N,7.2,4.609,-0.594
Bound Backbone,BLUE,13.022,2.241,False,A,ALA68,O,7.345,4.596,1.642,A,THR69,N,7.2,4.609,-0.594
Thermal Noise,RED,3.365,3.551,False,A,ALA68,O,7.345,4.596,1.642,A,THR69,O,4.956,2.207,0.549
Thermal Noise,RED,3.677,3.7,False,A,ALA68,O,7.345,4.596,1.642,A,THR70,N,6.79,1.797,-0.713
Thermal Noise,RED,3.023,3.641,False,A,ALA68,O,7.345,4.596,1.642,A,THR71,N,8.025,1.023,1.799
Phase Boundary,YELLOW,4.898,3.189,False,A,ALA68,O,7.345,4.596,1.642,A,ARG72,N,6.248,2.346,3.617
Phase Boundary,YELLOW,4.953,2.844,False,A,THR69,N,7.2,4.609,-0.594,A,THR70,N,6.79,1.797,-0.713
Bound Backbone,BLUE,9.355,2.264,False,A,THR69,O,4.956,2.207,0.549,A,THR70,N,6.79,1.797,-0.713
Phase Boundary,YELLOW,4.313,3.203,False,A,THR69,O,4.956,2.207,0.549,A,THR70,O,6.283,-0.4,1.853
Thermal Noise,RED,3.491,3.519,False,A,THR69,O,4.956,2.207,0.549,A,THR71,N,8.025,1.023,1.799
Bound Backbone,BLUE,5.55,3.332,False,A,THR69,O,4.956,2.207,0.549,A,ARG72,N,6.248,2.346,3.617
Bound Backbone,BLUE,6.63,2.948,False,A,THR69,O,4.956,2.207,0.549,A,LEU73,N,3.771,1.077,3.001
Bound Backbone,BLUE,7.004,2.904,False,A,THR70,N,6.79,1.797,-0.713,A,THR71,N,8.025,1.023,1.799
Bound Backbone,BLUE,7.908,2.25,False,A,THR70,O,6.283,-0.4,1.853,A,THR71,N,8.025,1.023,1.799
Bound Backbone,BLUE,5.311,3.422,False,A,THR70,O,6.283,-0.4,1.853,A,THR71,O,6.752,0.736,5.047
Phase Boundary,YELLOW,4.455,3.264,False,A,THR70,O,6.283,-0.4,1.853,A,ARG72,N,6.248,2.346,3.617
Phase Boundary,YELLOW,4.429,3.132,False,A,THR70,O,6.283,-0.4,1.853,A,LEU73,N,3.771,1.077,3.001
Bound Backbone,BLUE,6.123,2.88,False,A,THR70,O,6.283,-0.4,1.853,A,GLU74,N,4.426,-1.558,3.725
Bound Backbone,BLUE,6.121,2.866,False,A,THR71,N,8.025,1.023,1.799,A,ARG72,N,6.248,2.346,3.617
Bound Backbone,BLUE,10.359,2.212,False,A,THR71,O,6.752,0.736,5.047,A,ARG72,N,6.248,2.346,3.617
Thermal Noise,RED,3.237,3.518,False,A,THR71,O,6.752,0.736,5.047,A,ARG72,O,3.294,1.366,5.198
Thermal Noise,RED,3.647,3.632,False,A,THR71,O,6.752,0.736,5.047,A,LEU73,N,3.771,1.077,3.001
Thermal Noise,RED,3.511,3.524,False,A,THR71,O,6.752,0.736,5.047,A,GLU74,N,4.426,-1.558,3.725
Phase Boundary,YELLOW,4.57,3.16,False,A,THR71,O,6.752,0.736,5.047,A,GLN75,N,4.711,-1.167,6.529
Phase Boundary,YELLOW,5.072,2.85,False,A,ARG72,N,6.248,2.346,3.617,A,LEU73,N,3.771,1.077,3.001
Bound Backbone,BLUE,12.446,2.267,False,A,ARG72,O,3.294,1.366,5.198,A,LEU73,N,3.771,1.077,3.001
Thermal Noise,RED,3.29,3.585,False,A,ARG72,O,3.294,1.366,5.198,A,LEU73,O,2.257,-1.895,4.128
Thermal Noise,RED,3.718,3.464,False,A,ARG72,O,3.294,1.366,5.198,A,GLU74,N,4.426,-1.558,3.725
Phase Boundary,YELLOW,4.359,3.193,False,A,ARG72,O,3.294,1.366,5.198,A,GLN75,N,4.711,-1.167,6.529
Bound Backbone,BLUE,5.83,2.968,False,A,ARG72,O,3.294,1.366,5.198,A,GLU76,N,2.057,-0.467,7.177
Phase Boundary,YELLOW,4.338,3.697,False,A,ARG72,NE,2.123,6.625,5.252,A,TYR174,O,0.93,5.246,2.036
Bound Backbone,BLUE,5.797,2.735,False,A,ARG72,NH1,3.263,7.647,6.982,A,ASP129,OD2,5.801,7.887,7.972
Thermal Noise,RED,2.79,3.789,False,A,ARG72,NH1,3.263,7.647,6.982,A,GLU133,OE2,4.257,11.301,6.864
Bound Backbone,BLUE,6.703,3.035,False,A,ARG72,NH2,0.976,7.757,6.887,A,TYR134,O,-0.055,8.297,9.69
Thermal Noise,RED,3.639,3.395,False,A,ARG72,NH2,0.976,7.757,6.887,A,LEU135,O,-1.668,5.842,7.817
Bound Backbone,BLUE,5.282,2.81,False,A,LEU73,N,3.771,1.077,3.001,A,GLU74,N,4.426,-1.558,3.725
Bound Backbone,BLUE,8.202,2.232,False,A,LEU73,O,2.257,-1.895,4.128,A,GLU74,N,4.426,-1.558,3.725
Phase Boundary,YELLOW,4.334,3.528,False,A,LEU73,O,2.257,-1.895,4.128,A,GLU74,O,4.151,-3.328,6.737
Phase Boundary,YELLOW,4.217,3.51,False,A,LEU73,O,2.257,-1.895,4.128,A,GLN75,N,4.711,-1.167,6.529
Bound Backbone,BLUE,5.348,3.373,False,A,LEU73,O,2.257,-1.895,4.128,A,GLU76,N,2.057,-0.467,7.177
Bound Backbone,BLUE,6.724,2.862,False,A,LEU73,O,2.257,-1.895,4.128,A,GLU77,N,0.712,-2.878,6.327
Bound Backbone,BLUE,7.997,2.845,False,A,GLU74,N,4.426,-1.558,3.725,A,GLN75,N,4.711,-1.167,6.529
Bound Backbone,BLUE,8.005,2.242,False,A,GLU74,O,4.151,-3.328,6.737,A,GLN75,N,4.711,-1.167,6.529
Thermal Noise,RED,3.832,3.672,False,A,GLU74,O,4.151,-3.328,6.737,A,GLN75,O,2.434,-1.239,9.222
Thermal Noise,RED,3.166,3.573,False,A,GLU74,O,4.151,-3.328,6.737,A,GLU76,N,2.057,-0.467,7.177
Thermal Noise,RED,3.31,3.492,False,A,GLU74,O,4.151,-3.328,6.737,A,GLU77,N,0.712,-2.878,6.327
Phase Boundary,YELLOW,5.183,2.994,False,A,GLU74,O,4.151,-3.328,6.737,A,GLN78,N,1.934,-4.663,8.243
Phase Boundary,YELLOW,5.201,2.82,False,A,GLN75,N,4.711,-1.167,6.529,A,GLU76,N,2.057,-0.467,7.177
Bound Backbone,BLUE,12.534,2.218,False,A,GLN75,O,2.434,-1.239,9.222,A,GLU76,N,2.057,-0.467,7.177
Thermal Noise,RED,3.402,3.548,False,A,GLN75,O,2.434,-1.239,9.222,A,GLU76,O,-0.693,-2.432,8.044
Thermal Noise,RED,3.936,3.746,False,A,GLN75,O,2.434,-1.239,9.222,A,GLU77,N,0.712,-2.878,6.327
Thermal Noise,RED,3.241,3.596,False,A,GLN75,O,2.434,-1.239,9.222,A,GLN78,N,1.934,-4.663,8.243
Phase Boundary,YELLOW,4.766,3.087,False,A,GLN75,O,2.434,-1.239,9.222,A,ALA79,N,0.815,-3.45,10.643
Thermal Noise,RED,3.758,3.48,False,A,GLN75,NE2,8.267,2.224,8.67,A,SER130,N,8.396,5.303,10.287
Thermal Noise,RED,3.029,3.652,False,A,GLN75,NE2,8.267,2.224,8.67,A,SER130,OG,10.341,5.197,8.227
Thermal Noise,RED,3.467,3.674,False,A,GLN75,OE1,6.195,3.054,8.39,A,SER130,N,8.396,5.303,10.287
Phase Boundary,YELLOW,5.06,2.889,False,A,GLU76,N,2.057,-0.467,7.177,A,GLU77,N,0.712,-2.878,6.327
Bound Backbone,BLUE,10.678,2.263,False,A,GLU76,O,-0.693,-2.432,8.044,A,GLU77,N,0.712,-2.878,6.327
Thermal Noise,RED,3.559,3.354,False,A,GLU76,O,-0.693,-2.432,8.044,A,GLU77,O,-0.079,-5.728,8.148
Thermal Noise,RED,3.365,3.452,False,A,GLU76,O,-0.693,-2.432,8.044,A,GLN78,N,1.934,-4.663,8.243
Bound Backbone,BLUE,5.674,3.173,False,A,GLU76,O,-0.693,-2.432,8.044,A,ALA79,N,0.815,-3.45,10.643
Bound Backbone,BLUE,6.474,2.894,False,A,GLU76,O,-0.693,-2.432,8.044,A,MET80,N,-1.879,-3.948,10.205
Phase Boundary,YELLOW,4.5,3.47,False,A,GLU76,OE1,-1.106,3.599,5.23,A,LEU135,O,-1.668,5.842,7.817
Phase Boundary,YELLOW,4.457,3.211,False,A,GLU76,OE1,-1.106,3.599,5.23,A,ASN176,N,-3.851,4.211,3.681
Thermal Noise,RED,3.195,3.568,False,A,GLU76,OE2,-1.428,1.655,4.254,A,ASN176,N,-3.851,4.211,3.681
Phase Boundary,YELLOW,4.73,3.032,False,A,GLU76,OE2,-1.428,1.655,4.254,A,ASN176,ND2,-4.155,0.943,3.136
Bound Backbone,BLUE,6.133,2.89,False,A,GLU77,N,0.712,-2.878,6.327,A,GLN78,N,1.934,-4.663,8.243
Bound Backbone,BLUE,7.712,2.279,False,A,GLU77,O,-0.079,-5.728,8.148,A,GLN78,N,1.934,-4.663,8.243
Phase Boundary,YELLOW,5.252,3.474,False,A,GLU77,O,-0.079,-5.728,8.148,A,GLN78,O,0.903,-5.529,11.474
Phase Boundary,YELLOW,4.339,3.495,False,A,GLU77,O,-0.079,-5.728,8.148,A,ALA79,N,0.815,-3.45,10.643
Phase Boundary,YELLOW,4.713,3.262,False,A,GLU77,O,-0.079,-5.728,8.148,A,MET80,N,-1.879,-3.948,10.205
Bound Backbone,BLUE,6.279,2.892,False,A,GLU77,O,-0.079,-5.728,8.148,A,ALA81,N,-1.86,-6.772,10.173
Bound Backbone,BLUE,6.452,2.689,False,A,GLU77,OE1,-0.876,-8.004,4.959,A,ARG328,NE,-3.125,-8.544,6.33
Bound Backbone,BLUE,5.84,2.894,False,A,GLU77,OE1,-0.876,-8.004,4.959,A,ARG328,NH2,-1.597,-10.225,6.668
Thermal Noise,RED,3.341,3.727,False,A,GLU77,OE2,-1.277,-5.9,4.463,A,ARG328,NE,-3.125,-8.544,6.33
Bound Backbone,BLUE,6.756,2.913,False,A,GLN78,N,1.934,-4.663,8.243,A,ALA79,N,0.815,-3.45,10.643
Bound Backbone,BLUE,8.669,2.241,False,A,GLN78,O,0.903,-5.529,11.474,A,ALA79,N,0.815,-3.45,10.643
Thermal Noise,RED,3.185,3.62,False,A,GLN78,O,0.903,-5.529,11.474,A,ALA79,O,-2.196,-3.912,12.415
Thermal Noise,RED,3.669,3.442,False,A,GLN78,O,0.903,-5.529,11.474,A,MET80,N,-1.879,-3.948,10.205
Thermal Noise,RED,4.046,3.297,False,A,GLN78,O,0.903,-5.529,11.474,A,ALA81,N,-1.86,-6.772,10.173
Phase Boundary,YELLOW,5.136,2.983,False,A,GLN78,O,0.903,-5.529,11.474,A,ASP82,N,-1.092,-7.241,12.884
Phase Boundary,YELLOW,4.466,3.612,False,A,GLN78,O,0.903,-5.529,11.474,A,ASP82,OD1,1.549,-7.342,14.53
Bound Backbone,BLUE,5.514,3.385,False,A,GLN78,O,0.903,-5.529,11.474,A,ASP82,OD2,1.865,-5.179,14.7
Thermal Noise,RED,3.087,3.908,False,A,GLN78,O,0.903,-5.529,11.474,A,ARG127,NH1,2.65,-2.71,13.541
Phase Boundary,YELLOW,5.177,3.241,False,A,GLN78,NE2,3.681,-7.528,12.096,A,ASP82,OD1,1.549,-7.342,14.53
Thermal Noise,RED,3.276,3.949,False,A,GLN78,NE2,3.681,-7.528,12.096,A,ASP82,OD2,1.865,-5.179,14.7
Bound Backbone,BLUE,5.282,2.774,False,A,ALA79,N,0.815,-3.45,10.643,A,MET80,N,-1.879,-3.948,10.205
Phase Boundary,YELLOW,4.661,3.509,False,A,ALA79,N,0.815,-3.45,10.643,A,ARG127,NH1,2.65,-2.71,13.541
Bound Backbone,BLUE,13.03,2.233,False,A,ALA79,O,-2.196,-3.912,12.415,A,MET80,N,-1.879,-3.948,10.205
Thermal Noise,RED,3.302,3.685,False,A,ALA79,O,-2.196,-3.912,12.415,A,MET80,O,-3.976,-6.713,10.814
Thermal Noise,RED,3.726,3.65,False,A,ALA79,O,-2.196,-3.912,12.415,A,ALA81,N,-1.86,-6.772,10.173
Thermal Noise,RED,3.232,3.539,False,A,ALA79,O,-2.196,-3.912,12.415,A,ASP82,N,-1.092,-7.241,12.884
Phase Boundary,YELLOW,5.111,3.036,False,A,ALA79,O,-2.196,-3.912,12.415,A,SER83,N,-3.493,-6.142,14.015
Bound Backbone,BLUE,5.609,2.804,False,A,ALA79,O,-2.196,-3.912,12.415,A,SER83,OG,-4.749,-3.62,13.537
Phase Boundary,YELLOW,5.018,2.824,False,A,MET80,N,-1.879,-3.948,10.205,A,ALA81,N,-1.86,-6.772,10.173
Bound Backbone,BLUE,8.618,2.212,False,A,MET80,O,-3.976,-6.713,10.814,A,ALA81,N,-1.86,-6.772,10.173
Thermal Noise,RED,3.718,3.562,False,A,MET80,O,-3.976,-6.713,10.814,A,ALA81,O,-2.221,-9.171,12.703
Thermal Noise,RED,3.765,3.589,False,A,MET80,O,-3.976,-6.713,10.814,A,ASP82,N,-1.092,-7.241,12.884
Bound Backbone,BLUE,5.938,3.287,False,A,MET80,O,-3.976,-6.713,10.814,A,SER83,N,-3.493,-6.142,14.015
Bound Backbone,BLUE,6.413,2.914,False,A,MET80,O,-3.976,-6.713,10.814,A,GLU84,N,-5.423,-7.974,13.006
Bound Backbone,BLUE,7.716,2.856,False,A,ALA81,N,-1.86,-6.772,10.173,A,ASP82,N,-1.092,-7.241,12.884
Bound Backbone,BLUE,7.986,2.243,False,A,ALA81,O,-2.221,-9.171,12.703,A,ASP82,N,-1.092,-7.241,12.884
Phase Boundary,YELLOW,4.755,3.51,False,A,ALA81,O,-2.221,-9.171,12.703,A,ASP82,O,-3.137,-7.59,15.7
Thermal Noise,RED,3.478,3.538,False,A,ALA81,O,-2.221,-9.171,12.703,A,SER83,N,-3.493,-6.142,14.015
Thermal Noise,RED,3.415,3.432,False,A,ALA81,O,-2.221,-9.171,12.703,A,GLU84,N,-5.423,-7.974,13.006
Phase Boundary,YELLOW,4.912,3.117,False,A,ALA81,O,-2.221,-9.171,12.703,A,SER85,N,-4.542,-10.35,14.417
Phase Boundary,YELLOW,4.365,3.365,False,A,ALA81,O,-2.221,-9.171,12.703,A,SER85,OG,-1.957,-11.83,14.749
Bound Backbone,BLUE,5.328,2.873,False,A,ASP82,N,-1.092,-7.241,12.884,A,SER83,N,-3.493,-6.142,14.015
Bound Backbone,BLUE,10.726,2.25,False,A,ASP82,O,-3.137,-7.59,15.7,A,SER83,N,-3.493,-6.142,14.015
Thermal Noise,RED,3.255,3.569,False,A,ASP82,O,-3.137,-7.59,15.7,A,SER83,O,-6.603,-7.53,14.849
Phase Boundary,YELLOW,4.327,3.554,False,A,ASP82,O,-3.137,-7.59,15.7,A,GLU84,N,-5.423,-7.974,13.006
Thermal Noise,RED,3.893,3.352,False,A,ASP82,O,-3.137,-7.59,15.7,A,SER85,N,-4.542,-10.35,14.417
Phase Boundary,YELLOW,4.619,3.117,False,A,ASP82,O,-3.137,-7.59,15.7,A,ILE86,N,-5.169,-9.522,17.062
Bound Backbone,BLUE,5.495,2.838,False,A,ASP82,OD2,1.865,-5.179,14.7,A,ARG127,NH1,2.65,-2.71,13.541
Bound Backbone,BLUE,6.925,2.545,False,A,ASP82,OD2,1.865,-5.179,14.7,A,ARG127,NH2,2.695,-3.044,15.809
Bound Backbone,BLUE,5.337,2.846,False,A,SER83,N,-3.493,-6.142,14.015,A,GLU84,N,-5.423,-7.974,13.006
Bound Backbone,BLUE,11.506,2.233,False,A,SER83,O,-6.603,-7.53,14.849,A,GLU84,N,-5.423,-7.974,13.006
Thermal Noise,RED,3.468,3.421,False,A,SER83,O,-6.603,-7.53,14.849,A,GLU84,O,-6.718,-10.911,14.34
Thermal Noise,RED,3.262,3.519,False,A,SER83,O,-6.603,-7.53,14.849,A,SER85,N,-4.542,-10.35,14.417
Phase Boundary,YELLOW,4.71,3.305,False,A,SER83,O,-6.603,-7.53,14.849,A,ILE86,N,-5.169,-9.522,17.062
Bound Backbone,BLUE,5.862,2.944,False,A,SER83,O,-6.603,-7.53,14.849,A,LEU87,N,-7.992,-9.282,16.764
Bound Backbone,BLUE,5.474,2.9,False,A,GLU84,N,-5.423,-7.974,13.006,A,SER85,N,-4.542,-10.35,14.417
Bound Backbone,BLUE,7.922,2.248,False,A,GLU84,O,-6.718,-10.911,14.34,A,SER85,N,-4.542,-10.35,14.417
Phase Boundary,YELLOW,4.658,3.602,False,A,GLU84,O,-6.718,-10.911,14.34,A,SER85,O,-5.334,-11.725,17.564
Phase Boundary,YELLOW,4.779,3.426,False,A,GLU84,O,-6.718,-10.911,14.34,A,ILE86,N,-5.169,-9.522,17.062
Bound Backbone,BLUE,5.394,3.186,False,A,GLU84,O,-6.718,-10.911,14.34,A,LEU87,N,-7.992,-9.282,16.764
Bound Backbone,BLUE,6.173,2.858,False,A,GLU84,O,-6.718,-10.911,14.34,A,GLN88,N,-8.668,-11.926,16.166
Thermal Noise,RED,3.041,3.8,False,A,GLU84,OE1,-6.298,-12.653,9.144,A,ARG328,NH1,-3.66,-10.357,7.658
Bound Backbone,BLUE,13.797,1.988,False,A,GLU84,OE2,-4.697,-11.146,9.16,A,ARG328,NH1,-3.66,-10.357,7.658
Bound Backbone,BLUE,7.689,2.842,False,A,SER85,N,-4.542,-10.35,14.417,A,ILE86,N,-5.169,-9.522,17.062
Bound Backbone,BLUE,8.041,2.265,False,A,SER85,O,-5.334,-11.725,17.564,A,ILE86,N,-5.169,-9.522,17.062
Thermal Noise,RED,3.518,3.529,False,A,SER85,O,-5.334,-11.725,17.564,A,ILE86,O,-8.051,-9.932,18.927
Thermal Noise,RED,3.014,3.698,False,A,SER85,O,-5.334,-11.725,17.564,A,LEU87,N,-7.992,-9.282,16.764
Thermal Noise,RED,3.342,3.621,False,A,SER85,O,-5.334,-11.725,17.564,A,GLN88,N,-8.668,-11.926,16.166
Phase Boundary,YELLOW,4.135,3.224,False,A,SER85,O,-5.334,-11.725,17.564,A,ARG89,N,-8.027,-13.117,18.66
Phase Boundary,YELLOW,4.966,2.849,False,A,ILE86,N,-5.169,-9.522,17.062,A,LEU87,N,-7.992,-9.282,16.764
Bound Backbone,BLUE,12.413,2.259,False,A,ILE86,O,-8.051,-9.932,18.927,A,LEU87,N,-7.992,-9.282,16.764
Thermal Noise,RED,3.75,3.522,False,A,ILE86,O,-8.051,-9.932,18.927,A,LEU87,O,-10.64,-11.525,17.149
Phase Boundary,YELLOW,4.693,3.461,False,A,ILE86,O,-8.051,-9.932,18.927,A,GLN88,N,-8.668,-11.926,16.166
Thermal Noise,RED,3.935,3.196,False,A,ILE86,O,-8.051,-9.932,18.927,A,ARG89,N,-8.027,-13.117,18.66
Phase Boundary,YELLOW,5.152,2.954,False,A,ILE86,O,-8.051,-9.932,18.927,A,VAL90,N,-9.976,-11.757,20.226
Bound Backbone,BLUE,5.277,2.794,False,A,LEU87,N,-7.992,-9.282,16.764,A,GLN88,N,-8.668,-11.926,16.166
Bound Backbone,BLUE,8.957,2.24,False,A,LEU87,O,-10.64,-11.525,17.149,A,GLN88,N,-8.668,-11.926,16.166
Thermal Noise,RED,3.687,3.392,False,A,LEU87,O,-10.64,-11.525,17.149,A,GLN88,O,-9.64,-14.594,18.193
Thermal Noise,RED,3.865,3.413,False,A,LEU87,O,-10.64,-11.525,17.149,A,ARG89,N,-8.027,-13.117,18.66
Bound Backbone,BLUE,6.446,3.156,False,A,LEU87,O,-10.64,-11.525,17.149,A,VAL90,N,-9.976,-11.757,20.226
Bound Backbone,BLUE,6.527,2.797,False,A,LEU87,O,-10.64,-11.525,17.149,A,HIS91,N,-12.307,-12.812,18.989
Phase Boundary,YELLOW,4.089,3.882,False,A,LEU87,O,-10.64,-11.525,17.149,A,GLU321,OE1,-11.396,-12.834,13.573
Bound Backbone,BLUE,7.417,2.837,False,A,GLN88,N,-8.668,-11.926,16.166,A,ARG89,N,-8.027,-13.117,18.66
Thermal Noise,RED,3.432,3.872,False,A,GLN88,N,-8.668,-11.926,16.166,A,GLU321,OE1,-11.396,-12.834,13.573
Bound Backbone,BLUE,8.224,2.236,False,A,GLN88,O,-9.64,-14.594,18.193,A,ARG89,N,-8.027,-13.117,18.66
Phase Boundary,YELLOW,5.051,3.533,False,A,GLN88,O,-9.64,-14.594,18.193,A,ARG89,O,-9.976,-13.55,21.551
Thermal Noise,RED,3.951,3.506,False,A,GLN88,O,-9.64,-14.594,18.193,A,VAL90,N,-9.976,-11.757,20.226
Thermal Noise,RED,3.799,3.305,False,A,GLN88,O,-9.64,-14.594,18.193,A,HIS91,N,-12.307,-12.812,18.989
Phase Boundary,YELLOW,5.185,2.999,False,A,GLN88,O,-9.64,-14.594,18.193,A,GLU92,N,-12.012,-15.611,19.72
Bound Backbone,BLUE,5.892,2.846,False,A,ARG89,N,-8.027,-13.117,18.66,A,VAL90,N,-9.976,-11.757,20.226
Bound Backbone,BLUE,9.861,2.229,False,A,ARG89,O,-9.976,-13.55,21.551,A,VAL90,N,-9.976,-11.757,20.226
Thermal Noise,RED,3.296,3.514,False,A,ARG89,O,-9.976,-13.55,21.551,A,VAL90,O,-13.287,-12.522,20.977
Phase Boundary,YELLOW,4.254,3.541,False,A,ARG89,O,-9.976,-13.55,21.551,A,HIS91,N,-12.307,-12.812,18.989
Thermal Noise,RED,4.026,3.427,False,A,ARG89,O,-9.976,-13.55,21.551,A,GLU92,N,-12.012,-15.611,19.72
Phase Boundary,YELLOW,4.471,3.092,False,A,ARG89,O,-9.976,-13.55,21.551,A,LEU93,N,-12.347,-15.258,22.562
Bound Backbone,BLUE,8.684,2.57,False,A,ARG89,NE,-6.81,-14.638,24.073,A,GLU113,OE1,-7.041,-13.204,26.193
Bound Backbone,BLUE,6.291,3.193,False,A,ARG89,NH1,-7.783,-16.731,23.959,A,GLU92,OE2,-7.659,-17.459,20.853
Bound Backbone,BLUE,5.707,2.653,False,A,ARG89,NH2,-7.193,-15.845,25.99,A,GLU113,OE1,-7.041,-13.204,26.193
Phase Boundary,YELLOW,4.592,3.274,False,A,ARG89,NH2,-7.193,-15.845,25.99,A,GLU113,OE2,-8.325,-13.485,27.956
Bound Backbone,BLUE,5.552,2.842,False,A,VAL90,N,-9.976,-11.757,20.226,A,HIS91,N,-12.307,-12.812,18.989
Bound Backbone,BLUE,12.041,2.235,False,A,VAL90,O,-13.287,-12.522,20.977,A,HIS91,N,-12.307,-12.812,18.989
Thermal Noise,RED,3.631,3.464,False,A,VAL90,O,-13.287,-12.522,20.977,A,HIS91,O,-14.273,-15.58,19.682
Thermal Noise,RED,3.387,3.57,False,A,VAL90,O,-13.287,-12.522,20.977,A,GLU92,N,-12.012,-15.611,19.72
Phase Boundary,YELLOW,4.218,3.299,False,A,VAL90,O,-13.287,-12.522,20.977,A,LEU93,N,-12.347,-15.258,22.562
Bound Backbone,BLUE,5.69,2.882,False,A,VAL90,O,-13.287,-12.522,20.977,A,ALA94,N,-14.964,-14.292,22.513
Phase Boundary,YELLOW,4.923,2.908,False,A,HIS91,N,-12.307,-12.812,18.989,A,GLU92,N,-12.012,-15.611,19.72
Bound Backbone,BLUE,7.826,2.262,False,A,HIS91,O,-14.273,-15.58,19.682,A,GLU92,N,-12.012,-15.611,19.72
Phase Boundary,YELLOW,4.629,3.49,False,A,HIS91,O,-14.273,-15.58,19.682,A,GLU92,O,-13.215,-17.377,22.481
Phase Boundary,YELLOW,4.746,3.48,False,A,HIS91,O,-14.273,-15.58,19.682,A,LEU93,N,-12.347,-15.258,22.562
Bound Backbone,BLUE,5.923,3.186,False,A,HIS91,O,-14.273,-15.58,19.682,A,ALA94,N,-14.964,-14.292,22.513
Bound Backbone,BLUE,5.833,2.927,False,A,HIS91,O,-14.273,-15.58,19.682,A,VAL95,N,-16.328,-16.578,21.512
Thermal Noise,RED,3.922,3.853,False,A,HIS91,ND1,-13.931,-16.358,16.464,A,GLU92,N,-12.012,-15.611,19.72
Bound Backbone,BLUE,5.319,3.262,False,A,HIS91,NE2,-15.561,-15.855,15.162,A,ASP318,OD1,-16.489,-14.164,12.532
Bound Backbone,BLUE,7.79,2.883,False,A,GLU92,N,-12.012,-15.611,19.72,A,LEU93,N,-12.347,-15.258,22.562
Bound Backbone,BLUE,7.629,2.291,False,A,GLU92,O,-13.215,-17.377,22.481,A,LEU93,N,-12.347,-15.258,22.562
Thermal Noise,RED,3.582,3.686,False,A,GLU92,O,-13.215,-17.377,22.481,A,LEU93,O,-15.195,-15.13,24.63
Thermal Noise,RED,3.182,3.546,False,A,GLU92,O,-13.215,-17.377,22.481,A,ALA94,N,-14.964,-14.292,22.513
Thermal Noise,RED,3.74,3.357,False,A,GLU92,O,-13.215,-17.377,22.481,A,VAL95,N,-16.328,-16.578,21.512
Bound Backbone,BLUE,5.411,2.849,False,A,GLU92,O,-13.215,-17.377,22.481,A,GLN96,N,-15.62,-18.42,23.598
Phase Boundary,YELLOW,5.142,2.79,False,A,LEU93,N,-12.347,-15.258,22.562,A,ALA94,N,-14.964,-14.292,22.513
Bound Backbone,BLUE,11.803,2.289,False,A,LEU93,O,-15.195,-15.13,24.63,A,ALA94,N,-14.964,-14.292,22.513
Thermal Noise,RED,3.816,3.529,False,A,LEU93,O,-15.195,-15.13,24.63,A,ALA94,O,-18.06,-15.887,22.713
Phase Boundary,YELLOW,4.497,3.62,False,A,LEU93,O,-15.195,-15.13,24.63,A,VAL95,N,-16.328,-16.578,21.512
Thermal Noise,RED,3.502,3.474,False,A,LEU93,O,-15.195,-15.13,24.63,A,GLN96,N,-15.62,-18.42,23.598
Phase Boundary,YELLOW,5.065,2.909,False,A,LEU93,O,-15.195,-15.13,24.63,A,SER97,N,-17.029,-17.168,25.603
Thermal Noise,RED,3.486,3.39,False,A,LEU93,O,-15.195,-15.13,24.63,A,SER97,OG,-18.562,-14.762,24.776
Bound Backbone,BLUE,5.338,2.844,False,A,ALA94,N,-14.964,-14.292,22.513,A,VAL95,N,-16.328,-16.578,21.512
Bound Backbone,BLUE,9.652,2.218,False,A,ALA94,O,-18.06,-15.887,22.713,A,VAL95,N,-16.328,-16.578,21.512
Thermal Noise,RED,3.366,3.471,False,A,ALA94,O,-18.06,-15.887,22.713,A,VAL95,O,-17.642,-19.296,23.213
Thermal Noise,RED,3.158,3.627,False,A,ALA94,O,-18.06,-15.887,22.713,A,GLN96,N,-15.62,-18.42,23.598
Bound Backbone,BLUE,5.36,3.325,False,A,ALA94,O,-18.06,-15.887,22.713,A,SER97,N,-17.029,-17.168,25.603
Bound Backbone,BLUE,10.183,2.403,False,A,ALA94,O,-18.06,-15.887,22.713,A,SER97,OG,-18.562,-14.762,24.776
Phase Boundary,YELLOW,4.627,3.356,False,A,ALA94,O,-18.06,-15.887,22.713,A,ASN98,N,-19.615,-17.758,25.024
Bound Backbone,BLUE,6.483,2.872,False,A,VAL95,N,-16.328,-16.578,21.512,A,GLN96,N,-15.62,-18.42,23.598
Bound Backbone,BLUE,8.148,2.237,False,A,VAL95,O,-17.642,-19.296,23.213,A,GLN96,N,-15.62,-18.42,23.598
Bound Backbone,BLUE,5.426,3.461,False,A,VAL95,O,-17.642,-19.296,23.213,A,GLN96,O,-17.212,-19.101,26.642
Phase Boundary,YELLOW,5.06,3.258,False,A,VAL95,O,-17.642,-19.296,23.213,A,SER97,N,-17.029,-17.168,25.603
Phase Boundary,YELLOW,5.114,3.088,False,A,VAL95,O,-17.642,-19.296,23.213,A,ASN98,N,-19.615,-17.758,25.024
Bound Backbone,BLUE,7.07,2.752,False,A,GLN96,N,-15.62,-18.42,23.598,A,SER97,N,-17.029,-17.168,25.603
Bound Backbone,BLUE,9.421,2.202,False,A,GLN96,O,-17.212,-19.101,26.642,A,SER97,N,-17.029,-17.168,25.603
Thermal Noise,RED,2.834,3.768,False,A,GLN96,O,-17.212,-19.101,26.642,A,SER97,O,-20.322,-17.002,26.989
Phase Boundary,YELLOW,4.566,3.193,False,A,GLN96,O,-17.212,-19.101,26.642,A,ASN98,N,-19.615,-17.758,25.024
Thermal Noise,RED,3.834,3.239,False,A,GLN96,O,-17.212,-19.101,26.642,A,SER99,N,-20.288,-20.073,26.351
Bound Backbone,BLUE,5.587,2.715,False,A,SER97,N,-17.029,-17.168,25.603,A,ASN98,N,-19.615,-17.758,25.024
Bound Backbone,BLUE,12.155,2.221,False,A,SER97,O,-20.322,-17.002,26.989,A,ASN98,N,-19.615,-17.758,25.024
Thermal Noise,RED,2.765,3.966,False,A,SER97,O,-20.322,-17.002,26.989,A,ASN98,O,-22.301,-20.111,25.524
Phase Boundary,YELLOW,4.174,3.137,False,A,SER97,O,-20.322,-17.002,26.989,A,SER99,N,-20.288,-20.073,26.351
Thermal Noise,RED,3.48,3.752,False,A,SER97,O,-20.322,-17.002,26.989,A,SER99,O,-21.004,-19.944,29.215
Bound Backbone,BLUE,6.876,2.463,False,A,SER97,O,-20.322,-17.002,26.989,A,TYR306,OH,-21.133,-14.765,27.626
Thermal Noise,RED,3.96,3.185,False,A,SER97,OG,-18.562,-14.762,24.776,A,ASN98,N,-19.615,-17.758,25.024
Thermal Noise,RED,3.67,3.838,False,A,SER97,OG,-18.562,-14.762,24.776,A,TYR306,OH,-21.133,-14.765,27.626
Bound Backbone,BLUE,6.067,2.752,False,A,ASN98,N,-19.615,-17.758,25.024,A,SER99,N,-20.288,-20.073,26.351
Bound Backbone,BLUE,9.224,2.177,False,A,ASN98,O,-22.301,-20.111,25.524,A,SER99,N,-20.288,-20.073,26.351
Phase Boundary,YELLOW,4.086,3.916,False,A,ASN98,O,-22.301,-20.111,25.524,A,SER99,O,-21.004,-19.944,29.215
Phase Boundary,YELLOW,5.089,3.468,False,A,ASN98,O,-22.301,-20.111,25.524,A,SER100,N,-22.413,-21.529,28.687
Phase Boundary,YELLOW,4.26,3.477,False,A,SER99,N,-20.288,-20.073,26.351,A,SER100,N,-22.413,-21.529,28.687
Bound Backbone,BLUE,8.69,2.185,False,A,SER99,O,-21.004,-19.944,29.215,A,SER100,N,-22.413,-21.529,28.687
Phase Boundary,YELLOW,4.728,3.205,False,A,SER99,O,-21.004,-19.944,29.215,A,ALA101,N,-21.568,-22.495,31.071
Phase Boundary,YELLOW,4.929,3.496,False,A,SER99,O,-21.004,-19.944,29.215,A,LEU102,N,-19.728,-20.89,32.329
Thermal Noise,RED,3.543,3.362,False,A,SER99,OG,-19.336,-22.879,28.573,A,SER100,N,-22.413,-21.529,28.687
Phase Boundary,YELLOW,4.749,3.372,False,A,SER99,OG,-19.336,-22.879,28.573,A,ALA101,N,-21.568,-22.495,31.071
Bound Backbone,BLUE,8.153,2.708,False,A,SER100,N,-22.413,-21.529,28.687,A,ALA101,N,-21.568,-22.495,31.071
Bound Backbone,BLUE,9.816,2.185,False,A,SER100,O,-23.159,-21.516,32.205,A,ALA101,N,-21.568,-22.495,31.071
Thermal Noise,RED,3.289,3.49,False,A,SER100,O,-23.159,-21.516,32.205,A,LEU102,N,-19.728,-20.89,32.329
Thermal Noise,RED,3.975,3.419,False,A,SER100,OG,-24.335,-23.532,29.352,A,ALA101,N,-21.568,-22.495,31.071
Bound Backbone,BLUE,6.013,2.747,False,A,ALA101,N,-21.568,-22.495,31.071,A,LEU102,N,-19.728,-20.89,32.329
Bound Backbone,BLUE,11.179,2.197,False,A,ALA101,O,-19.403,-22.333,33.953,A,LEU102,N,-19.728,-20.89,32.329
Thermal Noise,RED,2.938,3.696,False,A,ALA101,O,-19.403,-22.333,33.953,A,LEU102,O,-20.44,-18.794,34.192
Thermal Noise,RED,3.634,3.449,False,A,ALA101,O,-19.403,-22.333,33.953,A,SER103,N,-18.465,-19.248,35.178
Phase Boundary,YELLOW,4.568,3.523,False,A,LEU102,N,-19.728,-20.89,32.329,A,SER103,N,-18.465,-19.248,35.178
Bound Backbone,BLUE,8.839,2.254,False,A,LEU102,O,-20.44,-18.794,34.192,A,SER103,N,-18.465,-19.248,35.178
Thermal Noise,RED,3.717,3.379,False,A,LEU102,O,-20.44,-18.794,34.192,A,SER103,O,-18.146,-16.542,35.232
Thermal Noise,RED,2.534,3.999,False,A,LEU102,O,-20.44,-18.794,34.192,A,ARG107,NE,-21.074,-14.885,33.639
Thermal Noise,RED,3.578,3.564,False,A,LEU102,O,-20.44,-18.794,34.192,A,ARG107,NH1,-22.469,-16.369,32.548
Thermal Noise,RED,3.71,3.323,False,A,LEU102,O,-20.44,-18.794,34.192,A,ARG107,NH2,-22.479,-16.25,34.837
Thermal Noise,RED,3.595,3.633,False,A,SER103,N,-18.465,-19.248,35.178,A,SER104,N,-19.118,-16.261,37.14
Phase Boundary,YELLOW,4.161,3.102,False,A,SER103,N,-18.465,-19.248,35.178,A,ASP106,OD2,-15.406,-19.756,35.083
Bound Backbone,BLUE,12.842,2.16,False,A,SER103,O,-18.146,-16.542,35.232,A,SER104,N,-19.118,-16.261,37.14
Thermal Noise,RED,3.39,3.573,False,A,SER103,O,-18.146,-16.542,35.232,A,SER104,O,-17.23,-13.334,36.511
Phase Boundary,YELLOW,5.08,3.302,False,A,SER103,O,-18.146,-16.542,35.232,A,ALA105,N,-16.643,-15.105,37.797
Thermal Noise,RED,3.704,3.314,False,A,SER103,O,-18.146,-16.542,35.232,A,ASP106,N,-14.903,-16.114,35.763
Phase Boundary,YELLOW,4.666,3.191,False,A,SER103,O,-18.146,-16.542,35.232,A,ARG107,N,-16.114,-14.794,33.5
Thermal Noise,RED,3.225,3.722,False,A,SER103,O,-18.146,-16.542,35.232,A,ARG107,NE,-21.074,-14.885,33.639
Thermal Noise,RED,3.649,3.314,False,A,SER103,OG,-16.474,-18.253,37.296,A,SER104,N,-19.118,-16.261,37.14
Thermal Noise,RED,3.989,3.192,False,A,SER103,OG,-16.474,-18.253,37.296,A,ALA105,N,-16.643,-15.105,37.797
Phase Boundary,YELLOW,4.939,3.065,False,A,SER103,OG,-16.474,-18.253,37.296,A,ASP106,N,-14.903,-16.114,35.763
Thermal Noise,RED,3.461,3.686,False,A,SER103,OG,-16.474,-18.253,37.296,A,ASP106,OD1,-13.404,-18.909,35.365
Bound Backbone,BLUE,6.635,2.88,False,A,SER103,OG,-16.474,-18.253,37.296,A,ASP106,OD2,-15.406,-19.756,35.083
Phase Boundary,YELLOW,5.246,2.81,False,A,SER104,N,-19.118,-16.261,37.14,A,ALA105,N,-16.643,-15.105,37.797
Bound Backbone,BLUE,9.391,2.266,False,A,SER104,O,-17.23,-13.334,36.511,A,ALA105,N,-16.643,-15.105,37.797
Thermal Noise,RED,3.151,3.584,False,A,SER104,O,-17.23,-13.334,36.511,A,ALA105,O,-13.781,-14.181,36.026
Thermal Noise,RED,2.996,3.702,False,A,SER104,O,-17.23,-13.334,36.511,A,ASP106,N,-14.903,-16.114,35.763
Phase Boundary,YELLOW,4.707,3.527,False,A,SER104,O,-17.23,-13.334,36.511,A,ARG107,N,-16.114,-14.794,33.5
Bound Backbone,BLUE,5.726,3.079,False,A,SER104,O,-17.23,-13.334,36.511,A,GLN108,N,-15.598,-12.107,34.206
Thermal Noise,RED,2.748,3.946,False,A,SER104,OG,-20.367,-15.219,39.097,A,ALA105,N,-16.643,-15.105,37.797
Bound Backbone,BLUE,6.464,2.861,False,A,ALA105,N,-16.643,-15.105,37.797,A,ASP106,N,-14.903,-16.114,35.763
Bound Backbone,BLUE,7.971,2.25,False,A,ALA105,O,-13.781,-14.181,36.026,A,ASP106,N,-14.903,-16.114,35.763
Bound Backbone,BLUE,5.677,3.375,False,A,ALA105,O,-13.781,-14.181,36.026,A,ASP106,O,-14.022,-14.738,32.706
Phase Boundary,YELLOW,4.372,3.493,False,A,ALA105,O,-13.781,-14.181,36.026,A,ARG107,N,-16.114,-14.794,33.5
Phase Boundary,YELLOW,4.374,3.304,False,A,ALA105,O,-13.781,-14.181,36.026,A,GLN108,N,-15.598,-12.107,34.206
Bound Backbone,BLUE,5.67,3.012,False,A,ALA105,O,-13.781,-14.181,36.026,A,SER109,N,-12.794,-12.173,34.01
Thermal Noise,RED,3.336,3.559,False,A,ALA105,O,-13.781,-14.181,36.026,A,SER109,OG,-10.395,-13.877,34.973
Bound Backbone,BLUE,6.684,2.886,False,A,ASP106,N,-14.903,-16.114,35.763,A,ARG107,N,-16.114,-14.794,33.5
Bound Backbone,BLUE,8.628,2.238,False,A,ASP106,O,-14.022,-14.738,32.706,A,ARG107,N,-16.114,-14.794,33.5
Thermal Noise,RED,3.297,3.522,False,A,ASP106,O,-14.022,-14.738,32.706,A,ARG107,O,-15.584,-11.65,32.05
Thermal Noise,RED,3.855,3.414,False,A,ASP106,O,-14.022,-14.738,32.706,A,GLN108,N,-15.598,-12.107,34.206
Phase Boundary,YELLOW,4.541,3.129,False,A,ASP106,O,-14.022,-14.738,32.706,A,SER109,N,-12.794,-12.173,34.01
Phase Boundary,YELLOW,4.994,3.04,False,A,ASP106,O,-14.022,-14.738,32.706,A,ILE110,N,-12.505,-12.566,31.216
Phase Boundary,YELLOW,5.211,2.826,False,A,ARG107,N,-16.114,-14.794,33.5,A,GLN108,N,-15.598,-12.107,34.206
Bound Backbone,BLUE,13.256,2.204,False,A,ARG107,O,-15.584,-11.65,32.05,A,GLN108,N,-15.598,-12.107,34.206
Thermal Noise,RED,3.518,3.576,False,A,ARG107,O,-15.584,-11.65,32.05,A,GLN108,O,-12.859,-9.958,33.632
Thermal Noise,RED,4.054,3.45,False,A,ARG107,O,-15.584,-11.65,32.05,A,SER109,N,-12.794,-12.173,34.01
Thermal Noise,RED,3.779,3.319,False,A,ARG107,O,-15.584,-11.65,32.05,A,ILE110,N,-12.505,-12.566,31.216
Bound Backbone,BLUE,5.477,2.972,False,A,ARG107,O,-15.584,-11.65,32.05,A,VAL111,N,-13.682,-10.129,30.346
Phase Boundary,YELLOW,5.078,2.812,False,A,GLN108,N,-15.598,-12.107,34.206,A,SER109,N,-12.794,-12.173,34.01
Bound Backbone,BLUE,8.062,2.248,False,A,GLN108,O,-12.859,-9.958,33.632,A,SER109,N,-12.794,-12.173,34.01
Phase Boundary,YELLOW,4.337,3.424,False,A,GLN108,O,-12.859,-9.958,33.632,A,SER109,O,-10.664,-11.345,31.4
Thermal Noise,RED,4.048,3.573,False,A,GLN108,O,-12.859,-9.958,33.632,A,ILE110,N,-12.505,-12.566,31.216
Bound Backbone,BLUE,5.556,3.392,False,A,GLN108,O,-12.859,-9.958,33.632,A,VAL111,N,-13.682,-10.129,30.346
Bound Backbone,BLUE,6.29,2.955,False,A,GLN108,O,-12.859,-9.958,33.632,A,THR112,N,-11.842,-8.348,31.373
Phase Boundary,YELLOW,5.051,2.832,False,A,GLN108,O,-12.859,-9.958,33.632,A,THR112,OG1,-10.776,-8.08,34.023
Thermal Noise,RED,3.219,3.676,False,A,GLN108,NE2,-14.105,-7.314,35.381,A,THR112,OG1,-10.776,-8.08,34.023
Bound Backbone,BLUE,8.047,2.836,False,A,SER109,N,-12.794,-12.173,34.01,A,ILE110,N,-12.505,-12.566,31.216
Bound Backbone,BLUE,8.18,2.217,False,A,SER109,O,-10.664,-11.345,31.4,A,ILE110,N,-12.505,-12.566,31.216
Phase Boundary,YELLOW,5.021,3.372,False,A,SER109,O,-10.664,-11.345,31.4,A,ILE110,O,-12.275,-10.27,28.64
Thermal Noise,RED,3.628,3.42,False,A,SER109,O,-10.664,-11.345,31.4,A,VAL111,N,-13.682,-10.129,30.346
Thermal Noise,RED,3.859,3.22,False,A,SER109,O,-10.664,-11.345,31.4,A,THR112,N,-11.842,-8.348,31.373
Bound Backbone,BLUE,5.325,2.964,False,A,SER109,O,-10.664,-11.345,31.4,A,GLU113,N,-9.615,-9.031,29.874
Phase Boundary,YELLOW,5.247,2.843,False,A,ILE110,N,-12.505,-12.566,31.216,A,VAL111,N,-13.682,-10.129,30.346
Bound Backbone,BLUE,11.225,2.216,False,A,ILE110,O,-12.275,-10.27,28.64,A,VAL111,N,-13.682,-10.129,30.346
Thermal Noise,RED,3.461,3.498,False,A,ILE110,O,-12.275,-10.27,28.64,A,VAL111,O,-12.399,-6.938,29.696
Phase Boundary,YELLOW,5.002,3.369,False,A,ILE110,O,-12.275,-10.27,28.64,A,THR112,N,-11.842,-8.348,31.373
Phase Boundary,YELLOW,4.327,3.183,False,A,ILE110,O,-12.275,-10.27,28.64,A,GLU113,N,-9.615,-9.031,29.874
Bound Backbone,BLUE,5.68,2.863,False,A,ILE110,O,-12.275,-10.27,28.64,A,LEU114,N,-10.575,-8.481,27.188
Bound Backbone,BLUE,5.721,2.759,False,A,VAL111,N,-13.682,-10.129,30.346,A,THR112,N,-11.842,-8.348,31.373
Bound Backbone,BLUE,10.573,2.261,False,A,VAL111,O,-12.399,-6.938,29.696,A,THR112,N,-11.842,-8.348,31.373
Thermal Noise,RED,3.329,3.478,False,A,VAL111,O,-12.399,-6.938,29.696,A,THR112,O,-8.938,-6.947,30.037
Thermal Noise,RED,3.296,3.488,False,A,VAL111,O,-12.399,-6.938,29.696,A,GLU113,N,-9.615,-9.031,29.874
Phase Boundary,YELLOW,4.448,3.464,False,A,VAL111,O,-12.399,-6.938,29.696,A,LEU114,N,-10.575,-8.481,27.188
Bound Backbone,BLUE,5.855,3.036,False,A,VAL111,O,-12.399,-6.938,29.696,A,GLY115,N,-10.787,-5.684,27.45
Thermal Noise,RED,2.726,3.986,False,A,VAL111,O,-12.399,-6.938,29.696,A,SER290,OG,-15.835,-5.514,28.262
Bound Backbone,BLUE,6.188,2.77,False,A,THR112,N,-11.842,-8.348,31.373,A,GLU113,N,-9.615,-9.031,29.874
Bound Backbone,BLUE,8.318,2.197,False,A,THR112,O,-8.938,-6.947,30.037,A,GLU113,N,-9.615,-9.031,29.874
Phase Boundary,YELLOW,5.269,3.455,False,A,THR112,O,-8.938,-6.947,30.037,A,GLU113,O,-8.482,-7.954,26.764
Phase Boundary,YELLOW,4.239,3.626,False,A,THR112,O,-8.938,-6.947,30.037,A,LEU114,N,-10.575,-8.481,27.188
Phase Boundary,YELLOW,4.662,3.421,False,A,THR112,O,-8.938,-6.947,30.037,A,GLY115,N,-10.787,-5.684,27.45
Bound Backbone,BLUE,5.406,3.169,False,A,THR112,O,-8.938,-6.947,30.037,A,SER116,N,-8.03,-5.052,27.665
Bound Backbone,BLUE,7.323,2.905,False,A,GLU113,N,-9.615,-9.031,29.874,A,LEU114,N,-10.575,-8.481,27.188
Bound Backbone,BLUE,8.467,2.2,False,A,GLU113,O,-8.482,-7.954,26.764,A,LEU114,N,-10.575,-8.481,27.188
Thermal Noise,RED,3.801,3.449,False,A,GLU113,O,-8.482,-7.954,26.764,A,LEU114,O,-10.467,-5.602,25.208
Thermal Noise,RED,3.76,3.307,False,A,GLU113,O,-8.482,-7.954,26.764,A,GLY115,N,-10.787,-5.684,27.45
Phase Boundary,YELLOW,4.473,3.072,False,A,GLU113,O,-8.482,-7.954,26.764,A,SER116,N,-8.03,-5.052,27.665
Bound Backbone,BLUE,5.594,2.942,False,A,GLU113,O,-8.482,-7.954,26.764,A,LEU117,N,-7.138,-5.956,25.073
Phase Boundary,YELLOW,5.07,2.817,False,A,LEU114,N,-10.575,-8.481,27.188,A,GLY115,N,-10.787,-5.684,27.45
Bound Backbone,BLUE,12.646,2.266,False,A,LEU114,O,-10.467,-5.602,25.208,A,GLY115,N,-10.787,-5.684,27.45
Thermal Noise,RED,3.531,3.57,False,A,LEU114,O,-10.467,-5.602,25.208,A,GLY115,O,-8.494,-3.081,26.789
Phase Boundary,YELLOW,4.279,3.504,False,A,LEU114,O,-10.467,-5.602,25.208,A,SER116,N,-8.03,-5.052,27.665
Thermal Noise,RED,3.569,3.35,False,A,LEU114,O,-10.467,-5.602,25.208,A,LEU117,N,-7.138,-5.956,25.073
Bound Backbone,BLUE,5.974,2.885,False,A,LEU114,O,-10.467,-5.602,25.208,A,ASN118,N,-8.663,-4.223,23.429
Phase Boundary,YELLOW,4.992,2.837,False,A,GLY115,N,-10.787,-5.684,27.45,A,SER116,N,-8.03,-5.052,27.665
Bound Backbone,BLUE,9.047,2.206,False,A,GLY115,O,-8.494,-3.081,26.789,A,SER116,N,-8.03,-5.052,27.665
Thermal Noise,RED,3.72,3.479,False,A,GLY115,O,-8.494,-3.081,26.789,A,SER116,O,-5.632,-4.32,25.247
Thermal Noise,RED,3.507,3.612,False,A,GLY115,O,-8.494,-3.081,26.789,A,LEU117,N,-7.138,-5.956,25.073
Phase Boundary,YELLOW,4.975,3.553,False,A,GLY115,O,-8.494,-3.081,26.789,A,ASN118,N,-8.663,-4.223,23.429
Bound Backbone,BLUE,5.699,3.195,False,A,GLY115,O,-8.494,-3.081,26.789,A,ASN119,N,-7.334,-1.824,24.09
Phase Boundary,YELLOW,4.178,3.212,False,A,GLY115,O,-8.494,-3.081,26.789,A,ASN119,ND2,-6.706,-0.658,27.907
Thermal Noise,RED,2.727,3.854,False,A,GLY115,O,-8.494,-3.081,26.789,A,ASN119,OD1,-7.547,0.617,26.258
Bound Backbone,BLUE,7.269,2.886,False,A,SER116,N,-8.03,-5.052,27.665,A,LEU117,N,-7.138,-5.956,25.073
Bound Backbone,BLUE,8.076,2.23,False,A,SER116,O,-5.632,-4.32,25.247,A,LEU117,N,-7.138,-5.956,25.073
Phase Boundary,YELLOW,4.741,3.61,False,A,SER116,O,-5.632,-4.32,25.247,A,LEU117,O,-6.997,-4.472,21.908
Thermal Noise,RED,3.74,3.536,False,A,SER116,O,-5.632,-4.32,25.247,A,ASN118,N,-8.663,-4.223,23.429
Phase Boundary,YELLOW,4.135,3.235,False,A,SER116,O,-5.632,-4.32,25.247,A,ASN119,N,-7.334,-1.824,24.09
Bound Backbone,BLUE,5.894,3.0,False,A,SER116,O,-5.632,-4.32,25.247,A,GLN120,N,-4.747,-2.418,23.103
Thermal Noise,RED,2.932,3.707,False,A,SER116,O,-5.632,-4.32,25.247,A,GLN120,NE2,-2.841,-6.73,24.87
Thermal Noise,RED,3.478,3.93,False,A,SER116,OG,-4.467,-5.958,27.956,A,LEU117,N,-7.138,-5.956,25.073
Phase Boundary,YELLOW,4.624,3.573,False,A,SER116,OG,-4.467,-5.958,27.956,A,GLN120,NE2,-2.841,-6.73,24.87
Bound Backbone,BLUE,6.05,2.834,False,A,LEU117,N,-7.138,-5.956,25.073,A,ASN118,N,-8.663,-4.223,23.429
Bound Backbone,BLUE,9.99,2.27,False,A,LEU117,O,-6.997,-4.472,21.908,A,ASN118,N,-8.663,-4.223,23.429
Thermal Noise,RED,3.123,3.582,False,A,LEU117,O,-6.997,-4.472,21.908,A,ASN118,O,-8.007,-1.039,22.07
Phase Boundary,YELLOW,4.225,3.448,False,A,LEU117,O,-6.997,-4.472,21.908,A,ASN119,N,-7.334,-1.824,24.09
Thermal Noise,RED,4.054,3.273,False,A,LEU117,O,-6.997,-4.472,21.908,A,GLN120,N,-4.747,-2.418,23.103
Bound Backbone,BLUE,5.696,2.889,False,A,LEU117,O,-6.997,-4.472,21.908,A,LEU121,N,-5.389,-2.657,20.337
Phase Boundary,YELLOW,5.204,2.821,False,A,ASN118,N,-8.663,-4.223,23.429,A,ASN119,N,-7.334,-1.824,24.09
Bound Backbone,BLUE,11.69,2.269,False,A,ASN118,O,-8.007,-1.039,22.07,A,ASN119,N,-7.334,-1.824,24.09
Thermal Noise,RED,3.136,3.603,False,A,ASN118,O,-8.007,-1.039,22.07,A,ASN119,O,-4.537,-0.274,22.667
Thermal Noise,RED,3.09,3.687,False,A,ASN118,O,-8.007,-1.039,22.07,A,GLN120,N,-4.747,-2.418,23.103
Thermal Noise,RED,3.699,3.532,False,A,ASN118,O,-8.007,-1.039,22.07,A,LEU121,N,-5.389,-2.657,20.337
Bound Backbone,BLUE,5.483,3.106,False,A,ASN118,O,-8.007,-1.039,22.07,A,LEU122,N,-6.111,0.043,19.86
Thermal Noise,RED,3.691,3.757,False,A,ASN118,ND2,-12.409,-1.131,23.276,A,PHE283,O,-15.13,-1.28,20.69
Bound Backbone,BLUE,5.531,2.918,False,A,ASN118,ND2,-12.409,-1.131,23.276,A,ASP287,OD1,-14.885,-1.009,24.816
Thermal Noise,RED,3.006,3.662,False,A,ASN118,ND2,-12.409,-1.131,23.276,A,ASP287,OD2,-15.528,0.747,23.672
Bound Backbone,BLUE,5.376,2.832,False,A,ASN119,N,-7.334,-1.824,24.09,A,GLN120,N,-4.747,-2.418,23.103
Bound Backbone,BLUE,8.492,2.198,False,A,ASN119,O,-4.537,-0.274,22.667,A,GLN120,N,-4.747,-2.418,23.103
Phase Boundary,YELLOW,4.725,3.441,False,A,ASN119,O,-4.537,-0.274,22.667,A,GLN120,O,-3.299,-1.979,19.947
Phase Boundary,YELLOW,4.369,3.44,False,A,ASN119,O,-4.537,-0.274,22.667,A,LEU121,N,-5.389,-2.657,20.337
Bound Backbone,BLUE,5.662,3.234,False,A,ASN119,O,-4.537,-0.274,22.667,A,LEU122,N,-6.111,0.043,19.86
Bound Backbone,BLUE,6.337,2.988,False,A,ASN119,O,-4.537,-0.274,22.667,A,ASP123,N,-3.586,1.215,20.257
Thermal Noise,RED,2.9,3.715,False,A,ASN119,O,-4.537,-0.274,22.667,A,ASP123,OD1,-1.864,2.305,22.733
Thermal Noise,RED,3.678,3.353,False,A,ASN119,O,-4.537,-0.274,22.667,A,ASP123,OD2,-1.324,0.3,23.436
Phase Boundary,YELLOW,4.83,3.111,False,A,ASN119,OD1,-7.547,0.617,26.258,A,ARG147,NH2,-9.949,1.78,24.659
Bound Backbone,BLUE,7.884,2.85,False,A,GLN120,N,-4.747,-2.418,23.103,A,LEU121,N,-5.389,-2.657,20.337
Bound Backbone,BLUE,8.193,2.232,False,A,GLN120,O,-3.299,-1.979,19.947,A,LEU121,N,-5.389,-2.657,20.337
Phase Boundary,YELLOW,4.091,3.502,False,A,GLN120,O,-3.299,-1.979,19.947,A,LEU121,O,-5.442,-0.311,17.736
Thermal Noise,RED,3.335,3.465,False,A,GLN120,O,-3.299,-1.979,19.947,A,LEU122,N,-6.111,0.043,19.86
Thermal Noise,RED,3.878,3.222,False,A,GLN120,O,-3.299,-1.979,19.947,A,ASP123,N,-3.586,1.215,20.257
Bound Backbone,BLUE,5.506,3.017,False,A,GLN120,O,-3.299,-1.979,19.947,A,VAL124,N,-2.181,0.082,18.049
Phase Boundary,YELLOW,5.068,2.835,False,A,LEU121,N,-5.389,-2.657,20.337,A,LEU122,N,-6.111,0.043,19.86
Bound Backbone,BLUE,12.316,2.255,False,A,LEU121,O,-5.442,-0.311,17.736,A,LEU122,N,-6.111,0.043,19.86
Thermal Noise,RED,3.345,3.57,False,A,LEU121,O,-5.442,-0.311,17.736,A,LEU122,O,-4.251,2.854,18.881
Phase Boundary,YELLOW,4.4,3.483,False,A,LEU121,O,-5.442,-0.311,17.736,A,ASP123,N,-3.586,1.215,20.257
Thermal Noise,RED,3.697,3.299,False,A,LEU121,O,-5.442,-0.311,17.736,A,VAL124,N,-2.181,0.082,18.049
Bound Backbone,BLUE,5.963,2.889,False,A,LEU121,O,-5.442,-0.311,17.736,A,ALA125,N,-3.711,1.158,15.95
Phase Boundary,YELLOW,5.126,2.812,False,A,LEU122,N,-6.111,0.043,19.86,A,ASP123,N,-3.586,1.215,20.257
Bound Backbone,BLUE,9.881,2.241,False,A,LEU122,O,-4.251,2.854,18.881,A,ASP123,N,-3.586,1.215,20.257
Thermal Noise,RED,3.39,3.5,False,A,LEU122,O,-4.251,2.854,18.881,A,ASP123,O,-0.987,1.919,18.033
Thermal Noise,RED,3.271,3.558,False,A,LEU122,O,-4.251,2.854,18.881,A,VAL124,N,-2.181,0.082,18.049
Phase Boundary,YELLOW,4.986,3.429,False,A,LEU122,O,-4.251,2.854,18.881,A,ALA125,N,-3.711,1.158,15.95
Bound Backbone,BLUE,6.363,3.037,False,A,LEU122,O,-4.251,2.854,18.881,A,ASN126,N,-2.979,3.773,16.281
Phase Boundary,YELLOW,4.545,2.977,False,A,LEU122,O,-4.251,2.854,18.881,A,ASN126,ND2,-4.414,5.811,19.185
Bound Backbone,BLUE,6.798,2.852,False,A,ASP123,N,-3.586,1.215,20.257,A,VAL124,N,-2.181,0.082,18.049
Bound Backbone,BLUE,8.337,2.191,False,A,ASP123,O,-0.987,1.919,18.033,A,VAL124,N,-2.181,0.082,18.049
Phase Boundary,YELLOW,5.233,3.46,False,A,ASP123,O,-0.987,1.919,18.033,A,VAL124,O,-1.851,1.157,14.77
Thermal Noise,RED,3.969,3.513,False,A,ASP123,O,-0.987,1.919,18.033,A,ALA125,N,-3.711,1.158,15.95
Phase Boundary,YELLOW,4.533,3.236,False,A,ASP123,O,-0.987,1.919,18.033,A,ASN126,N,-2.979,3.773,16.281
Bound Backbone,BLUE,5.474,3.202,False,A,ASP123,O,-0.987,1.919,18.033,A,ARG127,N,-0.343,3.749,15.485
Bound Backbone,BLUE,6.859,2.811,False,A,VAL124,N,-2.181,0.082,18.049,A,ALA125,N,-3.711,1.158,15.95
Bound Backbone,BLUE,9.754,2.203,False,A,VAL124,O,-1.851,1.157,14.77,A,ALA125,N,-3.711,1.158,15.95
Thermal Noise,RED,2.924,3.724,False,A,VAL124,O,-1.851,1.157,14.77,A,ALA125,O,-3.821,4.271,14.228
Phase Boundary,YELLOW,4.386,3.225,False,A,VAL124,O,-1.851,1.157,14.77,A,ASN126,N,-2.979,3.773,16.281
Phase Boundary,YELLOW,4.355,3.083,False,A,VAL124,O,-1.851,1.157,14.77,A,ARG127,N,-0.343,3.749,15.485
Bound Backbone,BLUE,5.398,2.736,False,A,ALA125,N,-3.711,1.158,15.95,A,ASN126,N,-2.979,3.773,16.281
Bound Backbone,BLUE,11.751,2.274,False,A,ALA125,O,-3.821,4.271,14.228,A,ASN126,N,-2.979,3.773,16.281
Thermal Noise,RED,3.076,3.735,False,A,ALA125,O,-3.821,4.271,14.228,A,ARG127,N,-0.343,3.749,15.485
Bound Backbone,BLUE,5.559,2.754,False,A,ASN126,N,-2.979,3.773,16.281,A,ARG127,N,-0.343,3.749,15.485
Bound Backbone,BLUE,9.495,2.182,False,A,ASN126,O,0.096,5.646,16.47,A,ARG127,N,-0.343,3.749,15.485
Bound Backbone,BLUE,5.911,3.269,False,A,ASN126,O,0.096,5.646,16.47,A,ARG127,O,0.902,5.075,13.354
Thermal Noise,RED,3.798,3.586,False,A,ASN126,O,0.096,5.646,16.47,A,LYS128,N,2.897,4.897,14.36
Thermal Noise,RED,3.677,3.462,False,A,ASN126,ND2,-4.414,5.811,19.185,A,GLN143,NE2,-3.436,8.831,20.567
Thermal Noise,RED,3.961,3.179,False,A,ASN126,ND2,-4.414,5.811,19.185,A,PHE145,O,-6.44,8.26,19.215
Phase Boundary,YELLOW,4.125,3.777,False,A,ASN126,OD1,-4.156,7.04,17.321,A,GLN143,NE2,-3.436,8.831,20.567
Thermal Noise,RED,3.697,3.666,False,A,ASN126,OD1,-4.156,7.04,17.321,A,PRO144,N,-4.772,9.862,15.064
Phase Boundary,YELLOW,4.48,3.077,False,A,ASN126,OD1,-4.156,7.04,17.321,A,PHE145,N,-6.772,8.356,16.376
Phase Boundary,YELLOW,4.751,3.208,False,A,ASN126,OD1,-4.156,7.04,17.321,A,PHE145,O,-6.44,8.26,19.215
Thermal Noise,RED,3.248,3.617,False,A,ARG127,N,-0.343,3.749,15.485,A,LYS128,N,2.897,4.897,14.36
Bound Backbone,BLUE,8.987,2.241,False,A,ARG127,O,0.902,5.075,13.354,A,LYS128,N,2.897,4.897,14.36
Bound Backbone,BLUE,6.661,3.006,False,A,ARG127,O,0.902,5.075,13.354,A,LEU135,N,0.273,6.295,10.68
Phase Boundary,YELLOW,4.242,3.638,False,A,LYS128,N,2.897,4.897,14.36,A,ASP129,N,4.951,5.694,11.465
Bound Backbone,BLUE,10.518,2.217,False,A,LYS128,O,5.165,4.076,12.965,A,ASP129,N,4.951,5.694,11.465
Thermal Noise,RED,3.725,3.356,False,A,LYS128,O,5.165,4.076,12.965,A,ASP129,O,7.518,6.283,12.039
Thermal Noise,RED,2.9,3.721,False,A,LYS128,NZ,4.254,10.669,17.643,A,TYR134,OH,0.546,10.838,17.899
Thermal Noise,RED,3.181,3.662,False,A,ASP129,N,4.951,5.694,11.465,A,SER130,N,8.396,5.303,10.287
Bound Backbone,BLUE,5.367,2.733,False,A,ASP129,N,4.951,5.694,11.465,A,GLU133,O,3.391,7.934,11.337
Bound Backbone,BLUE,11.728,2.191,False,A,ASP129,O,7.518,6.283,12.039,A,SER130,N,8.396,5.303,10.287
Thermal Noise,RED,2.68,3.932,False,A,ASP129,O,7.518,6.283,12.039,A,SER130,O,11.161,7.438,11.116
Phase Boundary,YELLOW,5.194,3.116,False,A,ASP129,O,7.518,6.283,12.039,A,ASN131,N,9.262,7.926,10.047
Phase Boundary,YELLOW,4.298,3.052,False,A,ASP129,O,7.518,6.283,12.039,A,GLY132,N,7.976,9.3,12.031
Phase Boundary,YELLOW,4.077,3.14,False,A,ASP129,OD1,6.593,7.86,10.016,A,SER130,N,8.396,5.303,10.287
Bound Backbone,BLUE,5.614,2.67,False,A,ASP129,OD1,6.593,7.86,10.016,A,ASN131,N,9.262,7.926,10.047
Bound Backbone,BLUE,6.571,2.837,False,A,ASP129,OD1,6.593,7.86,10.016,A,GLY132,N,7.976,9.3,12.031
Bound Backbone,BLUE,5.68,2.875,False,A,ASP129,OD1,6.593,7.86,10.016,A,GLU133,N,5.313,9.952,11.517
Thermal Noise,RED,3.643,3.465,False,A,ASP129,OD1,6.593,7.86,10.016,A,GLU133,O,3.391,7.934,11.337
Thermal Noise,RED,3.529,3.541,False,A,ASP129,OD2,5.801,7.887,7.972,A,ASN131,ND2,8.883,8.867,6.531
Thermal Noise,RED,2.756,3.907,False,A,ASP129,OD2,5.801,7.887,7.972,A,GLU133,OE2,4.257,11.301,6.864
Phase Boundary,YELLOW,5.231,2.773,False,A,SER130,N,8.396,5.303,10.287,A,ASN131,N,9.262,7.926,10.047
Bound Backbone,BLUE,9.195,2.233,False,A,SER130,O,11.161,7.438,11.116,A,ASN131,N,9.262,7.926,10.047
Thermal Noise,RED,2.872,3.801,False,A,SER130,O,11.161,7.438,11.116,A,GLY132,N,7.976,9.3,12.031
Thermal Noise,RED,3.95,3.453,False,A,SER130,OG,10.341,5.197,8.227,A,ASN131,N,9.262,7.926,10.047
Bound Backbone,BLUE,7.144,2.735,False,A,ASN131,N,9.262,7.926,10.047,A,GLY132,N,7.976,9.3,12.031
Bound Backbone,BLUE,8.819,2.191,False,A,ASN131,O,8.73,11.248,11.369,A,GLY132,N,7.976,9.3,12.031
Thermal Noise,RED,2.995,3.658,False,A,ASN131,O,8.73,11.248,11.369,A,GLU133,N,5.313,9.952,11.517
Phase Boundary,YELLOW,5.255,2.789,False,A,GLY132,N,7.976,9.3,12.031,A,GLU133,N,5.313,9.952,11.517
Bound Backbone,BLUE,12.003,2.269,False,A,GLY132,O,5.08,10.784,13.615,A,GLU133,N,5.313,9.952,11.517
Thermal Noise,RED,3.047,3.627,False,A,GLU133,N,5.313,9.952,11.517,A,TYR134,N,1.738,9.366,11.685
Bound Backbone,BLUE,8.289,2.215,False,A,GLU133,O,3.391,7.934,11.337,A,TYR134,N,1.738,9.366,11.685
Thermal Noise,RED,3.038,3.837,False,A,GLU133,O,3.391,7.934,11.337,A,TYR134,O,-0.055,8.297,9.69
Thermal Noise,RED,3.184,3.583,False,A,GLU133,O,3.391,7.934,11.337,A,LEU135,N,0.273,6.295,10.68
Thermal Noise,RED,3.775,3.766,False,A,GLU133,OE1,4.846,13.343,7.43,A,ARG162,NH1,2.674,11.95,4.687
Thermal Noise,RED,2.873,3.888,False,A,GLU133,OE1,4.846,13.343,7.43,A,ARG162,NH2,1.233,13.149,6.007
Bound Backbone,BLUE,7.274,2.769,False,A,GLU133,OE2,4.257,11.301,6.864,A,ARG162,NH1,2.674,11.95,4.687
Thermal Noise,RED,3.116,3.646,False,A,GLU133,OE2,4.257,11.301,6.864,A,ARG162,NH2,1.233,13.149,6.007
Thermal Noise,RED,3.342,3.548,False,A,TYR134,N,1.738,9.366,11.685,A,LEU135,N,0.273,6.295,10.68
Bound Backbone,BLUE,8.815,2.257,False,A,TYR134,O,-0.055,8.297,9.69,A,LEU135,N,0.273,6.295,10.68
Thermal Noise,RED,3.904,3.484,False,A,TYR134,O,-0.055,8.297,9.69,A,LEU135,O,-1.668,5.842,7.817
Thermal Noise,RED,3.557,3.359,False,A,TYR134,O,-0.055,8.297,9.69,A,PHE136,N,-2.421,5.923,9.917
Thermal Noise,RED,2.82,3.767,False,A,TYR134,O,-0.055,8.297,9.69,A,SER137,N,-3.821,8.397,9.712
Thermal Noise,RED,3.701,3.288,False,A,TYR134,O,-0.055,8.297,9.69,A,SER137,OG,-2.19,10.798,9.68
Phase Boundary,YELLOW,5.249,2.825,False,A,LEU135,N,0.273,6.295,10.68,A,PHE136,N,-2.421,5.923,9.917
Bound Backbone,BLUE,12.553,2.232,False,A,LEU135,O,-1.668,5.842,7.817,A,PHE136,N,-2.421,5.923,9.917
Thermal Noise,RED,3.133,3.841,False,A,LEU135,O,-1.668,5.842,7.817,A,SER137,N,-3.821,8.397,9.712
Thermal Noise,RED,3.185,3.764,False,A,LEU135,O,-1.668,5.842,7.817,A,ASN176,O,-4.941,5.06,6.13
Phase Boundary,YELLOW,4.943,2.85,False,A,PHE136,N,-2.421,5.923,9.917,A,SER137,N,-3.821,8.397,9.712
Bound Backbone,BLUE,8.143,2.222,False,A,PHE136,O,-5.735,7.284,9.898,A,SER137,N,-3.821,8.397,9.712
Phase Boundary,YELLOW,4.318,3.446,False,A,PHE136,O,-5.735,7.284,9.898,A,GLY138,N,-4.938,9.733,7.609
Thermal Noise,RED,3.353,3.517,False,A,PHE136,O,-5.735,7.284,9.898,A,TYR155,OH,-8.387,9.436,9.06
Bound Backbone,BLUE,5.756,2.803,False,A,PHE136,O,-5.735,7.284,9.898,A,GLY178,N,-7.664,5.694,8.629
Bound Backbone,BLUE,7.395,2.73,False,A,SER137,N,-3.821,8.397,9.712,A,GLY138,N,-4.938,9.733,7.609
Bound Backbone,BLUE,9.91,2.189,False,A,SER137,O,-5.398,11.515,8.794,A,GLY138,N,-4.938,9.733,7.609
Phase Boundary,YELLOW,4.104,3.597,False,A,SER137,O,-5.398,11.515,8.794,A,GLY138,O,-2.907,11.219,6.216
Bound Backbone,BLUE,5.367,3.365,False,A,SER137,O,-5.398,11.515,8.794,A,LEU139,N,-4.56,12.693,5.755
Thermal Noise,RED,3.593,3.416,False,A,SER137,O,-5.398,11.515,8.794,A,SER140,N,-4.129,14.546,7.862
Thermal Noise,RED,3.013,3.651,False,A,SER137,O,-5.398,11.515,8.794,A,TYR155,OH,-8.387,9.436,9.06
Thermal Noise,RED,3.394,3.436,False,A,SER137,O,-5.398,11.515,8.794,A,ASP158,N,-8.708,12.426,8.659
Thermal Noise,RED,3.733,3.602,False,A,SER137,OG,-2.19,10.798,9.68,A,GLY138,N,-4.938,9.733,7.609
Phase Boundary,YELLOW,5.051,3.562,False,A,SER137,OG,-2.19,10.798,9.68,A,GLY138,O,-2.907,11.219,6.216
Thermal Noise,RED,3.227,3.522,False,A,SER137,OG,-2.19,10.798,9.68,A,GLY141,N,-2.075,14.317,9.776
Thermal Noise,RED,3.817,3.513,False,A,GLY138,N,-4.938,9.733,7.609,A,LEU139,N,-4.56,12.693,5.755
Thermal Noise,RED,3.111,3.754,False,A,GLY138,N,-4.938,9.733,7.609,A,TYR155,OH,-8.387,9.436,9.06
Bound Backbone,BLUE,8.027,2.262,False,A,GLY138,O,-2.907,11.219,6.216,A,LEU139,N,-4.56,12.693,5.755
Thermal Noise,RED,2.916,3.908,False,A,GLY138,O,-2.907,11.219,6.216,A,SER140,N,-4.129,14.546,7.862
Thermal Noise,RED,2.952,3.975,False,A,GLY138,O,-2.907,11.219,6.216,A,ARG162,NE,0.419,12.009,4.187
Bound Backbone,BLUE,6.707,2.839,False,A,LEU139,N,-4.56,12.693,5.755,A,SER140,N,-4.129,14.546,7.862
Phase Boundary,YELLOW,4.919,2.86,False,A,LEU139,N,-4.56,12.693,5.755,A,ASP158,OD1,-7.408,12.673,5.494
Phase Boundary,YELLOW,4.657,2.973,False,A,LEU139,N,-4.56,12.693,5.755,A,ASP158,OD2,-6.776,14.572,6.387
Thermal Noise,RED,3.652,3.747,False,A,LEU139,N,-4.56,12.693,5.755,A,ALA160,O,-6.3,10.501,3.263
Bound Backbone,BLUE,10.357,2.125,False,A,LEU139,O,-2.6,15.537,6.769,A,SER140,N,-4.129,14.546,7.862
Phase Boundary,YELLOW,4.608,3.727,False,A,LEU139,O,-2.6,15.537,6.769,A,SER140,O,-2.499,16.433,10.385
Bound Backbone,BLUE,5.676,3.287,False,A,LEU139,O,-2.6,15.537,6.769,A,GLY141,N,-2.075,14.317,9.776
Bound Backbone,BLUE,6.526,2.817,False,A,SER140,N,-4.129,14.546,7.862,A,GLY141,N,-2.075,14.317,9.776
Phase Boundary,YELLOW,5.015,3.03,False,A,SER140,N,-4.129,14.546,7.862,A,ASP158,OD2,-6.776,14.572,6.387
Bound Backbone,BLUE,8.333,2.242,False,A,SER140,O,-2.499,16.433,10.385,A,GLY141,N,-2.075,14.317,9.776
Bound Backbone,BLUE,5.503,3.078,False,A,SER140,O,-2.499,16.433,10.385,A,THR142,N,-2.082,14.245,12.51
Phase Boundary,YELLOW,4.739,3.116,False,A,SER140,OG,-4.78,14.648,11.286,A,GLY141,N,-2.075,14.317,9.776
Phase Boundary,YELLOW,4.954,2.99,False,A,SER140,OG,-4.78,14.648,11.286,A,THR142,N,-2.082,14.245,12.51
Bound Backbone,BLUE,11.854,2.349,False,A,SER140,OG,-4.78,14.648,11.286,A,THR142,OG1,-4.699,14.757,13.631
Bound Backbone,BLUE,8.753,2.735,False,A,GLY141,N,-2.075,14.317,9.776,A,THR142,N,-2.082,14.245,12.51
Bound Backbone,BLUE,8.368,2.19,False,A,GLY141,O,0.094,14.048,12.665,A,THR142,N,-2.082,14.245,12.51
Thermal Noise,RED,2.939,3.758,False,A,GLY141,O,0.094,14.048,12.665,A,THR142,O,-2.851,11.898,13.576
Phase Boundary,YELLOW,4.424,3.662,False,A,THR142,N,-2.082,14.245,12.51,A,GLN143,N,-2.694,12.553,15.7
Bound Backbone,BLUE,12.721,2.228,False,A,THR142,O,-2.851,11.898,13.576,A,GLN143,N,-2.694,12.553,15.7
Thermal Noise,RED,3.901,3.651,False,A,THR142,O,-2.851,11.898,13.576,A,GLN143,O,-5.501,11.708,16.08
Phase Boundary,YELLOW,4.541,3.17,False,A,THR142,O,-2.851,11.898,13.576,A,PRO144,N,-4.772,9.862,15.064
Thermal Noise,RED,3.671,3.627,False,A,THR142,OG1,-4.699,14.757,13.631,A,GLN143,N,-2.694,12.553,15.7
Thermal Noise,RED,3.112,3.992,False,A,THR142,OG1,-4.699,14.757,13.631,A,GLN143,O,-5.501,11.708,16.08
Thermal Noise,RED,2.561,3.993,False,A,THR142,OG1,-4.699,14.757,13.631,A,ALA156,O,-8.547,13.964,12.919
Thermal Noise,RED,3.417,3.459,False,A,GLN143,N,-2.694,12.553,15.7,A,PRO144,N,-4.772,9.862,15.064
Bound Backbone,BLUE,9.114,2.23,False,A,GLN143,O,-5.501,11.708,16.08,A,PRO144,N,-4.772,9.862,15.064
Thermal Noise,RED,3.027,3.701,False,A,GLN143,O,-5.501,11.708,16.08,A,PRO144,O,-8.305,9.459,15.2
Thermal Noise,RED,3.106,3.597,False,A,GLN143,O,-5.501,11.708,16.08,A,PHE145,N,-6.772,8.356,16.376
Thermal Noise,RED,3.953,3.343,False,A,GLN143,NE2,-3.436,8.831,20.567,A,PHE145,O,-6.44,8.26,19.215
Bound Backbone,BLUE,5.696,2.827,False,A,PRO144,N,-4.772,9.862,15.064,A,PHE145,N,-6.772,8.356,16.376
Bound Backbone,BLUE,9.523,2.225,False,A,PRO144,O,-8.305,9.459,15.2,A,PHE145,N,-6.772,8.356,16.376
Thermal Noise,RED,3.952,3.556,False,A,PRO144,O,-8.305,9.459,15.2,A,SER154,O,-10.998,8.79,17.424
Bound Backbone,BLUE,6.021,2.619,False,A,PRO144,O,-8.305,9.459,15.2,A,ALA156,N,-10.161,11.211,14.611
Thermal Noise,RED,3.872,3.765,False,A,PRO144,O,-8.305,9.459,15.2,A,GLY157,N,-8.787,11.841,12.325
Phase Boundary,YELLOW,4.815,3.471,False,A,PHE145,N,-6.772,8.356,16.376,A,MET146,N,-8.603,8.786,19.293
Bound Backbone,BLUE,8.073,2.227,False,A,PHE145,O,-6.44,8.26,19.215,A,MET146,N,-8.603,8.786,19.293
Phase Boundary,YELLOW,5.122,3.51,False,A,MET146,N,-8.603,8.786,19.293,A,ARG147,N,-9.494,8.192,22.636
Bound Backbone,BLUE,5.381,3.038,False,A,MET146,N,-8.603,8.786,19.293,A,SER154,O,-10.998,8.79,17.424
Bound Backbone,BLUE,10.906,2.238,False,A,MET146,O,-10.902,8.581,20.94,A,ARG147,N,-9.494,8.192,22.636
Phase Boundary,YELLOW,4.606,3.622,False,A,MET146,O,-10.902,8.581,20.94,A,ASN148,N,-12.444,9.062,24.182
Thermal Noise,RED,3.769,3.513,False,A,MET146,O,-10.902,8.581,20.94,A,ASN148,OD1,-13.933,8.502,22.715
Thermal Noise,RED,3.22,3.791,False,A,MET146,O,-10.902,8.581,20.94,A,SER152,O,-13.811,7.039,22.82
Bound Backbone,BLUE,6.117,2.865,False,A,MET146,O,-10.902,8.581,20.94,A,SER154,N,-12.971,7.777,19.129
Phase Boundary,YELLOW,5.266,3.524,False,A,MET146,O,-10.902,8.581,20.94,A,SER154,O,-10.998,8.79,17.424
Phase Boundary,YELLOW,4.669,3.183,False,A,MET146,O,-10.902,8.581,20.94,A,SER154,OG,-12.639,10.635,19.239
Thermal Noise,RED,3.811,3.442,False,A,ARG147,N,-9.494,8.192,22.636,A,ASN148,N,-12.444,9.062,24.182
Bound Backbone,BLUE,8.675,2.217,False,A,ARG147,O,-10.461,9.752,24.895,A,ASN148,N,-12.444,9.062,24.182
Thermal Noise,RED,3.737,3.54,False,A,ARG147,O,-10.461,9.752,24.895,A,ASN148,O,-13.304,8.706,26.727
Thermal Noise,RED,3.558,3.822,False,A,ARG147,NE,-9.881,3.885,25.574,A,ASN151,OD1,-12.652,3.625,28.194
Phase Boundary,YELLOW,4.652,3.0,False,A,ARG147,NH1,-11.747,2.552,25.852,A,ASN151,O,-14.271,3.958,25.045
Phase Boundary,YELLOW,4.947,3.184,False,A,ARG147,NH1,-11.747,2.552,25.852,A,ASN151,ND2,-14.152,1.985,27.86
Bound Backbone,BLUE,7.881,2.73,False,A,ARG147,NH1,-11.747,2.552,25.852,A,ASN151,OD1,-12.652,3.625,28.194
Thermal Noise,RED,3.956,3.732,False,A,ASN148,N,-12.444,9.062,24.182,A,ALA149,N,-14.169,10.707,27.054
Bound Backbone,BLUE,5.893,2.796,False,A,ASN148,N,-12.444,9.062,24.182,A,SER152,O,-13.811,7.039,22.82
Bound Backbone,BLUE,8.351,2.204,False,A,ASN148,O,-13.304,8.706,26.727,A,ALA149,N,-14.169,10.707,27.054
Thermal Noise,RED,3.777,3.857,False,A,ASN148,O,-13.304,8.706,26.727,A,ALA149,O,-15.623,8.935,29.801
Phase Boundary,YELLOW,4.176,3.184,False,A,ASN148,O,-13.304,8.706,26.727,A,SER150,N,-16.308,9.143,27.689
Phase Boundary,YELLOW,4.524,3.001,False,A,ASN148,O,-13.304,8.706,26.727,A,ASN151,N,-15.387,6.606,27.237
Thermal Noise,RED,3.679,3.982,False,A,ASN148,ND2,-15.882,9.529,22.273,A,SER150,OG,-17.954,9.13,25.65
Thermal Noise,RED,3.775,3.285,False,A,ASN148,ND2,-15.882,9.529,22.273,A,SER152,O,-13.811,7.039,22.82
Bound Backbone,BLUE,7.911,2.285,False,A,ASN148,ND2,-15.882,9.529,22.273,A,SER152,OG,-16.878,7.538,22.79
Thermal Noise,RED,3.459,3.68,False,A,ASN148,OD1,-13.933,8.502,22.715,A,SER152,N,-15.502,5.772,24.62
Phase Boundary,YELLOW,4.167,3.1,False,A,ASN148,OD1,-13.933,8.502,22.715,A,SER152,OG,-16.878,7.538,22.79
Thermal Noise,RED,3.816,3.393,False,A,ASN148,OD1,-13.933,8.502,22.715,A,VAL153,N,-14.023,5.381,21.388
Phase Boundary,YELLOW,4.396,3.783,False,A,ASN148,OD1,-13.933,8.502,22.715,A,SER154,N,-12.971,7.777,19.129
Bound Backbone,BLUE,5.576,2.725,False,A,ALA149,N,-14.169,10.707,27.054,A,SER150,N,-16.308,9.143,27.689
Bound Backbone,BLUE,12.641,2.23,False,A,ALA149,O,-15.623,8.935,29.801,A,SER150,N,-16.308,9.143,27.689
Phase Boundary,YELLOW,4.472,3.472,False,A,ALA149,O,-15.623,8.935,29.801,A,ASN151,N,-15.387,6.606,27.237
Bound Backbone,BLUE,5.437,2.737,False,A,SER150,N,-16.308,9.143,27.689,A,ASN151,N,-15.387,6.606,27.237
Bound Backbone,BLUE,8.496,2.172,False,A,SER150,O,-17.362,5.708,27.338,A,ASN151,N,-15.387,6.606,27.237
Bound Backbone,BLUE,5.286,3.294,False,A,SER150,O,-17.362,5.708,27.338,A,SER152,N,-15.502,5.772,24.62
Thermal Noise,RED,2.853,3.934,False,A,SER150,OG,-17.954,9.13,25.65,A,ASN151,N,-15.387,6.606,27.237
Phase Boundary,YELLOW,4.849,3.446,False,A,SER150,OG,-17.954,9.13,25.65,A,SER152,OG,-16.878,7.538,22.79
Bound Backbone,BLUE,8.349,2.749,False,A,ASN151,N,-15.387,6.606,27.237,A,SER152,N,-15.502,5.772,24.62
Bound Backbone,BLUE,8.211,2.233,False,A,ASN151,O,-14.271,3.958,25.045,A,SER152,N,-15.502,5.772,24.62
Thermal Noise,RED,3.318,3.828,False,A,ASN151,O,-14.271,3.958,25.045,A,SER152,O,-13.811,7.039,22.82
Thermal Noise,RED,4.014,3.932,False,A,ASN151,O,-14.271,3.958,25.045,A,VAL153,N,-14.023,5.381,21.388
Thermal Noise,RED,3.158,3.712,False,A,ASN151,O,-14.271,3.958,25.045,A,ASP287,OD2,-15.528,0.747,23.672
Phase Boundary,YELLOW,4.757,3.576,False,A,SER152,N,-15.502,5.772,24.62,A,VAL153,N,-14.023,5.381,21.388
Bound Backbone,BLUE,10.486,2.201,False,A,SER152,O,-13.811,7.039,22.82,A,VAL153,N,-14.023,5.381,21.388
Phase Boundary,YELLOW,4.259,3.857,False,A,SER152,O,-13.811,7.039,22.82,A,SER154,N,-12.971,7.777,19.129
Thermal Noise,RED,2.939,3.843,False,A,SER152,OG,-16.878,7.538,22.79,A,VAL153,N,-14.023,5.381,21.388
Phase Boundary,YELLOW,4.259,3.457,False,A,VAL153,N,-14.023,5.381,21.388,A,SER154,N,-12.971,7.777,19.129
Bound Backbone,BLUE,8.443,2.2,False,A,VAL153,O,-14.503,6.25,18.725,A,SER154,N,-12.971,7.777,19.129
Phase Boundary,YELLOW,4.723,3.632,False,A,SER154,N,-12.971,7.777,19.129,A,TYR155,N,-12.522,8.977,15.73
Bound Backbone,BLUE,10.331,2.286,False,A,SER154,O,-10.998,8.79,17.424,A,TYR155,N,-12.522,8.977,15.73
Thermal Noise,RED,3.727,3.805,False,A,SER154,O,-10.998,8.79,17.424,A,ALA156,N,-10.161,11.211,14.611
Thermal Noise,RED,4.034,3.883,False,A,SER154,OG,-12.639,10.635,19.239,A,TYR155,N,-12.522,8.977,15.73
Thermal Noise,RED,3.615,3.438,False,A,TYR155,N,-12.522,8.977,15.73,A,ALA156,N,-10.161,11.211,14.611
Bound Backbone,BLUE,7.894,2.281,False,A,TYR155,O,-12.383,11.438,14.15,A,ALA156,N,-10.161,11.211,14.611
Thermal Noise,RED,2.678,3.976,False,A,TYR155,OH,-8.387,9.436,9.06,A,GLY157,O,-10.355,12.677,10.255
Phase Boundary,YELLOW,4.397,3.034,False,A,TYR155,OH,-8.387,9.436,9.06,A,ASP158,N,-8.708,12.426,8.659
Bound Backbone,BLUE,9.069,2.573,False,A,TYR155,OH,-8.387,9.436,9.06,A,ASP158,O,-8.919,10.501,6.779
Thermal Noise,RED,2.742,3.835,False,A,TYR155,OH,-8.387,9.436,9.06,A,GLY178,N,-7.664,5.694,8.629
Bound Backbone,BLUE,7.688,2.741,False,A,ALA156,N,-10.161,11.211,14.611,A,GLY157,N,-8.787,11.841,12.325
Bound Backbone,BLUE,8.51,2.218,False,A,ALA156,O,-8.547,13.964,12.919,A,GLY157,N,-8.787,11.841,12.325
Phase Boundary,YELLOW,4.579,3.467,False,A,ALA156,O,-8.547,13.964,12.919,A,GLY157,O,-10.355,12.677,10.255
Phase Boundary,YELLOW,4.703,3.713,False,A,GLY157,N,-8.787,11.841,12.325,A,ASP158,N,-8.708,12.426,8.659
Bound Backbone,BLUE,9.808,2.307,False,A,GLY157,O,-10.355,12.677,10.255,A,ASP158,N,-8.708,12.426,8.659
Phase Boundary,YELLOW,4.336,3.659,False,A,ASP158,N,-8.708,12.426,8.659,A,ASP159,N,-10.453,11.495,5.581
Bound Backbone,BLUE,9.981,2.185,False,A,ASP158,O,-8.919,10.501,6.779,A,ASP159,N,-10.453,11.495,5.581
Phase Boundary,YELLOW,4.947,3.575,False,A,ASP158,O,-8.919,10.501,6.779,A,ALA160,N,-8.933,11.563,3.365
Thermal Noise,RED,3.753,3.266,False,A,ASP158,OD1,-7.408,12.673,5.494,A,ASP159,N,-10.453,11.495,5.581
Bound Backbone,BLUE,6.71,2.844,False,A,ASP158,OD1,-7.408,12.673,5.494,A,ALA160,N,-8.933,11.563,3.365
Phase Boundary,YELLOW,4.726,3.305,False,A,ASP158,OD1,-7.408,12.673,5.494,A,ALA160,O,-6.3,10.501,3.263
Bound Backbone,BLUE,7.934,2.688,False,A,ASP159,N,-10.453,11.495,5.581,A,ALA160,N,-8.933,11.563,3.365
Bound Backbone,BLUE,8.986,2.21,False,A,ASP159,O,-9.8,9.722,2.502,A,ALA160,N,-8.933,11.563,3.365
Thermal Noise,RED,3.06,3.666,False,A,ASP159,O,-9.8,9.722,2.502,A,ALA160,O,-6.3,10.501,3.263
Thermal Noise,RED,3.35,3.626,False,A,ASP159,O,-9.8,9.722,2.502,A,THR161,N,-6.518,10.264,1.058
Thermal Noise,RED,3.614,3.383,False,A,ASP159,OD1,-11.99,12.785,4.145,A,ALA160,N,-8.933,11.563,3.365
Thermal Noise,RED,3.938,3.584,False,A,ALA160,N,-8.933,11.563,3.365,A,THR161,N,-6.518,10.264,1.058
Bound Backbone,BLUE,13.081,2.228,False,A,ALA160,O,-6.3,10.501,3.263,A,THR161,N,-6.518,10.264,1.058
Thermal Noise,RED,3.21,3.547,False,A,THR161,N,-6.518,10.264,1.058,A,ARG162,N,-3.019,9.866,0.637
Bound Backbone,BLUE,9.659,2.286,False,A,THR161,O,-4.474,10.849,-0.826,A,ARG162,N,-3.019,9.866,0.637
Thermal Noise,RED,2.835,3.782,False,A,THR161,O,-4.474,10.849,-0.826,A,ARG162,O,-1.6,8.452,-1.373
Thermal Noise,RED,3.229,3.714,False,A,THR161,O,-4.474,10.849,-0.826,A,SER163,N,-1.136,10.404,-2.393
Phase Boundary,YELLOW,5.107,3.297,False,A,THR161,OG1,-6.453,8.619,-1.23,A,GLN173,NE2,-6.885,6.6,-3.8
Phase Boundary,YELLOW,4.455,3.608,False,A,ARG162,N,-3.019,9.866,0.637,A,SER163,N,-1.136,10.404,-2.393
Bound Backbone,BLUE,8.932,2.251,False,A,ARG162,O,-1.6,8.452,-1.373,A,SER163,N,-1.136,10.404,-2.393
Thermal Noise,RED,3.593,3.975,False,A,ARG162,O,-1.6,8.452,-1.373,A,ILE172,O,0.112,6.878,-4.597
Phase Boundary,YELLOW,4.791,2.893,False,A,ARG162,O,-1.6,8.452,-1.373,A,TYR174,N,-0.449,5.803,-1.199
Bound Backbone,BLUE,5.863,3.09,False,A,ARG162,NE,0.419,12.009,4.187,A,TYR174,OH,2.068,11.091,1.74
Bound Backbone,BLUE,6.396,3.129,False,A,ARG162,NH1,2.674,11.95,4.687,A,TYR174,OH,2.068,11.091,1.74
Thermal Noise,RED,3.962,3.505,False,A,SER163,N,-1.136,10.404,-2.393,A,LEU164,N,1.557,9.476,-4.435
Bound Backbone,BLUE,8.889,2.196,False,A,SER163,O,1.094,11.493,-3.7,A,LEU164,N,1.557,9.476,-4.435
Thermal Noise,RED,3.494,3.475,False,A,SER163,OG,-1.158,11.392,-5.452,A,LEU164,N,1.557,9.476,-4.435
Phase Boundary,YELLOW,4.101,3.616,False,A,LEU164,N,1.557,9.476,-4.435,A,GLN165,N,3.911,10.218,-7.078
Phase Boundary,YELLOW,4.523,2.977,False,A,LEU164,N,1.557,9.476,-4.435,A,ILE172,O,0.112,6.878,-4.597
Bound Backbone,BLUE,7.981,2.255,False,A,LEU164,O,2.676,8.361,-6.747,A,GLN165,N,3.911,10.218,-7.078
Phase Boundary,YELLOW,4.194,3.54,False,A,LEU164,O,2.676,8.361,-6.747,A,ILE166,N,5.115,7.718,-9.231
Phase Boundary,YELLOW,4.546,3.004,False,A,LEU164,O,2.676,8.361,-6.747,A,ILE172,N,0.408,6.484,-7.346
Thermal Noise,RED,3.644,3.66,False,A,LEU164,O,2.676,8.361,-6.747,A,ILE172,O,0.112,6.878,-4.597
Thermal Noise,RED,4.02,3.512,False,A,GLN165,N,3.911,10.218,-7.078,A,ILE166,N,5.115,7.718,-9.231
Bound Backbone,BLUE,9.415,2.271,False,A,GLN165,O,6.449,9.002,-7.916,A,ILE166,N,5.115,7.718,-9.231
Thermal Noise,RED,3.746,3.295,False,A,GLN165,NE2,5.186,12.313,-12.697,A,GLY167,O,5.163,9.061,-13.23
Thermal Noise,RED,3.388,3.923,False,A,GLN165,NE2,5.186,12.313,-12.697,A,SER169,N,3.4,10.105,-15.404
Bound Backbone,BLUE,8.409,2.684,False,A,ILE166,N,5.115,7.718,-9.231,A,GLY167,N,6.075,7.036,-11.643
Bound Backbone,BLUE,5.899,2.882,False,A,ILE166,N,5.115,7.718,-9.231,A,GLN170,O,2.813,7.992,-10.944
Bound Backbone,BLUE,9.195,2.162,False,A,ILE166,O,7.342,5.447,-10.905,A,GLY167,N,6.075,7.036,-11.643
Phase Boundary,YELLOW,4.504,3.721,False,A,GLY167,N,6.075,7.036,-11.643,A,ASP168,N,6.237,8.326,-15.13
Thermal Noise,RED,3.409,3.47,False,A,GLY167,N,6.075,7.036,-11.643,A,GLN170,O,2.813,7.992,-10.944
Bound Backbone,BLUE,10.814,2.303,False,A,GLY167,O,5.163,9.061,-13.23,A,ASP168,N,6.237,8.326,-15.13
Phase Boundary,YELLOW,4.541,3.612,False,A,GLY167,O,5.163,9.061,-13.23,A,ASP168,O,3.567,8.253,-16.368
Bound Backbone,BLUE,5.996,2.987,False,A,GLY167,O,5.163,9.061,-13.23,A,SER169,N,3.4,10.105,-15.404
Phase Boundary,YELLOW,4.141,3.141,False,A,GLY167,O,5.163,9.061,-13.23,A,GLN170,N,2.174,8.281,-13.798
Phase Boundary,YELLOW,4.307,3.448,False,A,GLY167,O,5.163,9.061,-13.23,A,GLN170,O,2.813,7.992,-10.944
Thermal Noise,RED,3.56,3.36,False,A,ASP168,N,6.237,8.326,-15.13,A,SER169,N,3.4,10.105,-15.404
Bound Backbone,BLUE,10.352,2.095,False,A,ASP168,O,3.567,8.253,-16.368,A,SER169,N,3.4,10.105,-15.404
Thermal Noise,RED,2.873,3.979,False,A,ASP168,O,3.567,8.253,-16.368,A,SER169,O,0.11,8.949,-14.524
Thermal Noise,RED,3.367,3.565,False,A,ASP168,O,3.567,8.253,-16.368,A,SER169,OG,1.985,11.224,-17.542
Bound Backbone,BLUE,6.986,2.923,False,A,ASP168,O,3.567,8.253,-16.368,A,GLN170,N,2.174,8.281,-13.798
Phase Boundary,YELLOW,4.202,3.473,False,A,ASP168,OD1,5.598,11.584,-17.649,A,SER169,N,3.4,10.105,-15.404
Thermal Noise,RED,3.035,3.632,False,A,ASP168,OD1,5.598,11.584,-17.649,A,SER169,OG,1.985,11.224,-17.542
Bound Backbone,BLUE,6.598,2.722,False,A,SER169,N,3.4,10.105,-15.404,A,GLN170,N,2.174,8.281,-13.798
Bound Backbone,BLUE,8.137,2.288,False,A,SER169,O,0.11,8.949,-14.524,A,GLN170,N,2.174,8.281,-13.798
Phase Boundary,YELLOW,4.887,3.495,False,A,GLN170,N,2.174,8.281,-13.798,A,TYR171,N,0.636,7.635,-10.727
Bound Backbone,BLUE,8.194,2.217,False,A,GLN170,O,2.813,7.992,-10.944,A,TYR171,N,0.636,7.635,-10.727
Phase Boundary,YELLOW,4.899,3.579,False,A,TYR171,N,0.636,7.635,-10.727,A,ILE172,N,0.408,6.484,-7.346
Bound Backbone,BLUE,11.057,2.244,False,A,TYR171,O,-0.875,5.939,-9.104,A,ILE172,N,0.408,6.484,-7.346
Phase Boundary,YELLOW,4.306,3.582,False,A,ILE172,N,0.408,6.484,-7.346,A,GLN173,N,-1.641,5.505,-4.576
Bound Backbone,BLUE,8.071,2.227,False,A,ILE172,O,0.112,6.878,-4.597,A,GLN173,N,-1.641,5.505,-4.576
Thermal Noise,RED,3.059,3.976,False,A,ILE172,O,0.112,6.878,-4.597,A,GLN173,O,-0.941,3.793,-2.32
Phase Boundary,YELLOW,4.81,3.608,False,A,ILE172,O,0.112,6.878,-4.597,A,TYR174,N,-0.449,5.803,-1.199
Phase Boundary,YELLOW,4.841,3.594,False,A,GLN173,N,-1.641,5.505,-4.576,A,TYR174,N,-0.449,5.803,-1.199
Bound Backbone,BLUE,8.269,2.353,False,A,GLN173,O,-0.941,3.793,-2.32,A,TYR174,N,-0.449,5.803,-1.199
Thermal Noise,RED,4.023,3.936,False,A,GLN173,O,-0.941,3.793,-2.32,A,GLY175,N,-1.199,5.155,1.364
Phase Boundary,YELLOW,4.62,3.253,False,A,GLN173,O,-0.941,3.793,-2.32,A,ARG334,NH1,-3.061,2.244,-0.399
Bound Backbone,BLUE,8.234,2.748,False,A,TYR174,N,-0.449,5.803,-1.199,A,GLY175,N,-1.199,5.155,1.364
Bound Backbone,BLUE,8.477,2.234,False,A,TYR174,O,0.93,5.246,2.036,A,GLY175,N,-1.199,5.155,1.364
Thermal Noise,RED,3.784,3.646,False,A,GLY175,N,-1.199,5.155,1.364,A,ASN176,N,-3.851,4.211,3.681
Thermal Noise,RED,3.009,3.879,False,A,GLY175,N,-1.199,5.155,1.364,A,ARG334,NH1,-3.061,2.244,-0.399
Bound Backbone,BLUE,12.54,2.226,False,A,GLY175,O,-3.957,5.014,1.608,A,ASN176,N,-3.851,4.211,3.681
Thermal Noise,RED,3.857,3.536,False,A,GLY175,O,-3.957,5.014,1.608,A,ARG334,NH1,-3.061,2.244,-0.399
Thermal Noise,RED,3.459,3.571,False,A,ASN176,N,-3.851,4.211,3.681,A,SER177,N,-6.869,5.474,5.112
Bound Backbone,BLUE,9.214,2.219,False,A,ASN176,O,-4.941,5.06,6.13,A,SER177,N,-6.869,5.474,5.112
Thermal Noise,RED,3.095,3.673,False,A,ASN176,O,-4.941,5.06,6.13,A,SER177,O,-8.376,4.183,7.092
Thermal Noise,RED,3.65,3.75,False,A,ASN176,O,-4.941,5.06,6.13,A,GLY178,N,-7.664,5.694,8.629
Thermal Noise,RED,3.946,3.922,False,A,ASN176,ND2,-4.155,0.943,3.136,A,ARG334,NH1,-3.061,2.244,-0.399
Bound Backbone,BLUE,8.288,2.787,False,A,ASN176,ND2,-4.155,0.943,3.136,A,ARG334,NH2,-4.089,0.363,0.411
Thermal Noise,RED,3.028,3.64,False,A,ASN176,OD1,-6.036,1.62,2.11,A,GLN180,OE1,-9.346,3.116,2.349
Thermal Noise,RED,3.24,3.941,False,A,ASN176,OD1,-6.036,1.62,2.11,A,ARG334,NH1,-3.061,2.244,-0.399
Bound Backbone,BLUE,5.925,2.874,False,A,ASN176,OD1,-6.036,1.62,2.11,A,ARG334,NH2,-4.089,0.363,0.411
Phase Boundary,YELLOW,4.917,3.612,False,A,SER177,N,-6.869,5.474,5.112,A,GLY178,N,-7.664,5.694,8.629
Bound Backbone,BLUE,10.034,2.27,False,A,SER177,O,-8.376,4.183,7.092,A,GLY178,N,-7.664,5.694,8.629
Phase Boundary,YELLOW,4.434,3.632,False,A,SER177,O,-8.376,4.183,7.092,A,GLY178,O,-10.236,3.776,10.185
Phase Boundary,YELLOW,4.883,3.179,False,A,SER177,O,-8.376,4.183,7.092,A,LEU179,N,-10.402,5.7,9.015
Phase Boundary,YELLOW,4.401,3.02,False,A,SER177,O,-8.376,4.183,7.092,A,GLN180,N,-11.386,4.044,6.889
Thermal Noise,RED,3.92,3.219,False,A,SER177,O,-8.376,4.183,7.092,A,VAL181,N,-10.158,1.548,7.582
Thermal Noise,RED,4.04,3.764,False,A,SER177,OG,-9.724,6.289,5.536,A,GLY178,N,-7.664,5.694,8.629
Phase Boundary,YELLOW,4.949,3.593,False,A,SER177,OG,-9.724,6.289,5.536,A,LEU179,N,-10.402,5.7,9.015
Phase Boundary,YELLOW,4.657,3.104,False,A,SER177,OG,-9.724,6.289,5.536,A,GLN180,N,-11.386,4.044,6.889
Bound Backbone,BLUE,5.299,2.765,False,A,GLY178,N,-7.664,5.694,8.629,A,LEU179,N,-10.402,5.7,9.015
Bound Backbone,BLUE,9.191,2.258,False,A,GLY178,O,-10.236,3.776,10.185,A,LEU179,N,-10.402,5.7,9.015
Thermal Noise,RED,3.972,3.483,False,A,GLY178,O,-10.236,3.776,10.185,A,LEU179,O,-13.104,3.634,8.214
Phase Boundary,YELLOW,5.106,3.501,False,A,GLY178,O,-10.236,3.776,10.185,A,GLN180,N,-11.386,4.044,6.889
Phase Boundary,YELLOW,4.658,3.427,False,A,GLY178,O,-10.236,3.776,10.185,A,VAL181,N,-10.158,1.548,7.582
Phase Boundary,YELLOW,4.831,2.879,False,A,GLY178,O,-10.236,3.776,10.185,A,PHE182,N,-10.764,0.947,10.247
Thermal Noise,RED,3.357,3.52,False,A,GLY178,O,-10.236,3.776,10.185,A,MET183,N,-13.179,2.055,11.06
Bound Backbone,BLUE,6.562,2.869,False,A,LEU179,N,-10.402,5.7,9.015,A,GLN180,N,-11.386,4.044,6.889
Bound Backbone,BLUE,10.09,2.208,False,A,LEU179,O,-13.104,3.634,8.214,A,GLN180,N,-11.386,4.044,6.889
Thermal Noise,RED,3.326,3.679,False,A,LEU179,O,-13.104,3.634,8.214,A,GLN180,O,-11.872,0.575,6.583
Thermal Noise,RED,3.036,3.665,False,A,LEU179,O,-13.104,3.634,8.214,A,VAL181,N,-10.158,1.548,7.582
Bound Backbone,BLUE,5.612,3.256,False,A,LEU179,O,-13.104,3.634,8.214,A,MET183,N,-13.179,2.055,11.06
Phase Boundary,YELLOW,4.631,3.043,False,A,LEU179,O,-13.104,3.634,8.214,A,ASN184,N,-15.285,1.773,9.234
Bound Backbone,BLUE,5.462,3.133,False,A,LEU179,O,-13.104,3.634,8.214,A,ASN184,ND2,-15.164,4.208,5.924
Phase Boundary,YELLOW,5.051,2.867,False,A,GLN180,N,-11.386,4.044,6.889,A,VAL181,N,-10.158,1.548,7.582
Thermal Noise,RED,2.73,3.903,False,A,GLN180,N,-11.386,4.044,6.889,A,ASN184,ND2,-15.164,4.208,5.924
Bound Backbone,BLUE,9.263,2.21,False,A,GLN180,O,-11.872,0.575,6.583,A,VAL181,N,-10.158,1.548,7.582
Phase Boundary,YELLOW,4.213,3.675,False,A,GLN180,O,-11.872,0.575,6.583,A,VAL181,O,-10.733,-1.232,9.573
Phase Boundary,YELLOW,4.269,3.846,False,A,GLN180,O,-11.872,0.575,6.583,A,PHE182,N,-10.764,0.947,10.247
Bound Backbone,BLUE,8.06,2.798,False,A,VAL181,N,-10.158,1.548,7.582,A,PHE182,N,-10.764,0.947,10.247
Bound Backbone,BLUE,8.119,2.281,False,A,VAL181,O,-10.733,-1.232,9.573,A,PHE182,N,-10.764,0.947,10.247
Bound Backbone,BLUE,5.466,2.779,False,A,PHE182,N,-10.764,0.947,10.247,A,MET183,N,-13.179,2.055,11.06
Bound Backbone,BLUE,11.003,2.22,False,A,PHE182,O,-13.332,0.586,12.717,A,MET183,N,-13.179,2.055,11.06
Bound Backbone,BLUE,6.247,2.933,False,A,PHE182,O,-13.332,0.586,12.717,A,ILE282,N,-14.678,-0.883,14.869
Bound Backbone,BLUE,6.477,2.802,False,A,MET183,N,-13.179,2.055,11.06,A,ASN184,N,-15.285,1.773,9.234
Bound Backbone,BLUE,10.793,2.191,False,A,MET183,O,-16.724,2.485,10.725,A,ASN184,N,-15.285,1.773,9.234
Phase Boundary,YELLOW,4.075,3.872,False,A,MET183,O,-16.724,2.485,10.725,A,ASN184,OD1,-17.008,4.065,7.201
Thermal Noise,RED,3.652,3.504,False,A,MET183,O,-16.724,2.485,10.725,A,VAL185,N,-16.751,-0.67,9.201
Bound Backbone,BLUE,5.297,2.942,False,A,MET183,O,-16.724,2.485,10.725,A,GLU280,O,-17.584,0.049,12.133
Phase Boundary,YELLOW,4.18,3.802,False,A,MET183,O,-16.724,2.485,10.725,A,ASP281,N,-17.623,1.046,14.127
Phase Boundary,YELLOW,4.93,2.849,False,A,ASN184,N,-15.285,1.773,9.234,A,VAL185,N,-16.751,-0.67,9.201
Bound Backbone,BLUE,13.032,2.239,False,A,ASN184,O,-16.712,-0.507,6.968,A,VAL185,N,-16.751,-0.67,9.201
Thermal Noise,RED,3.204,3.645,False,A,ASN184,O,-16.712,-0.507,6.968,A,PRO186,N,-19.181,-2.928,8.122
Thermal Noise,RED,2.655,3.91,False,A,ASN184,O,-16.712,-0.507,6.968,A,SER323,OG,-14.249,-3.486,6.376
Thermal Noise,RED,3.103,3.797,False,A,ASN184,ND2,-15.164,4.208,5.924,A,LYS279,NZ,-18.146,2.518,4.291
Phase Boundary,YELLOW,4.751,3.487,False,A,ASN184,OD1,-17.008,4.065,7.201,A,LYS279,NZ,-18.146,2.518,4.291
Thermal Noise,RED,3.489,3.488,False,A,VAL185,N,-16.751,-0.67,9.201,A,PRO186,N,-19.181,-2.928,8.122
Bound Backbone,BLUE,6.357,3.132,False,A,VAL185,N,-16.751,-0.67,9.201,A,GLU280,O,-17.584,0.049,12.133
Bound Backbone,BLUE,11.677,2.193,False,A,VAL185,O,-19.385,-1.615,9.866,A,PRO186,N,-19.181,-2.928,8.122
Thermal Noise,RED,3.159,3.564,False,A,VAL185,O,-19.385,-1.615,9.866,A,PRO186,O,-20.52,-4.986,9.642
Thermal Noise,RED,3.148,3.566,False,A,VAL185,O,-19.385,-1.615,9.866,A,GLN187,N,-22.277,-3.7,9.815
Thermal Noise,RED,2.904,3.74,False,A,VAL185,O,-19.385,-1.615,9.866,A,ARG278,O,-23.017,-0.932,9.289
Bound Backbone,BLUE,5.733,2.929,False,A,VAL185,O,-19.385,-1.615,9.866,A,GLU280,N,-20.21,0.579,11.622
Phase Boundary,YELLOW,4.641,3.339,False,A,VAL185,O,-19.385,-1.615,9.866,A,GLU280,O,-17.584,0.049,12.133
Thermal Noise,RED,3.489,3.941,False,A,VAL185,O,-19.385,-1.615,9.866,A,GLN316,NE2,-19.802,-4.206,12.806
Thermal Noise,RED,3.496,3.612,False,A,PRO186,N,-19.181,-2.928,8.122,A,GLN187,N,-22.277,-3.7,9.815
Bound Backbone,BLUE,8.422,2.184,False,A,PRO186,O,-20.52,-4.986,9.642,A,GLN187,N,-22.277,-3.7,9.815
Thermal Noise,RED,3.075,3.613,False,A,PRO186,O,-20.52,-4.986,9.642,A,GLN187,O,-24.037,-5.777,9.402
Thermal Noise,RED,2.86,3.998,False,A,PRO186,O,-20.52,-4.986,9.642,A,GLY188,N,-23.722,-6.454,11.534
Bound Backbone,BLUE,5.65,3.337,False,A,PRO186,O,-20.52,-4.986,9.642,A,GLN316,NE2,-19.802,-4.206,12.806
Phase Boundary,YELLOW,4.741,3.64,False,A,PRO186,O,-20.52,-4.986,9.642,A,GLN316,OE1,-21.478,-5.68,13.084
Thermal Noise,RED,3.641,3.554,False,A,GLN187,N,-22.277,-3.7,9.815,A,GLY188,N,-23.722,-6.454,11.534
Bound Backbone,BLUE,5.548,3.078,False,A,GLN187,N,-22.277,-3.7,9.815,A,SER277,OG,-24.465,-3.554,7.655
Phase Boundary,YELLOW,4.814,2.913,False,A,GLN187,N,-22.277,-3.7,9.815,A,ARG278,O,-23.017,-0.932,9.289
Thermal Noise,RED,3.581,3.915,False,A,GLN187,N,-22.277,-3.7,9.815,A,GLN316,NE2,-19.802,-4.206,12.806
Thermal Noise,RED,3.796,3.905,False,A,GLN187,N,-22.277,-3.7,9.815,A,GLN316,OE1,-21.478,-5.68,13.084
Bound Backbone,BLUE,12.288,2.259,False,A,GLN187,O,-24.037,-5.777,9.402,A,GLY188,N,-23.722,-6.454,11.534
Thermal Noise,RED,3.243,3.599,False,A,GLN187,O,-24.037,-5.777,9.402,A,GLY188,O,-22.638,-8.937,10.408
Thermal Noise,RED,3.552,3.357,False,A,GLN187,O,-24.037,-5.777,9.402,A,ASN189,N,-24.617,-9.083,9.347
Bound Backbone,BLUE,5.828,3.039,False,A,GLN187,O,-24.037,-5.777,9.402,A,GLY190,N,-23.571,-7.781,7.166
Bound Backbone,BLUE,6.057,2.86,False,A,GLN187,O,-24.037,-5.777,9.402,A,SER277,OG,-24.465,-3.554,7.655
Phase Boundary,YELLOW,4.077,3.704,False,A,GLN187,NE2,-23.7,-0.887,14.305,A,GLU280,OE1,-21.455,-0.574,17.235
Thermal Noise,RED,3.77,3.492,False,A,GLN187,NE2,-23.7,-0.887,14.305,A,GLU280,OE2,-21.005,-2.331,15.991
Phase Boundary,YELLOW,4.44,3.822,False,A,GLN187,OE1,-25.338,-1.292,12.818,A,ARG278,N,-25.695,-0.812,9.043
Thermal Noise,RED,3.983,3.535,False,A,GLY188,N,-23.722,-6.454,11.534,A,ASN189,N,-24.617,-9.083,9.347
Bound Backbone,BLUE,5.927,2.835,False,A,GLY188,N,-23.722,-6.454,11.534,A,GLN316,OE1,-21.478,-5.68,13.084
Bound Backbone,BLUE,9.022,2.25,False,A,GLY188,O,-22.638,-8.937,10.408,A,ASN189,N,-24.617,-9.083,9.347
Phase Boundary,YELLOW,4.802,3.566,False,A,GLY188,O,-22.638,-8.937,10.408,A,GLY190,N,-23.571,-7.781,7.166
Phase Boundary,YELLOW,4.156,3.295,False,A,GLY188,O,-22.638,-8.937,10.408,A,LEU315,O,-19.967,-10.18,11.884
Thermal Noise,RED,3.44,3.918,False,A,GLY188,O,-22.638,-8.937,10.408,A,GLN319,NE2,-20.195,-10.232,7.632
Bound Backbone,BLUE,7.431,2.747,False,A,ASN189,N,-24.617,-9.083,9.347,A,GLY190,N,-23.571,-7.781,7.166
Thermal Noise,RED,3.836,3.23,False,A,ASN189,N,-24.617,-9.083,9.347,A,PHE192,O,-27.552,-7.734,9.364
Bound Backbone,BLUE,9.379,2.244,False,A,ASN189,O,-23.509,-9.68,5.972,A,GLY190,N,-23.571,-7.781,7.166
Thermal Noise,RED,3.396,3.463,False,A,ASN189,O,-23.509,-9.68,5.972,A,THR191,N,-25.555,-6.946,5.394
Thermal Noise,RED,3.206,3.747,False,A,ASN189,O,-23.509,-9.68,5.972,A,GLN319,NE2,-20.195,-10.232,7.632
Phase Boundary,YELLOW,4.074,3.14,False,A,ASN189,OD1,-26.395,-9.133,6.93,A,GLY190,N,-23.571,-7.781,7.166
Bound Backbone,BLUE,6.075,2.801,False,A,ASN189,OD1,-26.395,-9.133,6.93,A,THR191,N,-25.555,-6.946,5.394
Phase Boundary,YELLOW,4.094,3.963,False,A,ASN189,OD1,-26.395,-9.133,6.93,A,THR191,OG1,-26.409,-8.276,3.061
Phase Boundary,YELLOW,4.793,2.89,False,A,ASN189,OD1,-26.395,-9.133,6.93,A,PHE192,N,-28.072,-6.78,6.875
Bound Backbone,BLUE,6.115,3.036,False,A,ASN189,OD1,-26.395,-9.133,6.93,A,PHE192,O,-27.552,-7.734,9.364
Bound Backbone,BLUE,6.472,2.788,False,A,GLY190,N,-23.571,-7.781,7.166,A,THR191,N,-25.555,-6.946,5.394
Bound Backbone,BLUE,9.36,2.148,False,A,GLY190,O,-24.345,-5.341,4.636,A,THR191,N,-25.555,-6.946,5.394
Thermal Noise,RED,2.874,3.919,False,A,GLY190,O,-24.345,-5.341,4.636,A,THR191,OG1,-26.409,-8.276,3.061
Phase Boundary,YELLOW,4.777,3.51,False,A,GLY190,O,-24.345,-5.341,4.636,A,SER277,OG,-24.465,-3.554,7.655
Bound Backbone,BLUE,5.44,2.925,False,A,THR191,N,-25.555,-6.946,5.394,A,PHE192,N,-28.072,-6.78,6.875
Bound Backbone,BLUE,9.57,2.263,False,A,THR191,O,-28.427,-4.994,5.532,A,PHE192,N,-28.072,-6.78,6.875
Bound Backbone,BLUE,5.699,3.049,False,A,THR191,O,-28.427,-4.994,5.532,A,SER277,N,-28.106,-2.881,7.706
Phase Boundary,YELLOW,4.809,3.639,False,A,PHE192,N,-28.072,-6.78,6.875,A,VAL193,N,-28.895,-6.266,10.382
Thermal Noise,RED,2.588,3.987,False,A,PHE192,N,-28.072,-6.78,6.875,A,SER277,N,-28.106,-2.881,7.706
Bound Backbone,BLUE,9.07,2.235,False,A,PHE192,O,-27.552,-7.734,9.364,A,VAL193,N,-28.895,-6.266,10.382
Phase Boundary,YELLOW,4.591,3.494,False,A,VAL193,N,-28.895,-6.266,10.382,A,THR194,N,-29.751,-8.213,13.154
Bound Backbone,BLUE,5.359,2.805,False,A,VAL193,N,-28.895,-6.266,10.382,A,ALA275,O,-30.706,-4.285,9.566
Bound Backbone,BLUE,8.63,2.233,False,A,VAL193,O,-30.913,-6.468,12.384,A,THR194,N,-29.751,-8.213,13.154
Thermal Noise,RED,3.727,3.59,False,A,VAL193,O,-30.913,-6.468,12.384,A,SER273,O,-33.757,-7.33,14.398
Bound Backbone,BLUE,5.296,2.871,False,A,VAL193,O,-30.913,-6.468,12.384,A,ALA275,N,-32.838,-4.635,11.299
Phase Boundary,YELLOW,4.383,3.571,False,A,VAL193,O,-30.913,-6.468,12.384,A,ALA275,O,-30.706,-4.285,9.566
Phase Boundary,YELLOW,4.706,3.536,False,A,THR194,N,-29.751,-8.213,13.154,A,SER195,N,-31.544,-8.003,16.195
Bound Backbone,BLUE,8.294,2.206,False,A,THR194,O,-29.419,-8.537,15.939,A,SER195,N,-31.544,-8.003,16.195
Phase Boundary,YELLOW,4.885,3.567,False,A,SER195,N,-31.544,-8.003,16.195,A,ALA196,N,-32.693,-8.584,19.522
Bound Backbone,BLUE,5.782,2.929,False,A,SER195,N,-31.544,-8.003,16.195,A,SER273,O,-33.757,-7.33,14.398
Bound Backbone,BLUE,11.757,2.196,False,A,SER195,O,-33.842,-7.995,17.746,A,ALA196,N,-32.693,-8.584,19.522
Bound Backbone,BLUE,6.142,2.79,False,A,SER195,O,-33.842,-7.995,17.746,A,SER273,N,-35.884,-6.885,16.202
Bound Backbone,BLUE,5.533,3.414,False,A,SER195,O,-33.842,-7.995,17.746,A,SER273,O,-33.757,-7.33,14.398
Thermal Noise,RED,3.339,3.763,False,A,SER195,OG,-32.055,-5.467,17.513,A,ALA196,N,-32.693,-8.584,19.522
Thermal Noise,RED,3.982,3.701,False,A,SER195,OG,-32.055,-5.467,17.513,A,SER273,OG,-34.056,-4.095,14.718
Thermal Noise,RED,3.678,3.606,False,A,ALA196,N,-32.693,-8.584,19.522,A,ALA197,N,-35.426,-7.338,21.517
Bound Backbone,BLUE,7.95,2.249,False,A,ALA196,O,-33.226,-6.915,21.719,A,ALA197,N,-35.426,-7.338,21.517
Phase Boundary,YELLOW,4.126,3.589,False,A,ALA196,O,-33.226,-6.915,21.719,A,ALA197,O,-35.57,-7.777,24.297
Phase Boundary,YELLOW,4.154,3.685,False,A,ALA196,O,-33.226,-6.915,21.719,A,SER198,N,-35.023,-5.647,24.676
Phase Boundary,YELLOW,4.582,3.606,False,A,ALA197,N,-35.426,-7.338,21.517,A,SER198,N,-35.023,-5.647,24.676
Thermal Noise,RED,3.156,3.606,False,A,ALA197,N,-35.426,-7.338,21.517,A,ASN200,ND2,-37.093,-10.453,22.238
Thermal Noise,RED,2.776,3.98,False,A,ALA197,N,-35.426,-7.338,21.517,A,ASN200,OD1,-38.648,-9.07,23.086
Phase Boundary,YELLOW,5.269,2.977,False,A,ALA197,N,-35.426,-7.338,21.517,A,SER271,O,-37.754,-8.396,19.993
Bound Backbone,BLUE,8.184,2.232,False,A,ALA197,O,-35.57,-7.777,24.297,A,SER198,N,-35.023,-5.647,24.676
Phase Boundary,YELLOW,4.236,3.881,False,A,ALA197,O,-35.57,-7.777,24.297,A,SER198,O,-35.535,-6.775,28.046
Bound Backbone,BLUE,5.798,3.021,False,A,ALA197,O,-35.57,-7.777,24.297,A,THR199,N,-36.91,-6.131,26.447
Phase Boundary,YELLOW,5.091,3.068,False,A,ALA197,O,-35.57,-7.777,24.297,A,ASN200,N,-37.993,-8.568,26.004
Thermal Noise,RED,3.491,3.704,False,A,ALA197,O,-35.57,-7.777,24.297,A,ASN200,ND2,-37.093,-10.453,22.238
Thermal Noise,RED,3.408,3.551,False,A,ALA197,O,-35.57,-7.777,24.297,A,ASN200,OD1,-38.648,-9.07,23.086
Bound Backbone,BLUE,5.614,2.886,False,A,ALA197,O,-35.57,-7.777,24.297,A,GLN305,NE2,-33.096,-7.716,25.782
Bound Backbone,BLUE,7.436,2.633,False,A,SER198,N,-35.023,-5.647,24.676,A,THR199,N,-36.91,-6.131,26.447
Phase Boundary,YELLOW,4.709,3.036,False,A,SER198,N,-35.023,-5.647,24.676,A,GLN305,NE2,-33.096,-7.716,25.782
Bound Backbone,BLUE,10.985,2.205,False,A,SER198,O,-35.535,-6.775,28.046,A,THR199,N,-36.91,-6.131,26.447
Thermal Noise,RED,3.57,3.664,False,A,SER198,O,-35.535,-6.775,28.046,A,ASN200,N,-37.993,-8.568,26.004
Phase Boundary,YELLOW,4.259,3.458,False,A,SER198,O,-35.535,-6.775,28.046,A,GLN305,NE2,-33.096,-7.716,25.782
Thermal Noise,RED,3.462,3.4,False,A,SER198,OG,-34.809,-3.458,26.47,A,THR199,N,-36.91,-6.131,26.447
Bound Backbone,BLUE,5.57,2.703,False,A,THR199,N,-36.91,-6.131,26.447,A,ASN200,N,-37.993,-8.568,26.004
Bound Backbone,BLUE,9.945,2.236,False,A,THR199,O,-39.713,-8.198,27.384,A,ASN200,N,-37.993,-8.568,26.004
Thermal Noise,RED,3.373,3.455,False,A,THR199,O,-39.713,-8.198,27.384,A,ASN200,O,-37.463,-10.798,27.719
Thermal Noise,RED,3.388,3.443,False,A,THR199,O,-39.713,-8.198,27.384,A,ALA201,N,-39.498,-11.625,27.134
Thermal Noise,RED,3.115,3.619,False,A,THR199,OG1,-39.356,-5.276,25.371,A,ASN200,N,-37.993,-8.568,26.004
Thermal Noise,RED,3.301,3.59,False,A,ASN200,N,-37.993,-8.568,26.004,A,ALA201,N,-39.498,-11.625,27.134
Bound Backbone,BLUE,8.071,2.273,False,A,ASN200,O,-37.463,-10.798,27.719,A,ALA201,N,-39.498,-11.625,27.134
Thermal Noise,RED,2.99,3.833,False,A,ASN200,ND2,-37.093,-10.453,22.238,A,SER271,N,-40.376,-9.166,20.735
Bound Backbone,BLUE,5.484,3.116,False,A,ASN200,ND2,-37.093,-10.453,22.238,A,SER271,O,-37.754,-8.396,19.993
Thermal Noise,RED,2.906,3.884,False,A,ASN200,OD1,-38.648,-9.07,23.086,A,ASP270,OD1,-40.953,-11.81,24.592
Bound Backbone,BLUE,6.634,2.919,False,A,ASN200,OD1,-38.648,-9.07,23.086,A,SER271,N,-40.376,-9.166,20.735
Bound Backbone,BLUE,5.78,3.289,False,A,ASN200,OD1,-38.648,-9.07,23.086,A,SER271,O,-37.754,-8.396,19.993
Bound Backbone,BLUE,5.54,2.713,False,A,ALA201,N,-39.498,-11.625,27.134,A,GLY202,N,-39.438,-14.297,26.67
Bound Backbone,BLUE,6.865,2.935,False,A,ALA201,N,-39.498,-11.625,27.134,A,ASP270,OD1,-40.953,-11.81,24.592
Bound Backbone,BLUE,12.92,2.228,False,A,ALA201,O,-39.264,-14.777,28.839,A,GLY202,N,-39.438,-14.297,26.67
Phase Boundary,YELLOW,4.217,3.57,False,A,ALA201,O,-39.264,-14.777,28.839,A,GLY202,O,-36.855,-15.059,26.22
Thermal Noise,RED,3.185,3.653,False,A,GLY202,N,-39.438,-14.297,26.67,A,THR203,N,-37.428,-17.126,25.53
Thermal Noise,RED,3.495,3.384,False,A,GLY202,N,-39.438,-14.297,26.67,A,SER267,OG,-42.49,-15.758,26.623
Thermal Noise,RED,3.798,3.577,False,A,GLY202,N,-39.438,-14.297,26.67,A,ASP270,OD1,-40.953,-11.81,24.592
Bound Backbone,BLUE,6.498,3.112,False,A,GLY202,N,-39.438,-14.297,26.67,A,ASP270,OD2,-40.206,-13.676,23.719
Bound Backbone,BLUE,8.353,2.253,False,A,GLY202,O,-36.855,-15.059,26.22,A,THR203,N,-37.428,-17.126,25.53
Phase Boundary,YELLOW,4.647,3.571,False,A,GLY202,O,-36.855,-15.059,26.22,A,GLY204,N,-36.254,-16.722,23.118
Bound Backbone,BLUE,8.174,2.713,False,A,THR203,N,-37.428,-17.126,25.53,A,GLY204,N,-36.254,-16.722,23.118
Bound Backbone,BLUE,5.655,2.863,False,A,THR203,N,-37.428,-17.126,25.53,A,ALA265,O,-39.639,-18.252,24.101
Bound Backbone,BLUE,8.357,2.205,False,A,THR203,O,-34.772,-18.319,23.455,A,GLY204,N,-36.254,-16.722,23.118
Thermal Noise,RED,3.104,3.795,False,A,THR203,O,-34.772,-18.319,23.455,A,GLY204,O,-34.277,-14.927,21.827
Phase Boundary,YELLOW,4.68,3.516,False,A,THR203,O,-34.772,-18.319,23.455,A,VAL205,N,-33.798,-16.657,20.514
Phase Boundary,YELLOW,5.173,3.514,False,A,THR203,O,-34.772,-18.319,23.455,A,SER263,O,-35.075,-19.149,20.054
Thermal Noise,RED,3.197,3.837,False,A,THR203,OG1,-36.936,-19.913,25.137,A,GLY204,N,-36.254,-16.722,23.118
Bound Backbone,BLUE,7.491,2.805,False,A,THR203,OG1,-36.936,-19.913,25.137,A,ALA265,N,-38.199,-20.569,22.72
Thermal Noise,RED,3.813,3.337,False,A,THR203,OG1,-36.936,-19.913,25.137,A,ALA265,O,-39.639,-18.252,24.101
Phase Boundary,YELLOW,4.174,3.58,False,A,GLY204,N,-36.254,-16.722,23.118,A,VAL205,N,-33.798,-16.657,20.514
Thermal Noise,RED,2.823,3.843,False,A,GLY204,N,-36.254,-16.722,23.118,A,ALA265,O,-39.639,-18.252,24.101
Bound Backbone,BLUE,9.885,2.224,False,A,GLY204,O,-34.277,-14.927,21.827,A,VAL205,N,-33.798,-16.657,20.514
Phase Boundary,YELLOW,4.409,3.013,False,A,GLY204,O,-34.277,-14.927,21.827,A,ASN308,ND2,-31.888,-13.092,21.757
Phase Boundary,YELLOW,4.773,3.41,False,A,VAL205,N,-33.798,-16.657,20.514,A,ILE206,N,-32.619,-14.878,17.854
Phase Boundary,YELLOW,5.053,2.838,False,A,VAL205,N,-33.798,-16.657,20.514,A,SER263,O,-35.075,-19.149,20.054
Bound Backbone,BLUE,8.157,2.218,False,A,VAL205,O,-33.012,-17.056,17.707,A,ILE206,N,-32.619,-14.878,17.854
Thermal Noise,RED,3.836,3.865,False,A,VAL205,O,-33.012,-17.056,17.707,A,SER207,N,-31.63,-15.353,14.525
Phase Boundary,YELLOW,4.787,3.631,False,A,VAL205,O,-33.012,-17.056,17.707,A,ALA261,O,-34.091,-16.797,14.25
Phase Boundary,YELLOW,5.208,2.787,False,A,VAL205,O,-33.012,-17.056,17.707,A,SER263,N,-34.648,-19.283,17.347
Thermal Noise,RED,3.53,3.761,False,A,VAL205,O,-33.012,-17.056,17.707,A,SER263,O,-35.075,-19.149,20.054
Phase Boundary,YELLOW,4.203,3.202,False,A,VAL205,O,-33.012,-17.056,17.707,A,SER263,OG,-32.241,-19.958,18.82
Phase Boundary,YELLOW,5.127,3.505,False,A,ILE206,N,-32.619,-14.878,17.854,A,SER207,N,-31.63,-15.353,14.525
Bound Backbone,BLUE,6.027,2.886,False,A,ILE206,N,-32.619,-14.878,17.854,A,ASN308,OD1,-31.057,-13.277,19.677
Bound Backbone,BLUE,11.33,2.173,False,A,ILE206,O,-30.486,-14.397,16.106,A,SER207,N,-31.63,-15.353,14.525
Phase Boundary,YELLOW,4.373,3.786,False,A,ILE206,O,-30.486,-14.397,16.106,A,ASN308,OD1,-31.057,-13.277,19.677
Phase Boundary,YELLOW,4.673,3.638,False,A,SER207,N,-31.63,-15.353,14.525,A,GLY208,N,-30.398,-14.745,11.156
Phase Boundary,YELLOW,4.899,2.867,False,A,SER207,N,-31.63,-15.353,14.525,A,ALA261,O,-34.091,-16.797,14.25
Bound Backbone,BLUE,8.759,2.217,False,A,SER207,O,-32.429,-15.198,11.921,A,GLY208,N,-30.398,-14.745,11.156
Phase Boundary,YELLOW,4.828,2.895,False,A,SER207,O,-32.429,-15.198,11.921,A,ALA261,N,-34.818,-16.788,11.538
Phase Boundary,YELLOW,4.922,3.278,False,A,SER207,O,-32.429,-15.198,11.921,A,ALA261,O,-34.091,-16.797,14.25
Thermal Noise,RED,3.456,3.708,False,A,SER207,OG,-30.934,-17.813,13.169,A,GLY208,N,-30.398,-14.745,11.156
Thermal Noise,RED,3.49,3.488,False,A,SER207,OG,-30.934,-17.813,13.169,A,ALA261,O,-34.091,-16.797,14.25
Phase Boundary,YELLOW,5.01,3.614,False,A,GLY208,N,-30.398,-14.745,11.156,A,SER209,N,-30.283,-14.808,7.544
Bound Backbone,BLUE,10.411,2.216,False,A,GLY208,O,-28.661,-14.44,9.009,A,SER209,N,-30.283,-14.808,7.544
Phase Boundary,YELLOW,4.734,3.621,False,A,SER209,N,-30.283,-14.808,7.544,A,VAL210,N,-29.329,-13.883,4.176
Phase Boundary,YELLOW,5.006,2.829,False,A,SER209,N,-30.283,-14.808,7.544,A,GLN259,O,-33.107,-14.925,7.669
Bound Backbone,BLUE,8.787,2.251,False,A,SER209,O,-31.356,-14.135,5.121,A,VAL210,N,-29.329,-13.883,4.176
Phase Boundary,YELLOW,4.527,3.779,False,A,SER209,O,-31.356,-14.135,5.121,A,GLN211,N,-31.306,-14.812,1.403
Phase Boundary,YELLOW,4.841,2.875,False,A,SER209,O,-31.356,-14.135,5.121,A,GLN259,N,-34.218,-14.41,5.08
Bound Backbone,BLUE,5.525,3.191,False,A,SER209,O,-31.356,-14.135,5.121,A,GLN259,O,-33.107,-14.925,7.669
Thermal Noise,RED,3.165,3.77,False,A,SER209,OG,-30.289,-17.126,5.842,A,VAL210,N,-29.329,-13.883,4.176
Phase Boundary,YELLOW,4.473,3.53,False,A,VAL210,N,-29.329,-13.883,4.176,A,GLN211,N,-31.306,-14.812,1.403
Bound Backbone,BLUE,8.045,2.24,False,A,VAL210,O,-29.154,-15.376,1.664,A,GLN211,N,-31.306,-14.812,1.403
Bound Backbone,BLUE,7.969,2.81,False,A,GLN211,N,-31.306,-14.812,1.403,A,ASN212,N,-32.039,-14.305,-1.262
Phase Boundary,YELLOW,4.975,2.859,False,A,GLN211,N,-31.306,-14.812,1.403,A,GLY257,O,-33.275,-12.789,0.954
Bound Backbone,BLUE,9.27,2.128,False,A,GLN211,O,-31.143,-16.143,-1.85,A,ASN212,N,-32.039,-14.305,-1.262
Bound Backbone,BLUE,6.113,3.171,False,A,GLN211,NE2,-32.465,-19.756,2.232,A,GLN259,OE1,-33.679,-19.42,5.142
Phase Boundary,YELLOW,4.105,3.312,False,A,ASN212,N,-32.039,-14.305,-1.262,A,ALA213,N,-30.51,-11.76,-2.729
Bound Backbone,BLUE,6.219,2.956,False,A,ASN212,N,-32.039,-14.305,-1.262,A,GLY257,O,-33.275,-12.789,0.954
Bound Backbone,BLUE,8.27,2.236,False,A,ASN212,O,-32.653,-11.378,-2.217,A,ALA213,N,-30.51,-11.76,-2.729
Thermal Noise,RED,3.18,3.636,False,A,ASN212,O,-32.653,-11.378,-2.217,A,ALA213,O,-31.029,-8.29,-3.241
Bound Backbone,BLUE,5.86,3.091,False,A,ASN212,O,-32.653,-11.378,-2.217,A,ALA214,N,-31.364,-9.997,-4.663
Bound Backbone,BLUE,5.63,3.036,False,A,ASN212,O,-32.653,-11.378,-2.217,A,ALA215,N,-34.031,-9.64,-4.29
Thermal Noise,RED,3.528,3.382,False,A,ASN212,O,-32.653,-11.378,-2.217,A,TRP216,N,-34.171,-8.381,-1.826
Phase Boundary,YELLOW,4.875,3.526,False,A,ASN212,O,-32.653,-11.378,-2.217,A,GLY257,O,-33.275,-12.789,0.954
Bound Backbone,BLUE,5.297,3.201,False,A,ASN212,OD1,-32.426,-12.675,-5.125,A,ALA213,N,-30.51,-11.76,-2.729
Phase Boundary,YELLOW,4.776,2.918,False,A,ASN212,OD1,-32.426,-12.675,-5.125,A,ALA214,N,-31.364,-9.997,-4.663
Thermal Noise,RED,3.32,3.533,False,A,ASN212,OD1,-32.426,-12.675,-5.125,A,ALA215,N,-34.031,-9.64,-4.29
Bound Backbone,BLUE,6.94,2.753,False,A,ALA213,N,-30.51,-11.76,-2.729,A,ALA214,N,-31.364,-9.997,-4.663
Bound Backbone,BLUE,9.948,2.247,False,A,ALA213,O,-31.029,-8.29,-3.241,A,ALA214,N,-31.364,-9.997,-4.663
Thermal Noise,RED,3.2,3.938,False,A,ALA213,O,-31.029,-8.29,-3.241,A,ALA214,O,-34.116,-7.928,-5.659
Thermal Noise,RED,3.55,3.455,False,A,ALA213,O,-31.029,-8.29,-3.241,A,ALA215,N,-34.031,-9.64,-4.29
Thermal Noise,RED,3.729,3.447,False,A,ALA213,O,-31.029,-8.29,-3.241,A,TRP216,N,-34.171,-8.381,-1.826
Bound Backbone,BLUE,5.488,2.717,False,A,ALA214,N,-31.364,-9.997,-4.663,A,ALA215,N,-34.031,-9.64,-4.29
Bound Backbone,BLUE,10.377,2.194,False,A,ALA214,O,-34.116,-7.928,-5.659,A,ALA215,N,-34.031,-9.64,-4.29
Phase Boundary,YELLOW,4.371,3.86,False,A,ALA214,O,-34.116,-7.928,-5.659,A,TRP216,N,-34.171,-8.381,-1.826
Bound Backbone,BLUE,7.838,2.771,False,A,ALA215,N,-34.031,-9.64,-4.29,A,TRP216,N,-34.171,-8.381,-1.826
Bound Backbone,BLUE,8.003,2.237,False,A,ALA215,O,-36.407,-8.384,-1.877,A,TRP216,N,-34.171,-8.381,-1.826
Thermal Noise,RED,2.791,3.793,False,A,ALA215,O,-36.407,-8.384,-1.877,A,TRP216,O,-33.984,-5.479,-1.603
Phase Boundary,YELLOW,4.548,3.253,False,A,ALA215,O,-36.407,-8.384,-1.877,A,VAL217,N,-35.569,-5.832,-0.042
Bound Backbone,BLUE,7.247,2.929,False,A,ALA215,O,-36.407,-8.384,-1.877,A,ASN256,O,-35.969,-9.343,0.856
Thermal Noise,RED,3.53,3.753,False,A,ALA215,O,-36.407,-8.384,-1.877,A,GLY257,N,-36.55,-11.334,0.438
Thermal Noise,RED,4.039,3.411,False,A,TRP216,N,-34.171,-8.381,-1.826,A,VAL217,N,-35.569,-5.832,-0.042
Phase Boundary,YELLOW,4.947,3.369,False,A,TRP216,N,-34.171,-8.381,-1.826,A,ASN256,O,-35.969,-9.343,0.856
Bound Backbone,BLUE,10.299,2.252,False,A,TRP216,O,-33.984,-5.479,-1.603,A,VAL217,N,-35.569,-5.832,-0.042
Thermal Noise,RED,3.596,3.876,False,A,TRP216,O,-33.984,-5.479,-1.603,A,PRO218,N,-34.357,-2.906,1.272
Thermal Noise,RED,2.82,3.883,False,A,TRP216,NE1,-31.503,-5.242,2.486,A,PRO218,N,-34.357,-2.906,1.272
Thermal Noise,RED,3.722,3.429,False,A,VAL217,N,-35.569,-5.832,-0.042,A,PRO218,N,-34.357,-2.906,1.272
Thermal Noise,RED,3.127,3.646,False,A,VAL217,N,-35.569,-5.832,-0.042,A,ASN256,O,-35.969,-9.343,0.856
Bound Backbone,BLUE,9.078,2.286,False,A,VAL217,O,-35.713,-4.272,2.505,A,PRO218,N,-34.357,-2.906,1.272
Bound Backbone,BLUE,5.366,3.05,False,A,VAL217,O,-35.713,-4.272,2.505,A,ASP219,N,-35.138,-1.957,4.405
Bound Backbone,BLUE,6.985,2.518,False,A,VAL217,O,-35.713,-4.272,2.505,A,TYR221,OH,-37.921,-4.907,3.535
Bound Backbone,BLUE,5.482,3.365,False,A,PRO218,N,-34.357,-2.906,1.272,A,ASP219,N,-35.138,-1.957,4.405
Bound Backbone,BLUE,10.207,2.235,False,A,PRO218,O,-34.887,-0.29,2.937,A,ASP219,N,-35.138,-1.957,4.405
Phase Boundary,YELLOW,4.563,3.693,False,A,ASP219,N,-35.138,-1.957,4.405,A,ASP220,N,-36.118,-1.07,7.853
Bound Backbone,BLUE,8.558,2.263,False,A,ASP219,O,-34.874,-2.746,6.979,A,ASP220,N,-36.118,-1.07,7.853
Thermal Noise,RED,3.603,3.809,False,A,ASP219,O,-34.874,-2.746,6.979,A,ASP220,OD1,-33.569,-0.331,9.619
Thermal Noise,RED,4.005,3.664,False,A,ASP219,O,-34.874,-2.746,6.979,A,TYR221,N,-37.214,-3.589,9.669
Phase Boundary,YELLOW,4.099,3.762,False,A,ASP219,O,-34.874,-2.746,6.979,A,ILE274,O,-34.746,-4.778,10.143
Thermal Noise,RED,3.078,3.863,False,A,ASP219,O,-34.874,-2.746,6.979,A,ARG276,N,-31.507,-2.401,8.841
Bound Backbone,BLUE,6.654,2.639,False,A,ASP219,OD1,-37.965,0.28,6.537,A,ASP220,N,-36.118,-1.07,7.853
Thermal Noise,RED,4.02,3.805,False,A,ASP219,OD1,-37.965,0.28,6.537,A,ASP220,O,-38.41,-1.706,9.752
Thermal Noise,RED,3.89,3.533,False,A,ASP219,OD1,-37.965,0.28,6.537,A,SER236,N,-40.824,-0.067,8.584
Phase Boundary,YELLOW,5.259,2.813,False,A,ASP219,OD1,-37.965,0.28,6.537,A,SER236,OG,-39.794,2.298,7.24
Phase Boundary,YELLOW,4.519,3.708,False,A,ASP219,OD2,-39.512,-0.376,5.13,A,SER236,N,-40.824,-0.067,8.584
Phase Boundary,YELLOW,4.257,3.418,False,A,ASP219,OD2,-39.512,-0.376,5.13,A,SER236,OG,-39.794,2.298,7.24
Phase Boundary,YELLOW,4.405,3.293,False,A,ASP220,N,-36.118,-1.07,7.853,A,TYR221,N,-37.214,-3.589,9.669
Bound Backbone,BLUE,8.038,2.232,False,A,ASP220,O,-38.41,-1.706,9.752,A,TYR221,N,-37.214,-3.589,9.669
Thermal Noise,RED,2.534,3.983,False,A,ASP220,O,-38.41,-1.706,9.752,A,ASP235,O,-42.287,-0.859,10.097
Phase Boundary,YELLOW,4.408,3.143,False,A,ASP220,O,-38.41,-1.706,9.752,A,SER236,N,-40.824,-0.067,8.584
Phase Boundary,YELLOW,4.562,3.024,False,A,ASP220,OD1,-33.569,-0.331,9.619,A,ARG276,N,-31.507,-2.401,8.841
Thermal Noise,RED,3.909,3.573,False,A,TYR221,N,-37.214,-3.589,9.669,A,LYS222,N,-39.547,-5.126,11.897
Bound Backbone,BLUE,5.273,2.78,False,A,TYR221,N,-37.214,-3.589,9.669,A,ILE274,O,-34.746,-4.778,10.143
Bound Backbone,BLUE,8.212,2.215,False,A,TYR221,O,-37.358,-4.874,12.118,A,LYS222,N,-39.547,-5.126,11.897
Phase Boundary,YELLOW,4.987,2.889,False,A,TYR221,O,-37.358,-4.874,12.118,A,ILE274,N,-34.974,-6.337,12.839
Phase Boundary,YELLOW,4.591,3.276,False,A,TYR221,O,-37.358,-4.874,12.118,A,ILE274,O,-34.746,-4.778,10.143
Bound Backbone,BLUE,5.394,2.813,False,A,TYR221,OH,-37.921,-4.907,3.535,A,ASN256,ND2,-39.873,-6.717,2.627
Thermal Noise,RED,3.967,3.424,False,A,LYS222,N,-39.547,-5.126,11.897,A,LEU223,N,-40.06,-8.037,13.625
Bound Backbone,BLUE,6.307,2.849,False,A,LYS222,N,-39.547,-5.126,11.897,A,THR234,O,-41.534,-4.345,10.011
Bound Backbone,BLUE,8.681,2.239,False,A,LYS222,O,-41.791,-6.884,12.797,A,LEU223,N,-40.06,-8.037,13.625
Thermal Noise,RED,3.762,3.752,False,A,LYS222,O,-41.791,-6.884,12.797,A,THR224,N,-42.645,-9.373,15.472
Thermal Noise,RED,3.203,3.542,False,A,LYS222,O,-41.791,-6.884,12.797,A,GLN232,O,-44.07,-9.581,13.073
Bound Backbone,BLUE,6.315,2.952,False,A,LYS222,O,-41.791,-6.884,12.797,A,THR234,N,-43.54,-6.165,10.53
Thermal Noise,RED,3.774,3.778,False,A,LYS222,O,-41.791,-6.884,12.797,A,THR234,O,-41.534,-4.345,10.011
Thermal Noise,RED,3.35,3.475,False,A,LYS222,O,-41.791,-6.884,12.797,A,THR234,OG1,-43.6,-3.952,12.342
Thermal Noise,RED,3.985,3.447,False,A,LEU223,N,-40.06,-8.037,13.625,A,THR224,N,-42.645,-9.373,15.472
Bound Backbone,BLUE,6.032,2.842,False,A,LEU223,N,-40.06,-8.037,13.625,A,PHE272,O,-37.8,-7.579,15.286
Bound Backbone,BLUE,8.985,2.206,False,A,LEU223,O,-40.616,-9.164,16.311,A,THR224,N,-42.645,-9.373,15.472
Thermal Noise,RED,3.021,3.651,False,A,LEU223,O,-40.616,-9.164,16.311,A,THR224,OG1,-43.54,-7.007,16.668
Bound Backbone,BLUE,6.135,2.795,False,A,LEU223,O,-40.616,-9.164,16.311,A,PHE272,N,-38.351,-8.659,17.869
Thermal Noise,RED,3.685,3.39,False,A,LEU223,O,-40.616,-9.164,16.311,A,PHE272,O,-37.8,-7.579,15.286
Phase Boundary,YELLOW,4.319,3.512,False,A,THR224,N,-42.645,-9.373,15.472,A,PHE225,N,-44.072,-11.342,18.006
Bound Backbone,BLUE,7.503,2.798,False,A,THR224,N,-42.645,-9.373,15.472,A,GLN232,O,-44.07,-9.581,13.073
Bound Backbone,BLUE,12.43,2.227,False,A,THR224,O,-44.895,-11.075,15.954,A,PHE225,N,-44.072,-11.342,18.006
Thermal Noise,RED,3.818,3.662,False,A,THR224,O,-44.895,-11.075,15.954,A,THR226,N,-47.366,-12.263,18.382
Bound Backbone,BLUE,7.468,2.856,False,A,THR224,O,-44.895,-11.075,15.954,A,GLN232,N,-45.979,-11.613,13.367
Phase Boundary,YELLOW,5.25,3.349,False,A,THR224,O,-44.895,-11.075,15.954,A,GLN232,O,-44.07,-9.581,13.073
Thermal Noise,RED,3.406,3.441,False,A,PHE225,N,-44.072,-11.342,18.006,A,THR226,N,-47.366,-12.263,18.382
Bound Backbone,BLUE,6.042,2.911,False,A,PHE225,N,-44.072,-11.342,18.006,A,ASP270,O,-42.226,-10.182,19.935
Bound Backbone,BLUE,10.953,2.253,False,A,PHE225,O,-46.158,-11.549,20.145,A,THR226,N,-47.366,-12.263,18.382
Thermal Noise,RED,3.038,3.64,False,A,PHE225,O,-46.158,-11.549,20.145,A,SER227,N,-48.647,-14.182,19.796
Bound Backbone,BLUE,7.969,2.833,False,A,PHE225,O,-46.158,-11.549,20.145,A,GLY269,N,-45.73,-11.007,22.893
Bound Backbone,BLUE,6.415,2.706,False,A,THR226,N,-47.366,-12.263,18.382,A,SER227,N,-48.647,-14.182,19.796
Thermal Noise,RED,2.704,3.971,False,A,THR226,N,-47.366,-12.263,18.382,A,SER227,O,-46.599,-15.945,19.657
Bound Backbone,BLUE,5.697,2.879,False,A,THR226,N,-47.366,-12.263,18.382,A,ASN230,O,-46.984,-14.671,16.851
Bound Backbone,BLUE,9.557,2.166,False,A,THR226,O,-50.007,-12.784,20.738,A,SER227,N,-48.647,-14.182,19.796
Bound Backbone,BLUE,5.391,3.292,False,A,THR226,OG1,-49.781,-12.87,16.998,A,SER227,N,-48.647,-14.182,19.796
Thermal Noise,RED,3.614,3.33,False,A,THR226,OG1,-49.781,-12.87,16.998,A,ASN230,O,-46.984,-14.671,16.851
Thermal Noise,RED,3.191,3.715,False,A,SER227,N,-48.647,-14.182,19.796,A,ALA228,N,-47.257,-17.295,21.271
Phase Boundary,YELLOW,5.047,3.417,False,A,SER227,N,-48.647,-14.182,19.796,A,ASN230,O,-46.984,-14.671,16.851
Bound Backbone,BLUE,11.042,2.205,False,A,SER227,O,-46.599,-15.945,19.657,A,ALA228,N,-47.257,-17.295,21.271
Thermal Noise,RED,2.888,3.726,False,A,SER227,O,-46.599,-15.945,19.657,A,ALA228,O,-44.827,-19.217,19.471
Phase Boundary,YELLOW,4.75,2.942,False,A,SER227,O,-46.599,-15.945,19.657,A,THR229,N,-47.024,-18.792,19.05
Phase Boundary,YELLOW,5.016,3.368,False,A,SER227,O,-46.599,-15.945,19.657,A,ASN230,N,-47.916,-17.391,16.915
Bound Backbone,BLUE,6.305,3.106,False,A,SER227,O,-46.599,-15.945,19.657,A,ASN230,O,-46.984,-14.671,16.851
Phase Boundary,YELLOW,5.032,3.171,False,A,SER227,OG,-49.665,-17.014,19.227,A,ALA228,N,-47.257,-17.295,21.271
Thermal Noise,RED,3.944,3.189,False,A,SER227,OG,-49.665,-17.014,19.227,A,THR229,N,-47.024,-18.792,19.05
Thermal Noise,RED,3.649,3.418,False,A,SER227,OG,-49.665,-17.014,19.227,A,THR229,OG1,-49.317,-20.234,18.136
Bound Backbone,BLUE,6.546,2.923,False,A,SER227,OG,-49.665,-17.014,19.227,A,ASN230,N,-47.916,-17.391,16.915
Phase Boundary,YELLOW,4.375,3.535,False,A,SER227,OG,-49.665,-17.014,19.227,A,ASN230,ND2,-51.955,-16.762,16.546
Thermal Noise,RED,3.945,3.981,False,A,SER227,OG,-49.665,-17.014,19.227,A,ASN230,OD1,-50.491,-18.098,15.487
Bound Backbone,BLUE,7.941,2.689,False,A,ALA228,N,-47.257,-17.295,21.271,A,THR229,N,-47.024,-18.792,19.05
Bound Backbone,BLUE,7.887,2.277,False,A,ALA228,O,-44.827,-19.217,19.471,A,THR229,N,-47.024,-18.792,19.05
Bound Backbone,BLUE,7.638,2.705,False,A,THR229,N,-47.024,-18.792,19.05,A,ASN230,N,-47.916,-17.391,16.915
Bound Backbone,BLUE,10.644,2.193,False,A,THR229,O,-47.324,-18.924,15.463,A,ASN230,N,-47.916,-17.391,16.915
Thermal Noise,RED,3.736,3.273,False,A,THR229,O,-47.324,-18.924,15.463,A,ASN230,OD1,-50.491,-18.098,15.487
Phase Boundary,YELLOW,5.207,3.055,False,A,THR229,O,-47.324,-18.924,15.463,A,GLY246,N,-48.754,-20.96,13.69
Bound Backbone,BLUE,5.272,2.894,False,A,THR229,O,-47.324,-18.924,15.463,A,TYR247,N,-46.076,-21.26,14.296
Thermal Noise,RED,3.754,3.397,False,A,THR229,OG1,-49.317,-20.234,18.136,A,ASN230,N,-47.916,-17.391,16.915
Phase Boundary,YELLOW,4.153,3.6,False,A,THR229,OG1,-49.317,-20.234,18.136,A,ASN230,OD1,-50.491,-18.098,15.487
Thermal Noise,RED,3.99,3.577,False,A,ASN230,N,-47.916,-17.391,16.915,A,TRP231,N,-46.904,-14.895,14.561
Bound Backbone,BLUE,12.303,2.302,False,A,ASN230,O,-46.984,-14.671,16.851,A,TRP231,N,-46.904,-14.895,14.561
Thermal Noise,RED,3.167,3.8,False,A,ASN230,OD1,-50.491,-18.098,15.487,A,GLY246,N,-48.754,-20.96,13.69
Thermal Noise,RED,3.279,3.613,False,A,TRP231,N,-46.904,-14.895,14.561,A,GLN232,N,-45.979,-11.613,13.367
Bound Backbone,BLUE,6.159,2.966,False,A,TRP231,N,-46.904,-14.895,14.561,A,GLY244,O,-48.36,-16.23,12.348
Bound Backbone,BLUE,8.714,2.266,False,A,TRP231,O,-47.196,-13.256,12.389,A,GLN232,N,-45.979,-11.613,13.367
Bound Backbone,BLUE,6.28,2.997,False,A,TRP231,O,-47.196,-13.256,12.389,A,GLY244,N,-47.776,-14.949,9.985
Thermal Noise,RED,3.923,3.194,False,A,TRP231,O,-47.196,-13.256,12.389,A,GLY244,O,-48.36,-16.23,12.348
Thermal Noise,RED,2.801,3.92,False,A,TRP231,NE1,-44.727,-17.011,11.332,A,GLY244,N,-47.776,-14.949,9.985
Thermal Noise,RED,2.816,3.852,False,A,TRP231,NE1,-44.727,-17.011,11.332,A,GLY244,O,-48.36,-16.23,12.348
Phase Boundary,YELLOW,4.106,3.568,False,A,GLN232,N,-45.979,-11.613,13.367,A,ILE233,N,-44.507,-9.507,10.891
Bound Backbone,BLUE,13.006,2.227,False,A,GLN232,O,-44.07,-9.581,13.073,A,ILE233,N,-44.507,-9.507,10.891
Thermal Noise,RED,3.293,3.498,False,A,ILE233,N,-44.507,-9.507,10.891,A,THR234,N,-43.54,-6.165,10.53
Bound Backbone,BLUE,7.152,2.779,False,A,ILE233,N,-44.507,-9.507,10.891,A,SER242,O,-45.994,-10.456,8.744
Bound Backbone,BLUE,9.86,2.265,False,A,ILE233,O,-44.853,-7.297,9.073,A,THR234,N,-43.54,-6.165,10.53
Bound Backbone,BLUE,7.49,2.843,False,A,ILE233,O,-44.853,-7.297,9.073,A,VAL241,N,-45.861,-6.555,6.52
Phase Boundary,YELLOW,4.736,3.452,False,A,ILE233,O,-44.853,-7.297,9.073,A,SER242,N,-45.45,-9.268,6.303
Thermal Noise,RED,3.535,3.375,False,A,ILE233,O,-44.853,-7.297,9.073,A,SER242,O,-45.994,-10.456,8.744
Thermal Noise,RED,3.56,3.609,False,A,THR234,N,-43.54,-6.165,10.53,A,ASP235,N,-42.838,-3.117,8.73
Bound Backbone,BLUE,10.03,2.202,False,A,THR234,O,-41.534,-4.345,10.011,A,ASP235,N,-42.838,-3.117,8.73
Thermal Noise,RED,3.146,3.567,False,A,THR234,O,-41.534,-4.345,10.011,A,ASP235,O,-42.287,-0.859,10.097
Phase Boundary,YELLOW,4.413,3.785,False,A,THR234,OG1,-43.6,-3.952,12.342,A,ASP235,N,-42.838,-3.117,8.73
Thermal Noise,RED,2.994,3.658,False,A,ASP235,N,-42.838,-3.117,8.73,A,SER236,N,-40.824,-0.067,8.584
Phase Boundary,YELLOW,4.749,2.971,False,A,ASP235,N,-42.838,-3.117,8.73,A,ALA239,O,-45.668,-3.516,7.917
Bound Backbone,BLUE,10.194,2.249,False,A,ASP235,O,-42.287,-0.859,10.097,A,SER236,N,-40.824,-0.067,8.584
Thermal Noise,RED,2.718,3.839,False,A,ASP235,O,-42.287,-0.859,10.097,A,SER236,O,-41.817,2.948,10.242
Phase Boundary,YELLOW,4.777,3.089,False,A,ASP235,O,-42.287,-0.859,10.097,A,THR237,N,-42.789,1.826,8.655
Phase Boundary,YELLOW,4.44,3.003,False,A,ASP235,O,-42.287,-0.859,10.097,A,SER238,N,-44.802,0.78,10.008
Phase Boundary,YELLOW,4.462,3.076,False,A,ASP235,OD1,-43.75,-0.357,7.68,A,SER236,N,-40.824,-0.067,8.584
Bound Backbone,BLUE,6.577,2.577,False,A,ASP235,OD1,-43.75,-0.357,7.68,A,THR237,N,-42.789,1.826,8.655
Bound Backbone,BLUE,6.916,2.511,False,A,ASP235,OD1,-43.75,-0.357,7.68,A,THR237,OG1,-45.11,1.532,6.738
Bound Backbone,BLUE,7.376,2.796,False,A,ASP235,OD1,-43.75,-0.357,7.68,A,SER238,N,-44.802,0.78,10.008
Phase Boundary,YELLOW,5.193,2.861,False,A,ASP235,OD1,-43.75,-0.357,7.68,A,ALA239,N,-46.416,-0.884,8.576
Thermal Noise,RED,2.926,3.703,False,A,ASP235,OD1,-43.75,-0.357,7.68,A,ALA239,O,-45.668,-3.516,7.917
Bound Backbone,BLUE,5.45,2.862,False,A,ASP235,OD2,-43.815,-0.71,5.518,A,THR237,OG1,-45.11,1.532,6.738
Bound Backbone,BLUE,5.374,2.729,False,A,SER236,N,-40.824,-0.067,8.584,A,THR237,N,-42.789,1.826,8.655
Bound Backbone,BLUE,11.351,2.173,False,A,SER236,O,-41.817,2.948,10.242,A,THR237,N,-42.789,1.826,8.655
Thermal Noise,RED,2.936,3.697,False,A,SER236,O,-41.817,2.948,10.242,A,SER238,N,-44.802,0.78,10.008
Thermal Noise,RED,3.982,3.346,False,A,SER236,OG,-39.794,2.298,7.24,A,THR237,N,-42.789,1.826,8.655
Bound Backbone,BLUE,6.694,2.641,False,A,THR237,N,-42.789,1.826,8.655,A,SER238,N,-44.802,0.78,10.008
Bound Backbone,BLUE,9.026,2.123,False,A,THR237,O,-46.213,2.329,9.667,A,SER238,N,-44.802,0.78,10.008
Bound Backbone,BLUE,5.698,3.296,False,A,THR237,O,-46.213,2.329,9.667,A,SER238,OG,-45.45,1.355,12.722
Thermal Noise,RED,3.691,3.399,False,A,THR237,O,-46.213,2.329,9.667,A,ALA239,N,-46.416,-0.884,8.576
Bound Backbone,BLUE,5.638,3.369,False,A,THR237,OG1,-45.11,1.532,6.738,A,SER238,N,-44.802,0.78,10.008
Phase Boundary,YELLOW,4.386,3.305,False,A,THR237,OG1,-45.11,1.532,6.738,A,ALA239,N,-46.416,-0.884,8.576
Bound Backbone,BLUE,6.338,2.725,False,A,SER238,N,-44.802,0.78,10.008,A,ALA239,N,-46.416,-0.884,8.576
Bound Backbone,BLUE,11.04,2.273,False,A,SER238,O,-47.6,-1.445,10.433,A,ALA239,N,-46.416,-0.884,8.576
Thermal Noise,RED,3.571,3.788,False,A,SER238,O,-47.6,-1.445,10.433,A,ALA239,O,-45.668,-3.516,7.917
Thermal Noise,RED,3.782,3.728,False,A,SER238,O,-47.6,-1.445,10.433,A,VAL240,N,-47.85,-4.089,7.817
Thermal Noise,RED,3.189,3.592,False,A,ALA239,N,-46.416,-0.884,8.576,A,VAL240,N,-47.85,-4.089,7.817
Bound Backbone,BLUE,7.858,2.258,False,A,ALA239,O,-45.668,-3.516,7.917,A,VAL240,N,-47.85,-4.089,7.817
Thermal Noise,RED,3.96,3.35,False,A,ALA239,O,-45.668,-3.516,7.917,A,VAL241,N,-45.861,-6.555,6.52
Thermal Noise,RED,3.727,3.423,False,A,VAL240,N,-47.85,-4.089,7.817,A,VAL241,N,-45.861,-6.555,6.52
Bound Backbone,BLUE,8.648,2.277,False,A,VAL240,O,-47.834,-5.997,5.53,A,VAL241,N,-45.861,-6.555,6.52
Bound Backbone,BLUE,5.303,2.753,False,A,VAL241,N,-45.861,-6.555,6.52,A,SER242,N,-45.45,-9.268,6.303
Bound Backbone,BLUE,13.502,2.197,False,A,VAL241,O,-45.636,-9.106,4.12,A,SER242,N,-45.45,-9.268,6.303
Thermal Noise,RED,3.296,3.656,False,A,SER242,N,-45.45,-9.268,6.303,A,SER243,N,-47.123,-12.175,7.757
Bound Backbone,BLUE,8.607,2.281,False,A,SER242,O,-45.994,-10.456,8.744,A,SER243,N,-47.123,-12.175,7.757
Phase Boundary,YELLOW,5.037,3.111,False,A,SER242,OG,-44.697,-12.866,5.937,A,SER243,N,-47.123,-12.175,7.757
Thermal Noise,RED,3.797,3.617,False,A,SER243,N,-47.123,-12.175,7.757,A,GLY244,N,-47.776,-14.949,9.985
Bound Backbone,BLUE,12.799,2.252,False,A,SER243,O,-48.052,-14.766,7.757,A,GLY244,N,-47.776,-14.949,9.985
Thermal Noise,RED,3.132,3.77,False,A,SER243,OG,-49.943,-12.301,8.402,A,GLY244,N,-47.776,-14.949,9.985
Thermal Noise,RED,3.112,3.733,False,A,GLY244,N,-47.776,-14.949,9.985,A,SER245,N,-49.052,-18.186,11.337
Bound Backbone,BLUE,8.43,2.308,False,A,GLY244,O,-48.36,-16.23,12.348,A,SER245,N,-49.052,-18.186,11.337
Thermal Noise,RED,3.799,3.65,False,A,SER245,N,-49.052,-18.186,11.337,A,GLY246,N,-48.754,-20.96,13.69
Bound Backbone,BLUE,13.057,2.228,False,A,SER245,O,-48.416,-20.851,11.49,A,GLY246,N,-48.754,-20.96,13.69
Thermal Noise,RED,3.139,3.824,False,A,SER245,O,-48.416,-20.851,11.49,A,GLY246,O,-46.02,-23.198,13.327
Thermal Noise,RED,4.058,3.676,False,A,SER245,O,-48.416,-20.851,11.49,A,TYR247,N,-46.076,-21.26,14.296
Thermal Noise,RED,3.468,3.808,False,A,SER245,OG,-51.445,-19.772,11.271,A,GLY246,N,-48.754,-20.96,13.69
Bound Backbone,BLUE,5.407,2.762,False,A,GLY246,N,-48.754,-20.96,13.69,A,TYR247,N,-46.076,-21.26,14.296
Bound Backbone,BLUE,9.602,2.167,False,A,GLY246,O,-46.02,-23.198,13.327,A,TYR247,N,-46.076,-21.26,14.296
Phase Boundary,YELLOW,4.928,3.485,False,A,GLY246,O,-46.02,-23.198,13.327,A,TYR247,O,-44.545,-22.479,16.401
Phase Boundary,YELLOW,4.225,3.265,False,A,GLY246,O,-46.02,-23.198,13.327,A,VAL248,N,-43.106,-22.94,14.778
Thermal Noise,RED,3.412,3.446,False,A,TYR247,N,-46.076,-21.26,14.296,A,VAL248,N,-43.106,-22.94,14.778
Bound Backbone,BLUE,10.913,2.218,False,A,TYR247,O,-44.545,-22.479,16.401,A,VAL248,N,-43.106,-22.94,14.778
Thermal Noise,RED,3.396,3.441,False,A,TYR247,OH,-38.629,-19.301,15.86,A,GLY250,N,-37.197,-22.416,15.57
Phase Boundary,YELLOW,4.093,3.243,False,A,TYR247,OH,-38.629,-19.301,15.86,A,VAL262,N,-36.02,-17.733,14.74
Bound Backbone,BLUE,10.205,2.103,False,A,TYR247,OH,-38.629,-19.301,15.86,A,VAL262,O,-36.805,-19.758,16.801
Thermal Noise,RED,4.036,3.48,False,A,VAL248,N,-43.106,-22.94,14.778,A,ALA249,N,-40.322,-23.319,16.832
Thermal Noise,RED,3.636,3.666,False,A,VAL248,N,-43.106,-22.94,14.778,A,THR251,OG1,-40.28,-23.824,12.616
Bound Backbone,BLUE,13.491,2.177,False,A,VAL248,O,-40.264,-22.786,14.722,A,ALA249,N,-40.322,-23.319,16.832
Phase Boundary,YELLOW,4.149,3.255,False,A,VAL248,O,-40.264,-22.786,14.722,A,ALA249,O,-37.836,-24.535,16.004
Phase Boundary,YELLOW,4.074,3.204,False,A,VAL248,O,-40.264,-22.786,14.722,A,GLY250,N,-37.197,-22.416,15.57
Bound Backbone,BLUE,5.743,2.916,False,A,VAL248,O,-40.264,-22.786,14.722,A,THR251,N,-37.906,-22.734,13.008
Bound Backbone,BLUE,10.976,2.348,False,A,VAL248,O,-40.264,-22.786,14.722,A,THR251,OG1,-40.28,-23.824,12.616
Thermal Noise,RED,3.561,3.489,False,A,ALA249,N,-40.322,-23.319,16.832,A,GLY250,N,-37.197,-22.416,15.57
Bound Backbone,BLUE,8.053,2.255,False,A,ALA249,O,-37.836,-24.535,16.004,A,GLY250,N,-37.197,-22.416,15.57
Phase Boundary,YELLOW,4.803,3.496,False,A,ALA249,O,-37.836,-24.535,16.004,A,THR251,N,-37.906,-22.734,13.008
Bound Backbone,BLUE,8.837,2.677,False,A,GLY250,N,-37.197,-22.416,15.57,A,THR251,N,-37.906,-22.734,13.008
Phase Boundary,YELLOW,5.088,2.955,False,A,GLY250,N,-37.197,-22.416,15.57,A,VAL262,O,-36.805,-19.758,16.801
Bound Backbone,BLUE,8.43,2.252,False,A,GLY250,O,-35.781,-22.842,12.27,A,THR251,N,-37.906,-22.734,13.008
Thermal Noise,RED,3.071,3.643,False,A,GLY250,O,-35.781,-22.842,12.27,A,THR251,O,-38.284,-20.269,11.649
Phase Boundary,YELLOW,4.393,3.481,False,A,GLY250,O,-35.781,-22.842,12.27,A,ALA252,N,-37.639,-21.299,9.763
Phase Boundary,YELLOW,4.834,3.558,False,A,THR251,N,-37.906,-22.734,13.008,A,ALA252,N,-37.639,-21.299,9.763
Bound Backbone,BLUE,11.525,2.244,False,A,THR251,O,-38.284,-20.269,11.649,A,ALA252,N,-37.639,-21.299,9.763
Phase Boundary,YELLOW,4.221,3.868,False,A,THR251,O,-38.284,-20.269,11.649,A,ALA252,O,-39.399,-19.916,7.962
Phase Boundary,YELLOW,4.221,3.633,False,A,THR251,O,-38.284,-20.269,11.649,A,ILE253,N,-38.531,-18.032,8.797
Thermal Noise,RED,3.381,3.522,False,A,ALA252,N,-37.639,-21.299,9.763,A,ILE253,N,-38.531,-18.032,8.797
Bound Backbone,BLUE,8.714,2.236,False,A,ALA252,O,-39.399,-19.916,7.962,A,ILE253,N,-38.531,-18.032,8.797
Phase Boundary,YELLOW,5.095,3.393,False,A,ILE253,N,-38.531,-18.032,8.797,A,ALA254,N,-39.35,-16.478,5.894
Bound Backbone,BLUE,6.436,2.695,False,A,ILE253,N,-38.531,-18.032,8.797,A,VAL260,O,-36.513,-16.903,10.181
Bound Backbone,BLUE,9.955,2.249,False,A,ILE253,O,-37.916,-15.503,7.326,A,ALA254,N,-39.35,-16.478,5.894
Phase Boundary,YELLOW,5.096,2.928,False,A,ILE253,O,-37.916,-15.503,7.326,A,VAL260,N,-35.222,-15.219,8.437
Phase Boundary,YELLOW,4.736,3.476,False,A,ILE253,O,-37.916,-15.503,7.326,A,VAL260,O,-36.513,-16.903,10.181
Thermal Noise,RED,3.791,3.533,False,A,ALA254,N,-39.35,-16.478,5.894,A,PHE255,N,-39.118,-13.503,4.002
Bound Backbone,BLUE,8.118,2.231,False,A,ALA254,O,-40.945,-14.754,4.273,A,PHE255,N,-39.118,-13.503,4.002
Thermal Noise,RED,3.949,3.576,False,A,PHE255,N,-39.118,-13.503,4.002,A,ASN256,N,-39.074,-10.759,1.71
Phase Boundary,YELLOW,4.112,3.12,False,A,PHE255,N,-39.118,-13.503,4.002,A,ILE258,O,-36.025,-13.911,4.031
Bound Backbone,BLUE,11.078,2.168,False,A,PHE255,O,-37.611,-11.336,3.203,A,ASN256,N,-39.074,-10.759,1.71
Phase Boundary,YELLOW,4.233,3.49,False,A,PHE255,O,-37.611,-11.336,3.203,A,ASN256,O,-35.969,-9.343,0.856
Bound Backbone,BLUE,7.094,2.962,False,A,PHE255,O,-37.611,-11.336,3.203,A,GLY257,N,-36.55,-11.334,0.438
Phase Boundary,YELLOW,4.488,3.046,False,A,PHE255,O,-37.611,-11.336,3.203,A,ILE258,N,-34.777,-12.146,2.433
Phase Boundary,YELLOW,4.251,3.136,False,A,PHE255,O,-37.611,-11.336,3.203,A,ILE258,O,-36.025,-13.911,4.031
Bound Backbone,BLUE,5.406,2.884,False,A,ASN256,N,-39.074,-10.759,1.71,A,GLY257,N,-36.55,-11.334,0.438
Bound Backbone,BLUE,9.162,2.116,False,A,ASN256,O,-35.969,-9.343,0.856,A,GLY257,N,-36.55,-11.334,0.438
Thermal Noise,RED,3.859,3.43,False,A,ASN256,O,-35.969,-9.343,0.856,A,ILE258,N,-34.777,-12.146,2.433
Bound Backbone,BLUE,6.815,2.79,False,A,GLY257,N,-36.55,-11.334,0.438,A,ILE258,N,-34.777,-12.146,2.433
Bound Backbone,BLUE,10.602,2.204,False,A,GLY257,O,-33.275,-12.789,0.954,A,ILE258,N,-34.777,-12.146,2.433
Phase Boundary,YELLOW,4.368,3.528,False,A,ILE258,N,-34.777,-12.146,2.433,A,GLN259,N,-34.218,-14.41,5.08
Bound Backbone,BLUE,9.988,2.148,False,A,ILE258,O,-36.025,-13.911,4.031,A,GLN259,N,-34.218,-14.41,5.08
Phase Boundary,YELLOW,4.811,3.596,False,A,GLN259,N,-34.218,-14.41,5.08,A,VAL260,N,-35.222,-15.219,8.437
Bound Backbone,BLUE,8.338,2.269,False,A,GLN259,O,-33.107,-14.925,7.669,A,VAL260,N,-35.222,-15.219,8.437
Phase Boundary,YELLOW,4.904,3.499,False,A,VAL260,N,-35.222,-15.219,8.437,A,ALA261,N,-34.818,-16.788,11.538
Bound Backbone,BLUE,10.563,2.174,False,A,VAL260,O,-36.513,-16.903,10.181,A,ALA261,N,-34.818,-16.788,11.538
Phase Boundary,YELLOW,4.826,3.548,False,A,ALA261,N,-34.818,-16.788,11.538,A,VAL262,N,-36.02,-17.733,14.74
Bound Backbone,BLUE,8.535,2.199,False,A,ALA261,O,-34.091,-16.797,14.25,A,VAL262,N,-36.02,-17.733,14.74
Phase Boundary,YELLOW,5.021,3.329,False,A,VAL262,N,-36.02,-17.733,14.74,A,SER263,N,-34.648,-19.283,17.347
Bound Backbone,BLUE,8.015,2.275,False,A,VAL262,O,-36.805,-19.758,16.801,A,SER263,N,-34.648,-19.283,17.347
Phase Boundary,YELLOW,4.255,3.734,False,A,VAL262,O,-36.805,-19.758,16.801,A,SER263,O,-35.075,-19.149,20.054
Thermal Noise,RED,3.714,3.993,False,A,VAL262,O,-36.805,-19.758,16.801,A,GLY264,N,-35.5,-21.247,20.269
Phase Boundary,YELLOW,4.313,3.622,False,A,SER263,N,-34.648,-19.283,17.347,A,GLY264,N,-35.5,-21.247,20.269
Bound Backbone,BLUE,8.702,2.151,False,A,SER263,O,-35.075,-19.149,20.054,A,GLY264,N,-35.5,-21.247,20.269
Thermal Noise,RED,3.165,3.569,False,A,SER263,O,-35.075,-19.149,20.054,A,GLY264,O,-38.196,-20.837,20.441
Thermal Noise,RED,3.041,3.792,False,A,SER263,OG,-32.241,-19.958,18.82,A,GLY264,N,-35.5,-21.247,20.269
Thermal Noise,RED,3.719,3.708,False,A,GLY264,N,-35.5,-21.247,20.269,A,ALA265,N,-38.199,-20.569,22.72
Bound Backbone,BLUE,12.371,2.295,False,A,GLY264,O,-38.196,-20.837,20.441,A,ALA265,N,-38.199,-20.569,22.72
Thermal Noise,RED,3.202,3.715,False,A,GLY264,O,-38.196,-20.837,20.441,A,PRO266,N,-40.229,-18.115,21.944
Thermal Noise,RED,3.857,3.278,False,A,ALA265,N,-38.199,-20.569,22.72,A,PRO266,N,-40.229,-18.115,21.944
Bound Backbone,BLUE,12.676,2.24,False,A,ALA265,O,-39.639,-18.252,24.101,A,PRO266,N,-40.229,-18.115,21.944
Thermal Noise,RED,3.491,3.525,False,A,ALA265,O,-39.639,-18.252,24.101,A,PRO266,O,-42.851,-17.566,22.82
Thermal Noise,RED,2.96,3.692,False,A,ALA265,O,-39.639,-18.252,24.101,A,SER267,N,-42.221,-15.646,23.689
Thermal Noise,RED,3.504,3.621,False,A,PRO266,N,-40.229,-18.115,21.944,A,SER267,N,-42.221,-15.646,23.689
Bound Backbone,BLUE,9.093,2.2,False,A,PRO266,O,-42.851,-17.566,22.82,A,SER267,N,-42.221,-15.646,23.689
Thermal Noise,RED,3.053,3.631,False,A,SER267,N,-42.221,-15.646,23.689,A,ALA268,N,-45.569,-14.282,24.023
Phase Boundary,YELLOW,5.039,2.818,False,A,SER267,N,-42.221,-15.646,23.689,A,ASP270,OD2,-40.206,-13.676,23.719
Bound Backbone,BLUE,10.184,2.182,False,A,SER267,O,-43.886,-13.695,22.764,A,ALA268,N,-45.569,-14.282,24.023
Thermal Noise,RED,3.798,3.635,False,A,SER267,O,-43.886,-13.695,22.764,A,ALA268,O,-45.735,-11.568,25.059
Thermal Noise,RED,3.764,3.262,False,A,SER267,O,-43.886,-13.695,22.764,A,GLY269,N,-45.73,-11.007,22.893
Thermal Noise,RED,3.97,3.178,False,A,SER267,O,-43.886,-13.695,22.764,A,ASP270,N,-42.985,-10.652,22.6
Thermal Noise,RED,2.937,3.937,False,A,SER267,O,-43.886,-13.695,22.764,A,ASP270,OD1,-40.953,-11.81,24.592
Thermal Noise,RED,2.88,3.802,False,A,SER267,O,-43.886,-13.695,22.764,A,ASP270,OD2,-40.206,-13.676,23.719
Thermal Noise,RED,3.552,3.468,False,A,ALA268,N,-45.569,-14.282,24.023,A,GLY269,N,-45.73,-11.007,22.893
Bound Backbone,BLUE,12.761,2.237,False,A,ALA268,O,-45.735,-11.568,25.059,A,GLY269,N,-45.73,-11.007,22.893
Thermal Noise,RED,3.508,3.801,False,A,ALA268,O,-45.735,-11.568,25.059,A,ASP270,N,-42.985,-10.652,22.6
Phase Boundary,YELLOW,5.202,2.783,False,A,GLY269,N,-45.73,-11.007,22.893,A,ASP270,N,-42.985,-10.652,22.6
Bound Backbone,BLUE,7.92,2.248,False,A,GLY269,O,-43.235,-8.418,22.597,A,ASP270,N,-42.985,-10.652,22.6
Phase Boundary,YELLOW,5.003,3.349,False,A,GLY269,O,-43.235,-8.418,22.597,A,ASP270,O,-42.226,-10.182,19.935
Thermal Noise,RED,3.873,3.493,False,A,GLY269,O,-43.235,-8.418,22.597,A,SER271,N,-40.376,-9.166,20.735
Thermal Noise,RED,3.771,3.535,False,A,ASP270,N,-42.985,-10.652,22.6,A,SER271,N,-40.376,-9.166,20.735
Bound Backbone,BLUE,8.483,2.257,False,A,ASP270,O,-42.226,-10.182,19.935,A,SER271,N,-40.376,-9.166,20.735
Phase Boundary,YELLOW,4.507,3.546,False,A,SER271,N,-40.376,-9.166,20.735,A,PHE272,N,-38.351,-8.659,17.869
Bound Backbone,BLUE,12.82,2.222,False,A,SER271,O,-37.754,-8.396,19.993,A,PHE272,N,-38.351,-8.659,17.869
Phase Boundary,YELLOW,4.315,3.359,False,A,SER271,OG,-39.385,-6.133,19.826,A,PHE272,N,-38.351,-8.659,17.869
Thermal Noise,RED,3.822,3.466,False,A,PHE272,N,-38.351,-8.659,17.869,A,SER273,N,-35.884,-6.885,16.202
Bound Backbone,BLUE,8.875,2.234,False,A,PHE272,O,-37.8,-7.579,15.286,A,SER273,N,-35.884,-6.885,16.202
Thermal Noise,RED,3.213,3.939,False,A,PHE272,O,-37.8,-7.579,15.286,A,ILE274,N,-34.974,-6.337,12.839
Phase Boundary,YELLOW,5.079,3.527,False,A,SER273,N,-35.884,-6.885,16.202,A,ILE274,N,-34.974,-6.337,12.839
Bound Backbone,BLUE,10.752,2.213,False,A,SER273,O,-33.757,-7.33,14.398,A,ILE274,N,-34.974,-6.337,12.839
Bound Backbone,BLUE,5.275,3.066,False,A,SER273,OG,-34.056,-4.095,14.718,A,ILE274,N,-34.974,-6.337,12.839
Phase Boundary,YELLOW,4.614,3.669,False,A,SER273,OG,-34.056,-4.095,14.718,A,ALA275,N,-32.838,-4.635,11.299
Phase Boundary,YELLOW,4.696,3.135,False,A,ILE274,N,-34.974,-6.337,12.839,A,ALA275,N,-32.838,-4.635,11.299
Bound Backbone,BLUE,9.371,2.235,False,A,ILE274,O,-34.746,-4.778,10.143,A,ALA275,N,-32.838,-4.635,11.299
Thermal Noise,RED,4.064,3.578,False,A,ALA275,N,-32.838,-4.635,11.299,A,ARG276,N,-31.507,-2.401,8.841
Bound Backbone,BLUE,9.087,2.172,False,A,ALA275,O,-30.706,-4.285,9.566,A,ARG276,N,-31.507,-2.401,8.841
Thermal Noise,RED,3.486,3.392,False,A,ALA275,O,-30.706,-4.285,9.566,A,ARG276,O,-28.885,-1.43,9.377
Thermal Noise,RED,3.876,3.492,False,A,ALA275,O,-30.706,-4.285,9.566,A,SER277,N,-28.106,-2.881,7.706
Thermal Noise,RED,3.25,3.617,False,A,ARG276,N,-31.507,-2.401,8.841,A,SER277,N,-28.106,-2.881,7.706
Bound Backbone,BLUE,9.617,2.346,False,A,ARG276,O,-28.885,-1.43,9.377,A,SER277,N,-28.106,-2.881,7.706
Phase Boundary,YELLOW,4.35,3.452,False,A,ARG276,O,-28.885,-1.43,9.377,A,SER277,O,-26.488,-0.624,7.028
Thermal Noise,RED,3.776,3.266,False,A,ARG276,O,-28.885,-1.43,9.377,A,ARG278,N,-25.695,-0.812,9.043
Thermal Noise,RED,3.691,3.447,False,A,SER277,N,-28.106,-2.881,7.706,A,ARG278,N,-25.695,-0.812,9.043
Bound Backbone,BLUE,13.104,2.174,False,A,SER277,O,-26.488,-0.624,7.028,A,ARG278,N,-25.695,-0.812,9.043
Thermal Noise,RED,4.061,3.31,False,A,SER277,OG,-24.465,-3.554,7.655,A,ARG278,N,-25.695,-0.812,9.043
Thermal Noise,RED,3.939,3.412,False,A,SER277,OG,-24.465,-3.554,7.655,A,ARG278,O,-23.017,-0.932,9.289
Thermal Noise,RED,3.055,3.623,False,A,ARG278,N,-25.695,-0.812,9.043,A,LYS279,N,-22.702,1.219,9.249
Bound Backbone,BLUE,8.467,2.174,False,A,ARG278,O,-23.017,-0.932,9.289,A,LYS279,N,-22.702,1.219,9.249
Thermal Noise,RED,3.134,3.95,False,A,ARG278,O,-23.017,-0.932,9.289,A,GLU280,N,-20.21,0.579,11.622
Phase Boundary,YELLOW,4.222,3.5,False,A,LYS279,N,-22.702,1.219,9.249,A,GLU280,N,-20.21,0.579,11.622
Bound Backbone,BLUE,8.156,2.215,False,A,LYS279,O,-21.612,2.294,11.631,A,GLU280,N,-20.21,0.579,11.622
Thermal Noise,RED,3.954,3.631,False,A,GLU280,N,-20.21,0.579,11.622,A,ASP281,N,-17.623,1.046,14.127
Bound Backbone,BLUE,12.147,2.23,False,A,GLU280,O,-17.584,0.049,12.133,A,ASP281,N,-17.623,1.046,14.127
Phase Boundary,YELLOW,4.107,3.905,False,A,GLU280,O,-17.584,0.049,12.133,A,ASP281,O,-16.708,-0.926,15.811
Thermal Noise,RED,3.036,3.632,False,A,GLU280,OE2,-21.005,-2.331,15.991,A,THR285,OG1,-17.753,-3.944,16.098
Thermal Noise,RED,3.781,3.887,False,A,GLU280,OE2,-21.005,-2.331,15.991,A,GLN316,NE2,-19.802,-4.206,12.806
Thermal Noise,RED,3.175,3.598,False,A,ASP281,N,-17.623,1.046,14.127,A,ILE282,N,-14.678,-0.883,14.869
Bound Backbone,BLUE,8.888,2.238,False,A,ASP281,O,-16.708,-0.926,15.811,A,ILE282,N,-14.678,-0.883,14.869
Thermal Noise,RED,3.538,3.636,False,A,ASP281,O,-16.708,-0.926,15.811,A,ILE282,O,-14.365,-2.982,17.683
Phase Boundary,YELLOW,4.215,3.322,False,A,ASP281,O,-16.708,-0.926,15.811,A,PHE283,N,-13.845,-0.768,17.488
Bound Backbone,BLUE,5.342,3.441,False,A,ASP281,O,-16.708,-0.926,15.811,A,THR284,N,-16.09,-0.117,19.098
Bound Backbone,BLUE,5.394,3.285,False,A,ASP281,O,-16.708,-0.926,15.811,A,THR285,N,-17.479,-2.503,18.588
Thermal Noise,RED,3.912,3.207,False,A,ASP281,O,-16.708,-0.926,15.811,A,THR285,OG1,-17.753,-3.944,16.098
Phase Boundary,YELLOW,4.345,3.507,False,A,ASP281,OD1,-15.402,1.417,17.416,A,ILE282,N,-14.678,-0.883,14.869
Bound Backbone,BLUE,5.558,2.684,False,A,ASP281,OD1,-15.402,1.417,17.416,A,PHE283,N,-13.845,-0.768,17.488
Bound Backbone,BLUE,9.329,2.378,False,A,ASP281,OD1,-15.402,1.417,17.416,A,THR284,N,-16.09,-0.117,19.098
Phase Boundary,YELLOW,5.056,3.001,False,A,ASP281,OD1,-15.402,1.417,17.416,A,THR284,OG1,-17.996,1.99,18.812
Thermal Noise,RED,3.506,3.727,False,A,ASP281,OD2,-17.075,2.743,16.92,A,THR284,N,-16.09,-0.117,19.098
Bound Backbone,BLUE,11.666,2.235,False,A,ASP281,OD2,-17.075,2.743,16.92,A,THR284,OG1,-17.996,1.99,18.812
Bound Backbone,BLUE,8.341,2.751,False,A,ILE282,N,-14.678,-0.883,14.869,A,PHE283,N,-13.845,-0.768,17.488
Bound Backbone,BLUE,7.717,2.283,False,A,ILE282,O,-14.365,-2.982,17.683,A,PHE283,N,-13.845,-0.768,17.488
Phase Boundary,YELLOW,4.664,3.539,False,A,ILE282,O,-14.365,-2.982,17.683,A,PHE283,O,-15.13,-1.28,20.69
Thermal Noise,RED,3.328,3.631,False,A,ILE282,O,-14.365,-2.982,17.683,A,THR284,N,-16.09,-0.117,19.098
Thermal Noise,RED,3.905,3.278,False,A,ILE282,O,-14.365,-2.982,17.683,A,THR285,N,-17.479,-2.503,18.588
Thermal Noise,RED,2.971,3.862,False,A,ILE282,O,-14.365,-2.982,17.683,A,THR285,OG1,-17.753,-3.944,16.098
Bound Backbone,BLUE,5.278,3.23,False,A,ILE282,O,-14.365,-2.982,17.683,A,ILE286,N,-15.929,-4.333,20.165
Bound Backbone,BLUE,5.985,2.838,False,A,PHE283,N,-13.845,-0.768,17.488,A,THR284,N,-16.09,-0.117,19.098
Bound Backbone,BLUE,11.114,2.193,False,A,PHE283,O,-15.13,-1.28,20.69,A,THR284,N,-16.09,-0.117,19.098
Thermal Noise,RED,3.107,3.593,False,A,PHE283,O,-15.13,-1.28,20.69,A,THR284,O,-18.609,-2.153,20.474
Phase Boundary,YELLOW,4.362,3.381,False,A,PHE283,O,-15.13,-1.28,20.69,A,THR285,N,-17.479,-2.503,18.588
Thermal Noise,RED,3.977,3.199,False,A,PHE283,O,-15.13,-1.28,20.69,A,ILE286,N,-15.929,-4.333,20.165
Bound Backbone,BLUE,5.651,3.023,False,A,PHE283,O,-15.13,-1.28,20.69,A,ASP287,N,-16.292,-3.183,22.731
Phase Boundary,YELLOW,4.349,3.628,False,A,PHE283,O,-15.13,-1.28,20.69,A,ASP287,OD2,-15.528,0.747,23.672
Phase Boundary,YELLOW,5.184,2.808,False,A,THR284,N,-16.09,-0.117,19.098,A,THR285,N,-17.479,-2.503,18.588
Bound Backbone,BLUE,11.762,2.226,False,A,THR284,O,-18.609,-2.153,20.474,A,THR285,N,-17.479,-2.503,18.588
Thermal Noise,RED,3.562,3.353,False,A,THR284,O,-18.609,-2.153,20.474,A,THR285,O,-17.887,-5.426,20.398
Thermal Noise,RED,3.343,3.468,False,A,THR284,O,-18.609,-2.153,20.474,A,ILE286,N,-15.929,-4.333,20.165
Phase Boundary,YELLOW,4.45,3.395,False,A,THR284,O,-18.609,-2.153,20.474,A,ASP287,N,-16.292,-3.183,22.731
Bound Backbone,BLUE,7.507,2.81,False,A,THR284,O,-18.609,-2.153,20.474,A,SER288,N,-19.11,-3.445,22.919
Phase Boundary,YELLOW,5.236,2.811,False,A,THR284,O,-18.609,-2.153,20.474,A,SER288,OG,-21.292,-2.685,21.124
Bound Backbone,BLUE,5.791,2.87,False,A,THR285,N,-17.479,-2.503,18.588,A,ILE286,N,-15.929,-4.333,20.165
Bound Backbone,BLUE,7.927,2.254,False,A,THR285,O,-17.887,-5.426,20.398,A,ILE286,N,-15.929,-4.333,20.165
Phase Boundary,YELLOW,4.613,3.587,False,A,THR285,O,-17.887,-5.426,20.398,A,ILE286,O,-16.133,-5.257,23.522
Thermal Noise,RED,3.892,3.608,False,A,THR285,O,-17.887,-5.426,20.398,A,ASP287,N,-16.292,-3.183,22.731
Phase Boundary,YELLOW,4.566,3.432,False,A,THR285,O,-17.887,-5.426,20.398,A,SER288,N,-19.11,-3.445,22.919
Bound Backbone,BLUE,6.4,3.002,False,A,THR285,O,-17.887,-5.426,20.398,A,LEU289,N,-19.304,-6.295,22.898
Thermal Noise,RED,3.859,3.886,False,A,THR285,OG1,-17.753,-3.944,16.098,A,GLN316,NE2,-19.802,-4.206,12.806
Bound Backbone,BLUE,7.573,2.835,False,A,ILE286,N,-15.929,-4.333,20.165,A,ASP287,N,-16.292,-3.183,22.731
Bound Backbone,BLUE,8.731,2.225,False,A,ILE286,O,-16.133,-5.257,23.522,A,ASP287,N,-16.292,-3.183,22.731
Thermal Noise,RED,3.482,3.608,False,A,ILE286,O,-16.133,-5.257,23.522,A,ASP287,O,-18.805,-3.479,25.171
Thermal Noise,RED,3.258,3.537,False,A,ILE286,O,-16.133,-5.257,23.522,A,SER288,N,-19.11,-3.445,22.919
Thermal Noise,RED,3.548,3.394,False,A,ILE286,O,-16.133,-5.257,23.522,A,LEU289,N,-19.304,-6.295,22.898
Bound Backbone,BLUE,5.945,2.916,False,A,ILE286,O,-16.133,-5.257,23.522,A,SER290,N,-17.816,-6.725,25.397
Phase Boundary,YELLOW,4.988,2.836,False,A,ASP287,N,-16.292,-3.183,22.731,A,SER288,N,-19.11,-3.445,22.919
Bound Backbone,BLUE,12.588,2.273,False,A,ASP287,O,-18.805,-3.479,25.171,A,SER288,N,-19.11,-3.445,22.919
Thermal Noise,RED,3.331,3.548,False,A,ASP287,O,-18.805,-3.479,25.171,A,SER288,O,-21.128,-5.978,24.197
Thermal Noise,RED,3.738,3.653,False,A,ASP287,O,-18.805,-3.479,25.171,A,LEU289,N,-19.304,-6.295,22.898
Thermal Noise,RED,3.47,3.401,False,A,ASP287,O,-18.805,-3.479,25.171,A,SER290,N,-17.816,-6.725,25.397
Bound Backbone,BLUE,5.948,2.948,False,A,ASP287,O,-18.805,-3.479,25.171,A,SER291,N,-19.628,-5.487,27.166
Bound Backbone,BLUE,6.349,2.881,False,A,ASP287,O,-18.805,-3.479,25.171,A,SER291,OG,-20.733,-2.808,27.204
Phase Boundary,YELLOW,4.904,2.857,False,A,SER288,N,-19.11,-3.445,22.919,A,LEU289,N,-19.304,-6.295,22.898
Bound Backbone,BLUE,9.467,2.262,False,A,SER288,O,-21.128,-5.978,24.197,A,LEU289,N,-19.304,-6.295,22.898
Thermal Noise,RED,3.918,3.374,False,A,SER288,O,-21.128,-5.978,24.197,A,LEU289,O,-19.282,-8.413,25.627
Thermal Noise,RED,3.304,3.601,False,A,SER288,O,-21.128,-5.978,24.197,A,SER290,N,-17.816,-6.725,25.397
Bound Backbone,BLUE,5.296,3.362,False,A,SER288,O,-21.128,-5.978,24.197,A,SER291,N,-19.628,-5.487,27.166
Bound Backbone,BLUE,7.01,2.923,False,A,SER288,O,-21.128,-5.978,24.197,A,ALA292,N,-21.816,-7.163,26.779
Bound Backbone,BLUE,6.758,2.94,False,A,LEU289,N,-19.304,-6.295,22.898,A,SER290,N,-17.816,-6.725,25.397
Thermal Noise,RED,3.426,3.804,False,A,LEU289,N,-19.304,-6.295,22.898,A,SER313,OG,-21.156,-8.663,20.567
Bound Backbone,BLUE,7.975,2.248,False,A,LEU289,O,-19.282,-8.413,25.627,A,SER290,N,-17.816,-6.725,25.397
Phase Boundary,YELLOW,4.922,3.496,False,A,LEU289,O,-19.282,-8.413,25.627,A,SER290,O,-18.847,-6.873,28.735
Phase Boundary,YELLOW,4.116,3.324,False,A,LEU289,O,-19.282,-8.413,25.627,A,SER291,N,-19.628,-5.487,27.166
Phase Boundary,YELLOW,4.688,3.051,False,A,LEU289,O,-19.282,-8.413,25.627,A,ALA292,N,-21.816,-7.163,26.779
Bound Backbone,BLUE,6.176,2.965,False,A,LEU289,O,-19.282,-8.413,25.627,A,VAL293,N,-20.826,-9.628,27.848
Bound Backbone,BLUE,6.299,2.819,False,A,SER290,N,-17.816,-6.725,25.397,A,SER291,N,-19.628,-5.487,27.166
Bound Backbone,BLUE,10.531,2.234,False,A,SER290,O,-18.847,-6.873,28.735,A,SER291,N,-19.628,-5.487,27.166
Thermal Noise,RED,2.911,3.709,False,A,SER290,O,-18.847,-6.873,28.735,A,SER291,O,-22.541,-6.557,28.837
Thermal Noise,RED,3.747,3.567,False,A,SER290,O,-18.847,-6.873,28.735,A,ALA292,N,-21.816,-7.163,26.779
Thermal Noise,RED,3.388,3.506,False,A,SER290,O,-18.847,-6.873,28.735,A,VAL293,N,-20.826,-9.628,27.848
Phase Boundary,YELLOW,4.501,3.258,False,A,SER290,O,-18.847,-6.873,28.735,A,LYS294,N,-20.583,-8.964,30.531
Thermal Noise,RED,2.693,3.948,False,A,SER290,OG,-15.835,-5.514,28.262,A,SER291,N,-19.628,-5.487,27.166
Phase Boundary,YELLOW,5.23,2.783,False,A,SER291,N,-19.628,-5.487,27.166,A,ALA292,N,-21.816,-7.163,26.779
Bound Backbone,BLUE,11.905,2.265,False,A,SER291,O,-22.541,-6.557,28.837,A,ALA292,N,-21.816,-7.163,26.779
Thermal Noise,RED,3.394,3.445,False,A,SER291,O,-22.541,-6.557,28.837,A,ALA292,O,-22.932,-9.962,28.489
Thermal Noise,RED,3.137,3.654,False,A,SER291,O,-22.541,-6.557,28.837,A,VAL293,N,-20.826,-9.628,27.848
Thermal Noise,RED,3.67,3.535,False,A,SER291,O,-22.541,-6.557,28.837,A,LYS294,N,-20.583,-8.964,30.531
Thermal Noise,RED,4.005,3.644,False,A,SER291,O,-22.541,-6.557,28.837,A,ALA295,N,-23.09,-9.03,31.456
Bound Backbone,BLUE,5.314,2.863,False,A,ALA292,N,-21.816,-7.163,26.779,A,VAL293,N,-20.826,-9.628,27.848
Bound Backbone,BLUE,8.498,2.227,False,A,ALA292,O,-22.932,-9.962,28.489,A,VAL293,N,-20.826,-9.628,27.848
Thermal Noise,RED,3.895,3.667,False,A,ALA292,O,-22.932,-9.962,28.489,A,VAL293,O,-20.557,-11.098,31.041
Phase Boundary,YELLOW,4.676,3.269,False,A,ALA292,O,-22.932,-9.962,28.489,A,LYS294,N,-20.583,-8.964,30.531
Bound Backbone,BLUE,6.512,3.114,False,A,ALA292,O,-22.932,-9.962,28.489,A,ALA295,N,-23.09,-9.03,31.456
Bound Backbone,BLUE,8.292,2.775,False,A,VAL293,N,-20.826,-9.628,27.848,A,LYS294,N,-20.583,-8.964,30.531
Bound Backbone,BLUE,8.598,2.194,False,A,VAL293,O,-20.557,-11.098,31.041,A,LYS294,N,-20.583,-8.964,30.531
Thermal Noise,RED,3.721,3.296,False,A,VAL293,O,-20.557,-11.098,31.041,A,ALA295,N,-23.09,-9.03,31.456
Bound Backbone,BLUE,6.028,2.673,False,A,LYS294,N,-20.583,-8.964,30.531,A,ALA295,N,-23.09,-9.03,31.456
Bound Backbone,BLUE,12.708,2.217,False,A,LYS294,O,-22.517,-8.524,33.537,A,ALA295,N,-23.09,-9.03,31.456
Thermal Noise,RED,4.046,3.183,False,A,LYS294,O,-22.517,-8.524,33.537,A,ALA295,O,-24.125,-11.2,32.919
Thermal Noise,RED,3.458,3.405,False,A,LYS294,O,-22.517,-8.524,33.537,A,VAL296,N,-25.64,-9.87,33.7
Phase Boundary,YELLOW,4.124,3.499,False,A,ALA295,N,-23.09,-9.03,31.456,A,VAL296,N,-25.64,-9.87,33.7
Bound Backbone,BLUE,9.273,2.162,False,A,ALA295,O,-24.125,-11.2,32.919,A,VAL296,N,-25.64,-9.87,33.7
Thermal Noise,RED,3.132,3.766,False,A,ALA295,O,-24.125,-11.2,32.919,A,LEU297,N,-27.047,-12.987,34.485
Thermal Noise,RED,3.354,3.509,False,A,VAL296,N,-25.64,-9.87,33.7,A,LEU297,N,-27.047,-12.987,34.485
Bound Backbone,BLUE,8.941,2.251,False,A,VAL296,O,-28.107,-11.286,33.461,A,LEU297,N,-27.047,-12.987,34.485
Thermal Noise,RED,3.366,3.723,False,A,VAL296,O,-28.107,-11.286,33.461,A,SER298,N,-29.813,-13.995,35.361
Phase Boundary,YELLOW,4.462,3.072,False,A,LEU297,N,-27.047,-12.987,34.485,A,SER298,N,-29.813,-13.995,35.361
Bound Backbone,BLUE,8.243,2.212,False,A,LEU297,O,-28.403,-15.682,35.601,A,SER298,N,-29.813,-13.995,35.361
Thermal Noise,RED,2.696,3.888,False,A,LEU297,O,-28.403,-15.682,35.601,A,ASN299,N,-32.211,-15.254,34.946
Bound Backbone,BLUE,5.408,2.74,False,A,SER298,N,-29.813,-13.995,35.361,A,ASN299,N,-32.211,-15.254,34.946
Thermal Noise,RED,3.878,3.403,False,A,SER298,N,-29.813,-13.995,35.361,A,ASP302,OD2,-32.132,-12.0,33.87
Bound Backbone,BLUE,13.0,2.198,False,A,SER298,O,-32.306,-15.961,37.025,A,ASN299,N,-32.211,-15.254,34.946
Thermal Noise,RED,3.816,3.931,False,A,SER298,OG,-30.142,-12.07,37.259,A,ASP302,OD2,-32.132,-12.0,33.87
Thermal Noise,RED,3.812,3.687,False,A,ASN299,N,-32.211,-15.254,34.946,A,PRO300,N,-33.951,-17.319,32.435
Thermal Noise,RED,3.619,3.428,False,A,ASN299,N,-32.211,-15.254,34.946,A,ASP302,OD2,-32.132,-12.0,33.87
Bound Backbone,BLUE,8.008,2.237,False,A,ASN299,O,-32.168,-15.972,32.328,A,PRO300,N,-33.951,-17.319,32.435
Phase Boundary,YELLOW,4.687,3.632,False,A,ASN299,O,-32.168,-15.972,32.328,A,PRO300,O,-33.251,-16.825,28.968
Phase Boundary,YELLOW,4.617,3.312,False,A,ASN299,O,-32.168,-15.972,32.328,A,ALA301,N,-34.681,-15.693,30.189
Phase Boundary,YELLOW,4.918,3.186,False,A,ASN299,O,-32.168,-15.972,32.328,A,ASP302,N,-32.869,-13.582,30.341
Bound Backbone,BLUE,5.753,3.15,False,A,ASN299,O,-32.168,-15.972,32.328,A,GLN303,N,-30.611,-15.049,29.75
Phase Boundary,YELLOW,4.096,3.478,False,A,ASN299,ND2,-34.776,-12.84,34.159,A,ASP302,OD1,-32.75,-10.978,32.032
Phase Boundary,YELLOW,5.179,2.789,False,A,ASN299,ND2,-34.776,-12.84,34.159,A,ASP302,OD2,-32.132,-12.0,33.87
Thermal Noise,RED,3.927,3.193,False,A,ASN299,OD1,-34.603,-14.194,32.374,A,PRO300,N,-33.951,-17.319,32.435
Bound Backbone,BLUE,8.157,2.651,False,A,ASN299,OD1,-34.603,-14.194,32.374,A,ALA301,N,-34.681,-15.693,30.189
Bound Backbone,BLUE,7.19,2.741,False,A,ASN299,OD1,-34.603,-14.194,32.374,A,ASP302,N,-32.869,-13.582,30.341
Thermal Noise,RED,2.896,3.727,False,A,ASN299,OD1,-34.603,-14.194,32.374,A,ASP302,OD1,-32.75,-10.978,32.032
Thermal Noise,RED,3.371,3.627,False,A,ASN299,OD1,-34.603,-14.194,32.374,A,ASP302,OD2,-32.132,-12.0,33.87
Bound Backbone,BLUE,6.769,2.867,False,A,PRO300,N,-33.951,-17.319,32.435,A,ALA301,N,-34.681,-15.693,30.189
Bound Backbone,BLUE,9.944,2.195,False,A,PRO300,O,-33.251,-16.825,28.968,A,ALA301,N,-34.681,-15.693,30.189
Thermal Noise,RED,3.265,3.564,False,A,PRO300,O,-33.251,-16.825,28.968,A,ALA301,O,-33.094,-13.368,28.116
Thermal Noise,RED,3.494,3.542,False,A,PRO300,O,-33.251,-16.825,28.968,A,ASP302,N,-32.869,-13.582,30.341
Thermal Noise,RED,3.863,3.276,False,A,PRO300,O,-33.251,-16.825,28.968,A,GLN303,N,-30.611,-15.049,29.75
Bound Backbone,BLUE,5.422,3.032,False,A,PRO300,O,-33.251,-16.825,28.968,A,ALA304,N,-31.143,-15.729,27.084
Phase Boundary,YELLOW,5.165,2.786,False,A,ALA301,N,-34.681,-15.693,30.189,A,ASP302,N,-32.869,-13.582,30.341
Bound Backbone,BLUE,12.879,2.247,False,A,ALA301,O,-33.094,-13.368,28.116,A,ASP302,N,-32.869,-13.582,30.341
Thermal Noise,RED,3.391,3.49,False,A,ALA301,O,-33.094,-13.368,28.116,A,ASP302,O,-29.7,-13.151,28.899
Thermal Noise,RED,3.932,3.415,False,A,ALA301,O,-33.094,-13.368,28.116,A,GLN303,N,-30.611,-15.049,29.75
Phase Boundary,YELLOW,4.08,3.232,False,A,ALA301,O,-33.094,-13.368,28.116,A,ALA304,N,-31.143,-15.729,27.084
Bound Backbone,BLUE,6.364,2.923,False,A,ALA301,O,-33.094,-13.368,28.116,A,GLN305,N,-31.171,-13.181,25.923
Bound Backbone,BLUE,5.42,2.757,False,A,ASP302,N,-32.869,-13.582,30.341,A,GLN303,N,-30.611,-15.049,29.75
Bound Backbone,BLUE,8.455,2.271,False,A,ASP302,O,-29.7,-13.151,28.899,A,GLN303,N,-30.611,-15.049,29.75
Phase Boundary,YELLOW,4.164,3.463,False,A,ASP302,O,-29.7,-13.151,28.899,A,GLN303,O,-28.991,-15.762,26.737
Thermal Noise,RED,3.909,3.467,False,A,ASP302,O,-29.7,-13.151,28.899,A,ALA304,N,-31.143,-15.729,27.084
Bound Backbone,BLUE,5.488,3.32,False,A,ASP302,O,-29.7,-13.151,28.899,A,GLN305,N,-31.171,-13.181,25.923
Bound Backbone,BLUE,7.404,2.841,False,A,ASP302,O,-29.7,-13.151,28.899,A,TYR306,N,-28.542,-12.467,26.396
Bound Backbone,BLUE,8.031,2.802,False,A,GLN303,N,-30.611,-15.049,29.75,A,ALA304,N,-31.143,-15.729,27.084
Bound Backbone,BLUE,8.556,2.18,False,A,GLN303,O,-28.991,-15.762,26.737,A,ALA304,N,-31.143,-15.729,27.084
Phase Boundary,YELLOW,4.609,3.461,False,A,GLN303,O,-28.991,-15.762,26.737,A,ALA304,O,-30.442,-14.11,24.064
Thermal Noise,RED,3.43,3.475,False,A,GLN303,O,-28.991,-15.762,26.737,A,GLN305,N,-31.171,-13.181,25.923
Thermal Noise,RED,3.605,3.343,False,A,GLN303,O,-28.991,-15.762,26.737,A,TYR306,N,-28.542,-12.467,26.396
Bound Backbone,BLUE,5.964,2.945,False,A,GLN303,O,-28.991,-15.762,26.737,A,GLN307,N,-27.273,-14.444,24.741
Thermal Noise,RED,3.637,3.659,False,A,GLN303,O,-28.991,-15.762,26.737,A,GLN307,OE1,-28.924,-18.733,24.603
Bound Backbone,BLUE,5.662,2.8,False,A,ALA304,N,-31.143,-15.729,27.084,A,GLN305,N,-31.171,-13.181,25.923
Bound Backbone,BLUE,11.992,2.202,False,A,ALA304,O,-30.442,-14.11,24.064,A,GLN305,N,-31.171,-13.181,25.923
Thermal Noise,RED,3.321,3.497,False,A,ALA304,O,-30.442,-14.11,24.064,A,GLN305,O,-28.607,-11.181,24.595
Phase Boundary,YELLOW,4.41,3.427,False,A,ALA304,O,-30.442,-14.11,24.064,A,TYR306,N,-28.542,-12.467,26.396
Thermal Noise,RED,3.875,3.258,False,A,ALA304,O,-30.442,-14.11,24.064,A,GLN307,N,-27.273,-14.444,24.741
Bound Backbone,BLUE,5.716,2.963,False,A,ALA304,O,-30.442,-14.11,24.064,A,ASN308,N,-28.208,-13.578,22.191
Bound Backbone,BLUE,6.635,2.907,False,A,ALA304,O,-30.442,-14.11,24.064,A,ASN308,ND2,-31.888,-13.092,21.757
Bound Backbone,BLUE,5.332,2.765,False,A,GLN305,N,-31.171,-13.181,25.923,A,TYR306,N,-28.542,-12.467,26.396
Bound Backbone,BLUE,11.603,2.214,False,A,GLN305,O,-28.607,-11.181,24.595,A,TYR306,N,-28.542,-12.467,26.396
Thermal Noise,RED,3.681,3.3,False,A,GLN305,O,-28.607,-11.181,24.595,A,TYR306,O,-25.76,-12.841,24.418
Thermal Noise,RED,3.218,3.528,False,A,GLN305,O,-28.607,-11.181,24.595,A,GLN307,N,-27.273,-14.444,24.741
Phase Boundary,YELLOW,4.503,3.418,False,A,GLN305,O,-28.607,-11.181,24.595,A,ASN308,N,-28.208,-13.578,22.191
Bound Backbone,BLUE,5.763,3.145,False,A,GLN305,O,-28.607,-11.181,24.595,A,ARG309,N,-26.792,-11.104,22.028
Thermal Noise,RED,3.898,3.286,False,A,GLN305,OE1,-30.977,-8.071,26.447,A,ARG309,NE,-27.936,-7.25,25.512
Bound Backbone,BLUE,5.546,2.712,False,A,GLN305,OE1,-30.977,-8.071,26.447,A,ARG309,NH2,-29.267,-6.02,26.922
Bound Backbone,BLUE,5.869,2.874,False,A,TYR306,N,-28.542,-12.467,26.396,A,GLN307,N,-27.273,-14.444,24.741
Bound Backbone,BLUE,8.171,2.228,False,A,TYR306,O,-25.76,-12.841,24.418,A,GLN307,N,-27.273,-14.444,24.741
Phase Boundary,YELLOW,5.081,3.432,False,A,TYR306,O,-25.76,-12.841,24.418,A,GLN307,O,-26.299,-14.365,21.391
Phase Boundary,YELLOW,4.437,3.39,False,A,TYR306,O,-25.76,-12.841,24.418,A,ASN308,N,-28.208,-13.578,22.191
Bound Backbone,BLUE,5.603,3.13,False,A,TYR306,O,-25.76,-12.841,24.418,A,ARG309,N,-26.792,-11.104,22.028
Bound Backbone,BLUE,6.259,2.959,False,A,TYR306,O,-25.76,-12.841,24.418,A,ILE310,N,-24.084,-11.912,22.163
Bound Backbone,BLUE,7.432,2.851,False,A,GLN307,N,-27.273,-14.444,24.741,A,ASN308,N,-28.208,-13.578,22.191
Bound Backbone,BLUE,8.839,2.214,False,A,GLN307,O,-26.299,-14.365,21.391,A,ASN308,N,-28.208,-13.578,22.191
Thermal Noise,RED,3.828,3.443,False,A,GLN307,O,-26.299,-14.365,21.391,A,ASN308,O,-26.894,-11.364,19.811
Thermal Noise,RED,3.628,3.359,False,A,GLN307,O,-26.299,-14.365,21.391,A,ARG309,N,-26.792,-11.104,22.028
Thermal Noise,RED,3.589,3.394,False,A,GLN307,O,-26.299,-14.365,21.391,A,ILE310,N,-24.084,-11.912,22.163
Bound Backbone,BLUE,5.683,2.888,False,A,GLN307,O,-26.299,-14.365,21.391,A,ASN311,N,-23.995,-13.579,19.838
Phase Boundary,YELLOW,4.399,3.498,False,A,GLN307,O,-26.299,-14.365,21.391,A,ASN311,ND2,-26.628,-16.708,18.814
Thermal Noise,RED,3.934,3.516,False,A,GLN307,O,-26.299,-14.365,21.391,A,ASN311,OD1,-24.45,-16.547,19.346
Phase Boundary,YELLOW,4.919,2.855,False,A,ASN308,N,-28.208,-13.578,22.191,A,ARG309,N,-26.792,-11.104,22.028
Bound Backbone,BLUE,13.036,2.235,False,A,ASN308,O,-26.894,-11.364,19.811,A,ARG309,N,-26.792,-11.104,22.028
Thermal Noise,RED,3.167,3.649,False,A,ASN308,O,-26.894,-11.364,19.811,A,ARG309,O,-23.634,-10.113,20.869
Thermal Noise,RED,3.663,3.705,False,A,ASN308,O,-26.894,-11.364,19.811,A,ILE310,N,-24.084,-11.912,22.163
Thermal Noise,RED,3.007,3.648,False,A,ASN308,O,-26.894,-11.364,19.811,A,ASN311,N,-23.995,-13.579,19.838
Bound Backbone,BLUE,5.617,2.998,False,A,ASN308,O,-26.894,-11.364,19.811,A,GLY312,N,-24.603,-11.584,17.89
Phase Boundary,YELLOW,5.007,2.829,False,A,ARG309,N,-26.792,-11.104,22.028,A,ILE310,N,-24.084,-11.912,22.163
Bound Backbone,BLUE,9.458,2.261,False,A,ARG309,O,-23.634,-10.113,20.869,A,ILE310,N,-24.084,-11.912,22.163
Thermal Noise,RED,3.792,3.384,False,A,ARG309,O,-23.634,-10.113,20.869,A,ILE310,O,-21.894,-12.738,19.63
Thermal Noise,RED,3.186,3.634,False,A,ARG309,O,-23.634,-10.113,20.869,A,ASN311,N,-23.995,-13.579,19.838
Phase Boundary,YELLOW,4.917,3.461,False,A,ARG309,O,-23.634,-10.113,20.869,A,GLY312,N,-24.603,-11.584,17.89
Bound Backbone,BLUE,6.838,2.962,False,A,ARG309,O,-23.634,-10.113,20.869,A,SER313,N,-22.266,-9.964,18.246
Phase Boundary,YELLOW,4.835,2.887,False,A,ARG309,O,-23.634,-10.113,20.869,A,SER313,OG,-21.156,-8.663,20.567
Bound Backbone,BLUE,6.936,2.862,False,A,ILE310,N,-24.084,-11.912,22.163,A,ASN311,N,-23.995,-13.579,19.838
Bound Backbone,BLUE,7.79,2.273,False,A,ILE310,O,-21.894,-12.738,19.63,A,ASN311,N,-23.995,-13.579,19.838
Phase Boundary,YELLOW,5.049,3.475,False,A,ILE310,O,-21.894,-12.738,19.63,A,ASN311,O,-23.356,-12.797,16.478
Thermal Noise,RED,3.985,3.42,False,A,ILE310,O,-21.894,-12.738,19.63,A,GLY312,N,-24.603,-11.584,17.89
Phase Boundary,YELLOW,4.618,3.122,False,A,ILE310,O,-21.894,-12.738,19.63,A,SER313,N,-22.266,-9.964,18.246
Bound Backbone,BLUE,6.466,2.896,False,A,ILE310,O,-21.894,-12.738,19.63,A,LEU314,N,-20.229,-11.772,17.466
Bound Backbone,BLUE,6.371,2.854,False,A,ASN311,N,-23.995,-13.579,19.838,A,GLY312,N,-24.603,-11.584,17.89
Bound Backbone,BLUE,9.987,2.241,False,A,ASN311,O,-23.356,-12.797,16.478,A,GLY312,N,-24.603,-11.584,17.89
Thermal Noise,RED,3.332,3.481,False,A,ASN311,O,-23.356,-12.797,16.478,A,GLY312,O,-22.515,-9.444,16.072
Thermal Noise,RED,3.766,3.513,False,A,ASN311,O,-23.356,-12.797,16.478,A,SER313,N,-22.266,-9.964,18.246
Thermal Noise,RED,3.569,3.436,False,A,ASN311,O,-23.356,-12.797,16.478,A,LEU314,N,-20.229,-11.772,17.466
Phase Boundary,YELLOW,4.983,3.114,False,A,ASN311,O,-23.356,-12.797,16.478,A,LEU315,N,-20.899,-12.092,14.699
Phase Boundary,YELLOW,4.921,2.866,False,A,GLY312,N,-24.603,-11.584,17.89,A,SER313,N,-22.266,-9.964,18.246
Bound Backbone,BLUE,12.615,2.249,False,A,GLY312,O,-22.515,-9.444,16.072,A,SER313,N,-22.266,-9.964,18.246
Thermal Noise,RED,3.183,3.596,False,A,GLY312,O,-22.515,-9.444,16.072,A,SER313,O,-19.046,-10.009,16.834
Thermal Noise,RED,3.491,3.548,False,A,GLY312,O,-22.515,-9.444,16.072,A,LEU314,N,-20.229,-11.772,17.466
Thermal Noise,RED,3.84,3.392,False,A,GLY312,O,-22.515,-9.444,16.072,A,LEU315,N,-20.899,-12.092,14.699
Bound Backbone,BLUE,5.661,3.035,False,A,GLY312,O,-22.515,-9.444,16.072,A,GLN316,N,-20.319,-9.487,13.977
Phase Boundary,YELLOW,5.226,2.833,False,A,SER313,N,-22.266,-9.964,18.246,A,LEU314,N,-20.229,-11.772,17.466
Bound Backbone,BLUE,8.578,2.215,False,A,SER313,O,-19.046,-10.009,16.834,A,LEU314,N,-20.229,-11.772,17.466
Phase Boundary,YELLOW,4.673,3.371,False,A,SER313,O,-19.046,-10.009,16.834,A,LEU314,O,-18.681,-12.332,14.419
Thermal Noise,RED,4.009,3.512,False,A,SER313,O,-19.046,-10.009,16.834,A,LEU315,N,-20.899,-12.092,14.699
Bound Backbone,BLUE,6.036,3.171,False,A,SER313,O,-19.046,-10.009,16.834,A,GLN316,N,-20.319,-9.487,13.977
Bound Backbone,BLUE,6.836,2.89,False,A,SER313,O,-19.046,-10.009,16.834,A,LEU317,N,-17.574,-9.245,14.467
Bound Backbone,BLUE,7.771,2.865,False,A,LEU314,N,-20.229,-11.772,17.466,A,LEU315,N,-20.899,-12.092,14.699
Bound Backbone,BLUE,7.994,2.248,False,A,LEU314,O,-18.681,-12.332,14.419,A,LEU315,N,-20.899,-12.092,14.699
Phase Boundary,YELLOW,4.161,3.565,False,A,LEU314,O,-18.681,-12.332,14.419,A,LEU315,O,-19.967,-10.18,11.884
Thermal Noise,RED,3.689,3.312,False,A,LEU314,O,-18.681,-12.332,14.419,A,GLN316,N,-20.319,-9.487,13.977
Thermal Noise,RED,3.721,3.28,False,A,LEU314,O,-18.681,-12.332,14.419,A,LEU317,N,-17.574,-9.245,14.467
Bound Backbone,BLUE,5.59,2.987,False,A,LEU314,O,-18.681,-12.332,14.419,A,ASP318,N,-16.677,-11.126,12.561
Phase Boundary,YELLOW,4.074,3.424,False,A,LEU314,O,-18.681,-12.332,14.419,A,ASP318,OD1,-16.489,-14.164,12.532
Phase Boundary,YELLOW,4.497,3.444,False,A,LEU314,O,-18.681,-12.332,14.419,A,ASP318,OD2,-18.526,-14.706,11.929
Bound Backbone,BLUE,5.463,2.765,False,A,LEU315,N,-20.899,-12.092,14.699,A,GLN316,N,-20.319,-9.487,13.977
Bound Backbone,BLUE,12.518,2.233,False,A,LEU315,O,-19.967,-10.18,11.884,A,GLN316,N,-20.319,-9.487,13.977
Thermal Noise,RED,3.126,3.668,False,A,LEU315,O,-19.967,-10.18,11.884,A,GLN316,O,-17.479,-7.692,12.92
Thermal Noise,RED,3.98,3.643,False,A,LEU315,O,-19.967,-10.18,11.884,A,LEU317,N,-17.574,-9.245,14.467
Thermal Noise,RED,3.365,3.49,False,A,LEU315,O,-19.967,-10.18,11.884,A,ASP318,N,-16.677,-11.126,12.561
Phase Boundary,YELLOW,4.542,3.206,False,A,LEU315,O,-19.967,-10.18,11.884,A,GLN319,N,-17.276,-9.589,10.245
Phase Boundary,YELLOW,5.208,2.799,False,A,GLN316,N,-20.319,-9.487,13.977,A,LEU317,N,-17.574,-9.245,14.467
Bound Backbone,BLUE,10.943,2.194,False,A,GLN316,O,-17.479,-7.692,12.92,A,LEU317,N,-17.574,-9.245,14.467
Thermal Noise,RED,3.397,3.453,False,A,GLN316,O,-17.479,-7.692,12.92,A,LEU317,O,-14.815,-9.837,12.447
Thermal Noise,RED,3.206,3.545,False,A,GLN316,O,-17.479,-7.692,12.92,A,ASP318,N,-16.677,-11.126,12.561
Bound Backbone,BLUE,5.271,3.286,False,A,GLN316,O,-17.479,-7.692,12.92,A,GLN319,N,-17.276,-9.589,10.245
Bound Backbone,BLUE,6.356,2.931,False,A,GLN316,O,-17.479,-7.692,12.92,A,ALA320,N,-15.578,-7.44,10.704
Bound Backbone,BLUE,6.472,2.824,False,A,LEU317,N,-17.574,-9.245,14.467,A,ASP318,N,-16.677,-11.126,12.561
Bound Backbone,BLUE,7.796,2.268,False,A,LEU317,O,-14.815,-9.837,12.447,A,ASP318,N,-16.677,-11.126,12.561
Phase Boundary,YELLOW,5.212,3.456,False,A,LEU317,O,-14.815,-9.837,12.447,A,ASP318,O,-15.68,-10.714,9.218
Phase Boundary,YELLOW,4.676,3.312,False,A,LEU317,O,-14.815,-9.837,12.447,A,GLN319,N,-17.276,-9.589,10.245
Phase Boundary,YELLOW,5.155,3.06,False,A,LEU317,O,-14.815,-9.837,12.447,A,ALA320,N,-15.578,-7.44,10.704
Bound Backbone,BLUE,6.286,2.855,False,A,LEU317,O,-14.815,-9.837,12.447,A,GLU321,N,-13.011,-8.694,10.552
Bound Backbone,BLUE,7.04,2.843,False,A,ASP318,N,-16.677,-11.126,12.561,A,GLN319,N,-17.276,-9.589,10.245
Bound Backbone,BLUE,9.356,2.206,False,A,ASP318,O,-15.68,-10.714,9.218,A,GLN319,N,-17.276,-9.589,10.245
Thermal Noise,RED,2.95,3.727,False,A,ASP318,O,-15.68,-10.714,9.218,A,GLN319,O,-15.543,-7.06,8.495
Thermal Noise,RED,3.429,3.597,False,A,ASP318,O,-15.68,-10.714,9.218,A,ALA320,N,-15.578,-7.44,10.704
Thermal Noise,RED,3.351,3.603,False,A,ASP318,O,-15.68,-10.714,9.218,A,GLU321,N,-13.011,-8.694,10.552
Phase Boundary,YELLOW,4.781,3.077,False,A,ASP318,O,-15.68,-10.714,9.218,A,THR322,N,-13.209,-9.527,7.82
Bound Backbone,BLUE,8.022,2.828,False,A,ASP318,O,-15.68,-10.714,9.218,A,THR322,OG1,-15.188,-11.129,6.464
Bound Backbone,BLUE,5.28,2.777,False,A,GLN319,N,-17.276,-9.589,10.245,A,ALA320,N,-15.578,-7.44,10.704
Bound Backbone,BLUE,12.885,2.242,False,A,GLN319,O,-15.543,-7.06,8.495,A,ALA320,N,-15.578,-7.44,10.704
Thermal Noise,RED,3.682,3.419,False,A,GLN319,O,-15.543,-7.06,8.495,A,ALA320,O,-12.351,-6.72,9.672
Thermal Noise,RED,3.614,3.649,False,A,GLN319,O,-15.543,-7.06,8.495,A,GLU321,N,-13.011,-8.694,10.552
Thermal Noise,RED,3.419,3.463,False,A,GLN319,O,-15.543,-7.06,8.495,A,THR322,N,-13.209,-9.527,7.82
Bound Backbone,BLUE,6.207,2.887,False,A,GLN319,O,-15.543,-7.06,8.495,A,SER323,N,-13.423,-6.981,6.537
Phase Boundary,YELLOW,4.898,2.861,False,A,ALA320,N,-15.578,-7.44,10.704,A,GLU321,N,-13.011,-8.694,10.552
Bound Backbone,BLUE,8.593,2.26,False,A,ALA320,O,-12.351,-6.72,9.672,A,GLU321,N,-13.011,-8.694,10.552
Thermal Noise,RED,4.058,3.431,False,A,ALA320,O,-12.351,-6.72,9.672,A,GLU321,O,-10.995,-9.239,7.777
Thermal Noise,RED,3.925,3.471,False,A,ALA320,O,-12.351,-6.72,9.672,A,THR322,N,-13.209,-9.527,7.82
Bound Backbone,BLUE,5.675,3.323,False,A,ALA320,O,-12.351,-6.72,9.672,A,SER323,N,-13.423,-6.981,6.537
Bound Backbone,BLUE,6.624,2.944,False,A,ALA320,O,-12.351,-6.72,9.672,A,LEU324,N,-10.927,-5.873,7.238
Bound Backbone,BLUE,7.711,2.863,False,A,GLU321,N,-13.011,-8.694,10.552,A,THR322,N,-13.209,-9.527,7.82
Bound Backbone,BLUE,8.027,2.233,False,A,GLU321,O,-10.995,-9.239,7.777,A,THR322,N,-13.209,-9.527,7.82
Phase Boundary,YELLOW,4.536,3.574,False,A,GLU321,O,-10.995,-9.239,7.777,A,THR322,O,-12.461,-7.961,4.778
Thermal Noise,RED,3.443,3.54,False,A,GLU321,O,-10.995,-9.239,7.777,A,SER323,N,-13.423,-6.981,6.537
Thermal Noise,RED,3.497,3.41,False,A,GLU321,O,-10.995,-9.239,7.777,A,LEU324,N,-10.927,-5.873,7.238
Bound Backbone,BLUE,5.665,2.969,False,A,GLU321,O,-10.995,-9.239,7.777,A,LEU325,N,-9.218,-7.747,5.925
Bound Backbone,BLUE,5.523,2.859,False,A,THR322,N,-13.209,-9.527,7.82,A,SER323,N,-13.423,-6.981,6.537
Bound Backbone,BLUE,11.214,2.232,False,A,THR322,O,-12.461,-7.961,4.778,A,SER323,N,-13.423,-6.981,6.537
Thermal Noise,RED,3.34,3.479,False,A,THR322,O,-12.461,-7.961,4.778,A,SER323,O,-11.036,-4.818,5.222
Phase Boundary,YELLOW,4.081,3.573,False,A,THR322,O,-12.461,-7.961,4.778,A,LEU324,N,-10.927,-5.873,7.238
Thermal Noise,RED,3.607,3.447,False,A,THR322,O,-12.461,-7.961,4.778,A,LEU325,N,-9.218,-7.747,5.925
Phase Boundary,YELLOW,4.91,3.083,False,A,THR322,O,-12.461,-7.961,4.778,A,ASN326,N,-9.91,-7.244,3.202
Bound Backbone,BLUE,5.859,3.15,False,A,THR322,O,-12.461,-7.961,4.778,A,ASN326,ND2,-13.794,-6.915,2.123
Phase Boundary,YELLOW,4.54,3.795,False,A,THR322,O,-12.461,-7.961,4.778,A,ASN326,OD1,-12.259,-8.103,0.991
Phase Boundary,YELLOW,5.233,2.819,False,A,SER323,N,-13.423,-6.981,6.537,A,LEU324,N,-10.927,-5.873,7.238
Bound Backbone,BLUE,11.556,2.278,False,A,SER323,O,-11.036,-4.818,5.222,A,LEU324,N,-10.927,-5.873,7.238
Thermal Noise,RED,3.46,3.416,False,A,SER323,O,-11.036,-4.818,5.222,A,LEU324,O,-7.863,-6.017,5.63
Thermal Noise,RED,3.315,3.518,False,A,SER323,O,-11.036,-4.818,5.222,A,LEU325,N,-9.218,-7.747,5.925
Phase Boundary,YELLOW,4.386,3.352,False,A,SER323,O,-11.036,-4.818,5.222,A,ASN326,N,-9.91,-7.244,3.202
Phase Boundary,YELLOW,5.266,3.182,False,A,SER323,O,-11.036,-4.818,5.222,A,VAL327,N,-8.845,-4.628,2.922
Bound Backbone,BLUE,5.566,2.856,False,A,LEU324,N,-10.927,-5.873,7.238,A,LEU325,N,-9.218,-7.747,5.925
Bound Backbone,BLUE,8.233,2.217,False,A,LEU324,O,-7.863,-6.017,5.63,A,LEU325,N,-9.218,-7.747,5.925
Phase Boundary,YELLOW,4.62,3.537,False,A,LEU324,O,-7.863,-6.017,5.63,A,LEU325,O,-7.921,-7.96,2.675
Phase Boundary,YELLOW,4.57,3.405,False,A,LEU324,O,-7.863,-6.017,5.63,A,ASN326,N,-9.91,-7.244,3.202
Bound Backbone,BLUE,5.699,3.198,False,A,LEU324,O,-7.863,-6.017,5.63,A,VAL327,N,-8.845,-4.628,2.922
Bound Backbone,BLUE,6.094,3.009,False,A,LEU324,O,-7.863,-6.017,5.63,A,ARG328,N,-6.12,-5.228,3.307
Bound Backbone,BLUE,7.758,2.854,False,A,LEU325,N,-9.218,-7.747,5.925,A,ASN326,N,-9.91,-7.244,3.202
Bound Backbone,BLUE,8.745,2.179,False,A,LEU325,O,-7.921,-7.96,2.675,A,ASN326,N,-9.91,-7.244,3.202
Thermal Noise,RED,3.864,3.521,False,A,LEU325,O,-7.921,-7.96,2.675,A,ASN326,O,-8.622,-5.119,0.717
Thermal Noise,RED,3.341,3.467,False,A,LEU325,O,-7.921,-7.96,2.675,A,VAL327,N,-8.845,-4.628,2.922
Thermal Noise,RED,3.686,3.333,False,A,LEU325,O,-7.921,-7.96,2.675,A,ARG328,N,-6.12,-5.228,3.307
Bound Backbone,BLUE,5.533,2.92,False,A,LEU325,O,-7.921,-7.96,2.675,A,THR329,N,-5.654,-6.964,1.128
Bound Backbone,BLUE,7.288,2.85,False,A,LEU325,O,-7.921,-7.96,2.675,A,THR329,OG1,-7.198,-9.178,0.202
Phase Boundary,YELLOW,4.998,2.838,False,A,ASN326,N,-9.91,-7.244,3.202,A,VAL327,N,-8.845,-4.628,2.922
Bound Backbone,BLUE,12.43,2.27,False,A,ASN326,O,-8.622,-5.119,0.717,A,VAL327,N,-8.845,-4.628,2.922
Thermal Noise,RED,3.595,3.446,False,A,ASN326,O,-8.622,-5.119,0.717,A,VAL327,O,-5.72,-3.633,1.834
Phase Boundary,YELLOW,4.097,3.603,False,A,ASN326,O,-8.622,-5.119,0.717,A,ARG328,N,-6.12,-5.228,3.307
Thermal Noise,RED,3.26,3.519,False,A,ASN326,O,-8.622,-5.119,0.717,A,THR329,N,-5.654,-6.964,1.128
Phase Boundary,YELLOW,4.743,3.148,False,A,ASN326,O,-8.622,-5.119,0.717,A,SER330,N,-5.941,-5.044,-0.931
Phase Boundary,YELLOW,5.104,2.817,False,A,VAL327,N,-8.845,-4.628,2.922,A,ARG328,N,-6.12,-5.228,3.307
Bound Backbone,BLUE,10.538,2.208,False,A,VAL327,O,-5.72,-3.633,1.834,A,ARG328,N,-6.12,-5.228,3.307
Thermal Noise,RED,3.568,3.394,False,A,VAL327,O,-5.72,-3.633,1.834,A,ARG328,O,-3.567,-6.162,1.137
Thermal Noise,RED,3.545,3.406,False,A,VAL327,O,-5.72,-3.633,1.834,A,THR329,N,-5.654,-6.964,1.128
Bound Backbone,BLUE,6.208,3.112,False,A,VAL327,O,-5.72,-3.633,1.834,A,SER330,N,-5.941,-5.044,-0.931
Bound Backbone,BLUE,5.94,2.997,False,A,VAL327,O,-5.72,-3.633,1.834,A,VAL331,N,-3.665,-3.404,-0.336
Bound Backbone,BLUE,6.915,2.825,False,A,ARG328,N,-6.12,-5.228,3.307,A,THR329,N,-5.654,-6.964,1.128
Bound Backbone,BLUE,8.006,2.236,False,A,ARG328,O,-3.567,-6.162,1.137,A,THR329,N,-5.654,-6.964,1.128
Bound Backbone,BLUE,5.4,3.423,False,A,ARG328,O,-3.567,-6.162,1.137,A,THR329,O,-4.566,-6.32,-2.133
Phase Boundary,YELLOW,4.459,3.341,False,A,ARG328,O,-3.567,-6.162,1.137,A,SER330,N,-5.941,-5.044,-0.931
Phase Boundary,YELLOW,4.667,3.128,False,A,ARG328,O,-3.567,-6.162,1.137,A,VAL331,N,-3.665,-3.404,-0.336
Bound Backbone,BLUE,6.376,2.83,False,A,ARG328,O,-3.567,-6.162,1.137,A,GLY332,N,-1.62,-5.297,-0.725
Bound Backbone,BLUE,6.681,2.83,False,A,THR329,N,-5.654,-6.964,1.128,A,SER330,N,-5.941,-5.044,-0.931
Bound Backbone,BLUE,9.556,2.228,False,A,THR329,O,-4.566,-6.32,-2.133,A,SER330,N,-5.941,-5.044,-0.931
Thermal Noise,RED,3.071,3.62,False,A,THR329,O,-4.566,-6.32,-2.133,A,SER330,O,-3.681,-2.826,-2.468
Thermal Noise,RED,3.713,3.542,False,A,THR329,O,-4.566,-6.32,-2.133,A,VAL331,N,-3.665,-3.404,-0.336
Thermal Noise,RED,3.787,3.422,False,A,THR329,O,-4.566,-6.32,-2.133,A,GLY332,N,-1.62,-5.297,-0.725
Phase Boundary,YELLOW,4.913,3.041,False,A,THR329,O,-4.566,-6.32,-2.133,A,ALA333,N,-1.953,-5.648,-3.537
Phase Boundary,YELLOW,5.0,2.868,False,A,SER330,N,-5.941,-5.044,-0.931,A,VAL331,N,-3.665,-3.404,-0.336
Bound Backbone,BLUE,13.063,2.209,False,A,SER330,O,-3.681,-2.826,-2.468,A,VAL331,N,-3.665,-3.404,-0.336
Thermal Noise,RED,3.531,3.447,False,A,SER330,O,-3.681,-2.826,-2.468,A,VAL331,O,-0.448,-3.553,-1.519
Thermal Noise,RED,3.42,3.659,False,A,SER330,O,-3.681,-2.826,-2.468,A,GLY332,N,-1.62,-5.297,-0.725
Thermal Noise,RED,3.509,3.477,False,A,SER330,O,-3.681,-2.826,-2.468,A,ALA333,N,-1.953,-5.648,-3.537
Phase Boundary,YELLOW,4.808,3.217,False,A,SER330,O,-3.681,-2.826,-2.468,A,ARG334,N,-1.167,-3.092,-4.458
Thermal Noise,RED,3.834,3.29,False,A,SER330,O,-3.681,-2.826,-2.468,A,ARG334,NE,-3.125,0.318,-1.673
Thermal Noise,RED,3.018,3.87,False,A,SER330,OG,-6.604,-1.59,-2.082,A,VAL331,N,-3.665,-3.404,-0.336
Thermal Noise,RED,2.532,3.989,False,A,SER330,OG,-6.604,-1.59,-2.082,A,ARG334,NE,-3.125,0.318,-1.673
Phase Boundary,YELLOW,5.117,2.814,False,A,VAL331,N,-3.665,-3.404,-0.336,A,GLY332,N,-1.62,-5.297,-0.725
Thermal Noise,RED,2.691,3.992,False,A,VAL331,N,-3.665,-3.404,-0.336,A,ARG334,NE,-3.125,0.318,-1.673
Thermal Noise,RED,2.745,3.864,False,A,VAL331,N,-3.665,-3.404,-0.336,A,ARG334,NH2,-4.089,0.363,0.411
Bound Backbone,BLUE,8.562,2.246,False,A,VAL331,O,-0.448,-3.553,-1.519,A,GLY332,N,-1.62,-5.297,-0.725
Phase Boundary,YELLOW,4.316,3.39,False,A,VAL331,O,-0.448,-3.553,-1.519,A,GLY332,O,0.216,-6.148,-3.596
Phase Boundary,YELLOW,4.632,3.275,False,A,VAL331,O,-0.448,-3.553,-1.519,A,ALA333,N,-1.953,-5.648,-3.537
Bound Backbone,BLUE,6.779,3.061,False,A,VAL331,O,-0.448,-3.553,-1.519,A,ARG334,N,-1.167,-3.092,-4.458
Bound Backbone,BLUE,6.195,2.918,False,A,VAL331,O,-0.448,-3.553,-1.519,A,MET335,N,1.564,-3.088,-3.58
Bound Backbone,BLUE,7.954,2.853,False,A,GLY332,N,-1.62,-5.297,-0.725,A,ALA333,N,-1.953,-5.648,-3.537
Bound Backbone,BLUE,8.075,2.227,False,A,GLY332,O,0.216,-6.148,-3.596,A,ALA333,N,-1.953,-5.648,-3.537
Phase Boundary,YELLOW,4.355,3.561,False,A,GLY332,O,0.216,-6.148,-3.596,A,ALA333,O,-0.583,-4.033,-6.347
Thermal Noise,RED,3.468,3.463,False,A,GLY332,O,0.216,-6.148,-3.596,A,ARG334,N,-1.167,-3.092,-4.458
Thermal Noise,RED,3.579,3.344,False,A,GLY332,O,0.216,-6.148,-3.596,A,MET335,N,1.564,-3.088,-3.58
Phase Boundary,YELLOW,5.212,3.014,False,A,GLY332,O,0.216,-6.148,-3.596,A,SER336,N,2.571,-5.187,-5.213
Bound Backbone,BLUE,5.341,2.828,False,A,ALA333,N,-1.953,-5.648,-3.537,A,ARG334,N,-1.167,-3.092,-4.458
Bound Backbone,BLUE,12.299,2.19,False,A,ALA333,O,-0.583,-4.033,-6.347,A,ARG334,N,-1.167,-3.092,-4.458
Thermal Noise,RED,3.338,3.551,False,A,ALA333,O,-0.583,-4.033,-6.347,A,ARG334,O,1.933,-1.74,-5.337
Phase Boundary,YELLOW,4.167,3.628,False,A,ALA333,O,-0.583,-4.033,-6.347,A,MET335,N,1.564,-3.088,-3.58
Thermal Noise,RED,3.392,3.545,False,A,ALA333,O,-0.583,-4.033,-6.347,A,SER336,N,2.571,-5.187,-5.213
Phase Boundary,YELLOW,4.612,3.133,False,A,ALA333,O,-0.583,-4.033,-6.347,A,LEU337,N,2.206,-3.906,-7.768
Phase Boundary,YELLOW,5.153,2.869,False,A,ARG334,N,-1.167,-3.092,-4.458,A,MET335,N,1.564,-3.088,-3.58
Bound Backbone,BLUE,11.035,2.245,False,A,ARG334,O,1.933,-1.74,-5.337,A,MET335,N,1.564,-3.088,-3.58
Thermal Noise,RED,3.352,3.458,False,A,ARG334,O,1.933,-1.74,-5.337,A,MET335,O,4.524,-4.023,-5.148
Thermal Noise,RED,3.255,3.508,False,A,ARG334,O,1.933,-1.74,-5.337,A,SER336,N,2.571,-5.187,-5.213
Phase Boundary,YELLOW,5.069,3.267,False,A,ARG334,O,1.933,-1.74,-5.337,A,LEU337,N,2.206,-3.906,-7.768
Bound Backbone,BLUE,5.881,2.982,False,A,ARG334,O,1.933,-1.74,-5.337,A,LEU338,N,4.078,-1.761,-7.409
Bound Backbone,BLUE,5.988,2.844,False,A,MET335,N,1.564,-3.088,-3.58,A,SER336,N,2.571,-5.187,-5.213
Bound Backbone,BLUE,7.74,2.274,False,A,MET335,O,4.524,-4.023,-5.148,A,SER336,N,2.571,-5.187,-5.213
Phase Boundary,YELLOW,4.856,3.573,False,A,MET335,O,4.524,-4.023,-5.148,A,SER336,O,3.909,-5.197,-8.466
Phase Boundary,YELLOW,4.431,3.5,False,A,MET335,O,4.524,-4.023,-5.148,A,LEU337,N,2.206,-3.906,-7.768
Phase Boundary,YELLOW,5.035,3.229,False,A,MET335,O,4.524,-4.023,-5.148,A,LEU338,N,4.078,-1.761,-7.409
Bound Backbone,BLUE,5.805,3.007,False,A,MET335,O,4.524,-4.023,-5.148,A,GLN339,N,6.515,-3.218,-7.253
Bound Backbone,BLUE,7.232,2.881,False,A,SER336,N,2.571,-5.187,-5.213,A,LEU337,N,2.206,-3.906,-7.768
Bound Backbone,BLUE,8.404,2.248,False,A,SER336,O,3.909,-5.197,-8.466,A,LEU337,N,2.206,-3.906,-7.768
Thermal Noise,RED,3.459,3.518,False,A,SER336,O,3.909,-5.197,-8.466,A,LEU337,O,4.363,-1.909,-9.633
Thermal Noise,RED,3.26,3.599,False,A,SER336,O,3.909,-5.197,-8.466,A,LEU338,N,4.078,-1.761,-7.409
Thermal Noise,RED,3.539,3.49,False,A,SER336,O,3.909,-5.197,-8.466,A,GLN339,N,6.515,-3.218,-7.253
Phase Boundary,YELLOW,4.511,3.175,False,A,SER336,O,3.909,-5.197,-8.466,A,SER340,N,6.561,-4.256,-9.937
Phase Boundary,YELLOW,4.909,2.87,False,A,LEU337,N,2.206,-3.906,-7.768,A,LEU338,N,4.078,-1.761,-7.409
Bound Backbone,BLUE,12.867,2.247,False,A,LEU337,O,4.363,-1.909,-9.633,A,LEU338,N,4.078,-1.761,-7.409
Thermal Noise,RED,3.747,3.445,False,A,LEU337,O,4.363,-1.909,-9.633,A,LEU338,O,7.451,-1.4,-8.194
Phase Boundary,YELLOW,4.333,3.465,False,A,LEU337,O,4.363,-1.909,-9.633,A,GLN339,N,6.515,-3.218,-7.253
Thermal Noise,RED,3.858,3.23,False,A,LEU337,O,4.363,-1.909,-9.633,A,SER340,N,6.561,-4.256,-9.937
Bound Backbone,BLUE,5.751,2.927,False,A,LEU337,O,4.363,-1.909,-9.633,A,VAL341,N,6.696,-1.794,-11.397
Phase Boundary,YELLOW,4.959,2.844,False,A,LEU338,N,4.078,-1.761,-7.409,A,GLN339,N,6.515,-3.218,-7.253
Bound Backbone,BLUE,8.777,2.251,False,A,LEU338,O,7.451,-1.4,-8.194,A,GLN339,N,6.515,-3.218,-7.253
Thermal Noise,RED,3.751,3.461,False,A,LEU338,O,7.451,-1.4,-8.194,A,GLN339,O,8.799,-4.202,-9.715
Thermal Noise,RED,3.877,3.462,False,A,LEU338,O,7.451,-1.4,-8.194,A,SER340,N,6.561,-4.256,-9.937
Bound Backbone,BLUE,5.809,3.314,False,A,LEU338,O,7.451,-1.4,-8.194,A,VAL341,N,6.696,-1.794,-11.397
Bound Backbone,BLUE,6.848,2.846,False,A,LEU338,O,7.451,-1.4,-8.194,A,GLU342,N,9.138,-0.817,-10.411
Bound Backbone,BLUE,7.505,2.878,False,A,GLN339,N,6.515,-3.218,-7.253,A,SER340,N,6.561,-4.256,-9.937
Bound Backbone,BLUE,7.957,2.25,False,A,GLN339,O,8.799,-4.202,-9.715,A,SER340,N,6.561,-4.256,-9.937
Phase Boundary,YELLOW,4.8,3.558,False,A,GLN339,O,8.799,-4.202,-9.715,A,SER340,O,7.858,-2.994,-12.927
Thermal Noise,RED,3.49,3.613,False,A,GLN339,O,8.799,-4.202,-9.715,A,VAL341,N,6.696,-1.794,-11.397
Thermal Noise,RED,3.404,3.472,False,A,GLN339,O,8.799,-4.202,-9.715,A,GLU342,N,9.138,-0.817,-10.411
Phase Boundary,YELLOW,5.007,3.085,False,A,GLN339,O,8.799,-4.202,-9.715,A,SER343,N,10.988,-2.835,-11.406
Bound Backbone,BLUE,5.679,2.866,False,A,SER340,N,6.561,-4.256,-9.937,A,VAL341,N,6.696,-1.794,-11.397
Bound Backbone,BLUE,10.064,2.265,False,A,SER340,O,7.858,-2.994,-12.927,A,VAL341,N,6.696,-1.794,-11.397
Thermal Noise,RED,3.107,3.618,False,A,SER340,O,7.858,-2.994,-12.927,A,VAL341,O,9.377,0.238,-12.347
Phase Boundary,YELLOW,4.148,3.565,False,A,SER340,O,7.858,-2.994,-12.927,A,GLU342,N,9.138,-0.817,-10.411
Thermal Noise,RED,3.698,3.484,False,A,SER340,O,7.858,-2.994,-12.927,A,SER343,N,10.988,-2.835,-11.406
Phase Boundary,YELLOW,4.52,3.144,False,A,SER340,O,7.858,-2.994,-12.927,A,THR344,N,10.626,-2.348,-14.27
Bound Backbone,BLUE,6.789,3.066,False,A,SER340,O,7.858,-2.994,-12.927,A,THR344,OG1,8.281,-2.33,-15.89
Thermal Noise,RED,3.037,3.892,False,A,SER340,OG,5.1,-4.801,-13.284,A,VAL341,N,6.696,-1.794,-11.397
Bound Backbone,BLUE,5.47,2.809,False,A,VAL341,N,6.696,-1.794,-11.397,A,GLU342,N,9.138,-0.817,-10.411
Bound Backbone,BLUE,12.083,2.218,False,A,VAL341,O,9.377,0.238,-12.347,A,GLU342,N,9.138,-0.817,-10.411
Thermal Noise,RED,3.479,3.46,False,A,VAL341,O,9.377,0.238,-12.347,A,GLU342,O,12.443,-1.106,-11.473
Thermal Noise,RED,3.232,3.595,False,A,VAL341,O,9.377,0.238,-12.347,A,SER343,N,10.988,-2.835,-11.406
Thermal Noise,RED,4.01,3.456,False,A,VAL341,O,9.377,0.238,-12.347,A,THR344,N,10.626,-2.348,-14.27
Bound Backbone,BLUE,6.175,2.885,False,A,VAL341,O,9.377,0.238,-12.347,A,ARG345,N,11.523,0.292,-14.274
Phase Boundary,YELLOW,5.067,2.913,False,A,GLU342,N,9.138,-0.817,-10.411,A,SER343,N,10.988,-2.835,-11.406
Bound Backbone,BLUE,7.835,2.261,False,A,GLU342,O,12.443,-1.106,-11.473,A,SER343,N,10.988,-2.835,-11.406
Bound Backbone,BLUE,5.306,3.321,False,A,GLU342,O,12.443,-1.106,-11.473,A,SER343,O,12.855,-2.794,-14.303
Phase Boundary,YELLOW,4.401,3.559,False,A,GLU342,O,12.443,-1.106,-11.473,A,THR344,N,10.626,-2.348,-14.27
Bound Backbone,BLUE,5.522,3.263,False,A,GLU342,O,12.443,-1.106,-11.473,A,ARG345,N,11.523,0.292,-14.274
Bound Backbone,BLUE,6.02,2.939,False,A,GLU342,O,12.443,-1.106,-11.473,A,GLN346,N,14.3,-0.044,-13.488
Phase Boundary,YELLOW,4.389,3.381,False,A,GLU342,OE1,14.05,0.244,-8.051,A,ARG345,NE,13.642,2.835,-10.184
Bound Backbone,BLUE,6.257,2.695,False,A,GLU342,OE1,14.05,0.244,-8.051,A,ARG345,NH2,15.61,2.056,-9.294
Thermal Noise,RED,3.585,3.428,False,A,GLU342,OE1,14.05,0.244,-8.051,A,GLN346,NE2,15.573,-2.664,-9.039
Bound Backbone,BLUE,5.33,3.081,False,A,GLU342,OE2,12.035,1.111,-8.2,A,ARG345,NE,13.642,2.835,-10.184
Thermal Noise,RED,2.829,3.856,False,A,GLU342,OE2,12.035,1.111,-8.2,A,ARG345,NH2,15.61,2.056,-9.294
Bound Backbone,BLUE,7.513,2.928,False,A,SER343,N,10.988,-2.835,-11.406,A,THR344,N,10.626,-2.348,-14.27
Bound Backbone,BLUE,7.744,2.273,False,A,SER343,O,12.855,-2.794,-14.303,A,THR344,N,10.626,-2.348,-14.27
Thermal Noise,RED,3.9,3.556,False,A,SER343,O,12.855,-2.794,-14.303,A,THR344,O,12.142,-0.051,-16.45
Thermal Noise,RED,3.542,3.361,False,A,SER343,O,12.855,-2.794,-14.303,A,ARG345,N,11.523,0.292,-14.274
Thermal Noise,RED,4.039,3.212,False,A,SER343,O,12.855,-2.794,-14.303,A,GLN346,N,14.3,-0.044,-13.488
Phase Boundary,YELLOW,4.665,3.13,False,A,SER343,O,12.855,-2.794,-14.303,A,ASP347,N,15.27,-1.46,-15.781
Thermal Noise,RED,3.295,3.889,False,A,SER343,O,12.855,-2.794,-14.303,A,ASP347,OD1,15.399,-4.475,-16.717
Phase Boundary,YELLOW,4.852,3.462,False,A,SER343,O,12.855,-2.794,-14.303,A,ASP347,OD2,13.27,-4.605,-17.224
Thermal Noise,RED,2.914,3.765,False,A,SER343,OG,11.713,-5.852,-13.423,A,THR344,N,10.626,-2.348,-14.27
Phase Boundary,YELLOW,5.148,2.788,False,A,THR344,N,10.626,-2.348,-14.27,A,ARG345,N,11.523,0.292,-14.274
Bound Backbone,BLUE,12.042,2.288,False,A,THR344,O,12.142,-0.051,-16.45,A,ARG345,N,11.523,0.292,-14.274
Thermal Noise,RED,3.602,3.578,False,A,THR344,O,12.142,-0.051,-16.45,A,ARG345,O,14.66,1.792,-14.699
Phase Boundary,YELLOW,4.219,3.665,False,A,THR344,O,12.142,-0.051,-16.45,A,GLN346,N,14.3,-0.044,-13.488
Thermal Noise,RED,3.352,3.495,False,A,THR344,O,12.142,-0.051,-16.45,A,ASP347,N,15.27,-1.46,-15.781
Phase Boundary,YELLOW,4.891,3.017,False,A,THR344,O,12.142,-0.051,-16.45,A,THR348,N,14.798,0.612,-17.719
Bound Backbone,BLUE,6.234,2.846,False,A,THR344,O,12.142,-0.051,-16.45,A,THR348,OG1,12.416,2.115,-18.276
Phase Boundary,YELLOW,4.961,2.906,False,A,ARG345,N,11.523,0.292,-14.274,A,GLN346,N,14.3,-0.044,-13.488
Bound Backbone,BLUE,9.571,2.229,False,A,ARG345,O,14.66,1.792,-14.699,A,GLN346,N,14.3,-0.044,-13.488
Thermal Noise,RED,3.54,3.404,False,A,ARG345,O,14.66,1.792,-14.699,A,GLN346,O,17.199,-0.373,-15.371
Thermal Noise,RED,3.505,3.481,False,A,ARG345,O,14.66,1.792,-14.699,A,ASP347,N,15.27,-1.46,-15.781
Bound Backbone,BLUE,5.894,3.245,False,A,ARG345,O,14.66,1.792,-14.699,A,THR348,N,14.798,0.612,-17.719
Bound Backbone,BLUE,6.066,2.934,False,A,ARG345,O,14.66,1.792,-14.699,A,VAL349,N,16.603,2.637,-16.728
Bound Backbone,BLUE,6.868,2.864,False,A,GLN346,N,14.3,-0.044,-13.488,A,ASP347,N,15.27,-1.46,-15.781
Bound Backbone,BLUE,8.059,2.252,False,A,GLN346,O,17.199,-0.373,-15.371,A,ASP347,N,15.27,-1.46,-15.781
Bound Backbone,BLUE,5.327,3.483,False,A,GLN346,O,17.199,-0.373,-15.371,A,ASP347,O,16.561,-0.266,-18.793
Phase Boundary,YELLOW,4.203,3.5,False,A,GLN346,O,17.199,-0.373,-15.371,A,THR348,N,14.798,0.612,-17.719
Thermal Noise,RED,3.925,3.355,False,A,GLN346,O,17.199,-0.373,-15.371,A,VAL349,N,16.603,2.637,-16.728
Bound Backbone,BLUE,5.359,3.001,False,A,GLN346,O,17.199,-0.373,-15.371,A,ALA350,N,19.052,1.256,-17.08
Bound Backbone,BLUE,6.236,2.876,False,A,ASP347,N,15.27,-1.46,-15.781,A,THR348,N,14.798,0.612,-17.719
Bound Backbone,BLUE,9.112,2.243,False,A,ASP347,O,16.561,-0.266,-18.793,A,THR348,N,14.798,0.612,-17.719
Thermal Noise,RED,3.215,3.529,False,A,ASP347,O,16.561,-0.266,-18.793,A,THR348,O,16.763,3.256,-18.867
Thermal Noise,RED,3.827,3.563,False,A,ASP347,O,16.561,-0.266,-18.793,A,VAL349,N,16.603,2.637,-16.728
Thermal Noise,RED,4.063,3.385,False,A,ASP347,O,16.561,-0.266,-18.793,A,ALA350,N,19.052,1.256,-17.08
Phase Boundary,YELLOW,4.769,3.041,False,A,ASP347,O,16.561,-0.266,-18.793,A,GLN351,N,18.998,1.085,-20.011
Phase Boundary,YELLOW,5.158,2.888,False,A,THR348,N,14.798,0.612,-17.719,A,VAL349,N,16.603,2.637,-16.728
Bound Backbone,BLUE,12.72,2.233,False,A,THR348,O,16.763,3.256,-18.867,A,VAL349,N,16.603,2.637,-16.728
Thermal Noise,RED,3.652,3.484,False,A,THR348,O,16.763,3.256,-18.867,A,VAL349,O,19.938,3.303,-17.433
Thermal Noise,RED,3.745,3.526,False,A,THR348,O,16.763,3.256,-18.867,A,ALA350,N,19.052,1.256,-17.08
Thermal Noise,RED,3.907,3.319,False,A,THR348,O,16.763,3.256,-18.867,A,GLN351,N,18.998,1.085,-20.011
Bound Backbone,BLUE,5.693,2.917,False,A,THR348,O,16.763,3.256,-18.867,A,ILE352,N,19.059,3.909,-20.543
Phase Boundary,YELLOW,5.034,2.833,False,A,VAL349,N,16.603,2.637,-16.728,A,ALA350,N,19.052,1.256,-17.08
Bound Backbone,BLUE,7.969,2.258,False,A,VAL349,O,19.938,3.303,-17.433,A,ALA350,N,19.052,1.256,-17.08
Phase Boundary,YELLOW,4.169,3.517,False,A,VAL349,O,19.938,3.303,-17.433,A,ALA350,O,21.253,1.06,-19.801
Phase Boundary,YELLOW,4.307,3.528,False,A,VAL349,O,19.938,3.303,-17.433,A,GLN351,N,18.998,1.085,-20.011
Bound Backbone,BLUE,5.809,3.288,False,A,VAL349,O,19.938,3.303,-17.433,A,ILE352,N,19.059,3.909,-20.543
Bound Backbone,BLUE,6.188,2.921,False,A,VAL349,O,19.938,3.303,-17.433,A,ASP353,N,21.652,4.449,-19.502
Thermal Noise,RED,2.763,3.854,False,A,VAL349,O,19.938,3.303,-17.433,A,ASP353,OD1,23.094,5.377,-16.666
Phase Boundary,YELLOW,4.143,3.35,False,A,VAL349,O,19.938,3.303,-17.433,A,ASP353,OD2,22.83,3.405,-15.746
Bound Backbone,BLUE,7.584,2.936,False,A,ALA350,N,19.052,1.256,-17.08,A,GLN351,N,18.998,1.085,-20.011
Bound Backbone,BLUE,7.844,2.265,False,A,ALA350,O,21.253,1.06,-19.801,A,GLN351,N,18.998,1.085,-20.011
Thermal Noise,RED,3.947,3.688,False,A,ALA350,O,21.253,1.06,-19.801,A,GLN351,O,20.104,3.291,-22.504
Thermal Noise,RED,3.046,3.672,False,A,ALA350,O,21.253,1.06,-19.801,A,ILE352,N,19.059,3.909,-20.543
Thermal Noise,RED,3.427,3.425,False,A,ALA350,O,21.253,1.06,-19.801,A,ASP353,N,21.652,4.449,-19.502
Phase Boundary,YELLOW,4.974,3.028,False,A,ALA350,O,21.253,1.06,-19.801,A,SER354,N,23.275,2.811,-21.221
Phase Boundary,YELLOW,4.95,2.874,False,A,GLN351,N,18.998,1.085,-20.011,A,ILE352,N,19.059,3.909,-20.543
Bound Backbone,BLUE,10.984,2.306,False,A,GLN351,O,20.104,3.291,-22.504,A,ILE352,N,19.059,3.909,-20.543
Thermal Noise,RED,3.712,3.447,False,A,GLN351,O,20.104,3.291,-22.504,A,ILE352,O,21.772,5.973,-21.123
Phase Boundary,YELLOW,4.551,3.571,False,A,GLN351,O,20.104,3.291,-22.504,A,ASP353,N,21.652,4.449,-19.502
Thermal Noise,RED,3.649,3.454,False,A,GLN351,O,20.104,3.291,-22.504,A,SER354,N,23.275,2.811,-21.221
Phase Boundary,YELLOW,5.069,2.946,False,A,GLN351,O,20.104,3.291,-22.504,A,SER355,N,22.667,4.161,-23.667
Bound Backbone,BLUE,7.212,2.863,False,A,GLN351,O,20.104,3.291,-22.504,A,SER355,OG,20.17,4.723,-24.982
Bound Backbone,BLUE,5.362,2.846,False,A,ILE352,N,19.059,3.909,-20.543,A,ASP353,N,21.652,4.449,-19.502
Bound Backbone,BLUE,10.776,2.228,False,A,ILE352,O,21.772,5.973,-21.123,A,ASP353,N,21.652,4.449,-19.502
Thermal Noise,RED,3.363,3.454,False,A,ILE352,O,21.772,5.973,-21.123,A,ASP353,O,24.832,4.385,-20.917
Thermal Noise,RED,3.264,3.502,False,A,ILE352,O,21.772,5.973,-21.123,A,SER354,N,23.275,2.811,-21.221
Bound Backbone,BLUE,5.27,3.249,False,A,ILE352,O,21.772,5.973,-21.123,A,SER355,N,22.667,4.161,-23.667
Bound Backbone,BLUE,6.591,2.797,False,A,ILE352,O,21.772,5.973,-21.123,A,VAL356,N,23.696,6.733,-23.005
Bound Backbone,BLUE,5.938,2.876,False,A,ASP353,N,21.652,4.449,-19.502,A,SER354,N,23.275,2.811,-21.221
Bound Backbone,BLUE,8.108,2.235,False,A,ASP353,O,24.832,4.385,-20.917,A,SER354,N,23.275,2.811,-21.221
Phase Boundary,YELLOW,5.102,3.538,False,A,ASP353,O,24.832,4.385,-20.917,A,SER354,O,24.694,3.499,-24.339
Phase Boundary,YELLOW,4.527,3.507,False,A,ASP353,O,24.832,4.385,-20.917,A,SER355,N,22.667,4.161,-23.667
Phase Boundary,YELLOW,4.476,3.341,False,A,ASP353,O,24.832,4.385,-20.917,A,VAL356,N,23.696,6.733,-23.005
Bound Backbone,BLUE,5.612,2.965,False,A,ASP353,O,24.832,4.385,-20.917,A,SER357,N,26.497,6.06,-22.709
Bound Backbone,BLUE,7.175,2.859,False,A,SER354,N,23.275,2.811,-21.221,A,SER355,N,22.667,4.161,-23.667
Bound Backbone,BLUE,8.467,2.236,False,A,SER354,O,24.694,3.499,-24.339,A,SER355,N,22.667,4.161,-23.667
Thermal Noise,RED,3.105,3.664,False,A,SER354,O,24.694,3.499,-24.339,A,SER355,O,24.038,6.98,-25.276
Thermal Noise,RED,3.283,3.638,False,A,SER354,O,24.694,3.499,-24.339,A,VAL356,N,23.696,6.733,-23.005
Thermal Noise,RED,3.646,3.531,False,A,SER354,O,24.694,3.499,-24.339,A,SER357,N,26.497,6.06,-22.709
Phase Boundary,YELLOW,4.761,3.017,False,A,SER354,O,24.694,3.499,-24.339,A,GLY358,N,27.026,5.073,-25.429
Thermal Noise,RED,2.795,3.799,False,A,SER354,OG,23.511,0.481,-24.088,A,SER355,N,22.667,4.161,-23.667
Phase Boundary,YELLOW,5.103,2.848,False,A,SER355,N,22.667,4.161,-23.667,A,VAL356,N,23.696,6.733,-23.005
Bound Backbone,BLUE,12.115,2.31,False,A,SER355,O,24.038,6.98,-25.276,A,VAL356,N,23.696,6.733,-23.005
Thermal Noise,RED,3.905,3.442,False,A,SER355,O,24.038,6.98,-25.276,A,VAL356,O,26.831,8.047,-23.57
Thermal Noise,RED,3.891,3.672,False,A,SER355,O,24.038,6.98,-25.276,A,SER357,N,26.497,6.06,-22.709
Thermal Noise,RED,3.183,3.548,False,A,SER355,O,24.038,6.98,-25.276,A,GLY358,N,27.026,5.073,-25.429
Phase Boundary,YELLOW,4.682,3.133,False,A,SER355,O,24.038,6.98,-25.276,A,LEU359,N,26.741,7.452,-26.788
Phase Boundary,YELLOW,4.804,2.896,False,A,VAL356,N,23.696,6.733,-23.005,A,SER357,N,26.497,6.06,-22.709
Bound Backbone,BLUE,9.155,2.191,False,A,VAL356,O,26.831,8.047,-23.57,A,SER357,N,26.497,6.06,-22.709
Phase Boundary,YELLOW,4.209,3.291,False,A,VAL356,O,26.831,8.047,-23.57,A,SER357,O,28.961,6.065,-25.107
Thermal Noise,RED,3.822,3.513,False,A,VAL356,O,26.831,8.047,-23.57,A,GLY358,N,27.026,5.073,-25.429
Bound Backbone,BLUE,6.03,3.274,False,A,VAL356,O,26.831,8.047,-23.57,A,LEU359,N,26.741,7.452,-26.788
Bound Backbone,BLUE,6.8,2.779,False,A,VAL356,O,26.831,8.047,-23.57,A,ARG360,N,28.473,9.161,-25.515
Bound Backbone,BLUE,7.142,2.941,False,A,SER357,N,26.497,6.06,-22.709,A,GLY358,N,27.026,5.073,-25.429
Bound Backbone,BLUE,8.395,2.198,False,A,SER357,O,28.961,6.065,-25.107,A,GLY358,N,27.026,5.073,-25.429
Phase Boundary,YELLOW,4.424,3.753,False,A,SER357,O,28.961,6.065,-25.107,A,GLY358,O,27.726,6.551,-28.617
Phase Boundary,YELLOW,4.904,3.111,False,A,SER357,O,28.961,6.065,-25.107,A,LEU359,N,26.741,7.452,-26.788
Thermal Noise,RED,4.049,3.161,False,A,SER357,O,28.961,6.065,-25.107,A,ARG360,N,28.473,9.161,-25.515
Phase Boundary,YELLOW,5.214,2.775,False,A,SER357,O,28.961,6.065,-25.107,A,ASP361,N,31.003,7.933,-24.897
Thermal Noise,RED,3.093,3.921,False,A,SER357,O,28.961,6.065,-25.107,A,ASP361,O,32.138,6.923,-27.238
Thermal Noise,RED,3.467,3.935,False,A,SER357,O,28.961,6.065,-25.107,A,ASP361,OD1,31.481,6.973,-22.224
Thermal Noise,RED,3.869,3.747,False,A,SER357,O,28.961,6.065,-25.107,A,ASP361,OD2,31.104,4.815,-22.299
Thermal Noise,RED,2.621,3.911,False,A,SER357,OG,29.302,3.731,-22.413,A,ASP361,OD1,31.481,6.973,-22.224
Bound Backbone,BLUE,9.04,2.106,False,A,SER357,OG,29.302,3.731,-22.413,A,ASP361,OD2,31.104,4.815,-22.299
Bound Backbone,BLUE,6.091,2.755,False,A,GLY358,N,27.026,5.073,-25.429,A,LEU359,N,26.741,7.452,-26.788
Bound Backbone,BLUE,11.046,2.264,False,A,GLY358,O,27.726,6.551,-28.617,A,LEU359,N,26.741,7.452,-26.788
Bound Backbone,BLUE,6.033,2.746,False,A,LEU359,N,26.741,7.452,-26.788,A,ARG360,N,28.473,9.161,-25.515
Bound Backbone,BLUE,10.88,2.321,False,A,LEU359,O,28.644,10.356,-27.497,A,ARG360,N,28.473,9.161,-25.515
Phase Boundary,YELLOW,4.969,2.879,False,A,ARG360,N,28.473,9.161,-25.515,A,ASP361,N,31.003,7.933,-24.897
Bound Backbone,BLUE,8.113,2.228,False,A,ARG360,O,31.866,9.975,-25.122,A,ASP361,N,31.003,7.933,-24.897
Thermal Noise,RED,3.479,3.724,False,A,ARG360,O,31.866,9.975,-25.122,A,ASP361,O,32.138,6.923,-27.238
Thermal Noise,RED,3.028,3.762,False,A,ARG360,O,31.866,9.975,-25.122,A,SER362,N,34.096,7.218,-26.379
Thermal Noise,RED,3.698,3.575,False,A,ARG360,NE,30.109,9.668,-20.317,A,ASP361,OD1,31.481,6.973,-22.224
Thermal Noise,RED,3.632,3.503,False,A,ASP361,N,31.003,7.933,-24.897,A,SER362,N,34.096,7.218,-26.379
Bound Backbone,BLUE,9.456,2.158,False,A,ASP361,O,32.138,6.923,-27.238,A,SER362,N,34.096,7.218,-26.379
Thermal Noise,RED,2.525,3.986,False,A,ASP361,O,32.138,6.923,-27.238,A,SER362,O,35.522,4.832,-26.98
Thermal Noise,RED,3.17,3.825,False,A,ASP361,O,32.138,6.923,-27.238,A,ASP363,N,34.917,5.119,-29.149
Phase Boundary,YELLOW,4.34,3.571,False,A,SER362,N,34.096,7.218,-26.379,A,ASP363,N,34.917,5.119,-29.149
Bound Backbone,BLUE,12.279,2.27,False,A,SER362,O,35.522,4.832,-26.98,A,ASP363,N,34.917,5.119,-29.149
Thermal Noise,RED,3.736,3.924,False,A,SER362,O,35.522,4.832,-26.98,A,ASP363,O,37.715,4.747,-30.233
Phase Boundary,YELLOW,5.045,3.021,False,A,SER362,O,35.522,4.832,-26.98,A,TYR364,N,37.704,3.346,-28.448
Thermal Noise,RED,3.787,3.548,False,A,SER362,OG,37.221,6.99,-27.205,A,ASP363,N,34.917,5.119,-29.149
Thermal Noise,RED,3.89,3.801,False,A,SER362,OG,37.221,6.99,-27.205,A,ASP363,O,37.715,4.747,-30.233
Thermal Noise,RED,2.831,3.88,False,A,SER362,OG,37.221,6.99,-27.205,A,TYR364,N,37.704,3.346,-28.448
Bound Backbone,BLUE,5.824,3.225,False,A,SER362,OG,37.221,6.99,-27.205,A,SER367,OG,38.535,7.524,-30.101
Thermal Noise,RED,3.606,3.377,False,A,ASP363,N,34.917,5.119,-29.149,A,TYR364,N,37.704,3.346,-28.448
Bound Backbone,BLUE,10.833,2.269,False,A,ASP363,O,37.715,4.747,-30.233,A,TYR364,N,37.704,3.346,-28.448
Thermal Noise,RED,3.261,3.545,False,A,ASP363,O,37.715,4.747,-30.233,A,TYR364,O,41.021,3.669,-29.542
Thermal Noise,RED,3.493,3.394,False,A,ASP363,O,37.715,4.747,-30.233,A,ALA365,N,39.593,1.938,-29.909
Phase Boundary,YELLOW,4.872,3.284,False,A,ASP363,O,37.715,4.747,-30.233,A,GLU366,N,39.229,2.961,-32.536
Bound Backbone,BLUE,6.123,2.856,False,A,ASP363,O,37.715,4.747,-30.233,A,SER367,N,39.731,5.705,-32.014
Phase Boundary,YELLOW,4.77,2.899,False,A,ASP363,O,37.715,4.747,-30.233,A,SER367,OG,38.535,7.524,-30.101
Bound Backbone,BLUE,5.95,3.067,False,A,ASP363,OD1,36.797,1.704,-30.874,A,TYR364,N,37.704,3.346,-28.448
Phase Boundary,YELLOW,4.852,2.967,False,A,ASP363,OD1,36.797,1.704,-30.874,A,ALA365,N,39.593,1.938,-29.909
Phase Boundary,YELLOW,4.57,3.203,False,A,ASP363,OD1,36.797,1.704,-30.874,A,GLU366,N,39.229,2.961,-32.536
Bound Backbone,BLUE,6.128,2.772,False,A,TYR364,N,37.704,3.346,-28.448,A,ALA365,N,39.593,1.938,-29.909
Bound Backbone,BLUE,7.869,2.274,False,A,TYR364,O,41.021,3.669,-29.542,A,ALA365,N,39.593,1.938,-29.909
Phase Boundary,YELLOW,5.216,3.475,False,A,TYR364,O,41.021,3.669,-29.542,A,ALA365,O,41.362,2.63,-32.84
Phase Boundary,YELLOW,4.578,3.56,False,A,TYR364,O,41.021,3.669,-29.542,A,GLU366,N,39.229,2.961,-32.536
Phase Boundary,YELLOW,4.453,3.453,False,A,TYR364,O,41.021,3.669,-29.542,A,SER367,N,39.731,5.705,-32.014
Phase Boundary,YELLOW,5.217,3.034,False,A,TYR364,O,41.021,3.669,-29.542,A,VAL368,N,42.493,5.706,-31.241
Bound Backbone,BLUE,7.645,2.843,False,A,ALA365,N,39.593,1.938,-29.909,A,GLU366,N,39.229,2.961,-32.536
Bound Backbone,BLUE,8.527,2.18,False,A,ALA365,O,41.362,2.63,-32.84,A,GLU366,N,39.229,2.961,-32.536
Thermal Noise,RED,3.516,3.505,False,A,ALA365,O,41.362,2.63,-32.84,A,GLU366,O,40.53,5.802,-34.078
Thermal Noise,RED,3.233,3.577,False,A,ALA365,O,41.362,2.63,-32.84,A,SER367,N,39.731,5.705,-32.014
Thermal Noise,RED,3.378,3.647,False,A,ALA365,O,41.362,2.63,-32.84,A,VAL368,N,42.493,5.706,-31.241
Phase Boundary,YELLOW,4.221,3.142,False,A,ALA365,O,41.362,2.63,-32.84,A,SER369,N,43.596,4.689,-33.643
Phase Boundary,YELLOW,5.076,2.838,False,A,GLU366,N,39.229,2.961,-32.536,A,SER367,N,39.731,5.705,-32.014
Bound Backbone,BLUE,12.658,2.215,False,A,GLU366,O,40.53,5.802,-34.078,A,SER367,N,39.731,5.705,-32.014
Thermal Noise,RED,4.021,3.482,False,A,GLU366,O,40.53,5.802,-34.078,A,SER367,O,42.588,7.735,-32.041
Phase Boundary,YELLOW,4.805,3.451,False,A,GLU366,O,40.53,5.802,-34.078,A,VAL368,N,42.493,5.706,-31.241
Thermal Noise,RED,3.737,3.291,False,A,GLU366,O,40.53,5.802,-34.078,A,SER369,N,43.596,4.689,-33.643
Bound Backbone,BLUE,5.429,2.894,False,A,GLU366,O,40.53,5.802,-34.078,A,ARG370,N,42.901,6.783,-35.416
Phase Boundary,YELLOW,5.09,2.868,False,A,SER367,N,39.731,5.705,-32.014,A,VAL368,N,42.493,5.706,-31.241
Bound Backbone,BLUE,9.115,2.183,False,A,SER367,O,42.588,7.735,-32.041,A,VAL368,N,42.493,5.706,-31.241
Thermal Noise,RED,3.46,3.504,False,A,SER367,O,42.588,7.735,-32.041,A,VAL368,O,45.398,5.948,-33.132
Thermal Noise,RED,3.507,3.586,False,A,SER367,O,42.588,7.735,-32.041,A,SER369,N,43.596,4.689,-33.643
Phase Boundary,YELLOW,5.117,3.521,False,A,SER367,O,42.588,7.735,-32.041,A,ARG370,N,42.901,6.783,-35.416
Bound Backbone,BLUE,5.97,2.965,False,A,SER367,O,42.588,7.735,-32.041,A,LEU371,N,44.33,8.942,-34.114
Phase Boundary,YELLOW,4.12,3.544,False,A,SER367,OG,38.535,7.524,-30.101,A,ARG370,NH2,38.023,10.075,-32.508
Bound Backbone,BLUE,7.274,2.832,False,A,VAL368,N,42.493,5.706,-31.241,A,SER369,N,43.596,4.689,-33.643
Bound Backbone,BLUE,8.114,2.257,False,A,VAL368,O,45.398,5.948,-33.132,A,SER369,N,43.596,4.689,-33.643
Bound Backbone,BLUE,5.496,3.42,False,A,VAL368,O,45.398,5.948,-33.132,A,SER369,O,44.767,6.343,-36.47
Phase Boundary,YELLOW,4.194,3.486,False,A,VAL368,O,45.398,5.948,-33.132,A,ARG370,N,42.901,6.783,-35.416
Thermal Noise,RED,3.816,3.327,False,A,VAL368,O,45.398,5.948,-33.132,A,LEU371,N,44.33,8.942,-34.114
Phase Boundary,YELLOW,4.998,3.019,False,A,VAL368,O,45.398,5.948,-33.132,A,THR372,N,47.009,8.079,-34.538
Phase Boundary,YELLOW,4.833,2.958,False,A,VAL368,O,45.398,5.948,-33.132,A,THR372,OG1,48.193,5.548,-34.014
Bound Backbone,BLUE,6.243,2.83,False,A,SER369,N,43.596,4.689,-33.643,A,ARG370,N,42.901,6.783,-35.416
Bound Backbone,BLUE,9.596,2.188,False,A,SER369,O,44.767,6.343,-36.47,A,ARG370,N,42.901,6.783,-35.416
Thermal Noise,RED,3.328,3.476,False,A,SER369,O,44.767,6.343,-36.47,A,ARG370,O,44.49,9.795,-36.169
Phase Boundary,YELLOW,4.108,3.535,False,A,SER369,O,44.767,6.343,-36.47,A,LEU371,N,44.33,8.942,-34.114
Phase Boundary,YELLOW,4.085,3.431,False,A,SER369,O,44.767,6.343,-36.47,A,THR372,N,47.009,8.079,-34.538
Phase Boundary,YELLOW,4.516,3.064,False,A,SER369,O,44.767,6.343,-36.47,A,GLN373,N,47.018,8.199,-37.407
Thermal Noise,RED,3.205,3.755,False,A,SER369,OG,43.245,3.449,-37.109,A,ARG370,N,42.901,6.783,-35.416
Phase Boundary,YELLOW,4.377,3.667,False,A,SER369,OG,43.245,3.449,-37.109,A,GLN373,NE2,43.654,5.277,-40.261
Bound Backbone,BLUE,5.377,2.898,False,A,ARG370,N,42.901,6.783,-35.416,A,LEU371,N,44.33,8.942,-34.114
Bound Backbone,BLUE,12.385,2.231,False,A,ARG370,O,44.49,9.795,-36.169,A,LEU371,N,44.33,8.942,-34.114
Thermal Noise,RED,3.831,3.442,False,A,ARG370,O,44.49,9.795,-36.169,A,LEU371,O,47.511,10.273,-34.591
Thermal Noise,RED,3.823,3.457,False,A,ARG370,O,44.49,9.795,-36.169,A,THR372,N,47.009,8.079,-34.538
Phase Boundary,YELLOW,4.178,3.236,False,A,ARG370,O,44.49,9.795,-36.169,A,GLN373,N,47.018,8.199,-37.407
Bound Backbone,BLUE,5.767,2.896,False,A,ARG370,O,44.49,9.795,-36.169,A,GLN374,N,46.52,11.025,-37.829
Thermal Noise,RED,2.763,3.939,False,A,ARG370,O,44.49,9.795,-36.169,A,GLN374,OE1,43.578,13.394,-34.854
Phase Boundary,YELLOW,5.01,2.846,False,A,LEU371,N,44.33,8.942,-34.114,A,THR372,N,47.009,8.079,-34.538
Bound Backbone,BLUE,7.899,2.251,False,A,LEU371,O,47.511,10.273,-34.591,A,THR372,N,47.009,8.079,-34.538
Phase Boundary,YELLOW,4.608,3.425,False,A,LEU371,O,47.511,10.273,-34.591,A,THR372,O,49.211,8.732,-37.134
Phase Boundary,YELLOW,4.506,3.532,False,A,LEU371,O,47.511,10.273,-34.591,A,GLN373,N,47.018,8.199,-37.407
Phase Boundary,YELLOW,5.17,3.469,False,A,LEU371,O,47.511,10.273,-34.591,A,GLN374,N,46.52,11.025,-37.829
Bound Backbone,BLUE,6.154,2.857,False,A,LEU371,O,47.511,10.273,-34.591,A,THR375,N,48.768,12.091,-36.402
Bound Backbone,BLUE,8.907,2.156,False,A,LEU371,O,47.511,10.273,-34.591,A,THR375,OG1,49.45,11.07,-34.086
Bound Backbone,BLUE,7.937,2.872,False,A,THR372,N,47.009,8.079,-34.538,A,GLN373,N,47.018,8.199,-37.407
Thermal Noise,RED,2.672,3.887,False,A,THR372,N,47.009,8.079,-34.538,A,THR375,OG1,49.45,11.07,-34.086
Bound Backbone,BLUE,7.815,2.273,False,A,THR372,O,49.211,8.732,-37.134,A,GLN373,N,47.018,8.199,-37.407
Phase Boundary,YELLOW,4.202,3.539,False,A,THR372,O,49.211,8.732,-37.134,A,GLN373,O,47.766,10.79,-39.624
Thermal Noise,RED,3.156,3.603,False,A,THR372,O,49.211,8.732,-37.134,A,GLN374,N,46.52,11.025,-37.829
Thermal Noise,RED,3.425,3.466,False,A,THR372,O,49.211,8.732,-37.134,A,THR375,N,48.768,12.091,-36.402
Thermal Noise,RED,3.78,3.849,False,A,THR372,O,49.211,8.732,-37.134,A,THR375,OG1,49.45,11.07,-34.086
Phase Boundary,YELLOW,4.725,2.991,False,A,THR372,O,49.211,8.732,-37.134,A,THR376,N,50.869,11.057,-38.024
Bound Backbone,BLUE,6.153,2.839,False,A,THR372,O,49.211,8.732,-37.134,A,THR376,OG1,51.428,8.397,-38.876
Phase Boundary,YELLOW,4.821,2.9,False,A,GLN373,N,47.018,8.199,-37.407,A,GLN374,N,46.52,11.025,-37.829
Bound Backbone,BLUE,11.804,2.198,False,A,GLN373,O,47.766,10.79,-39.624,A,GLN374,N,46.52,11.025,-37.829
Thermal Noise,RED,3.49,3.625,False,A,GLN373,O,47.766,10.79,-39.624,A,GLN374,O,48.583,13.865,-37.886
Phase Boundary,YELLOW,4.606,3.616,False,A,GLN373,O,47.766,10.79,-39.624,A,THR375,N,48.768,12.091,-36.402
Thermal Noise,RED,3.698,3.501,False,A,GLN373,O,47.766,10.79,-39.624,A,THR376,N,50.869,11.057,-38.024
Phase Boundary,YELLOW,4.741,2.975,False,A,GLN373,O,47.766,10.79,-39.624,A,ALA377,N,50.12,12.413,-40.446
Bound Backbone,BLUE,5.631,2.868,False,A,GLN374,N,46.52,11.025,-37.829,A,THR375,N,48.768,12.091,-36.402
Bound Backbone,BLUE,9.369,2.32,False,A,GLN374,O,48.583,13.865,-37.886,A,THR375,N,48.768,12.091,-36.402
Thermal Noise,RED,3.293,3.499,False,A,GLN374,O,48.583,13.865,-37.886,A,THR375,O,51.942,12.96,-37.509
Thermal Noise,RED,3.051,3.623,False,A,GLN374,O,48.583,13.865,-37.886,A,THR376,N,50.869,11.057,-38.024
Phase Boundary,YELLOW,5.004,3.32,False,A,GLN374,O,48.583,13.865,-37.886,A,ALA377,N,50.12,12.413,-40.446
Bound Backbone,BLUE,6.138,2.84,False,A,GLN374,O,48.583,13.865,-37.886,A,LEU378,N,50.456,15.11,-39.621
Bound Backbone,BLUE,5.95,2.849,False,A,THR375,N,48.768,12.091,-36.402,A,THR376,N,50.869,11.057,-38.024
Bound Backbone,BLUE,8.21,2.245,False,A,THR375,O,51.942,12.96,-37.509,A,THR376,N,50.869,11.057,-38.024
Bound Backbone,BLUE,5.389,3.458,False,A,THR375,O,51.942,12.96,-37.509,A,THR376,O,52.327,12.377,-40.896
Phase Boundary,YELLOW,4.733,3.499,False,A,THR375,O,51.942,12.96,-37.509,A,ALA377,N,50.12,12.413,-40.446
Phase Boundary,YELLOW,4.435,3.36,False,A,THR375,O,51.942,12.96,-37.509,A,LEU378,N,50.456,15.11,-39.621
Bound Backbone,BLUE,5.373,2.958,False,A,THR375,O,51.942,12.96,-37.509,A,GLN379,N,53.27,15.101,-39.059
Bound Backbone,BLUE,7.028,2.875,False,A,THR376,N,50.869,11.057,-38.024,A,ALA377,N,50.12,12.413,-40.446
Bound Backbone,BLUE,8.087,2.253,False,A,THR376,O,52.327,12.377,-40.896,A,ALA377,N,50.12,12.413,-40.446
Thermal Noise,RED,3.029,3.699,False,A,THR376,O,52.327,12.377,-40.896,A,ALA377,O,50.77,15.616,-41.774
Thermal Noise,RED,3.438,3.549,False,A,THR376,O,52.327,12.377,-40.896,A,LEU378,N,50.456,15.11,-39.621
Thermal Noise,RED,4.055,3.418,False,A,THR376,O,52.327,12.377,-40.896,A,GLN379,N,53.27,15.101,-39.059
Phase Boundary,YELLOW,4.833,2.954,False,A,THR376,O,52.327,12.377,-40.896,A,ALA380,N,54.069,14.603,-41.754
Phase Boundary,YELLOW,5.227,2.84,False,A,ALA377,N,50.12,12.413,-40.446,A,LEU378,N,50.456,15.11,-39.621
Bound Backbone,BLUE,12.761,2.234,False,A,ALA377,O,50.77,15.616,-41.774,A,LEU378,N,50.456,15.11,-39.621
Thermal Noise,RED,3.832,3.55,False,A,ALA377,O,50.77,15.616,-41.774,A,LEU378,O,53.164,17.282,-39.75
Thermal Noise,RED,3.855,3.726,False,A,ALA377,O,50.77,15.616,-41.774,A,GLN379,N,53.27,15.101,-39.059
Thermal Noise,RED,3.36,3.451,False,A,ALA377,O,50.77,15.616,-41.774,A,ALA380,N,54.069,14.603,-41.754
Phase Boundary,YELLOW,4.87,3.008,False,A,ALA377,O,50.77,15.616,-41.774,A,ALA381,N,53.151,17.01,-42.972
Phase Boundary,YELLOW,4.979,2.87,False,A,LEU378,N,50.456,15.11,-39.621,A,GLN379,N,53.27,15.101,-39.059
Bound Backbone,BLUE,8.071,2.29,False,A,LEU378,O,53.164,17.282,-39.75,A,GLN379,N,53.27,15.101,-39.059
Thermal Noise,RED,3.743,3.442,False,A,LEU378,O,53.164,17.282,-39.75,A,GLN379,O,55.946,15.834,-41.168
Thermal Noise,RED,4.041,3.466,False,A,LEU378,O,53.164,17.282,-39.75,A,ALA380,N,54.069,14.603,-41.754
Bound Backbone,BLUE,6.246,3.233,False,A,LEU378,O,53.164,17.282,-39.75,A,ALA381,N,53.151,17.01,-42.972
Bound Backbone,BLUE,6.096,2.849,False,A,LEU378,O,53.164,17.282,-39.75,A,GLN382,N,54.698,18.939,-41.488
Bound Backbone,BLUE,7.696,2.855,False,A,GLN379,N,53.27,15.101,-39.059,A,ALA380,N,54.069,14.603,-41.754
Bound Backbone,BLUE,7.738,2.32,False,A,GLN379,O,55.946,15.834,-41.168,A,ALA380,N,54.069,14.603,-41.754
Phase Boundary,YELLOW,4.731,3.59,False,A,GLN379,O,55.946,15.834,-41.168,A,ALA380,O,54.762,16.769,-44.426
Thermal Noise,RED,3.749,3.528,False,A,GLN379,O,55.946,15.834,-41.168,A,ALA381,N,53.151,17.01,-42.972
Thermal Noise,RED,3.562,3.362,False,A,GLN379,O,55.946,15.834,-41.168,A,GLN382,N,54.698,18.939,-41.488
Phase Boundary,YELLOW,5.034,2.985,False,A,GLN379,O,55.946,15.834,-41.168,A,GLN383,N,57.269,18.172,-42.47
Bound Backbone,BLUE,5.502,2.85,False,A,ALA380,N,54.069,14.603,-41.754,A,ALA381,N,53.151,17.01,-42.972
Bound Backbone,BLUE,10.763,2.183,False,A,ALA380,O,54.762,16.769,-44.426,A,ALA381,N,53.151,17.01,-42.972
Thermal Noise,RED,3.222,3.618,False,A,ALA380,O,54.762,16.769,-44.426,A,ALA381,O,54.502,20.221,-43.376
Phase Boundary,YELLOW,4.233,3.653,False,A,ALA380,O,54.762,16.769,-44.426,A,GLN382,N,54.698,18.939,-41.488
Thermal Noise,RED,3.981,3.476,False,A,ALA380,O,54.762,16.769,-44.426,A,GLN383,N,57.269,18.172,-42.47
Phase Boundary,YELLOW,4.77,2.964,False,A,ALA380,O,54.762,16.769,-44.426,A,SER384,N,56.809,18.755,-45.234
Bound Backbone,BLUE,6.721,3.036,False,A,ALA380,O,54.762,16.769,-44.426,A,SER384,OG,54.827,17.901,-47.242
Bound Backbone,BLUE,5.623,2.884,False,A,ALA381,N,53.151,17.01,-42.972,A,GLN382,N,54.698,18.939,-41.488
Bound Backbone,BLUE,10.926,2.291,False,A,ALA381,O,54.502,20.221,-43.376,A,GLN382,N,54.698,18.939,-41.488
Thermal Noise,RED,3.558,3.469,False,A,ALA381,O,54.502,20.221,-43.376,A,GLN382,O,57.771,20.38,-42.225
Thermal Noise,RED,3.287,3.56,False,A,ALA381,O,54.502,20.221,-43.376,A,GLN383,N,57.269,18.172,-42.47
Phase Boundary,YELLOW,4.4,3.305,False,A,ALA381,O,54.502,20.221,-43.376,A,SER384,N,56.809,18.755,-45.234
Bound Backbone,BLUE,5.873,2.891,False,A,ALA381,O,54.502,20.221,-43.376,A,TYR385,N,56.369,21.599,-45.1
Bound Backbone,BLUE,5.271,2.857,False,A,GLN382,N,54.698,18.939,-41.488,A,GLN383,N,57.269,18.172,-42.47
Bound Backbone,BLUE,7.772,2.278,False,A,GLN382,O,57.771,20.38,-42.225,A,GLN383,N,57.269,18.172,-42.47
Phase Boundary,YELLOW,4.691,3.551,False,A,GLN382,O,57.771,20.38,-42.225,A,GLN383,O,59.076,19.181,-45.302
Phase Boundary,YELLOW,4.619,3.552,False,A,GLN382,O,57.771,20.38,-42.225,A,SER384,N,56.809,18.755,-45.234
Phase Boundary,YELLOW,4.949,3.423,False,A,GLN382,O,57.771,20.38,-42.225,A,TYR385,N,56.369,21.599,-45.1
Bound Backbone,BLUE,5.515,3.001,False,A,GLN382,O,57.771,20.38,-42.225,A,MET386,N,58.918,22.448,-44.073
Bound Backbone,BLUE,7.786,2.862,False,A,GLN383,N,57.269,18.172,-42.47,A,SER384,N,56.809,18.755,-45.234
Bound Backbone,BLUE,7.519,2.308,False,A,GLN383,O,59.076,19.181,-45.302,A,SER384,N,56.809,18.755,-45.234
Thermal Noise,RED,3.62,3.584,False,A,GLN383,O,59.076,19.181,-45.302,A,SER384,O,57.239,21.672,-47.109
Thermal Noise,RED,3.034,3.635,False,A,GLN383,O,59.076,19.181,-45.302,A,TYR385,N,56.369,21.599,-45.1
Thermal Noise,RED,3.536,3.494,False,A,GLN383,O,59.076,19.181,-45.302,A,MET386,N,58.918,22.448,-44.073
Phase Boundary,YELLOW,4.363,3.14,False,A,GLN383,O,59.076,19.181,-45.302,A,LYS387,N,60.434,21.8,-46.376
Phase Boundary,YELLOW,4.828,2.881,False,A,SER384,N,56.809,18.755,-45.234,A,TYR385,N,56.369,21.599,-45.1
Bound Backbone,BLUE,12.805,2.191,False,A,SER384,O,57.239,21.672,-47.109,A,TYR385,N,56.369,21.599,-45.1
Thermal Noise,RED,3.878,3.488,False,A,SER384,O,57.239,21.672,-47.109,A,TYR385,O,58.48,24.356,-45.259
Phase Boundary,YELLOW,4.636,3.555,False,A,SER384,O,57.239,21.672,-47.109,A,MET386,N,58.918,22.448,-44.073
Thermal Noise,RED,3.837,3.281,False,A,SER384,O,57.239,21.672,-47.109,A,LYS387,N,60.434,21.8,-46.376
Phase Boundary,YELLOW,4.857,3.004,False,A,SER384,O,57.239,21.672,-47.109,A,ILE388,N,59.279,23.546,-48.271
Phase Boundary,YELLOW,5.23,2.876,False,A,TYR385,N,56.369,21.599,-45.1,A,MET386,N,58.918,22.448,-44.073
Bound Backbone,BLUE,8.944,2.289,False,A,TYR385,O,58.48,24.356,-45.259,A,MET386,N,58.918,22.448,-44.073
Thermal Noise,RED,3.302,3.5,False,A,TYR385,O,58.48,24.356,-45.259,A,MET386,O,61.836,23.472,-45.716
Thermal Noise,RED,3.687,3.406,False,A,TYR385,O,58.48,24.356,-45.259,A,LYS387,N,60.434,21.8,-46.376
Bound Backbone,BLUE,6.01,3.22,False,A,TYR385,O,58.48,24.356,-45.259,A,ILE388,N,59.279,23.546,-48.271
Bound Backbone,BLUE,6.468,2.768,False,A,TYR385,O,58.48,24.356,-45.259,A,ALA389,N,59.889,26.031,-46.954
Bound Backbone,BLUE,7.088,2.832,False,A,MET386,N,58.918,22.448,-44.073,A,LYS387,N,60.434,21.8,-46.376
Bound Backbone,BLUE,8.112,2.28,False,A,MET386,O,61.836,23.472,-45.716,A,LYS387,N,60.434,21.8,-46.376
Phase Boundary,YELLOW,5.136,3.553,False,A,MET386,O,61.836,23.472,-45.716,A,LYS387,O,61.288,23.644,-49.222
Thermal Noise,RED,4.035,3.615,False,A,MET386,O,61.836,23.472,-45.716,A,ILE388,N,59.279,23.546,-48.271
Thermal Noise,RED,3.648,3.446,False,A,MET386,O,61.836,23.472,-45.716,A,ALA389,N,59.889,26.031,-46.954
Phase Boundary,YELLOW,4.8,3.122,False,A,MET386,O,61.836,23.472,-45.716,A,GLN390,N,62.674,26.012,-47.327
Thermal Noise,RED,2.715,3.978,False,A,MET386,O,61.836,23.472,-45.716,A,GLN390,OE1,65.22,21.875,-47.065
Bound Backbone,BLUE,6.458,2.824,False,A,LYS387,N,60.434,21.8,-46.376,A,ILE388,N,59.279,23.546,-48.271
Bound Backbone,BLUE,9.025,2.225,False,A,LYS387,O,61.288,23.644,-49.222,A,ILE388,N,59.279,23.546,-48.271
Thermal Noise,RED,3.316,3.476,False,A,LYS387,O,61.288,23.644,-49.222,A,ILE388,O,59.98,26.861,-49.079
Thermal Noise,RED,3.927,3.578,False,A,LYS387,O,61.288,23.644,-49.222,A,ALA389,N,59.889,26.031,-46.954
Phase Boundary,YELLOW,4.339,3.335,False,A,LYS387,O,61.288,23.644,-49.222,A,GLN390,N,62.674,26.012,-47.327
Phase Boundary,YELLOW,4.273,3.109,False,A,LYS387,O,61.288,23.644,-49.222,A,LEU391,N,62.934,26.187,-49.924
Bound Backbone,BLUE,5.476,2.878,False,A,ILE388,N,59.279,23.546,-48.271,A,ALA389,N,59.889,26.031,-46.954
Bound Backbone,BLUE,11.909,2.283,False,A,ILE388,O,59.98,26.861,-49.079,A,ALA389,N,59.889,26.031,-46.954
Thermal Noise,RED,3.424,3.789,False,A,ILE388,O,59.98,26.861,-49.079,A,ALA389,O,62.706,28.193,-46.809
Phase Boundary,YELLOW,4.263,3.324,False,A,ILE388,O,59.98,26.861,-49.079,A,GLN390,N,62.674,26.012,-47.327
Phase Boundary,YELLOW,4.23,3.146,False,A,ILE388,O,59.98,26.861,-49.079,A,LEU391,N,62.934,26.187,-49.924
Thermal Noise,RED,3.9,3.558,False,A,ILE388,O,59.98,26.861,-49.079,A,LEU391,O,61.92,28.922,-51.235
Phase Boundary,YELLOW,5.125,2.81,False,A,ALA389,N,59.889,26.031,-46.954,A,GLN390,N,62.674,26.012,-47.327
Bound Backbone,BLUE,8.233,2.242,False,A,ALA389,O,62.706,28.193,-46.809,A,GLN390,N,62.674,26.012,-47.327
Phase Boundary,YELLOW,4.206,3.712,False,A,ALA389,O,62.706,28.193,-46.809,A,LEU391,N,62.934,26.187,-49.924
Bound Backbone,BLUE,9.517,2.616,False,A,GLN390,N,62.674,26.012,-47.327,A,LEU391,N,62.934,26.187,-49.924
Bound Backbone,BLUE,8.046,2.231,False,A,GLN390,O,65.099,26.721,-49.855,A,LEU391,N,62.934,26.187,-49.924
Bound Backbone,BLUE,7.972,2.343,False,A,GLN390,O,65.099,26.721,-49.855,A,SER392,N,64.003,28.587,-50.753
Thermal Noise,RED,3.986,3.735,False,A,GLN390,O,65.099,26.721,-49.855,A,ASN395,ND2,67.406,27.013,-52.778
Bound Backbone,BLUE,5.577,2.755,False,A,LEU391,N,62.934,26.187,-49.924,A,SER392,N,64.003,28.587,-50.753
Bound Backbone,BLUE,8.815,2.164,False,A,LEU391,O,61.92,28.922,-51.235,A,SER392,N,64.003,28.587,-50.753
Phase Boundary,YELLOW,4.225,3.417,False,A,LEU391,O,61.92,28.922,-51.235,A,SER392,O,64.47,29.872,-53.302
Phase Boundary,YELLOW,4.11,3.208,False,A,LEU391,O,61.92,28.922,-51.235,A,LEU393,N,63.51,31.538,-52.194
Thermal Noise,RED,4.064,3.321,False,A,SER392,N,64.003,28.587,-50.753,A,LEU393,N,63.51,31.538,-52.194
Bound Backbone,BLUE,9.415,2.219,False,A,SER392,O,64.47,29.872,-53.302,A,LEU393,N,63.51,31.538,-52.194
Phase Boundary,YELLOW,4.401,3.375,False,A,SER392,O,64.47,29.872,-53.302,A,LEU393,O,64.668,32.486,-55.427
Bound Backbone,BLUE,5.287,2.754,False,A,SER392,O,64.47,29.872,-53.302,A,PHE394,N,65.463,32.436,-53.465
Bound Backbone,BLUE,5.938,2.812,False,A,SER392,O,64.47,29.872,-53.302,A,ASN395,N,66.753,30.609,-54.769
Bound Backbone,BLUE,5.299,2.896,False,A,SER392,OG,66.142,31.587,-50.987,A,LEU393,N,63.51,31.538,-52.194
Bound Backbone,BLUE,8.382,2.706,False,A,SER392,OG,66.142,31.587,-50.987,A,PHE394,N,65.463,32.436,-53.465
Thermal Noise,RED,4.05,3.954,False,A,SER392,OG,66.142,31.587,-50.987,A,ASN395,N,66.753,30.609,-54.769
Bound Backbone,BLUE,7.476,2.497,False,A,LEU393,N,63.51,31.538,-52.194,A,PHE394,N,65.463,32.436,-53.465
Bound Backbone,BLUE,13.801,2.118,False,A,LEU393,O,64.668,32.486,-55.427,A,PHE394,N,65.463,32.436,-53.465
Thermal Noise,RED,2.846,3.751,False,A,LEU393,O,64.668,32.486,-55.427,A,PHE394,O,68.339,31.721,-55.503
Phase Boundary,YELLOW,4.98,2.882,False,A,LEU393,O,64.668,32.486,-55.427,A,ASN395,N,66.753,30.609,-54.769
Bound Backbone,BLUE,6.052,2.828,False,A,LEU393,O,64.668,32.486,-55.427,A,TYR396,N,65.902,30.525,-57.048
Phase Boundary,YELLOW,4.779,3.515,False,A,LEU393,O,64.668,32.486,-55.427,A,LEU397,N,66.43,32.659,-58.463
Bound Backbone,BLUE,6.935,2.589,False,A,PHE394,N,65.463,32.436,-53.465,A,ASN395,N,66.753,30.609,-54.769
Bound Backbone,BLUE,10.073,2.071,False,A,PHE394,O,68.339,31.721,-55.503,A,ASN395,N,66.753,30.609,-54.769
Thermal Noise,RED,3.387,3.748,False,A,PHE394,O,68.339,31.721,-55.503,A,ASN395,OD1,68.826,28.616,-53.461
Phase Boundary,YELLOW,4.741,3.124,False,A,PHE394,O,68.339,31.721,-55.503,A,TYR396,N,65.902,30.525,-57.048
Phase Boundary,YELLOW,4.276,3.645,False,A,PHE394,O,68.339,31.721,-55.503,A,LEU397,N,66.43,32.659,-58.463
Bound Backbone,BLUE,10.522,2.434,False,A,ASN395,N,66.753,30.609,-54.769,A,TYR396,N,65.902,30.525,-57.048
Bound Backbone,BLUE,8.248,2.278,False,A,ASN395,O,66.951,28.648,-57.799,A,TYR396,N,65.902,30.525,-57.048
Bound Backbone,BLUE,6.947,2.614,False,A,TYR396,N,65.902,30.525,-57.048,A,LEU397,N,66.43,32.659,-58.463
Bound Backbone,BLUE,11.534,2.162,False,A,TYR396,O,65.018,32.301,-60.061,A,LEU397,N,66.43,32.659,-58.463
